seg,AI0_Vibration_mean,AI0_Vibration_std,AI0_Vibration_rms,AI0_Vibration_skew,AI0_Vibration_kurt,AI0_Vibration_p2p,AI0_Vibration_peak,AI0_Vibration_crest,AI0_Vibration_impulse,AI0_Vibration_shape,AI0_Vibration_clearance,AI0_Vibration_zcr,AI0_Vibration_energy,AI0_Vibration_acf1,AI0_Vibration_acf2,AI0_Vibration_domfreq,AI0_Vibration_centroid,AI0_Vibration_spec_entropy,AI0_Vibration_bandlow,AI0_Vibration_bandhigh,AI1_Vibration_mean,AI1_Vibration_std,AI1_Vibration_rms,AI1_Vibration_skew,AI1_Vibration_kurt,AI1_Vibration_p2p,AI1_Vibration_peak,AI1_Vibration_crest,AI1_Vibration_impulse,AI1_Vibration_shape,AI1_Vibration_clearance,AI1_Vibration_zcr,AI1_Vibration_energy,AI1_Vibration_acf1,AI1_Vibration_acf2,AI1_Vibration_domfreq,AI1_Vibration_centroid,AI1_Vibration_spec_entropy,AI1_Vibration_bandlow,AI1_Vibration_bandhigh,AI2_Current_mean,AI2_Current_std,AI2_Current_rms,AI2_Current_skew,AI2_Current_kurt,AI2_Current_p2p,AI2_Current_peak,AI2_Current_crest,AI2_Current_impulse,AI2_Current_shape,AI2_Current_clearance,AI2_Current_zcr,AI2_Current_energy,AI2_Current_acf1,AI2_Current_acf2,AI2_Current_domfreq,AI2_Current_centroid,AI2_Current_spec_entropy,AI2_Current_bandlow,AI2_Current_bandhigh,corr_AI0_AI1,corr_AI0_AI2,corr_AI1_AI2,xcorr_peak_lag_AI0_AI1,n,y,t0
N1,-0.006957170731707318,0.06865779941728768,0.06900938809621944,0.5228546898499374,0.1691651529193532,0.320468,0.19158,2.7761440187367112,3.443867551852375,1.2405219356809565,4.064918294442869,0.45,0.195254121462,0.004389383618718406,-0.27257245379509804,3.125,2.543259532632635,2.2175843894005776,0.06537125623325096,0.5141584159236025,-0.009436463414634149,0.16290504856916446,0.16317812871551615,0.17728166767043774,-1.3416295622563361,0.542527,0.275627,1.6891172988049556,1.8950974882808969,1.121945462059782,2.0799255735173356,0.35,1.091711169335,0.4009373343793261,-0.6296381849384342,1.875,1.8337282607750862,1.09672058758535,0.0027613125957884873,0.04418115888701543,19.085885902439024,147.94445381073675,149.17048117519144,-0.15001571714419715,-1.4005336551436665,439.24885,219.93151,1.4743634817514877,1.6544347977889255,1.1221349540097942,1.8238786100190079,0.125,912325.1306155638,0.928916271876506,0.7264231266194037,0.625,0.5965633942710182,0.897744512043009,0.9989092678593294,9.195789871589879e-05,0.25869293114373193,0.17479808500804747,-0.02037349744348716,-2,41,0,2022-07-12 00:00:00.019
N2,0.0070609459459459465,0.07306394142598509,0.07340433566453246,-0.48611976463682843,-0.9380164088179836,0.24489,0.136729,1.8626828887174953,2.181706173196223,1.1712708515287769,2.494383496120536,0.5,0.199363270291,-0.10724310081316575,-0.29762582699038975,3.4375,2.937564468772868,1.9280448854400083,0.033353265454242546,0.693517488828785,0.0068128378378378394,0.1322362314487126,0.13241161454782646,0.39374954048628497,-1.3106231435779698,0.425441,0.244895,1.8494978770275856,2.0817692309636326,1.1255861695333986,2.2828150988081997,0.3611111111111111,0.6487149196850002,0.3329569007727922,-0.5892393261042296,1.875,1.9411284362526129,1.2006593204269693,0.0059562637724109,0.0836924719735862,-5.67662437837838,139.62989156114384,139.74523491593547,0.08634266100594201,-1.3606327152360598,433.55647999999997,217.53814,1.5566766203574762,1.7569534701312362,1.1286566825470585,1.9374200135473474,0.1388888888888889,722563.0352232697,0.9227794036243383,0.7149551610923975,0.625,0.5980275995876657,0.8997983342743288,0.9981346216043888,0.0008056610366374645,0.27660377936407526,0.04606370029407808,0.03303339687990663,4,37,0,2022-07-12 00:00:07.224
N3,-0.010856083333333334,0.039480344802737675,0.04094572225621785,-0.20372715392748128,-0.7899426866008632,0.139259,0.086432,2.1108920599605443,2.509973985117067,1.1890584235576604,2.783527360743716,0.5652173913043478,0.040237252106,-0.2247730422498841,-0.2473267397095726,3.7499999999999996,3.090794210190783,1.877238604450709,0.044775169221185185,0.6875099655211652,-0.006255083333333332,0.04933441201037793,0.04972937035511979,0.15821482314795887,-0.9484470107072203,0.17888199999999999,0.093092,1.8719722235617626,2.206646979229424,1.1787819025599016,2.542626567542411,0.4782608695652174,0.059352246622000004,-0.04784042332351277,-0.6920779608413985,2.5,2.447506190034464,1.6062514303402993,0.01703902637180995,0.06193247123279097,-6.102717041666664,79.85002886271673,80.08289620554031,0.12670649809033502,-1.5108666084555322,220.65249,110.77358,1.38323643685025,1.536542467823389,1.1108314001055597,1.687155509223982,0.13043478260869565,153918.48635201622,0.920614382031476,0.688931335271228,0.41666666666666663,0.6125127599688925,0.8228465795154093,0.9806308310462886,0.0008496997267950069,0.13251329645953042,-0.06696859585367333,-0.08364114913506251,-2,24,0,2022-07-12 00:00:15.267
N5,-4.0000000000595114e-08,0.03932644874939002,0.03932644874941037,0.13562223022207845,-0.8236274160973855,0.162124,0.083278,2.1176079368531493,2.5107390336437465,1.1856486698736148,2.8618236667905936,0.3877551020408163,0.077328478562,0.3466091377258285,-0.1037462223874908,1.5625,2.0613030989331076,2.115986158883976,0.07298976870289577,0.2545297290654434,-9.999999999975306e-08,0.048270070391599806,0.04827007039170339,0.05012799484744657,-0.47037671828348193,0.199749,0.10408,2.156201537627945,2.6710451824435752,1.2387734336661373,3.1430309551256483,0.5102040816326531,0.116499984781,-0.08826811544809865,-0.30826138751538024,3.4375,2.650546626291701,2.3185545160930574,0.10518004001790969,0.4761237347472479,0.4422665799999996,81.54442684634003,81.54562618206991,0.0014881216657869115,-1.5510571982169679,221.60950000000003,111.29559,1.3648259901948177,1.5117005733501143,1.1076141458401825,1.6532844424203275,0.12244897959183673,332484.45747129427,0.9259911803011972,0.72459162730598,0.625,0.6003192360714873,0.9303395883988415,0.9952859084882655,0.0010514036337903974,0.11968930231390301,0.02864099144892546,0.08006863733383202,-9,50,0,2022-07-12 00:00:32.752
N6,3.999999999781956e-08,0.07042797295250233,0.07042797295251368,-0.037073122577039236,-0.774124886139421,0.302451,0.161076,2.2871025992556406,2.740030823560631,1.1980358137201192,3.1626523114457257,0.3469387755102041,0.24800496871,0.3848171192294992,-0.200281604823872,1.25,1.6646979776654636,2.1516208847973757,0.19477034442274666,0.14681255267816415,1.999999999946489e-08,0.1461447072856886,0.14614470728568996,0.18765717313774408,-1.391949309886828,0.48299099999999995,0.256468,1.7548907843692574,1.9467387791233157,1.109321899951177,2.116971442673476,0.3673469387755102,1.067913773381,0.38439681041283535,-0.6266772923634479,1.875,1.8108831976779785,1.0958403638239038,0.006381232171486471,0.02435806275114038,0.3938957799999997,151.4058302816415,151.4063426582874,0.00011700849804290855,-1.4404628303779003,449.98281,225.64509,1.4903278557442194,1.6696123326358814,1.1202986820655871,1.8364904332938858,0.12244897959183673,1146194.029857937,0.9310216605844038,0.7406950293639778,0.625,0.6013597441641051,0.8790737785902866,0.9989876920539422,0.00011839367179986239,0.327880448222192,0.011420121528003962,0.011364070343177494,1,50,0,2022-07-12 00:00:39.756
N7,-1.0000000000065512e-07,0.07715632412582912,0.07715632412589392,-0.2647156991748031,-0.7750042973102462,0.322025,0.16201,2.099763069786121,2.486232188089964,1.1840536791340024,2.8041106134665554,0.3469387755102041,0.297654917631,0.253196840579164,0.42186271064989583,3.75,3.0944669233711273,1.7526819800145463,0.14729639292645835,0.793641012591171,8.000000000105145e-08,0.04931737054581884,0.04931737054588373,-0.10279109118398791,0.7978217481253242,0.265848,0.133919,2.7154529634828135,3.512858016731318,1.2936545261405525,4.166929413285267,0.42857142857142855,0.121610151878,0.3995452605012772,-0.012398794886973,2.1875,1.9716863884520877,2.44262555708944,0.294052666662864,0.15873020352470552,0.5931571799999995,81.22803299346525,81.23019869129746,-6.430688926451844e-05,-1.5611364727570554,220.81223,110.97993,1.366239794903884,1.510089952958442,1.10528909975476,1.6494886212844218,0.12244897959183673,329917.2589713832,0.9252214998014227,0.721965048746636,0.625,0.6044692219832788,0.912719200013765,0.9954449496822181,0.0009956312760952763,0.5197888999933319,0.0808765629871272,0.10896650138830248,0,50,0,2022-07-12 00:00:47.676
N8,-0.0034115365853658536,0.08506309462869098,0.08513147860622959,-0.3269610503946987,0.19796842691347516,0.399272,0.216983,2.5487986764994592,3.3561291597928595,1.316749412473093,4.134657805770171,0.4,0.29714211463699997,0.34294587018053085,-0.40258801687141116,1.5625,2.07410143714028,1.8344628451180147,0.030657533806849824,0.24024533520724048,-0.0031008048780487825,0.1780681209566583,0.17809511697945798,0.07288128993709805,-1.4107549740180716,0.546251,0.283731,1.5931430620454707,1.7736661830861686,1.1133125614023138,1.9195050723643587,0.375,1.3004326983689998,0.3750073842520334,-0.6310439692208837,1.875,1.8444849658082763,1.0925898899393478,0.004906886742971192,0.037383899151550555,11.374777170731708,174.7243031665235,175.09416801456015,-0.05630697702022293,-1.4429771417935384,508.70663,256.31002,1.4638409885741384,1.637022188213,1.1183060188849812,1.7917894435541037,0.125,1256976.674581152,0.9271361198451544,0.7123571903879512,0.625,0.5907978231006766,0.9073642803414759,0.9994117942167141,4.63626293340184e-05,0.47965239018962075,0.06225722941638894,0.03871813619123206,-2,41,0,2022-07-12 00:00:55.468
N9,-0.00835869230769231,0.06855648914736677,0.06906417263174658,-0.01770006367700772,-0.8945412250672944,0.265791,0.13739,1.989309286778399,2.351246072085379,1.1819409318161487,2.683233216736884,0.6,0.12401635847400001,-0.3426969902012757,-0.2618453003203059,3.4615384615384612,3.313460037126012,1.3541516410941992,0.013708778393817182,0.9081169288366119,-0.00597930769230769,0.10364928110544018,0.10382160465988688,0.8175214480506993,-0.8816082417240492,0.308048,0.199657,1.9230775776782099,2.1697312434691747,1.1282598625525846,2.347346549131392,0.36,0.28025206544799997,0.1678635624962885,-0.5388930518490217,1.923076923076923,2.183073986993438,1.4537884179726521,0.0022587667325318236,0.22465383771153966,20.153139576923074,125.81610136299508,127.4199372036825,-0.17420400895388183,-1.415295003049241,373.81010000000003,191.53538,1.503182187994867,1.6796777832117802,1.117414639839729,1.8594712930189403,0.12,422131.85032175016,0.932755177426976,0.7357453342649827,0.3846153846153846,0.5727572434174223,0.9304828613018081,0.9738580943576091,0.00032778026404180937,0.24635597574676935,-0.03523728833585476,0.03369947064078691,4,26,0,2022-07-12 00:01:03.576
N11,4.0000000000595114e-08,0.07070980549257933,0.07070980549259062,-0.24209541973785792,0.4406321731901648,0.366143,0.184255,2.605791356890485,3.427415904563985,1.3153071121756854,4.216451630428677,0.5918367346938775,0.24999382963999997,-0.073491106442107,-0.38269396919896165,3.4375,2.674266547237995,2.0010901486335166,0.031086968671979683,0.5598236276234363,1.4000000000014e-07,0.12373030605668282,0.12373030605676202,0.529365795375567,-1.2485198945056273,0.380618,0.222806,1.8007391002313242,2.00196920896132,1.111748619610773,2.1489134709580737,0.3673469387755102,0.7654594318450001,0.3100113686848503,-0.6036179733554248,1.875,1.9657036161562647,1.3132643266208663,0.00540401430291023,0.10539570805304065,0.15212778000000016,150.97932532028875,150.97940196275462,0.006736495201651246,-1.4313658098334285,464.61123,233.89557,1.5491886108921011,1.7346801966253145,1.1197346691223078,1.908417103471876,0.12244897959183673,1139738.9908515518,0.925758951574559,0.7110610689442821,0.625,0.593020587819315,0.9101054930184403,0.9984376942672623,0.0005520743989341316,0.4259474635116897,-0.018401556009591882,-0.0075054889794195145,4,50,0,2022-07-12 00:01:21.222
N12,-2.0000000000575113e-08,0.044882711215562726,0.04488271121556718,0.138056380806751,0.16636735776022782,0.21169300000000002,0.106267,2.3676599991834317,3.111044622662113,1.3139743982392162,3.836408675265641,0.24489795918367346,0.100722888303,0.5562933956407019,0.12451937153660342,1.5625,1.6529510769812246,2.239164850153724,0.2633192051396618,0.1534842389950316,5.999999999978245e-08,0.049176771985322505,0.0491767719853591,0.09235023042175863,-0.5211294123934915,0.21721000000000001,0.111375,2.2647887509403533,2.7475319700476457,1.2131515440046472,3.1682040405539427,0.5306122448979592,0.12091774514499999,0.05464390872824712,-0.42927275823482786,1.875,2.348251716347962,2.29110333510563,0.10200163263329014,0.3373699256283659,0.8987161400000006,81.85956160449713,81.86449484838197,-0.0033352817914996846,-1.556950486778712,223.00806,112.1384,1.3698050688236354,1.5158008998270187,1.1065814650027264,1.6592104852099998,0.12244897959183673,335089.77583903784,0.9240362293943567,0.7072334451186497,0.625,0.5952259305543599,0.9370096088510798,0.9958035134219431,0.0009275833311148413,0.16536515635121582,0.008059460884846435,-0.03134682509317344,-4,50,0,2022-07-12 00:01:27.857
N13,0.011411999999999999,0.06761678552585888,0.06857305176853368,-0.31654378022971885,-0.4381808005720922,0.299681,0.162992,2.3769104013362963,2.8407671842171083,1.1951511435265008,3.2600764509145526,0.5128205128205128,0.188090537154,-0.09925729234754035,-0.2003448826809422,3.4375,2.8964815986265062,1.9346273102645517,0.1384687453589349,0.7204767143341779,0.0074617749999999995,0.12562667319452656,0.12584807946120988,0.32114362348265874,-0.9065337027206763,0.48779300000000003,0.250263,1.988611992105438,2.317476919615046,1.1653741045589405,2.5611887069917505,0.38461538461538464,0.633509564163,0.318689672908728,-0.5348670141303954,1.875,1.9400725082566437,1.3892814031300011,0.02149941932266027,0.08694890825076575,23.112546899999998,135.41219178972412,137.3704899514511,-0.26055366805029934,-1.3724003826412365,401.07041,202.86968,1.4768068460096293,1.6474682177749629,1.1155610648924503,1.8040529720066445,0.10256410256410256,754826.0603800691,0.9327400714589695,0.7457965552970589,0.625,0.6025401104646861,0.8829403781736292,0.9984419873906076,0.0002127604194900925,0.22035845461808767,0.028534454053839274,-0.09843323473423463,21,40,0,2022-07-12 00:01:35.646
N14,-0.002059680000000001,0.06708330368949937,0.06711491574605455,0.0972625942344793,1.2242427288503688,0.337113,0.180397,2.687882387911735,4.036348323858348,1.5016833854081915,5.717137908851475,0.5416666666666666,0.11261029789,0.31776314275511636,-0.26333385686314076,2.0,2.026600152014688,2.1979168335668504,0.1655076262587126,0.24029499249343447,5.1719999999999545e-05,0.1682141416745976,0.16821414962564832,0.25730510949730856,-1.3711416009980533,0.493005,0.277204,1.6479232015671859,1.8479079077851261,1.1213555983845325,2.026615880770747,0.375,0.707400003357,0.3405444151734017,-0.6286817366566957,1.6,1.8364867606026087,1.0108061331061426,0.0029002089716809207,0.018618300350995678,-49.690557639999994,160.64072329345666,168.15050847029596,0.49786933956689977,-1.101549648220628,493.80559,250.33203,1.4887378710735302,1.664911707131376,1.118337713764752,1.8275447613019895,0.08333333333333333,706864.8374704767,0.9281208818198274,0.742579967974672,0.4,0.5004475301100902,1.045996518688345,0.9852002797100191,0.00024365869662916435,0.37481675891892147,-0.0778875247961865,0.04275343330929855,-2,25,0,2022-07-12 00:01:43.757
N16,-1.9999999997938332e-08,0.079024177840833,0.07902417784083551,-0.13835675529516198,-0.2842314196068929,0.328359,0.170747,2.1606931532259104,2.7327556487811933,1.2647587857170717,3.2333613083751698,0.3673469387755102,0.31224103417099996,0.31240604500445224,-0.4232894087683791,1.875,1.9864990004608125,2.019488241868897,0.0781715257529987,0.21191044492863353,1.9999999999100597e-08,0.1873561205864906,0.18735612058649165,0.07089734208220576,-1.3123013143050286,0.61764,0.314745,1.6799291051433793,1.903495508284011,1.1330808558862075,2.11949692004304,0.3673469387755102,1.755115796061,0.3973413844197254,-0.6161533711159648,1.875,1.8502745804774747,1.0771952830319063,0.0023544605364987765,0.03526831001265313,0.3925515999999976,178.78305116373184,178.78348212341157,0.0020857719772382453,-1.4510918715301175,521.8501699999999,261.61984,1.4633333957518946,1.6386117568584202,1.119780196102518,1.8069429826542005,0.12244897959183673,1598176.6740086114,0.9297234848504217,0.7318704673795787,0.625,0.5987409909845695,0.8812112060352375,0.9991506709130783,0.00012818662034784037,0.4747215137918499,0.06496699450454115,0.008556203284463415,-2,50,0,2022-07-12 00:02:01.294
N17,-3.999999999920734e-08,0.09163788125528874,0.09163788125529747,-0.008107829994724144,-0.7874794123831719,0.354596,0.195443,2.132775194305376,2.5787262048076727,1.2090942410119032,3.0167118842829237,0.673469387755102,0.419875064048,-0.4686404760437796,-0.23409374740787192,3.75,3.3428157662036413,1.5358835038416088,0.008478794900586952,0.8578953047340608,-2.000000000015878e-08,0.11989239887006849,0.11989239887007014,0.7247856317321791,-0.8370320559944782,0.418311,0.248462,2.072374915688053,2.367285494466755,1.1423056110871659,2.5823238867112566,0.3673469387755102,0.7187093653409998,0.2057680983456256,-0.5475378676315681,1.875,2.1544023112211947,1.4612413276978575,0.004031589858267917,0.20425960249543382,0.8225751800000001,112.14429878585862,112.14731552783012,0.0011331820921360108,-1.4297450578427242,335.56323,168.70799,1.5043426515022909,1.6829939720024119,1.1187570666308726,1.8535937077083786,0.12244897959183673,628851.0190049342,0.9240804165080015,0.706726905527869,0.625,0.5945728767658546,0.9251433198886477,0.9969979047849079,0.0009025721529687523,0.27647664770663394,0.014386727228280822,-0.009007303036204426,-3,50,0,2022-07-12 00:02:07.924
N18,-0.01347225,0.04728239381417369,0.04916427854510947,0.6632939529040559,0.08265397289826204,0.21431499999999998,0.124012,2.5224004840468846,2.9418235564285875,1.1662793339259074,3.269784601786807,0.3142857142857143,0.08701654625500001,0.4421882331877275,0.0786448764314688,0.9375,1.8130795231253811,2.2036191932565665,0.271929775754037,0.19611721913347666,-0.008774861111111112,0.05412026934325314,0.05482701652748903,0.06601014675382798,-0.8310931465835516,0.212851,0.111436,2.0325016216070866,2.362860927557982,1.16253827423256,2.6027285429893494,0.5428571428571428,0.10821606268699999,-0.026324768398091305,-0.3572335859360108,2.5,2.6179089534548794,2.141342869179904,0.047030630945025,0.31307424725240207,8.386795138888889,83.46360308503586,83.88391605449817,-0.12613454087102044,-1.5791915131510819,222.2698,111.74239,1.3321074558250545,1.4642676203322762,1.099211339092286,1.5948897070371173,0.11428571428571428,253314.40941497148,0.9316478108786482,0.7317776359612407,0.625,0.6005100902742133,0.928702442540408,0.9954428432319893,0.001020020412692138,-0.06393106953394229,-0.21226097538465746,0.26617461866112646,-4,36,0,2022-07-12 00:02:15.921
N19,-0.0018165555555555558,0.08793410959047197,0.08795287092275927,0.01257854191086319,-0.9748781627625611,0.326611,0.178554,2.0301099682898034,2.344872971565067,1.1550472674839507,2.5899384967577013,0.6857142857142857,0.27848547012799996,-0.3551900001916543,-0.2211641278263899,3.75,2.9159473711802835,1.600981852382219,0.01425129768476381,0.6586903362038612,0.006316166666666666,0.09048252220165076,0.09070270550172875,0.4740872551081091,-1.3221324538654602,0.281675,0.172077,1.8971539938984543,2.127844357655885,1.1215981225031637,2.2910569329578356,0.34285714285714286,0.29617130827200006,0.30788464282066885,-0.5491016672096826,1.875,1.9909283010669587,1.3763066739158512,0.00641329464385248,0.10454054463062219,6.57784675,101.0435252228103,101.25740495054761,-0.12566408189225545,-1.4355838426157737,299.74487999999997,150.6324,1.487618609953181,1.649208126160328,1.1086229461812342,1.7844381587094815,0.11428571428571428,369110.2340634906,0.9265256850468043,0.7251555954113212,0.625,0.5936950234930153,0.9257730120049066,0.9975325498564532,0.0008636874465893416,0.04618352597663275,0.025033599171153907,0.015206711322279022,-3,36,0,2022-07-12 00:02:23.876
N20,0.0271374347826087,0.08196651357497799,0.08634205067183308,0.09778015357543528,-0.4619120140519546,0.337703,0.214148,2.4802283283023807,3.087983057297606,1.2450398304301322,3.738660365646065,0.5,0.171463843427,-0.21268864643790295,-0.21402836275305165,3.478260869565217,3.0391517507666164,1.5386673190413414,0.006660956437825476,0.7152871021521949,0.008214130434782608,0.03866614868140544,0.03952901456717804,-0.6172058929341955,0.04780578934209112,0.156085,0.093897,2.375394404037714,2.938981224049873,1.2372603130891315,3.5234210408012303,0.5454545454545454,0.035938488831,0.02137693478434982,-0.3534484822455118,2.1739130434782608,2.2153784233668667,2.089306901579432,0.21588145195476746,0.2568233673083094,-18.666715826086957,81.3278873853175,83.44262427734863,0.3426017301856231,-1.3619706691208793,223.90416,112.58317,1.3492285384720561,1.506722614942407,1.1167289839931094,1.6606192030010134,0.13636363636363635,160141.44556468772,0.9261340424664484,0.7254610915416068,0.4347826086956521,0.5234405370597842,1.0287485234731317,0.98857975165981,0.001057973313429727,0.3527221746618069,-0.05156892960343054,-0.05019566500400457,0,23,0,2022-07-12 00:02:31.936
N21,0.002201727272727272,0.06869373865418343,0.06872901376618704,-0.07873745099830896,-0.79921877582168,0.247206,0.125539,1.8265793894130062,2.2608566811667994,1.2377544027217746,2.694067240354347,0.5714285714285714,0.103920901332,-0.1245259741769784,-0.26673673079608184,3.6363636363636362,2.472874382743777,1.8824044957653205,0.13860894509273197,0.47708835506426184,0.0005824090909090893,0.0746243493924184,0.07462662207678242,0.15775319118436704,-0.4980680643084834,0.280471,0.140751,1.886069556453768,2.410864814236653,1.2782480932302505,2.948951968588575,0.5238095238095238,0.122520919897,-0.25776394754872517,-0.5815595735891551,2.727272727272727,2.872272035041555,1.727601485053748,0.05031450357521607,0.3991118668084322,13.046905909090912,79.11600254282111,80.18455968673986,-0.25905716684957814,-1.3523313568204338,226.3259,113.4056,1.4143071988303744,1.59700919656101,1.1291812683140758,1.7864894740670305,0.14285714285714285,141450.39946743962,0.9226570742027475,0.7088040579951103,0.45454545454545453,0.5938524603408621,0.8627910184254179,0.9915984005850098,0.0010018197069093235,0.32943767068855845,0.14068097156260329,-0.1827042370625969,-3,22,0,2022-07-12 00:02:40.000
N23,-6.000000000006e-08,0.07985647950352183,0.07985647950354435,0.12769999399041934,-0.8389343499725714,0.32737099999999997,0.179299,2.245265520276811,2.58152584722177,1.1497641699425833,2.811535676681029,0.7142857142857143,0.31885286593499995,-0.47880209478686225,-0.20862688907737403,3.4375,3.2550400464853277,1.464554354317212,0.020262839990863483,0.8406261081961033,-2.000000000061848e-08,0.07542172149944337,0.07542172149944604,0.757055690594736,-0.7036260507391723,0.26113600000000003,0.168196,2.2300737328202644,2.6906925738638274,1.2065487047645913,3.1174657221147988,0.40816326530612246,0.28442180369700004,-0.05550057039249387,-0.46421999358960225,1.875,2.5950929898364694,1.6744431964320976,0.0040345874175103805,0.44968743233744246,-0.2665898200000012,99.40903465490806,99.4093921174093,0.005487656195307537,-1.4520007804541957,294.91822,148.45874,1.4934075829038373,1.668483502830949,1.1172325103550682,1.8360967479681367,0.12244897959183673,494111.36205764185,0.9253121120312408,0.7156463817859823,0.625,0.5926324506777197,0.9370546617911208,0.996346882943532,0.0009653215177117479,0.46175152214635173,-0.007426506115365398,0.01594545563249746,-3,50,0,2022-07-12 00:02:57.334
N24,4.000000000004e-08,0.06435881918617214,0.06435881918618458,0.07609405027446879,-0.3714786032603645,0.289225,0.161971,2.516686944355391,3.0382991782367803,1.207261469310396,3.464684944149742,0.673469387755102,0.207102880352,-0.13366505152610142,-0.10766375668634454,3.4375,2.921633408178836,1.7540257905973515,0.0485811382833489,0.6943465412931017,-2.0000000000436335e-08,0.035981350066660915,0.03598135006666648,0.03635709787616263,1.2926901752982243,0.206754,0.110455,3.069784757807816,4.123027512730601,1.34309987116977,5.070759588333245,0.32653061224489793,0.064732877631,0.24905039139139487,-0.28436862592509493,2.8125,2.1826807909794543,2.1815930062724522,0.18095358656311689,0.14014044354154953,0.9653402200000002,82.14492834324273,82.15060032803676,-0.0071452977050648,-1.5501092142198103,222.22641,111.32015,1.3550740902134115,1.4993538355327296,1.1064736949524254,1.6353318594638762,0.12244897959183673,337436.0567128416,0.9233747063493596,0.7032843872718134,0.625,0.6005912073770919,0.9289140168843232,0.9956997797274859,0.0010460994963702938,0.2202151813602027,-0.05211947089521649,0.012459848750302491,5,50,0,2022-07-12 00:03:04.000
N25,0.0031841944444444457,0.06894212857124744,0.0690156227690111,0.2549774401471587,-0.5961549001777726,0.279586,0.149772,2.17011734431888,2.7200431833602807,1.2534083424018725,3.269066224014571,0.4857142857142857,0.17147362270299998,0.14233008169540332,-0.45930886597843557,1.875,2.0990438443766344,1.7130427015863952,0.015442697971815213,0.2255826826227934,-0.013345749999999998,0.18540783104961028,0.18588752743953355,0.20159050443044352,-1.4011015197867538,0.577813,0.303483,1.632616260920026,1.82691677732289,1.119011748843767,2.0123033662185357,0.34285714285714286,1.243950222873,0.44236861582603854,-0.6076986988355654,1.875,1.8435618288770659,1.0737921766509522,0.00301049540979929,0.03800711083560307,15.204964916666666,170.64811267625737,171.32416443130754,-0.12944600896175396,-1.4637987382636917,493.59936,247.59868,1.4452058226688433,1.60647010741324,1.111585687114512,1.7560149929764512,0.11428571428571428,1056670.8954510852,0.9315201937148412,0.7307242126301168,0.625,0.6000771788185602,0.882444371936027,0.9991123944038924,8.13881758287914e-05,0.3695166749866532,-0.08679613556834853,-0.09575702472979711,1,36,0,2022-07-12 00:03:12.129
N26,0.006729076923076923,0.06695139656607567,0.06728870617261574,0.1675352830897067,-0.9853616106077845,0.24564,0.132991,1.9764237947871688,2.2652693284836602,1.1461455455344767,2.4810060281227257,0.76,0.11772201943800001,-0.4425975654801773,-0.1654207703805174,3.4615384615384612,3.346843470479735,1.3785615292943307,0.006371611275451781,0.8539663489424753,0.005082153846153847,0.04322491678213487,0.04352265753074439,0.28701274697748996,-0.3176546508037421,0.182197,0.101198,2.325179705042454,2.9465991148381083,1.267256508582122,3.5589506900901027,0.56,0.049249764682,-0.176838303599642,-0.41999900539487034,3.4615384615384612,2.742677908624612,1.975324915866115,0.04977435095352354,0.5617802024497286,-17.614595923076923,82.50234732589574,84.36178817341423,0.3103444912403081,-1.4181988541126005,229.37646999999998,115.80922,1.3727686729676993,1.5218509998298269,1.1085997442962012,1.6657939983345238,0.12,185039.69389921633,0.9278346161893889,0.7354049911519713,0.3846153846153846,0.5483921815703627,1.0137386454257213,0.9741317775197195,0.0011406436373790421,0.3707131307327442,0.009529191205506028,0.10596570440966535,-3,26,0,2022-07-12 00:03:20.215
N28,3.999999999976245e-08,0.06875499048766133,0.06875499048767296,0.21942955637414352,-0.5123105593066755,0.284184,0.158623,2.3070761682155916,2.8134841775991153,1.2195020764204785,3.2904733873687526,0.6530612244897959,0.236362435848,-0.24451800860685882,-0.1984644110722851,3.75,3.067585400680813,1.7827593179491097,0.042814388869858576,0.7518908621967527,3.999999999969306e-08,0.039374558502647365,0.03937455850266769,-0.32331412393370024,0.8698715234054384,0.21447500000000003,0.127565,3.2397823582290397,4.143028254371185,1.278798325402292,4.85704547668075,0.5510204081632653,0.07751779286400001,-0.007687429048146943,-0.3592564982627179,2.8125,2.555261730356184,2.24668631070323,0.129324244081997,0.3039268340938316,0.6635713600000003,83.74473040858709,83.74735935035052,-0.005062855370204029,-1.5525466326909627,224.89013999999997,112.83375,1.3473111376320397,1.4908124894223613,1.1065094377847509,1.6300683327530865,0.12244897959183673,350681.00990783714,0.928622287186101,0.7355220710984905,0.625,0.6086510144640556,0.9053300182049859,0.9948954806003195,0.0011019010163363528,0.5074646021678182,0.007487616988849946,0.03354564031771974,0,50,0,2022-07-12 00:03:44.676
N29,-6.000000000089267e-08,0.06570484865895666,0.06570484865898406,-0.054208784450444004,-1.0399490542169323,0.257208,0.139046,2.1162212962648344,2.469301113517242,1.1668444684285142,2.8117772599349875,0.673469387755102,0.215856356865,-0.4378257132410178,-0.23502135170276783,3.75,3.286064801693434,1.570650753830766,0.018131385123972773,0.8296404471967498,-6.000000000033756e-08,0.04639626957608122,0.04639626957612002,-0.20250884481477602,-0.9842085914853236,0.170787,0.090626,1.9533035916026502,2.336033522001133,1.1959398078434187,2.6998281249411593,0.5102040816326531,0.10763069152900001,-0.14960014743670955,-0.4961909766412085,3.4375,2.817544028492298,2.1419408652932397,0.03312058227325033,0.4766769978893516,0.22021963999999997,89.60881545693896,89.60908605875625,-0.0014635558623407913,-1.4905991001626302,252.628,127.39159,1.421636974586148,1.5851187961270283,1.1149954766676433,1.7364294378842184,0.12244897959183673,401489.4152142792,0.9242154116134651,0.7119477369944961,0.625,0.5959729887225307,0.9404144773325056,0.9952622002136651,0.0011726002315860483,0.451683670987125,0.03785777949285502,-0.08310008884891408,-3,50,0,2022-07-12 00:03:52.544
N30,0.009552666666666668,0.08723368794103371,0.08775516937615752,-0.11979067133226623,-0.8981814319558685,0.35606099999999996,0.181385,2.066943762851207,2.3679371432088216,1.1456224333565879,2.5771798469209792,0.6585365853658537,0.32344072959399994,-0.1962249697349914,-0.06365003319257019,3.4375,2.992447914536097,1.608111072040035,0.08230500632131875,0.7481823907706381,0.004588642857142859,0.07085529929767374,0.0710037258306445,0.38392810268122357,-0.8865126785829176,0.250702,0.134046,1.887872762053665,2.302919834924058,1.2198490709823562,2.695231840267183,0.36585365853658536,0.211744221437,0.3591713523741867,-0.4600506814799333,1.875,1.9274787058228993,1.5351756702067603,0.05782242225179615,0.11748682079629509,-6.406745119047617,97.86553134273859,98.0750152078346,0.0831798233906895,-1.4492851237385436,287.13122,145.05996,1.4790715014685214,1.6485310090149086,1.1145715453094298,1.8107888758567703,0.12195121951219512,403985.7615367135,0.9268564070927007,0.7171287303651465,0.625,0.6019030818527633,0.911533354250288,0.9967987437559162,0.0008290752197731053,0.15456333522725924,-0.0324233619949038,0.09414992483469894,-3,42,0,2022-07-12 00:04:00.140
N31,-0.0075385925925925915,0.0718302548148059,0.07222475950141363,-0.705941905568476,-0.5846412232647942,0.250635,0.167929,2.325089085228635,2.838332563354254,1.2207414250861488,3.2663262423560946,0.34615384615384615,0.14084322889600004,0.25564253363778644,-0.5324840367076648,1.8518518518518516,2.148509442548396,1.5771763756234911,0.008642436273217778,0.20935662500535598,-0.0005361851851851827,0.18429138097388603,0.1842921609722313,0.002375192980072538,-1.399195967376271,0.568253,0.287675,1.5609725258110474,1.755968185952255,1.1249193415751453,1.93733784665455,0.38461538461538464,0.9170172160869999,0.36533440347054885,-0.6244295121054734,1.8518518518518516,1.820895278000526,1.0312862985844862,0.003035001452797817,0.018987407076026447,4.071412111111112,183.3679346563893,183.4131289104691,-0.026905179624967746,-1.498010585979518,513.34673,257.4375,1.4035936332870969,1.5614174594179837,1.1124426774160245,1.7087713103639168,0.11538461538461539,908290.1481316657,0.940106536269032,0.750427345962911,0.7407407407407407,0.6021094177576676,0.8329194100826094,0.9599668731250834,5.2330861870197805e-05,0.35985935482911346,-0.054261203730401525,0.029020221225602053,-2,27,0,2022-07-12 00:04:08.213
N34,1.999999999946489e-08,0.08181021370476671,0.08181021370476917,0.2568450394547401,0.5927619753126669,0.43894,0.220326,2.693135612566625,3.38447491221834,1.2567042284932886,3.8818318785210484,0.3673469387755102,0.33464555332100004,0.3163017212191749,-0.16439738435189746,1.5625,1.9594634800802886,2.014510302355232,0.05788059729815836,0.19702429705753854,-5.999999999894978e-08,0.1449893252905758,0.14498932529058817,0.029781093759949907,-1.2309918447321562,0.536646,0.285081,1.9662206126460657,2.208742990395705,1.1233444386605538,2.3928050933181892,0.3673469387755102,1.0510952224109997,0.36434399880242063,-0.6171171267836291,1.875,1.8172078727683896,1.2326668838234238,0.014169983623672703,0.025797342262233652,0.18906086000000058,139.18111615880937,139.18124456700613,-0.00769129924987715,-1.4273142967088337,418.01099999999997,209.85236,1.5077632094241737,1.6909158224679102,1.1214730614853534,1.857559554997659,0.12244897959183673,968570.9419610386,0.9303806113917612,0.7391574249188394,0.625,0.6032116829827989,0.8811316032524006,0.9986316945980039,0.00014993160326028947,0.2814664675429639,-0.02566339191299003,-0.054398372362572216,-2,50,0,2022-07-12 00:04:25.827
N35,-4.000000000045634e-08,0.07435992531302327,0.07435992531303404,-0.3952443318440196,-0.4577855835801534,0.319822,0.167495,2.252490159113177,2.777479293481037,1.2330705562658493,3.2611155985268994,0.46938775510204084,0.276469924628,-0.05411559407121161,-0.29655765186121424,3.75,2.478187428729246,2.102521446532031,0.05899836351171134,0.46700698802927554,-2.0000000000575113e-08,0.13499989203143684,0.1349998920314383,0.549390400382584,-1.1132584611191643,0.442732,0.25968,1.92355709395328,2.164972433451359,1.125504639429196,2.3308993662813653,0.3673469387755102,0.9112485424250001,0.2829784621734051,-0.601378311715052,1.875,2.043240624304751,1.3435569861522605,0.004368334468980376,0.1441492812006602,0.2956390399999998,157.67757766439928,157.67785481973883,0.0020201309658951015,-1.4526504644123126,471.96167,238.1002,1.5100421062437839,1.6866191523589231,1.1169351804065735,1.859152895006699,0.12244897959183673,1243115.2950277317,0.9263686543829469,0.7145126943753322,0.625,0.592396248060318,0.9210690588718624,0.9984582662341697,0.0006854727502400458,0.29216892786756476,-0.010367002499521152,0.008293652500369675,-2,50,0,2022-07-12 00:04:32.537
N36,0.00925744736842105,0.04038418494234786,0.04143166331728479,0.2787052917856568,-0.6458256567076903,0.16287400000000002,0.093207,2.249656242044117,2.7446304488826168,1.2200221516460437,3.2170888076181745,0.2972972972972973,0.06523014355899999,0.6829899494443482,0.4165840064737863,0.3125,1.5016903425684818,1.9522374958012991,0.3446432627570769,0.12514602973934086,0.0003940000000000003,0.03965639039098372,0.039658347606047646,-0.21746703430469302,-0.8292541529171986,0.15765200000000001,0.080492,2.0296357478021974,2.4128373496066815,1.1888031397847796,2.7572189861821323,0.4594594594594595,0.059765812323999995,0.22277059724811588,-0.2765837624495565,2.1875,2.155905663974548,2.2868576256127473,0.1382130773909711,0.24694411303329789,-5.597786184210526,80.01722665092977,80.21279057027253,0.14059245921004795,-1.4864106655741258,221.24448,111.33422,1.3879858711867494,1.5479182780897218,1.1152262499374201,1.6993110201374404,0.13513513513513514,244495.4873006753,0.9227327390044063,0.7120761185308015,0.625,0.5983339118445251,0.9377130744013755,0.9952864854454478,0.0010650385169986272,0.2767178246649938,-0.10327033326358886,-0.13550186081587198,1,38,0,2022-07-12 00:04:40.416
N37,0.001058405405405405,0.07934121460091949,0.07934827380826474,-0.28095701682444707,-0.4669510483831498,0.326032,0.17698,2.230420291532116,2.691159022360638,1.2065703637012881,3.072469082496966,0.5833333333333334,0.232957496585,-0.2501718906457992,-0.3991846173693388,3.4375,3.0740552065937603,1.809526307670026,0.007655511589542582,0.738678246623399,0.0030050540540540504,0.1265715640503792,0.1266072319262491,0.47950720566872623,-1.1884901581422165,0.40193999999999996,0.251531,1.9867032567817389,2.290311641362033,1.1528201977541979,2.6250843267649655,0.3611111111111111,0.5930874735130001,0.30872811860571486,-0.5860873121928438,1.875,2.1006849491324617,1.4287409614919306,0.007773692651305978,0.17034648512774708,-4.8499627567567565,141.45295452585296,141.5360748460793,0.08308801689582819,-1.3615451674426833,435.95081000000005,220.41443,1.5573021241383236,1.762611863272183,1.1318368067130584,1.963189853324033,0.1388888888888889,741201.0378648934,0.9215222591398144,0.7094252691632378,0.625,0.6003194089548192,0.8956381293583444,0.9984072120120098,0.0006251306861476883,0.35645218645695526,-0.06599261798598514,-0.03423950373697472,-2,37,0,2022-07-12 00:04:48.455
N38,-0.016280208333333334,0.053379377466848225,0.055806837592941964,0.24704318911782164,-0.2451431585458872,0.22358,0.120549,2.1601116493876757,2.6479615231488047,1.2258447492283187,3.040839984712598,0.391304347826087,0.07474567493100001,0.3065660368691685,0.0900407414752233,0.8333333333333333,1.9317419638549047,1.9695821561659788,0.4160284788296466,0.3361836019397871,-0.0069837916666666685,0.04131540016747101,0.04190149922188544,0.09050151348979239,-0.803948280975181,0.159173,0.085625,2.043482968153022,2.448839512234069,1.1983655114323872,2.8133113005094055,0.5652173913043478,0.042137655289,0.22943349950246913,-0.16472434452525359,1.25,2.043217651834761,2.0107037258838574,0.18969858694956943,0.2581258041296598,-1.9188973333333337,80.41073882076209,80.43363155221012,0.06521047730942615,-1.5420273346741136,220.69517000000002,110.66486,1.3758530836465659,1.5248558045597704,1.1082984242171317,1.6713540256775907,0.13043478260869565,155269.65803224058,0.9207599690135535,0.683987907347632,0.41666666666666663,0.6186298167662448,0.7877819395321175,0.979704332183993,0.0007770738184647166,-0.0651174787764987,-0.09559823600749834,0.09511320681472618,-5,24,0,2022-07-12 00:04:56.641
N42,1.5265566588595903e-18,0.058167380088843604,0.058167380088843604,0.11055910985990436,-0.9993386875860275,0.21818700000000002,0.109713,1.8861602470736474,2.224147200420369,1.1791931273448817,2.536202635471968,0.6326530612244898,0.16917220532,-0.22607209549536797,-0.20938089754319328,3.75,2.7997871293795606,2.043378440472251,0.04558599917700776,0.5793755306975045,-3.999999999990123e-08,0.05680807622652258,0.05680807622653667,0.5252417470963491,-0.013494031015324648,0.260909,0.164861,2.9020697575213563,3.5028097097313178,1.207003966962893,4.000416325129463,0.5510204081632653,0.16135787622800002,-0.24686096179154993,-0.38326505954776885,3.4375,2.8559318170535417,1.9035735869707964,0.030543226165268368,0.5629994137211858,1.24122884,90.0251570114659,90.03371337433737,-0.0030447288292618302,-1.5014277887178296,254.4004,127.64539,1.417751031430669,1.5792839780304397,1.113936045905582,1.7330382437529004,0.12244897959183673,405303.4771986167,0.9258763648508948,0.7267349223406152,0.625,0.5962510365100241,0.937741243544659,0.9949465139702619,0.0013220531831085003,0.47217927562451306,-0.03508945444911199,-0.00324983568546875,-3,50,0,2022-07-12 00:05:22.496
N43,4.000000000163595e-08,0.06608519661133196,0.06608519661134406,0.40268366849835424,-0.179877614463138,0.287612,0.151804,2.2970953826888003,2.903470378114454,1.2639746699224472,3.4389794874432345,0.6122448979591837,0.21836266055800005,0.02581366279191264,0.1740258362494597,3.75,2.546524086154805,2.0624951532160463,0.20659657001569956,0.5792809682343101,9.999999999871223e-08,0.05255228953689839,0.052552289536993535,-0.14681676889854808,-0.28281121909709084,0.24674,0.130322,2.4798538969127395,3.0773059723660654,1.2409222882836428,3.636365575939016,0.46938775510204084,0.13808715677900002,0.013706704794785859,-0.11230775512202223,3.75,2.768434372801985,2.0828442777137743,0.16553167414799552,0.5524619022774788,0.5954313199999998,81.76334951434183,81.76551756248631,-0.0025346759637502117,-1.562266729459517,221.70855999999998,111.26543,1.3607867144602792,1.5041887934441263,1.1053817453242287,1.645607255407957,0.12244897959183673,334279.9931130628,0.9293555227784606,0.7441286680937365,0.625,0.6077595785152886,0.904129778164967,0.9950977772996822,0.0010582369869169333,0.5724420656783086,-0.007370894122542639,-0.06905788713357813,-3,50,0,2022-07-12 00:05:29.007
N44,-0.001194116279069767,0.07059721542180017,0.07060731363676145,-0.26399878891189904,0.3988503053873438,0.359728,0.202514,2.8681731334778013,3.7364896031292094,1.3027419996081377,4.5454019623055855,0.4523809523809524,0.21437188777699998,0.32779039331045356,-0.34981562061544924,1.5625,2.0350108944379888,1.725175920139016,0.029230393037478965,0.2201223516796369,-0.00455888372093023,0.17850457635788336,0.1785627822405564,0.09177026192240048,-1.4305372954217817,0.577802,0.29442,1.6488318355353746,1.8225443346924135,1.105354891513624,1.958337292039945,0.35714285714285715,1.3710406896640002,0.42213294791822314,-0.6139472349053039,1.875,1.8281912844221464,1.0065608291038246,0.0028981267452833064,0.02691359401031322,29.365925186046514,164.8330191722453,167.42843776213846,-0.26987264090156604,-1.2996797355704863,495.56273999999996,248.61673,1.4849133953767386,1.6811392072920315,1.1321463006032808,1.8740599739788226,0.14285714285714285,1205388.1161732215,0.9260424251870448,0.7266863600215039,0.625,0.5991616649690581,0.8838959739737464,0.9992339954548193,6.085584799093741e-05,0.41070658034338436,0.008582780886566832,0.025203535319646135,1,43,0,2022-07-12 00:05:36.499
N45,-0.003393275862068965,0.06684658510345061,0.06693265466921931,-0.5084372979623772,-0.8607531000915705,0.216893,0.131395,1.9630926137526314,2.305969205370754,1.1746614445065242,2.5497119411056057,0.5714285714285714,0.12991942757100003,-0.29474785090822464,-0.2599986549979585,3.4482758620689653,2.647681741060036,1.950683417000941,0.018895280001584403,0.5555279319176508,-0.006975241379310345,0.10714613258557298,0.10737293756037798,0.643602562970461,-1.019527692190094,0.330403,0.201955,1.8808743114291402,2.1191025131686447,1.1266582250030797,2.334277586951169,0.35714285714285715,0.33433948389,0.3229197181279746,-0.6172323382368754,1.7241379310344827,2.0257506590722754,1.3307606319421408,0.0016956428998207967,0.11898207657358205,6.42262382758621,131.23051543879728,131.38758799507315,-0.10464384795907548,-1.5096892061986447,371.50972,186.71706,1.4211164300162176,1.5675885386920092,1.1030683380911444,1.7025466530728366,0.10714285714285714,500618.25009572966,0.9416884937406259,0.7675526544681475,0.689655172413793,0.5941498079484014,0.8918052801678533,0.9348613878789062,0.000366867631700902,0.2529835806736556,0.05024038569360219,0.04842552755083643,-7,29,0,2022-07-12 00:05:44.604
N46,-0.035898294117647056,0.04903110627510411,0.06076789368669649,0.4746701224393256,-0.5653878314666327,0.180006,0.1126,1.852952162214745,2.1277470802112406,1.1483011399862837,2.3376251812218483,0.1875,0.06277652735299999,0.5586640214392712,0.2387556538800298,0.588235294117647,1.9637692481914464,1.7756998682539493,0.3011384916549355,0.2566623403602478,-0.002347529411764707,0.04185206953224043,0.041917855604391166,0.5791176982325136,-0.1441381229609835,0.160285,0.090743,2.1647815397907446,2.7754147026015614,1.2820761132644556,3.289489100861047,0.5,0.029870812514,-0.02222324892724073,-0.36981122878062633,1.764705882352941,2.207320684705612,1.6181680909550507,0.008679064350060701,0.20261918526691833,-1.7864632352941157,81.47273220595883,81.49231585858229,0.03317640076237228,-1.5662894020228975,218.71497,109.92671,1.348921169337749,1.494053426474653,1.1075913555483428,1.6521864440303646,0.125,112896.958247914,0.9202459031462051,0.6664018456913388,0.588235294117647,0.5179094790083042,0.9595020573520103,0.8584224824750906,0.0005463511373189629,-0.2262557035984398,0.128736429794481,0.09299573019123715,-4,17,0,2022-07-12 00:05:52.492
N48,-2.0000000000575113e-08,0.07598718413140206,0.07598718413140469,-0.08749041810863835,-0.6536510109080904,0.320321,0.163309,2.149165044957971,2.588376373879793,1.2043637039194497,3.0027668172978266,0.46938775510204084,0.28870260761100003,-0.08972054648882265,-0.3888888794135311,3.4375,2.7775653921414523,2.0023291371226426,0.041355821449254135,0.6326649684767646,-3.999999999983184e-08,0.13413533480436243,0.13413533480436837,0.30529808590758845,-1.2338745907763726,0.444503,0.243107,1.8124008886589273,2.068129770342971,1.141099512411555,2.297786319245381,0.3469387755102041,0.8996144021539999,0.3633288973912002,-0.6127203251825634,1.875,1.9083401248153002,1.2052177156843715,0.004602995932838843,0.07035473453611926,0.9089182199999999,147.22992214682142,147.23272770579828,-0.006502327292907971,-1.428944027837338,450.67042000000004,227.68679,1.5464414301619525,1.73129779437686,1.1195366087647745,1.9093919529826178,0.12244897959183673,1083873.805384487,0.9260607150178001,0.7118328012702168,0.625,0.594574217232686,0.908298419873535,0.9983535342517323,0.0005867686828660756,0.33210365452719726,-0.019995646798568176,-0.026191024016292374,-2,50,0,2022-07-12 00:06:02.560
N49,2.0000000000679195e-08,0.03997765626071143,0.03997765626071644,0.7633590821030796,0.7883336272104082,0.202679,0.131691,3.294115071208028,4.155268085170833,1.2614216550871733,4.890907954479309,0.24489795918367346,0.07991065000500001,0.6146445600839302,0.2118465601696776,1.5625,1.496629412642602,2.1006251472415394,0.27098343378687323,0.09969682011386014,-7.999999999938611e-08,0.05301952533881834,0.053019525338878694,0.6746201444622301,0.32412136868139996,0.2396,0.146494,2.763019832102824,3.612604436903834,1.307484077721739,4.429711127412149,0.5306122448979592,0.140553503358,-0.10031397290989309,-0.3569529416460156,3.75,2.8546509081111178,2.048535919657669,0.07657602155626234,0.6045604410094124,0.4497096000000008,80.99216783297298,80.9934163312599,0.0024943485749440923,-1.5576107819419043,219.03719999999998,110.03555,1.3585740049531794,1.5031802739546956,1.1064397437859852,1.6460661608306497,0.10204081632653061,327996.67445043987,0.9292992686397817,0.7457382250679385,0.625,0.6050878206276878,0.9029071909234859,0.9955548649684375,0.001047834702574699,-0.017856440003721573,0.05456738040480233,-0.01285704341407312,-4,50,0,2022-07-12 00:06:09.177
N50,-0.024033949999999995,0.08427691888232211,0.0876369203526687,1.0094996766580646,1.4989842398435451,0.424317,0.241496,2.755642245621722,3.575027978943255,1.2973483711912919,4.307759359703667,0.28205128205128205,0.30720919235599997,0.6982131819148208,0.45703761065939374,0.3125,1.7372014903199897,1.9286568954138048,0.43763067822975343,0.36188732904687637,-0.014120325,0.1066969385156827,0.10762722827762963,0.2582161347496944,-1.1524593958919649,0.35144,0.177624,1.6503630432794416,1.8639759499837736,1.129433888849002,2.050928419875921,0.38461538461538464,0.46334481066899996,0.39064714957052465,-0.4839598729293456,1.875,1.9122554016711693,1.4074022670073223,0.04613621929888485,0.09382925077633125,-22.047864675,125.98212586391327,127.89685052384205,0.2904282712488558,-1.3737068980605986,371.48206,186.9271,1.4615457631238054,1.6209779325272877,1.1090846235719114,1.7682873623586735,0.10256410256410256,654304.1749567199,0.9335345322441998,0.7503031361273028,0.625,0.6017828990929149,0.8813441304825386,0.9984508016055288,0.0001586913124701363,0.1578099283531811,0.039555282387587876,0.005809577107022743,-4,40,0,2022-07-12 00:06:16.934
N51,-0.004618954545454545,0.06124149947208056,0.061415437787919566,-0.04031998061430922,-0.9929962206962575,0.211863,0.112742,1.835727368570128,2.2077958838886667,1.2026817934344727,2.5411770133414926,0.5714285714285714,0.08298083197100001,-0.17942686523681087,-0.33005921422305595,3.6363636363636362,2.6325785641091493,1.7760063044292702,0.03212239690855672,0.49552352758210244,-0.004192863636363638,0.15554909600926514,0.1556055955766782,0.3357956973292356,-1.254807564667393,0.507513,0.275897,1.7730532053009975,2.0035570472678637,1.1300039058488012,2.224223106166965,0.3333333333333333,0.532688230245,0.3840849648706315,-0.6092774734771269,1.8181818181818181,1.8309104643127334,0.9919393391700139,0.002428696779305026,0.02728141205498581,31.276061363636362,159.40614550387835,162.44541002695516,-0.27812839004036904,-1.2786991637225764,489.57401,245.36636,1.5104542501957148,1.7086696063620026,1.1312289704508458,1.8969623373403435,0.14285714285714285,580547.2472541629,0.9280279738054539,0.7233825056836503,0.45454545454545453,0.5627168009524811,0.9091225496756495,0.9948508378828619,0.00045229733795387365,0.29948304247901036,0.13124650510578278,0.11116472887224643,-2,22,0,2022-07-12 00:06:25.547
N52,1.999999999946489e-08,0.05711142228293391,0.05711142228293741,0.2206210590145872,-0.7414098831735401,0.233684,0.122357,2.14242607010954,2.5623397189566273,1.1959991314078893,2.917578416291844,0.3877551020408163,0.16308572775900002,0.5123531109719958,0.23741315375490885,1.25,1.8915581505599803,2.3073730212968764,0.2542761966081184,0.3066109131477193,1.9999999999447543e-08,0.050300254970125156,0.050300254970129125,0.12882017767531717,-0.19814384194875823,0.235558,0.118366,2.353188866940969,2.8887751052728947,1.2276001921716388,3.309959059457265,0.5714285714285714,0.126505782503,-0.03825567499930443,-0.37737503835887687,3.4375,2.774387589778849,2.13435380791723,0.10784346137060162,0.5591635220512525,1.1114385800000006,82.06880967541818,82.07633530596458,-0.009457823928489479,-1.5414600180480909,226.51067,113.51301,1.3830175235875923,1.5366440115933326,1.1110806518251688,1.6996512318140133,0.12244897959183673,336826.2408628564,0.9247137120657853,0.715415846052948,0.625,0.594859639941329,0.9215536976698349,0.9957203316773668,0.0009813169251512578,0.20475758552234108,0.09591751681595129,-0.049602916996890435,-3,50,0,2022-07-12 00:06:29.384
N53,1.9999999999499586e-08,0.09395278661976769,0.09395278661976983,0.42411712892294084,-0.3332231208674816,0.42704200000000003,0.229969,2.4477081337746,3.044022230181869,1.2436214057464834,3.5678474762791628,0.30612244897959184,0.44135630568100004,0.5722530983555209,0.3176736794598191,0.9375,1.386255718700595,1.9774167272170107,0.6125433053050933,0.14490645308996628,1.999999999835467e-08,0.13439956054399732,0.1343995605439988,-0.07029417587622762,-0.7439188700303894,0.5409379999999999,0.290651,2.162588916388969,2.5752627131063544,1.1908239673245236,2.9247948037863494,0.3469387755102041,0.903162093721,0.5034959042380567,-0.29426139495233244,1.875,1.595490092500497,1.8369266027432165,0.20752761600533662,0.03740950252634694,0.9471609199999989,122.41858710946823,122.4222511788067,0.008394028024391938,-1.4220977973924427,366.51961,184.77263,1.509305932710925,1.6975402031404925,1.1247157824997562,1.8847053283682864,0.12244897959183673,749360.379184342,0.9303244176611363,0.7376070964718867,0.625,0.598618703413028,0.8989183317930959,0.998305935499328,0.0001180819316133622,-0.06541239740719698,-0.005817647433391063,-0.062183778071079665,6,50,0,2022-07-12 00:06:36.231
N54,8.000000000230045e-08,0.07783810733075157,0.07783810733079267,-0.35752056229648077,-0.2815110841988262,0.345026,0.204233,2.623817651835499,3.2069790929955313,1.222256848051952,3.656182868532307,0.4489795918367347,0.302938547642,0.2191370998895098,-0.3417168787008213,1.875,2.1181660295917997,2.02574912974207,0.060299299781937245,0.2722251110943806,-1.999999999835467e-08,0.16344190508929954,0.16344190508930076,0.44220904462759963,-1.2595802671743546,0.5312760000000001,0.300246,1.8370197033371138,2.0622007880218916,1.122579569656066,2.2725514285994945,0.3673469387755102,1.335662816961,0.3318335662198859,-0.5839370652642157,1.875,1.89016359128923,1.1532137431920668,0.0034834432022265408,0.05943998733548685,0.5917456800000019,167.06931829853116,167.0703662523241,0.0028984263571723576,-1.4505118833455939,501.75255000000004,252.23973,1.509781391267472,1.687257133544171,1.1175506224299843,1.8609855795989219,0.12244897959183673,1395625.3639842859,0.9273345050764205,0.7233635842974496,0.625,0.5936958923103562,0.9155397148610364,0.998343365310448,0.000694168695493116,0.39835213325095303,0.03835334415303184,0.02587263445327072,-2,50,0,2022-07-12 00:06:43.040
N55,8.326672684688674e-19,0.03445378750558493,0.03445378750558493,0.39498079122556234,-0.1119645093874504,0.164327,0.089256,2.590600524993999,3.1965825189310912,1.233915645461585,3.6833294335826494,0.40816326530612246,0.059353173674000004,0.23550834418485067,0.0038048532640185474,3.75,2.346478030786282,2.2840032176638116,0.17998867972473734,0.41904330104955795,6.000000000054572e-08,0.04558633940750672,0.0455863394075462,0.21418234151401785,-0.49163820775267375,0.188022,0.094232,2.067110481443947,2.5014560325938935,1.2101220786450375,2.8401961468995647,0.5918367346938775,0.10390571702899999,-0.20913028330649094,-0.4102930184865479,3.4375,2.8258503944013373,2.2146767210419998,0.07645748351473075,0.5577807635028247,0.30483450000000034,81.89003681661939,81.89060418570416,0.009555021178263387,-1.5529227090653552,224.36597999999998,112.48292,1.3735754073192734,1.517142549977251,1.1045207579379783,1.6487925556022245,0.12244897959183673,335303.55269498343,0.9261520142577878,0.7255871784318985,0.625,0.6052663473870591,0.922333012875324,0.9955581161552571,0.0009396139968945322,0.07378824876332231,0.042005312673235116,-0.015619044457029477,5,50,0,2022-07-12 00:06:49.646
N56,-4.000000000031756e-08,0.07003753406822945,0.07003753406824087,-0.2215114399773064,-0.6682950454799195,0.273069,0.15354,2.192253083188205,2.6887746024452195,1.2264891417257904,3.1484619386449446,0.6530612244897959,0.24526280891799998,-0.2363876735668252,-0.3851969873681314,3.4375,3.066531902950012,1.803953281168039,0.00985535886694063,0.745776212107358,3.999999999993592e-08,0.13092826696813184,0.13092826696813792,0.6078926381353253,-1.0088416018381863,0.43753200000000003,0.256647,1.9602107775737718,2.267423184123099,1.1567241696985135,2.5238871554381004,0.3469387755102041,0.857110554564,0.22733796445678214,-0.5515863897839065,1.875,2.127514015415337,1.4805335699658284,0.004862074714251932,0.18554772828751565,0.8622196599999995,136.1209303317961,136.12366104809178,0.010434642630843798,-1.4320061375051694,419.58802000000003,210.45914,1.5460878614309814,1.7264042569521014,1.116627521643064,1.8890138112231236,0.12244897959183673,926482.5548567888,0.9280150894329401,0.7332819772877492,0.625,0.6026017383711899,0.8917985454948631,0.9975426808360724,0.0012408175721830826,0.42898694652175084,-0.004354301092977737,-0.010837975515870008,4,50,0,2022-07-12 00:06:57.798
N57,-4.000000000045634e-08,0.05252674948974475,0.05252674948975998,-0.2541360950370968,-0.2054183498272395,0.23748799999999998,0.132736,2.5270172110283866,3.157379937925667,1.2494493207827224,3.7245131218825644,0.3877551020408163,0.13795297059800002,0.05791446288659038,0.004569352540548191,3.75,2.6346878325745573,2.0988351006007724,0.12122925396288478,0.5620358080710126,6.000000000047634e-08,0.046633396739851576,0.04663339673989018,-0.1243993940292613,-0.8973663163434811,0.184797,0.098378,2.1096039936513464,2.449974722759726,1.1613434228095383,2.7134850871803784,0.4897959183673469,0.108733684575,0.08949427076200957,-0.3031927002886541,3.4375,2.556675679167991,2.331548796527586,0.10217964483067268,0.358715673134295,0.18595924000000025,84.21029934193201,84.21050466596633,0.008421053821629826,-1.5444533213868283,226.48372999999998,114.20239,1.3561537299057997,1.5013501809224774,1.1070648908120195,1.6411808298585668,0.12244897959183673,354570.45480483683,0.9232076551402781,0.7076334458066798,0.625,0.6025918534950951,0.9239839383932276,0.9952645317166946,0.001027273843267875,0.19440140482156865,-0.009845757337655974,0.044712137191011456,1,50,0,2022-07-12 00:07:04.844
N58,5.551115123125783e-19,0.06828654274511194,0.06828654274511194,0.06375057320287146,-0.7932403200488576,0.283412,0.161774,2.3690465719408538,2.8085178780997615,1.185505557959069,3.2033861954567966,0.7142857142857143,0.23315259600399998,-0.5006040663844337,-0.2207975232165243,3.4375,3.3858422843547085,1.3089499014329984,0.01874754661462046,0.9114479112761611,-1.9999999998632224e-08,0.06645312003374709,0.0664531200337501,0.6224233516982718,-0.6621028513818392,0.24341400000000002,0.136522,2.0544106872734256,2.5055875692963205,1.21961377285361,2.941634648596391,0.4897959183673469,0.22080085811099998,-0.03393245480707711,-0.4192421271080073,1.875,2.6503405000371356,1.7506148969364066,0.01311300792368871,0.4806993253015179,0.8011793999999994,96.3761034769994,96.37943354181058,0.004685068861295766,-1.4611816754508136,281.42395999999997,143.62456,1.4901992543636802,1.661254344157273,1.114786723515463,1.8131470091066835,0.12244897959183673,464449.7604920141,0.9237550704645212,0.7095370098131136,0.625,0.5948197066876305,0.9376067134597199,0.9957796894354339,0.0012576470423072434,0.5358245300622625,0.02155256713316542,0.01100287493209542,-3,50,0,2022-07-12 00:07:12.647
N59,-3.999999999976245e-08,0.06792512336005287,0.06792512336006465,-0.11384947028218192,-0.7539081799375591,0.282764,0.150781,2.2198119420516056,2.5933660629393622,1.168281877311872,2.8867877383672957,0.5714285714285714,0.230691119174,-0.1245014573245917,-0.18341890483905904,3.4375,2.7732713108469573,1.794473269039178,0.02947495600218799,0.618070993825321,-3.999999999823589e-08,0.05006239032325964,0.05006239032327561,0.07754312267197128,0.6993227682680958,0.287442,0.143843,2.873274709240617,3.631782687382343,1.263987281028967,4.281450673277098,0.5306122448979592,0.125312146244,-0.11252148366896486,-0.30450665179783754,3.75,2.7938202496772586,2.2235941054260766,0.06942624083327911,0.5569145702751347,0.4600235599999996,83.50605711143184,83.50732420556577,-0.0006664232449156061,-1.5267132378201258,227.20828,114.17283,1.3672193557411385,1.5170593570067064,1.1095947044900802,1.657034902453862,0.12244897959183673,348673.65979867347,0.9247940896131759,0.7142301589763563,0.625,0.6001942922706611,0.932498546541665,0.9958342441008945,0.0011117441667690753,0.5345666824313026,-0.0328774933349158,-0.04354415697507619,0,50,0,2022-07-12 00:07:19.348
N60,-4.000000000198289e-08,0.06965039125746818,0.06965039125747967,0.10911884734004298,-0.10545700703000005,0.338464,0.173754,2.4946593531352312,3.18254317718747,1.2757425871342802,3.8903498653163493,0.3673469387755102,0.24255885011599998,0.22970443220316808,-0.4107194074490486,1.875,2.269475093481913,1.9314414326143718,0.03992430746793981,0.3292386796712131,-1.999999999835467e-08,0.16901088331613323,0.16901088331613442,0.19415687795116132,-1.3854281842860208,0.528358,0.287567,1.7014703098267743,1.8991255755321235,1.1161673316094904,2.058053404514225,0.3469387755102041,1.428233933965,0.3994819648136307,-0.620761170090806,1.875,1.8429195109389063,1.0700888016792165,0.0038061310958149575,0.03641919760505412,0.09946564000000023,167.7734491632669,167.77347864770775,0.0017121379027389277,-1.4475003812178482,492.95324,246.57169,1.4696702481668955,1.644951629603216,1.119265788808712,1.806231184170232,0.12244897959183673,1407397.0068776424,0.9298647740186463,0.7310960542397549,0.625,0.5932531004151943,0.9027901316477477,0.9991950126124725,7.368593748738286e-05,0.5057092814050752,-0.023293985640021362,0.00800845012357618,-2,50,0,2022-07-12 00:07:25.971
N61,-3.999999999837467e-08,0.08547066283326929,0.08547066283327864,-0.03809708419967154,-1.0258961660781305,0.33664700000000003,0.174924,2.0465969749317545,2.379461251797614,1.1626428070318824,2.6544317803102553,0.7142857142857143,0.36526171025799997,-0.37294649963125565,-0.25750313387953605,3.4375,3.149515049154244,1.5777859289300755,0.01356805329892136,0.7739434316618672,-2.220446049250313e-18,0.10958985281439154,0.10958985281439154,0.41807923520933415,-1.2422587949059343,0.377837,0.21408,1.9534655308149718,2.1993646827728752,1.125878418676431,2.4264186882886967,0.3673469387755102,0.6004967919940001,0.34949023267959367,-0.6146530184476583,1.875,1.8953860887528684,1.155680994309952,0.005024213648291716,0.06346131625958058,0.42613037999999986,107.96107991093558,107.96192089174858,-0.009363945157575205,-1.4344302706864704,325.14146,162.94922,1.5093212370997564,1.6860880356353045,1.1171167503580717,1.8503871126587677,0.12244897959183673,582788.8181318089,0.929327797800543,0.7409266698197262,0.625,0.6029910975225833,0.895012984471657,0.9968284638630867,0.0008778982904527007,0.01689247968752559,0.014145337954894978,-0.044259407823513876,10,50,0,2022-07-12 00:07:32.847
N62,-2.000000000140778e-08,0.05739244692064976,0.05739244692065324,0.09257177516648087,-1.1985938273684473,0.196195,0.10538,1.8361301121328906,2.09067805184834,1.1386328441723341,2.292402445504084,0.7142857142857143,0.164694648177,-0.3366968197290524,-0.16384807476804036,3.75,3.1294374802217804,1.7026103781038842,0.08355027480265716,0.786688466707651,-1.6696713456276769e-19,0.034895954152308256,0.034895954152308256,-0.09203723107955716,-0.879403651198559,0.131085,0.067855,1.9444947601615188,2.3570552215433906,1.2121684613578505,2.774651655838158,0.3469387755102041,0.060886380809999995,0.21634460070555642,-0.2712529032541581,3.125,2.28541268828414,2.347381179148034,0.1865140509507597,0.3001818437298539,0.5093788400000008,81.48540559530508,81.48699768572908,0.0006829698102418987,-1.5545702683853129,220.38129,110.80088,1.3597369291641568,1.5059010293681963,1.1074943962093373,1.650411221238704,0.12244897959183673,332006.5395917008,0.9229313381072485,0.7025840094508315,0.625,0.6009731132826744,0.9355956633374665,0.9951370760889723,0.0011183905102480983,0.2644003397421617,-0.0666340821259259,0.07769244271608718,-14,50,0,2022-07-12 00:07:39.560
N63,1.9999999999811833e-08,0.08310144745008718,0.08310144745008959,0.6214056545519243,0.8333164156036901,0.390961,0.234284,2.8192529394955494,3.8063876944712796,1.35014054295971,4.68335974409809,0.3877551020408163,0.345292528415,0.30191623528882483,-0.4069970305704697,1.5625,2.0095269624204164,1.9441088928388497,0.032335768182396175,0.21860944277745212,-5.999999999450889e-08,0.203495270195394,0.2034952701954028,-0.03528470985474903,-1.385070040307357,0.6459440000000001,0.326666,1.6052756395090886,1.818401646183815,1.1327659882385699,2.0308823048704845,0.3673469387755102,2.070516249595,0.3784581771038281,-0.6279697795214557,1.875,1.87205547770231,1.0999205328732284,0.001955147971779954,0.04220244090406997,0.2888038999999998,178.557924975728,178.55815853477648,0.002564620919191513,-1.4459609424520476,522.52085,262.3829,1.4694534383255167,1.6457627206684757,1.1199828982290643,1.809062548031797,0.12244897959183673,1594150.7989665184,0.9264481973618898,0.7098001087389467,0.625,0.5919268855169759,0.9072549635705958,0.9991621204962439,4.9545942071905024e-05,0.39823445320523193,-0.0011180672126084488,0.009496334636212135,-2,50,0,2022-07-12 00:07:46.324
N64,6.000000000061511e-08,0.07176861694178312,0.07176861694180821,-0.6065123153222322,0.06993554881961916,0.32954,0.199759,2.7833753597616293,3.4945690109109613,1.2555148189607597,4.1636306863414045,0.5918367346938775,0.25753671888699997,-0.08616391591821349,-0.3927612443318734,3.75,2.549635593956713,2.1788018134935134,0.03475857956218641,0.4753721550918105,4.000000000031756e-08,0.12428329865721462,0.12428329865722103,0.2707573594175165,-1.268404803908062,0.4204,0.227567,1.831034438727283,2.071850467180808,1.1315191147474601,2.295102058243677,0.3673469387755102,0.772316916256,0.3639134034053009,-0.6278928281145896,1.875,1.885255672526908,1.173637614172681,0.003333191229212905,0.05190853833927207,-0.359325639999999,143.6477962610931,143.64824567527467,0.0037270321083580976,-1.4540274900330805,435.13219,219.2147,1.5260520514503724,1.7001134004140208,1.1140599030014862,1.8592296545293194,0.12244897959183673,1031740.9242792035,0.9278017845014961,0.7281593266253142,0.625,0.5935069216718517,0.9169441528162927,0.9984201363729474,0.0008652661185393288,0.2636897386430779,-0.018075895276396775,0.021393192084722852,-2,50,0,2022-07-12 00:07:52.879
N65,-1.999999999821589e-08,0.08676287596904335,0.08676287596904565,0.0030233156248220205,-0.8050976795207148,0.334978,0.179329,2.0668863035842553,2.521527947875664,1.21996451546609,2.9703900976226856,0.2857142857142857,0.376389832321,0.36096133170940575,0.36530636588348997,3.75,2.4720952638474634,2.1610350577568354,0.31745822107250465,0.5448727147814637,1.1102230246251566e-18,0.05931049007755711,0.05931049007755711,-0.17580111419523645,-0.5503742112151158,0.256334,0.142421,2.4012784216377874,2.952273910721807,1.2294592264349813,3.44371226150301,0.46938775510204084,0.175886711662,0.24981799949200392,-0.10615155364415546,2.8125,2.0745271729294488,2.4316033865815494,0.3203154555653196,0.25928943508402746,0.5031466399999996,82.16670611757768,82.16824660873397,0.00019284016331083749,-1.560420770177315,222.56376999999998,111.43614,1.3561946931961797,1.4992973326034074,1.1055177697753513,1.6370801166007078,0.12244897959183673,337581.03753768606,0.9248776542418113,0.7155544730078646,0.625,0.5974886378577964,0.9349644131670724,0.9954664157500874,0.001008692873233184,0.26755410999242085,-0.029290040488831996,0.06702425353164942,-3,50,0,2022-07-12 00:07:59.767
N66,2.0000000000297557e-08,0.06931448568906501,0.06931448568906791,-0.5251760945858497,-0.14369384468152857,0.309149,0.183596,2.6487392667613237,3.3279714846810284,1.2564360435333517,3.988358560572757,0.46938775510204084,0.240224896317,0.15344943446666054,-0.2059723111438917,3.125,2.5179443038215084,2.2776284389959947,0.08417895619322947,0.5299949234467909,4.163336342344337e-19,0.14630078371246,0.14630078371246,0.23435496593852692,-1.2369565674800538,0.469685,0.253211,1.7307562787747035,1.9641909110626306,1.1348743524149965,2.153804682389167,0.3469387755102041,1.070195965744,0.38142987478823515,-0.617940051173946,1.875,1.9270151412399767,1.2848802752409543,0.011964902497092431,0.07822085654653411,-0.1214075600000018,145.11151387314928,145.11156466096293,0.0009448274560135305,-1.4374235966929647,432.56443,216.75935,1.4937427661705267,1.6742485544136552,1.1208412802599785,1.8484492061004802,0.12244897959183673,1052868.3099176413,0.9270211001530667,0.71185347281159,0.625,0.5932136390821596,0.9116626689680055,0.9990475513876071,0.00015599341965539574,0.3008159878725796,0.015835129449190948,-0.012309113712445294,0,50,0,2022-07-12 00:08:06.337
N67,5.551115123125783e-19,0.07531182452443971,0.07531182452443971,-0.5274434559298007,0.2760941854998187,0.353757,0.198869,2.640607915898576,3.3704782113512484,1.2764023735058387,3.9553538285071697,0.5510204081632653,0.28359354565999995,-0.19534863855069381,-0.43911215046422836,3.75,2.7208870741306868,2.037819617277132,0.022481628863304556,0.5569621496723877,-6.000000000144779e-08,0.12767527323509592,0.12767527323511002,0.36834514709964583,-1.252134320947394,0.421672,0.241219,1.889316497140388,2.1491399929686246,1.137522482983395,2.377029954287055,0.3673469387755102,0.8150487697830002,0.3034286353925285,-0.6101807135801389,1.875,2.008802051556813,1.3486991274548723,0.005326117142955416,0.11804339666439292,0.7028052399999993,156.92030504244983,156.92187887551208,0.0017829174325492362,-1.440829407746614,474.21795,238.68051,1.521014862365674,1.7028229464622113,1.119530774218581,1.8884121309742434,0.12244897959183673,1231223.803491044,0.9301182543328308,0.7433074245456175,0.625,0.600506518107119,0.8934988983193332,0.9982773924130741,0.0007507793366887528,0.3212429422107252,0.01625329443750837,-0.016863943110855758,-2,50,0,2022-07-12 00:08:13.092
N68,-4.0000000001705336e-08,0.09134365734761445,0.09134365734762322,0.6365618208891488,0.15187625631746604,0.4027,0.241951,2.6487991287585073,3.3455021813773214,1.2630260048995707,4.053775681884538,0.30612244897959184,0.417183186882,0.5993314186869875,0.35303724608430787,0.9375,1.5968596588459734,2.094595741106121,0.4408339590393906,0.2219668310309224,-1.9999999999326113e-08,0.12129022701347211,0.12129022701347375,0.4619055973565805,-0.38024274275315273,0.510557,0.322817,2.66152523536904,3.2463502104485538,1.219733018987672,3.780256178568183,0.3469387755102041,0.735565958449,0.5176119516641384,-0.20954844757391727,1.875,1.7713027427185424,1.79706671277667,0.15066744782705777,0.0819917217228378,0.9314444200000008,126.0676560066042,126.0710969243428,-0.0022741976141099677,-1.426014408358513,374.78283999999996,187.58585,1.4879370020280949,1.669773199824611,1.1222069197477238,1.8377717388604546,0.12244897959183673,794696.0739853518,0.9266918757743555,0.7121550396222934,0.625,0.5886216279145609,0.9223562179912633,0.9984758505975265,0.00017380100963853242,-0.024797213597673007,-0.008937087665055181,0.10741073705481748,6,50,0,2022-07-12 00:08:26.424
N69,2.0000000000575113e-08,0.08600951761857288,0.08600951761857521,-0.04228773432019037,-0.633093841295731,0.358956,0.185524,2.1570170969071096,2.6665746781479838,1.236232518495804,3.2343060893728373,0.46938775510204084,0.36988185604900004,0.18603436148634625,-0.23472862623771523,1.5625,2.180258004423866,2.0211862286301,0.053110286993655755,0.3217067220610871,2.000000000002e-08,0.15906422373337,0.15906422373337128,0.29266399162708695,-1.337470763041065,0.5106360000000001,0.258583,1.6256515382959111,1.847528971173081,1.1364852353966046,2.0713145488382123,0.3469387755102041,1.265071363595,0.3713491559573775,-0.5963747270147403,1.875,1.9175461140015375,1.1692571779224579,0.00452075327746937,0.07015956008784416,0.2657149800000002,166.74465354112797,166.74486525527973,-0.003893536253652835,-1.439565080063899,497.30748,249.10513,1.4939298407697892,1.6728807597271795,1.1197853567642646,1.8423595179192318,0.12244897959183673,1390192.5044500697,0.931021826368877,0.7407380885080201,0.625,0.6012588013715383,0.8811742798751155,0.9986457091340937,0.0003923107140396152,0.419243129786898,0.007792831586095137,0.010662763985854367,4,50,0,2022-07-12 00:08:33.206
N70,4.163336342344337e-19,0.03945196426694113,0.03945196426694113,0.10463474294706462,-0.32241083556830397,0.18448,0.096171,2.437673301873761,3.036325657932125,1.2455835060416829,3.591239311884745,0.30612244897959184,0.077822874226,0.5087439091314455,0.0776194743632724,1.5625,1.68180904961109,1.9492382418783667,0.10209310383325217,0.10168171870901754,-2.7755575615628914e-19,0.042746213670920616,0.042746213670920616,-0.13346564704051395,-0.742612962570731,0.192301,0.104702,2.449386530606959,2.829224056213743,1.155074554734593,3.133940695095037,0.3877551020408163,0.09136193916000002,0.14663018569834912,-0.4172067580423272,2.8125,2.2836370881078363,2.3769142463510415,0.15910641551232513,0.24561271190312797,0.48681257999999983,81.6921848660712,81.69363533764671,0.0006619877366545701,-1.550301549533258,222.04664,111.47679,1.364571297864968,1.5136329772497925,1.1092370033123582,1.663299314143122,0.10204081632653061,333692.50273401994,0.9281231334082385,0.743190748760944,0.625,0.6062286977319392,0.9052024577908875,0.995325462930526,0.0012299010578624655,0.15784004078274405,0.15379367859421708,0.05235751705559974,1,50,0,2022-07-12 00:08:39.956
N71,-3.999999999948489e-08,0.05759604249424088,0.05759604249425476,0.32581195835181903,-0.21300986701705016,0.26521300000000003,0.152987,2.6562068047515686,3.307020471547696,1.2450161883600013,3.90448686795217,0.46938775510204084,0.16586520555,0.07409908253858909,-0.2179266315681557,3.75,2.5413849426742314,1.9780440493221039,0.07873315493711644,0.5220906171341448,7.999999999896978e-08,0.10304488089620756,0.1030448808962386,0.3194589925330057,-0.8415760489245785,0.453098,0.232564,2.2569194896171614,2.624474177541225,1.162856800880572,2.9170210836875374,0.3673469387755102,0.530912373946,0.35758002117339827,-0.6374009978655238,1.875,1.892366894271479,1.2633813311187005,0.022133675383092823,0.06341357462443034,0.9820031600000001,116.11579539749701,116.11994777384132,-0.007892020060903065,-1.426379223082278,348.07984999999996,174.49906,1.5027483506956063,1.6875406015994,1.122969525016118,1.8608844447366728,0.12244897959183673,674192.1135499817,0.9255065168039129,0.7090000560967425,0.625,0.5986536102839851,0.9086352349472113,0.99797111462225,0.00019876418070098598,0.2650458937711093,0.1092476748103066,-0.09871777420232379,-1,50,0,2022-07-12 00:08:46.662
N72,-8.000000000008e-08,0.07114055441303223,0.07114055441307722,-0.3191677927836674,-0.18463729669689144,0.331505,0.17546,2.4663850520645725,3.1387429572375347,1.2726086523311282,3.8480456123297686,0.42857142857142855,0.25304892411,0.17745192733101026,-0.42063010472755186,1.875,2.2356899833984536,2.049289310358491,0.0647738568944157,0.3533127334065329,3.3306690738754695e-18,0.14791483182899545,0.14791483182899545,0.46635346883627776,-1.2442984818238947,0.516562,0.297619,2.012097071807361,2.2653937225197733,1.1258868939582964,2.5137935249274443,0.3469387755102041,1.0939398737500001,0.3590933382580169,-0.5905421478519394,1.875,1.9010800201765472,1.2153035445127922,0.00473589208310754,0.06361553272762085,0.6542536600000011,165.2478220430503,165.2491172073946,0.00445472314766416,-1.443754896359787,497.45601999999997,251.33327,1.5209356288697518,1.6992295826573434,1.1172264955881708,1.8634510966427453,0.12244897959183673,1365363.5368911617,0.9281682287789543,0.7315066114913752,0.625,0.5972002499677486,0.9108853393123104,0.9979024398741406,0.0009712962195487588,0.404341318832218,0.007695846480586648,0.028749198034117268,-2,50,0,2022-07-12 00:08:53.480
N73,-6.591949208711867e-19,0.03185954540479195,0.03185954540479195,0.0849362973533994,-0.4270927043482353,0.137965,0.076443,2.39937510183376,3.0275174855640135,1.2617941576747151,3.614828794270558,0.3673469387755102,0.050751531669999995,0.33034077845994436,-0.19642737988022482,0.9375,1.7741082806623494,2.2871758453544584,0.3805731673658427,0.21493015146402722,-3.999999999962367e-08,0.05140715209499938,0.05140715209501495,0.29447670682616256,-0.41452112193107027,0.213567,0.120363,2.3413668156044736,2.870594643788976,1.2260337101633823,3.338024288011595,0.5510204081632653,0.132134764326,-0.13584421535854732,-0.4503357547734273,2.8125,2.5413671754127494,2.2820995951500285,0.1033035284723202,0.32147892855789895,-0.008139760000000535,81.29411232578408,81.29411273329019,0.010294056221911013,-1.5412242898212267,220.76491,110.95907,1.3649090477687436,1.5151779029583998,1.1100944091734941,1.6638995033118638,0.12244897959183673,330436.63825464476,0.9264392608893536,0.7284093620853199,0.625,0.6055054354797246,0.9217244372151742,0.9952878379420148,0.0012537410655217053,0.0716887839971084,-0.0014401950754378433,-0.023677688999718522,9,50,0,2022-07-12 00:09:00.084
N74,-3.999999999948489e-08,0.08227932227551707,0.0822793222755268,0.31651844157502623,-0.40067282944929783,0.361795,0.205741,2.500518894784282,3.0723386335670853,1.2286804310799395,3.555658013153676,0.4897959183673469,0.338494343706,0.34652308431579437,0.12952721415699825,3.75,2.783413506612057,2.0446926189043992,0.15664244008665715,0.6657645199165844,-8.000000000230045e-08,0.09033303587743301,0.09033303587746845,0.020955413322231616,-1.0530481184339768,0.31430400000000003,0.170168,1.8837848008432163,2.226425284805755,1.1818893983055636,2.5621476551166844,0.40816326530612246,0.408002868542,0.26424460852115034,-0.41925766551282206,1.875,1.924768261731145,1.7818100167264408,0.07572429378471107,0.1172464228976849,0.0657397199999994,101.51025825785958,101.51027954492162,-0.0019320038853091366,-1.4351770411010603,304.18769,154.37736,1.5208051902929,1.695255853047462,1.1147094077979596,1.8455537604199743,0.12244897959183673,515216.84266440663,0.9279322069270086,0.7304539069489607,0.625,0.6008709757063685,0.912002662263919,0.9972023809190637,0.0008063799088750374,0.19340967515002083,0.06220951988121196,0.10090449946585991,10,50,0,2022-07-12 00:09:06.833
N75,4.000000000004e-08,0.07820858676768427,0.07820858676769452,-0.2645373156971066,-0.24391983177917176,0.353382,0.180725,2.310807642347678,2.9382624280900003,1.2715305135068948,3.540195165254704,0.42857142857142855,0.30582915221000007,0.09862745087691299,-0.39075843461648124,1.875,2.4051752491605978,1.9875829127583364,0.04519572207582396,0.3983584767302662,2.498001805406602e-18,0.16812127000995442,0.16812127000995442,0.15637206229348055,-1.2869443605943796,0.550565,0.281671,1.6754037129467458,1.9086137280927267,1.1391963103243963,2.1191191822877378,0.3469387755102041,1.4132380714879997,0.36898533625581026,-0.6045524164869619,1.875,1.9078106502352064,1.1851616087718317,0.0034313620482238553,0.06813756865174049,0.5611562999999989,178.05342272353084,178.0543069963695,-0.0002512987298394678,-1.451208267375286,520.45137,260.68643,1.4640838202544313,1.6383862105788345,1.119052193537739,1.80203353257626,0.12244897959183673,1585166.8119978698,0.9267726917135314,0.7117837793121085,0.625,0.5936520988948998,0.9015907426303755,0.9992156825169064,0.00015999850912973412,0.39779552061502627,-0.00832023154089374,0.025068682400683488,-2,50,0,2022-07-12 00:09:13.436
N76,3.999999999920734e-08,0.09607042585873345,0.09607042585874179,0.005485573925329494,-1.176557474385627,0.338599,0.173968,1.810838230859888,2.058689599480452,1.1368710713065024,2.2667188282272437,0.7142857142857143,0.4614763362340001,-0.4965995109951063,-0.2392961824401368,3.4375,3.33797883299145,1.3984869138352007,0.014283130223731946,0.878263382067636,3.999999999927673e-08,0.10110509365644442,0.10110509365645234,0.47107952959115706,-1.1228409979155018,0.331186,0.197544,1.9538481480590875,2.2361875144612315,1.1445042526373475,2.472469239275091,0.3469387755102041,0.511111998164,0.3239734617265232,-0.5842208699527631,1.875,1.985642831525907,1.3099614317914006,0.0030287196035683134,0.11539036873992078,1.2224866800000023,106.8200422917475,106.82703734960312,0.0034763221643226974,-1.4333875612608653,324.22249,163.64243,1.5318446908198184,1.7117027107063012,1.1174126991883397,1.878874757096215,0.12244897959183673,570600.7954446749,0.9251717116392133,0.7161093693782266,0.625,0.5931284680281355,0.9337332610420293,0.9965297672015005,0.0010643295568247356,0.10374631849458621,-0.00744367499802836,0.026730499038478996,8,50,0,2022-07-12 00:09:20.084
N77,4.000000000281556e-08,0.08667427480722524,0.08667427480723447,-0.07585199068166332,-0.6956896020813508,0.370877,0.196815,2.2707429677112496,2.7929048594543686,1.2299520021279298,3.344379007954453,0.40816326530612246,0.375621495668,0.20884738597444766,-0.1491519498218069,1.875,2.187647646287432,2.1227076393051045,0.1066090666110436,0.33661312591684506,2.0000000000575113e-08,0.16615168416642545,0.16615168416642667,0.17165346721111152,-1.2632382037968704,0.556594,0.282233,1.6986466397614117,1.9476823426871424,1.146608303985289,2.186537015165576,0.3673469387755102,1.380319107567,0.361595665257475,-0.5856824405435306,1.875,1.8794219534529713,1.1485410562803617,0.0071898100819867755,0.04953555403838707,0.8048201200000017,173.25753694662012,173.25940622152376,0.0005432138153531624,-1.4384955321560355,514.11158,257.21565,1.4845696150610868,1.6642085545975018,1.121004052429716,1.8365756832556788,0.12244897959183673,1500941.0922117494,0.9271497396398526,0.7151128422462698,0.625,0.5906040477143057,0.9168303777218594,0.9988246861840029,0.00018026231493772124,0.4273397965614594,0.05280961830752327,9.939139365488651e-07,-2,50,0,2022-07-12 00:09:28.152
N79,-2.000000000047103e-08,0.05085096736876891,0.05085096736877284,-0.2587370591442577,-0.09175334353261189,0.233775,0.1361,2.6764485916855514,3.320407895398125,1.2406021567957808,3.8235888540547998,0.5510204081632653,0.12929104411700001,-0.07958934103316016,-0.10207427119577371,3.75,2.42628916334411,2.2022412562276714,0.208896831058533,0.5134517194144425,-2.0000000000644503e-08,0.09311770589431205,0.09311770589431421,0.38837219406386125,-1.2119697293090685,0.30966000000000005,0.183125,1.9665969886311563,2.2289982416322958,1.1334290932601208,2.445427719994615,0.3673469387755102,0.433545357551,0.3620803122695293,-0.5871012103641107,1.875,1.91159606123789,1.4130530042693004,0.031613766713840884,0.09455920120636951,0.42056371999999925,104.39819778141495,104.39904488954875,-0.0033833691265557644,-1.4232934590951274,315.57731,158.77511,1.520848300556577,1.7016119412605533,1.118857114570745,1.8619790969226486,0.10204081632653061,544958.0286925008,0.9296464010316475,0.7406313151830941,0.625,0.6046927786553888,0.8982652695083888,0.9969507032249132,0.0006378469817884314,0.022267250630303912,-0.1439450701199352,0.05819282267073632,-1,50,0,2022-07-12 00:09:41.691
N80,-5.551115123125783e-19,0.0921418694203672,0.0921418694203672,0.2042180956384011,0.08760255068162026,0.439541,0.224613,2.43768659582189,3.1054177139586394,1.2739200023830863,3.7468618388381993,0.40816326530612246,0.424506205014,0.3316229386097752,-0.30187675997716085,1.875,1.8798231900317621,2.0217604475504354,0.0961581122487237,0.1718665878976221,-2.220446049250313e-18,0.1586757919672689,0.1586757919672689,0.17668617074025672,-1.182569641553676,0.553506,0.289794,1.8263277366202006,2.105877394413278,1.153066534657362,2.3653781447957183,0.3469387755102041,1.2589003478219998,0.3759169032513939,-0.5974384265239955,1.875,1.8890716810054007,1.2143059675706094,0.005252009304521504,0.06260288500856367,0.5884554600000013,170.62742481476505,170.62843953675105,0.002502447235422424,-1.4530190476321974,503.05313,251.86291,1.4760898633533606,1.6520587678415888,1.1192128669513821,1.826649819993053,0.12244897959183673,1455703.2189373353,0.928440270748768,0.7233594647371786,0.625,0.5924589034177056,0.9078690420294695,0.9991834039710907,9.926865012159181e-05,0.4511082105772559,-0.008139845296018055,-0.011266132193287402,-2,50,0,2022-07-12 00:09:48.366
N81,0.000768857142857144,0.0552157497560474,0.05522110251007826,0.2125591859916943,-0.7762836055687679,0.216086,0.115828,2.097531464151056,2.551400633972271,1.2163825323139605,2.9874546316218717,0.5609756097560976,0.12807354682199998,-0.24179980501116713,-0.28212220759134204,3.4375,2.910699305681813,1.832971502074756,0.02156028337029742,0.6469097122066592,0.001409285714285714,0.05030967433770553,0.05032940907849481,0.6177874622377015,-0.688396811303444,0.18418400000000001,0.110678,2.1990721136301095,2.6307343343588077,1.196292890102696,2.994554310942203,0.4634146341463415,0.106388075564,-0.07459908156681112,-0.47055226801212147,1.875,2.434306273104972,2.140328587940167,0.07211392746381193,0.36053260857487696,14.990813785714284,85.64816561347618,86.95017407062163,-0.26054409495898684,-1.4138315882291368,239.77843000000001,120.69227,1.3880624310420904,1.5482401575586722,1.115396629816087,1.7026106866819901,0.12195121951219512,317533.9763782789,0.9283483044269106,0.7396940140395881,0.625,0.6050294334752429,0.9037948547907368,0.9950294492252058,0.0012184252658024085,0.2735074816180433,-0.08555209079322555,0.08334854774251117,-3,42,0,2022-07-12 00:09:55.827
N82,0.0007045161290322587,0.07563116503300567,0.07563444630078153,-0.4749459218833941,0.5074900896770465,0.36714199999999997,0.207314,2.7409997711301792,3.566183831151103,1.3010522177755166,4.287074764282497,0.3333333333333333,0.177337653484,0.16532449786798592,-0.020198718715384485,3.5483870967741935,2.6202618696802045,1.8694611453850767,0.13361013683285514,0.5947259996997221,0.009174677419354842,0.10378420019984616,0.10418893855333669,0.3803166859300422,-1.3009607772673126,0.32019600000000004,0.194249,1.8643917741858893,2.128552244751807,1.141687210930367,2.351518994605921,0.36666666666666664,0.336515382423,0.3608071055796842,-0.6168908171737678,1.935483870967742,1.8908302590471089,1.2685954016206185,0.014541885923622943,0.07530725694852267,-9.829107774193549,110.37819661133126,110.8149703190251,0.13644158536178488,-1.344421104796476,334.53195,167.69209,1.5132620576193943,1.7042791997526616,1.1262287263276582,1.87623549250705,0.13333333333333333,380678.68705099873,0.920375259640491,0.6935251999654227,0.6451612903225806,0.5855968927647924,0.9492510315621457,0.9975277076822945,0.0004565627739366296,0.2953908040079449,0.018103328769760434,0.07504910291757108,4,31,0,2022-07-12 00:10:03.867
N83,-0.01899475,0.08876219392673605,0.09077184364245335,-0.42116919820517845,-0.9084442890894651,0.289781,0.173773,1.9143931975699964,2.4342344645480543,1.2715436241822786,2.9312328082712966,0.3333333333333333,0.13183244157199997,0.3092864840349613,-0.5565428951358731,1.875,1.914022866183818,1.4785638470395914,0.03334934174522533,0.12104629709064975,0.0011888124999999972,0.17710290853209423,0.17710689847006947,0.19951379158153454,-1.3001360339859134,0.554199,0.282336,1.5941558597601093,1.822550705014643,1.1432700848265256,2.032221111178582,0.4,0.501869655771,0.30582136648056124,-0.6360298756910211,1.875,1.9523759684303783,1.1885355454745719,0.006196547241135127,0.07943101721237897,1.7172246249999965,179.864773379851,179.87297063038088,-0.01901442056624774,-1.513767380260577,511.4085,258.21152,1.4355215188534147,1.5810795919551264,1.1013973466715932,1.7091105219435685,0.06666666666666667,517668.5690143658,0.9420236863056609,0.8055859737194333,0.625,0.7339179829175164,0.49053374021038576,0.8244655569056568,0.00022556872443016323,0.4227109139619792,-0.0295400804788454,-0.03251022474474634,-2,16,0,2022-07-12 00:10:11.896
N85,-5.999999999811712e-08,0.07889496039150029,0.0788949603915231,-0.10393062436968808,-0.780976608047145,0.322876,0.165658,2.0997285400475234,2.516400243409902,1.1984407486088406,2.8679865880159077,0.3469387755102041,0.311220738759,0.34115710436918345,-0.4390140258426653,1.875,1.983062957794246,1.862931089302594,0.06948405304029492,0.19975924289693098,-4.000000000004e-08,0.1889753670888309,0.18897536708883517,-0.0019013263425840376,-1.457121006127203,0.5542659999999999,0.281695,1.490644015352426,1.6583982732099807,1.1125381084483092,1.7976722233966802,0.3469387755102041,1.785584468318,0.43673504520888723,-0.5999376855692351,1.875,1.821148943530394,1.046916291123624,0.00463605415652636,0.024007345226057148,0.6616472600000008,171.666794069807,171.66806914304766,0.002809530233907289,-1.4472133376160607,501.27,250.64257,1.4600418776257362,1.636777143187713,1.121048079695753,1.8104800795867073,0.12244897959183673,1473496.2981651095,0.9312997479719923,0.740417085891064,0.625,0.596087069293105,0.8947239216029422,0.9991967656411103,7.782719781215351e-05,0.45311482581045115,0.03799136314994148,-0.0033052759993765553,-2,50,0,2022-07-12 00:10:28.656
N86,0.0012216956521739126,0.07462990670137006,0.07463990564384268,-0.013349637833449965,-0.9661841575847911,0.283605,0.144646,1.9379177767212568,2.3144921779069607,1.1943190808759836,2.690834483821651,0.6444444444444445,0.256271313668,-0.338983339200506,-0.24218711007903454,3.4375,3.1496905319800623,1.6493021703788806,0.01613360467645279,0.775859167297113,-0.003463695652173915,0.09510852336030108,0.09517157350463333,0.456730521407024,-1.2754484957715648,0.281765,0.163404,1.716941246033353,1.9234241864849773,1.1202620887165833,2.104127044904098,0.35555555555555557,0.416650906554,0.36382519299853255,-0.607290178796877,1.875,1.9154284447622398,1.3231535287199776,0.015529283708355603,0.08041580289680123,-7.9547202826086965,108.08750518156477,108.37982446539272,0.13681216797416862,-1.4228825673392282,324.59883,163.43071,1.5079440366890966,1.6807420873798635,1.1145918193822162,1.833778199164055,0.1111111111111111,540324.5721528695,0.9293268343368578,0.7307875567116834,0.625,0.6016099975426559,0.8942361613326644,0.9971414303886587,0.0007283877864993683,-0.008128450326411019,0.044575988505617156,-0.0949229121857998,-1,46,0,2022-07-12 00:10:35.872
N87,0.014441606060606061,0.07059835053654707,0.07206030172078737,0.17569902954371397,-0.6511356031811992,0.281709,0.161168,2.236571262558391,2.759756099459365,1.233922721649615,3.2094215094758565,0.65625,0.17135867377500003,-0.12848673590382761,0.012946088822363654,3.4375,3.0291524678624167,1.7080332596619874,0.04645192179481552,0.738284687094742,0.0031935454545454554,0.041677441165048935,0.04179961524507569,0.6367752284086806,0.06515249449154226,0.167097,0.105203,2.5168413484952765,3.2324372287641085,1.2843229990228267,3.854772591996444,0.53125,0.057657858543000005,-0.1536848892514349,-0.45297156178752723,2.8125,2.7234144893535857,2.103329489855515,0.060786120927533875,0.3310000134790654,0.9041230303030304,82.38196786207878,82.38692898319798,-0.011901570053580376,-1.5719832400416398,221.63060000000002,111.7766,1.3567273520147325,1.4969663661001955,1.103365656981271,1.6320622089512238,0.125,223991.00022032272,0.930034657447056,0.7473503559336634,0.625,0.6073290971519606,0.911215473130709,0.9949358979682876,0.0010266695327748089,0.5830027280175899,-0.15869682226778536,0.044632375676045354,0,33,0,2022-07-12 00:10:43.851
N88,-0.07315556521739132,0.07869149787610398,0.10744342027439777,0.6690673254578738,-0.2637765984589393,0.316086,0.205389,1.9116014687121912,2.1672305015882802,1.133725066160522,2.423021857995265,0.2727272727272727,0.26551403688599995,0.16667201380643126,-0.32626989421739183,3.0434782608695645,2.2052282955393196,1.98672476673303,0.11447316940196695,0.37379859023810325,-0.027880478260869562,0.18435090463189313,0.18644725019868805,0.2377245555350732,-1.1727953383649612,0.640301,0.334462,1.793869309649671,2.0201759552971335,1.1261555925117304,2.2130647756017483,0.36363636363636365,0.799539273453,0.39500848503933067,-0.6184280178884669,1.7391304347826084,1.8239077269378081,1.016521470860401,0.007119969872109742,0.020002602509785947,24.32096343478262,177.8769676924433,179.53196065841462,-0.15274576544549623,-1.3546591797699246,538.59324,271.71973,1.5134894589436692,1.7089874405041257,1.1291703621754348,1.8879048866959163,0.13636363636363635,741329.6726506543,0.9231453568726147,0.6990601668505575,0.4347826086956521,0.5964914316781746,0.8229708430809641,0.9911845360976327,8.783678810501941e-05,0.4072117727194088,0.21816179394472648,0.144047887946816,1,23,0,2022-07-12 00:10:51.896
N90,5.999999999860284e-08,0.08812093450013112,0.08812093450015156,0.08406997866270229,-0.36430383097729147,0.38971199999999995,0.199783,2.2671457257373544,2.8253430227180862,1.2462114766792005,3.3222269056113243,0.3877551020408163,0.388264954859,0.28924535854741573,-0.4326136349835832,1.875,2.170614374395489,1.9451748612432758,0.03536424557703732,0.2746991584252549,-2.0000000000575113e-08,0.188121006251454,0.1881210062514551,0.03666988313164265,-1.3176455659799773,0.627086,0.314021,1.6692500548304456,1.922868492796033,1.1519355576665526,2.1942640796431645,0.3673469387755102,1.769475649653,0.39136595561876003,-0.6193863450350623,1.875,1.8537476049106787,1.1315067163141317,0.0040015690568009415,0.04397483340880785,0.10305224000000238,171.78677668470948,171.78680759443205,0.0032025745598375445,-1.4630984024381903,499.28064,250.01732,1.4553930159192479,1.627716287865583,1.1184032560699717,1.8052354273298026,0.12244897959183673,1475535.363174321,0.9287266220274351,0.7230025140138647,0.625,0.5962389302609935,0.8874697619818032,0.9994688001799256,5.384541164790063e-05,0.4645925127847898,-0.0031560382816716507,-0.020777814103798493,-2,50,0,2022-07-12 00:11:09.294
N91,-0.0016054693877551004,0.07697439331099662,0.07699113427889616,-0.012064260388498872,-0.5182074342666625,0.333264,0.185331,2.407173263984508,2.9207818539586397,1.2133658584774965,3.3740659053708697,0.6875,0.29045410312,-0.4057596891462496,-0.287320842090855,3.4375,3.181542087186476,1.7442595027490102,0.009688139875019135,0.8032436563622355,0.0020771428571428542,0.12590999519206292,0.12592712738609693,0.5997868614970012,-1.037523934791376,0.40552699999999997,0.250492,1.9891821976688377,2.2771366288507737,1.14476020925554,2.514911319026463,0.375,0.777024429174,0.2642135140951162,-0.5713913673022286,1.875,2.07192957117128,1.3823086126800754,0.0032634919569367537,0.15239501347840567,-3.852336204081631,128.56552243091377,128.62322516623144,0.03184648721883013,-1.4106928062660857,390.95966,195.54462,1.5202901322625055,1.7048991437708783,1.1214301188902913,1.8727967617896037,0.125,810652.7685559905,0.9234258535068045,0.7046106652068677,0.625,0.5887313477655108,0.9249486835286298,0.9982996314117699,0.0003881185079060232,0.38068695287233806,0.031167426202267978,0.03631216639374739,4,49,0,2022-07-12 00:11:16.040
N92,-0.02121272222222222,0.04632507851442115,0.050950883048720995,0.0928222792904064,-0.8879473449356996,0.184865,0.104048,2.0421235859740783,2.47670760429574,1.2128098521100856,2.8581867999858868,0.2857142857142857,0.09345572940399999,0.3493872338548486,-0.10373775415382783,1.5625,1.8574504989963985,1.8933906502323974,0.08882891013533865,0.1450485601868626,-0.010071083333333335,0.05718030025978013,0.05806042935860495,0.9324399174978992,0.5272019913114394,0.24418600000000001,0.157258,2.7085228569136186,3.3648771296876907,1.2423292353242286,3.949081181473098,0.37142857142857144,0.12135648446299999,0.13494580497834202,-0.320476517917777,2.8125,2.4346165293190865,2.2564638748744836,0.107539332707441,0.25937250717079596,-5.837185999999999,81.50671077204107,81.71546145788905,0.14022080292159061,-1.5676897450454432,219.79012999999998,110.26086,1.3493267740624757,1.4816609161812573,1.0980741986763944,1.6163412091064708,0.11428571428571428,240386.99908592706,0.928472409785178,0.7265971883751161,0.625,0.5969932095441128,0.9373705901372761,0.995467079468151,0.000980125663333906,-0.2058394004685139,-0.028234381160283633,-0.22796863407601958,20,36,0,2022-07-12 00:11:24.056
N93,-0.016344260869565218,0.07458291645761281,0.07635277526518372,-0.2179693924029867,-0.23378008250982374,0.313612,0.179414,2.349803257011555,3.091574240839578,1.3156736554920758,3.854913655047859,0.36363636363636365,0.13408416468599998,0.3255931933044896,-0.42414972924445354,1.7391304347826084,1.8337737388289068,1.5959083582770965,0.06644183227335808,0.15819525967772835,-0.010415217391304346,0.18107426942338775,0.18137355871383715,0.14420742825312313,-1.4548080281725835,0.528551,0.267778,1.4763894026167719,1.6244765002070527,1.100303549543101,1.73767251151191,0.36363636363636365,0.756616459412,0.4090034641487809,-0.6180029482244436,1.7391304347826084,1.865953977719034,1.0568200392735765,0.003462365307615504,0.04507461542777638,32.766376869565214,169.03097614139574,172.1775431015075,-0.24216376933287018,-1.3228620185114643,498.83538,252.1328,1.4643768023298762,1.6528531923173302,1.128707576962146,1.8312134562055389,0.13636363636363635,681837.4460148439,0.9275935151519094,0.7182532069489306,0.4347826086956521,0.5662728905913166,0.9040583103211878,0.9920233461957534,5.7627414720167464e-05,0.4674481111765245,0.062086100266559564,0.10566970134914341,-2,23,0,2022-07-12 00:11:32.266
N95,5.999999999992123e-08,0.0918784534396199,0.09187845343963948,-0.07261897386506488,-0.1734573723997408,0.399532,0.200536,2.1826227204808606,2.75235527749329,1.2610311675335761,3.271398259378126,0.5102040816326531,0.422082510323,0.17944444081843752,-0.3006101361589845,1.25,1.9716100994183574,2.1587568721316384,0.087162318998853,0.22803985112910524,4.000000000226045e-08,0.155151497484228,0.15515149748423315,0.10507863112982437,-0.9988934438695676,0.621501,0.326904,2.1069986774263696,2.411240299099303,1.1443957345263047,2.6375207445069697,0.3469387755102041,1.2035993585800002,0.3623992551811166,-0.5796871542459608,1.875,2.00750774168123,1.5273827713871544,0.02169119160374859,0.12170588526199098,-0.0581941400000008,148.4012933262694,148.40130473640514,-0.005161680117612367,-1.4349136202481152,446.51977999999997,223.84205,1.5083563476587687,1.6908930393867172,1.1210169546548314,1.8603715071270226,0.12244897959183673,1101147.362373369,0.9302624653135199,0.7377197572086154,0.625,0.602160970085059,0.8800416777619109,0.9989026835504909,0.00013098158881021097,0.3742670679166708,0.014967511303666326,0.0032166605966238264,-2,50,0,2022-07-12 00:11:49.526
N96,1.999999999613422e-08,0.07959213396724328,0.07959213396724578,-0.3659385360011768,-0.6053335933226744,0.333423,0.174688,2.1947897523628233,2.65444958554616,1.2094322851145471,3.066283425290741,0.5102040816326531,0.31674538947299996,-0.06117137058089781,-0.3513538077370818,1.875,2.4596703662339965,2.166768578858518,0.07209005118169853,0.45525481558448794,6.000000000172533e-08,0.13787420609329507,0.1378742060933081,0.2734557492311588,-1.367070641044497,0.441109,0.246369,1.7869114679308955,2.0041448066188052,1.1215691670161192,2.2077543325164717,0.3673469387755102,0.950464835293,0.3706099803105688,-0.6393830186859634,1.875,1.8471305531367594,1.107424247409595,0.0034226996879746755,0.0341152411228658,1.01719396,143.62997011613993,143.63357197784754,0.010531770546796331,-1.4259815180617206,440.97882000000004,223.58778,1.5566540393111141,1.74224848901608,1.1192265236963632,1.9158195298080425,0.12244897959183673,1031530.1499557756,0.9290914586554165,0.736753515467763,0.625,0.6020571202720315,0.8906551975859058,0.9976825251609774,0.0009339403645849026,0.2944076533857412,-0.005394533202486803,0.031482000452228216,-2,50,0,2022-07-12 00:11:56.244
N97,-0.008208447368421055,0.03219114428951358,0.03322120375405475,-0.2859339204216251,-1.0234119338165764,0.118869,0.067391,2.0285538266136647,2.4955373108875194,1.2302051235452827,2.9326928486156203,0.35135135135135137,0.04193863839700001,0.21558293147627633,-0.13322356293716958,1.25,1.6654896679511433,2.0692781821721,0.25927802764697894,0.16422242745904694,-0.0010098157894736829,0.045190133423508354,0.04520141465444591,0.30118403827985535,-0.54269409432312,0.181811,0.107026,2.3677577531187546,2.972507694410397,1.2554103942834016,3.6648056625833387,0.5135135135135135,0.07764037969699998,-0.11332112140836713,-0.42147932830731716,3.75,2.5749094081352464,2.133284128079706,0.10786017772648299,0.42329208575787547,-10.37848755263158,81.98442992221484,82.63873034812843,0.20889153127699858,-1.5308378341598934,219.45013999999998,109.74277,1.327982285517839,1.4592440141776477,1.0988429816355751,1.5810870094845906,0.10810810810810811,259508.070634926,0.9290797010762429,0.7380654237756054,0.625,0.6079362100416202,0.903258173749751,0.9950802712485567,0.0011414471572412609,0.036906173087163874,0.044287955985226356,-0.09392884769586363,9,38,0,2022-07-12 00:12:04.143
N98,-0.008468400000000001,0.07346102339118345,0.07394752028459102,0.3792647745769506,-0.1599769845891328,0.310353,0.158395,2.1419920423350005,2.695912567978628,1.258600645892127,3.193798534124058,0.5,0.13670589390600002,0.13215326761198568,-0.23130359289864227,1.6,2.199625640422784,2.0144914631818573,0.06255393310717366,0.319920268682989,-0.00017684000000000032,0.1567212839573949,0.15672138372806693,0.22145119519585305,-1.2533299990474298,0.522636,0.292293,1.865048617150857,2.1534802931573536,1.1546510226886844,2.453396457553147,0.375,0.614039802941,0.33752035360432514,-0.6401180866924424,1.6,1.814368441631605,1.0721451591749265,0.0041164047777752085,0.017485458949472735,-16.216670759999996,144.24464233654558,145.15335770603517,0.11830191721891055,-1.425096109825442,425.35131,213.73966,1.4725092369744965,1.651319739322718,1.1214325165902632,1.8244707614991684,0.125,526737.431333405,0.9301061666955914,0.7164721829560556,0.4,0.5940613701182922,0.8567203830093234,0.9793953756541859,8.391205996061725e-05,0.49662846194385313,-0.056446929362203496,-0.03320784434167214,0,25,0,2022-07-12 00:12:12.164
N99,0.01765783333333333,0.06622131334879193,0.06853511085324562,0.3111890876159023,0.9934722319085267,0.329052,0.196527,2.8675374936041713,3.8990422371277367,1.3597179621275257,4.855720439628261,0.17391304347826086,0.112729474072,0.3799113310557418,0.23581633543833339,0.41666666666666663,1.9302799081188127,2.0687284337032525,0.38160851759047926,0.3351442761145485,0.011453208333333333,0.048139750089348524,0.049483446927145916,0.5978278126335498,-0.42189607256121997,0.175511,0.112922,2.282015643862768,2.9268020851669982,1.2825512800660737,3.510022348977786,0.6086956521739131,0.058766676475,-0.0759595065080312,-0.29423096845962793,3.333333333333333,2.5322655052659573,2.086106121939617,0.18341024735002368,0.43033970488781015,-10.92410175,78.9695815374755,79.72158307038531,0.15875225694011955,-1.504967704469876,217.05142,108.80448,1.3648058130498704,1.5162220139466638,1.1109434026797047,1.6721317372144735,0.13043478260869565,152532.73937396027,0.9228717695895656,0.7013663453882089,0.41666666666666663,0.5705953131889878,0.9567965077788974,0.9829742410843736,0.0005865858208013199,0.25929073104763856,0.020460484333162537,-0.15556091486496598,-2,24,0,2022-07-12 00:12:20.177
N101,5.999999999894978e-08,0.06975845018531017,0.06975845018533597,0.11928931719671962,0.0773593860435624,0.34174499999999997,0.181551,2.6025664205218266,3.3087443316081666,1.2713390542189305,3.953083802848154,0.40816326530612246,0.243312068613,0.09365796175983959,-0.10117327759891288,1.25,2.175089642451287,1.7860693588277874,0.0806441779978094,0.37685272061903435,2.0000000001685338e-08,0.06096860921277113,0.0609686092127744,0.3176917901400177,-0.6563819778278166,0.270628,0.151614,2.4867551016438996,3.0219533809067656,1.2152195360568745,3.5618935084140815,0.3877551020408163,0.185858565467,0.3227539133146328,-0.3171134174101284,1.875,1.978364921190477,2.0448885837790516,0.1224330614893425,0.18168587906864098,0.4558919400000008,91.10159229485572,91.10273297831998,-0.0011474869386004845,-1.4738094826167942,264.25651,132.8515,1.4582603140085282,1.6215896678131816,1.112002879208642,1.7682680453989172,0.12244897959183673,414985.3978059535,0.9240102772776418,0.703840256898444,0.625,0.5967247499365116,0.9304610738268939,0.9963016141201159,0.0007458059563077062,0.07943720612390368,0.09394976339617282,0.059103342082649245,2,50,0,2022-07-12 00:12:38.192
N102,-5.551115123125783e-19,0.07218383736543799,0.07218383736543799,0.012864918677543167,-0.7760036893696283,0.27049100000000004,0.1406,1.9478044550083735,2.3605163184541333,1.2118856758873087,2.739267265265608,0.42857142857142855,0.26052531884,0.32103568868777854,-0.4477067267760584,1.875,2.1473755985779555,1.8769528035308154,0.028796927333397736,0.2554212872194318,-3.9999999998652226e-08,0.18200642633082603,0.18200642633083042,0.08161052003868084,-1.3500882685746862,0.598408,0.305678,1.6794901485751583,1.9002125755508523,1.131422281436393,2.1125639827335507,0.3469387755102041,1.656316961286,0.40984238684686014,-0.6157598195781955,1.875,1.8453384473607424,1.0672211624456205,0.002342601620876152,0.03425107867248988,0.5020853599999998,172.43037172560406,172.43110271392084,0.0012940417001634354,-1.463418179123094,500.64725,252.26727,1.4630032867013254,1.6357244412656344,1.118059307271789,1.8081778403231157,0.12244897959183673,1486624.259156936,0.928121096921409,0.7186497156012585,0.625,0.5955031714753677,0.8931468230584731,0.9995360056039415,5.59313586100292e-05,0.5545053172227571,0.031075895378478657,0.011107850385361136,-2,50,0,2022-07-12 00:12:44.747
N103,0.0017487999999999983,0.0821707422309317,0.08218934955468514,0.05600410716076162,-1.1795171321167819,0.287839,0.151202,1.8396787517997926,2.122092297942309,1.153512424854734,2.408501651954203,0.7045454545454546,0.30397901311000003,-0.5250102576105596,-0.21565994497605537,3.4375,3.4560502511094477,1.1737281116298093,0.004537890447280735,0.9366312676822228,-0.001368711111111111,0.08896504610853816,0.08897557417179167,0.5597531497946613,-1.1650736821483287,0.277678,0.15991,1.7972348196511778,2.012047202351394,1.119523826464651,2.161887972280162,0.36363636363636365,0.35624937596399997,0.28221956297625467,-0.5928666187934623,1.875,2.0268356583379195,1.2738352331776468,0.0012048316446064194,0.12617415582226,1.4079147999999995,105.33833045498527,105.3477388799956,-0.016845835127531704,-1.487814957990706,303.93151,153.19802,1.4542127019404938,1.6141863783376653,1.110007068555861,1.757920096598343,0.11363636363636363,499416.57392074814,0.9350848359700015,0.7459574511626897,0.625,0.5971396199988351,0.913360972649819,0.9966697475359986,0.0009405964477065542,0.12751656518716636,-0.05028253525167819,0.07164571817293838,-3,45,0,2022-07-12 00:12:52.064
N104,-0.001599029411764708,0.07539858086450625,0.07541553481505767,-0.25523468479826117,-0.9813843723155173,0.275271,0.148078,1.9634946614531512,2.311930616164061,1.1774570420543125,2.6457885111414017,0.5454545454545454,0.193375098309,-0.0556465850872151,0.04541913017174833,3.4375,2.055221327292538,1.9679265274619857,0.30872848021188504,0.3933274092350318,-0.00014870588235294172,0.0724271731849349,0.07242732584460095,0.5718186326807736,-0.7085698194325514,0.27121799999999996,0.159711,2.2051207626065565,2.6128689536637215,1.1849096874745253,2.92050136182186,0.36363636363636365,0.178354395986,0.34299350863720124,-0.40748055834255226,1.875,1.8782440813169725,1.9668972888654976,0.14588432607062826,0.13104837773992414,-0.9683825000000015,90.8230608953922,90.82822333985415,0.03800615810579899,-1.468004253385479,263.97387,133.48796,1.4696748994035134,1.6379798992673051,1.1145185237443334,1.8140395232787618,0.12121212121212122,280492.04927253054,0.9265858116864526,0.7325684109326699,0.625,0.6038608468970206,0.9127349680920008,0.9961336533108347,0.0009406406475658048,0.07460933577441144,-0.012227224870111453,0.09038027111423982,14,34,0,2022-07-12 00:13:00.089
N105,-0.005597029411764705,0.03424045858551246,0.03469489504786479,-0.15906884440219113,-0.2659334658052841,0.157379,0.093979,2.708727029447627,3.319781111460895,1.2255871763268356,3.871988226794841,0.45454545454545453,0.040927015241,0.2659214250560678,0.027124800164572704,3.4375,2.5349198736818512,2.1631264768677525,0.16773120430771116,0.5071157857332195,-0.004234205882352941,0.052880455638321014,0.053049703938576206,0.1384817636853472,-0.5420189051578883,0.221298,0.117955,2.223480834814359,2.6800304993160378,1.2053310545129103,3.089268128027392,0.48484848484848486,0.095685216991,-0.21593820124633098,-0.4887974403190104,2.8125,2.907223113589301,2.034683000626855,0.03841095088764488,0.4822541879082138,-2.574388294117647,82.26876374526589,82.30903330293258,0.04456170403211998,-1.568432706909132,221.58506,111.403,1.353472341121893,1.4949379817153596,1.104520525684482,1.6378180639832818,0.12121212121212122,230342.416750951,0.9249237001819112,0.7051700890260484,0.625,0.6069119629270098,0.9263933794280982,0.9955330795109468,0.0009844634734680236,0.11891330411839061,-0.28500570227700106,0.05310121959221089,5,34,0,2022-07-12 00:13:07.971
N106,-0.005322045454545456,0.0595310235610409,0.05976844430002721,-0.05403811035813997,-1.0182438416623436,0.201305,0.111959,1.8732125507230082,2.2099821180709776,1.179781823060061,2.521765530727889,0.5238095238095238,0.07858987254900002,0.10137909679667553,0.2557247377263993,3.6363636363636362,2.8988228338449296,1.6035935455726806,0.21003730389012262,0.7175228685008357,0.007420727272727271,0.07186484920838422,0.07224696356941239,0.531747263128491,-1.1869925920781732,0.212556,0.131021,1.8135156624834419,2.1334376443281267,1.1764098256568578,2.4139343044635497,0.38095238095238093,0.11483172239000002,0.28197303734715756,-0.5886498441622318,1.8181818181818181,1.9176763342099767,1.344949195576512,0.019934702220548547,0.10104314520074634,21.089127909090905,100.66287800190584,102.84826845208711,-0.2764753548350831,-1.279671487488018,302.68911,151.95157,1.477434402026789,1.6648608043183803,1.126859373271987,1.8288365498398762,0.14285714285714285,232710.8591190367,0.925489771807077,0.7189692026916995,0.45454545454545453,0.5305792010259471,1.0022751666255494,0.9916464923975822,0.0006173186389936391,0.05847801477130958,0.02993321754139115,0.10678295919285823,-1,22,0,2022-07-12 00:13:15.873
N108,-2.000000000002e-08,0.0722077139725362,0.07220771397253897,0.3377273670241673,-0.28188426191184845,0.311012,0.176041,2.4379805191859343,3.024760489608416,1.2406827970136585,3.5215472372206356,0.4489795918367347,0.26069769785700003,0.11240077444831022,0.22929853046222987,3.4375,2.826828329524341,1.8959847311072027,0.16255322050661836,0.7076886648524778,1.9999999999117945e-08,0.08275108166168949,0.0827510816616919,0.27664138345635425,-1.0593035386561245,0.307026,0.169944,2.053677082974886,2.3698158882974796,1.1539379330584172,2.622460978124118,0.3469387755102041,0.342387075809,0.4431110660720638,-0.4150555990853635,1.875,1.758565084651,1.5957291810346192,0.10307484883210943,0.049389573044883395,0.4687880399999983,102.85194851628944,102.85301685329362,0.00409655604572775,-1.4345379398666287,309.83547999999996,155.68211,1.5136367873589955,1.6894326546757739,1.1161413813306613,1.8474218198186971,0.12244897959183673,528937.1537911951,0.9240062562594338,0.7068061635175629,0.625,0.5983656113634007,0.922952201811706,0.996784456786433,0.0006877870489268653,0.27245268482021134,-0.15996764261405969,-0.02348836542959175,-5,50,0,2022-07-12 00:13:33.336
N109,1.9999999999742446e-08,0.09511370889151365,0.09511370889151576,0.00480606367234236,-0.2926293151642274,0.422455,0.218655,2.2988799674439386,2.903455570908691,1.2629870249976398,3.46147750627723,0.42857142857142855,0.45233088095500007,0.226788508830014,-0.39930759702032437,1.875,2.297587271075822,1.9155070848779552,0.03319040858003498,0.33421361108450726,-7.999999999785956e-08,0.20057952602714366,0.20057952602715962,0.19628106787300206,-1.2047209732480202,0.670172,0.341688,1.7035038758329377,1.9643220143326376,1.1531068653261334,2.206153321049306,0.3673469387755102,2.011607313064,0.3634255605501889,-0.614412270276699,1.875,1.8829723026208012,1.1672482528008525,0.004173231792576686,0.059795145358551134,0.6888915199999991,177.3177130333411,177.31905122377754,0.0028014800913069553,-1.4635596739729118,514.16832,257.40972,1.4516754867763624,1.620539689189822,1.1163236576987636,1.774509625676968,0.12244897959183673,1572102.2963450323,0.9283603972859199,0.7207378538627536,0.625,0.5961585995120202,0.8904898465311111,0.9994568816108285,4.8485245390870256e-05,0.49382032652165914,0.02262261400352164,-0.012784462320923446,-2,50,0,2022-07-12 00:13:39.886
N110,0.00014610810810810796,0.08552534406158901,0.0855254688641485,0.09319434155597596,-1.2630850074939899,0.30473300000000003,0.172397,2.015738730106714,2.2290980850977578,1.1058467309301283,2.3883342251956035,0.7222222222222222,0.27064041550400003,-0.5335758858785457,-0.23787234119759995,3.4375,3.3349549418972844,1.3847687134859932,0.023339628025340182,0.8971359915657104,0.001024648648648649,0.09700091694139364,0.09700632861996338,0.7026671080091148,-0.8253854903169713,0.336761,0.200733,2.0692773642264224,2.434628327768341,1.1765596869023407,2.7346071339853104,0.3611111111111111,0.348178428316,0.20298336640356063,-0.5813016044131476,1.875,2.176120261831977,1.4674311177926982,0.0007975192760627942,0.21209427167476758,-9.195145486486487,103.01359790393748,103.42316981040449,0.17422317906790774,-1.4228056825802438,303.49127,153.88717,1.4879370868452997,1.650693922733614,1.1093842188135714,1.801070229164286,0.1111111111111111,395765.02598437516,0.9289946496264788,0.7296017021953529,0.625,0.5933353925425224,0.9332890722538039,0.9968128043719132,0.0009816930588276743,0.21599541566236363,-0.01855485337791315,-0.05361611245874078,8,37,0,2022-07-12 00:13:47.957
N111,0.02756986956521739,0.05911041223536814,0.06522375750045578,-0.5753126775406018,0.10946229163433507,0.25094099999999997,0.127468,1.9543185625131956,2.42027115493046,1.2384220266618475,2.8778938035513346,0.45454545454545453,0.09784518647700001,-0.0336915988620052,-0.07981537430726149,3.478260869565217,2.702734843851835,1.7671059549331658,0.07113116037875111,0.5796841783708548,0.005394956521739131,0.0519859199227589,0.05226510715656246,0.08716620210911018,-0.13027061365507642,0.22948400000000002,0.124641,2.3847841663584908,2.951303755193813,1.2375559167269985,3.384790317816791,0.5,0.06282775280000001,0.22482122277429928,-0.09635434868091258,2.6086956521739126,2.863499737745699,1.6805225488336244,0.04497377727193536,0.44260467998995884,-22.83196104347826,80.44065942977103,83.618168687118,0.477621939659938,-1.3400982178839633,220.11652,110.31176,1.3192319531986396,1.4400233310558883,1.0915618952105997,1.5631167325818092,0.09090909090909091,160815.95709550838,0.9366056930837297,0.7642140158342144,0.4347826086956521,0.500853716362579,1.0259322323639544,0.9924976668752957,0.0007804739150919331,0.40990997633828274,0.027375740780477956,0.17392913575162908,3,23,0,2022-07-12 00:13:55.976
N113,-4.163336342344337e-19,0.06093545107767727,0.06093545107767727,-0.19871882334329766,-0.5292567246732602,0.28153799999999995,0.143729,2.358709051267741,2.7689522256574017,1.1739269937380223,3.0749973883079798,0.3673469387755102,0.185656459902,0.36236275330129813,0.3258825545787016,3.4375,2.2992294663144515,2.085855374650654,0.22748583685633206,0.4888337371716468,-1.9999999999187335e-08,0.04378944201128395,0.043789442011288524,-0.6912156198640182,0.044045680568758794,0.183129,0.112031,2.5584020908765956,3.2491193552746753,1.2699799483674656,3.8574149858545437,0.3877551020408163,0.09587576158300001,0.2647202193367176,-0.20640309945526142,2.8125,2.085584768922355,2.3671244716689777,0.22369409774475735,0.19747583156684442,0.8609961999999999,82.64532357164597,82.6498083646809,-0.0029592146825453995,-1.5475524948002495,222.80482,112.07332,1.3560021761392587,1.5039167568594578,1.1090813741474472,1.6513124322014259,0.12244897959183673,341549.5411359238,0.9233289186926406,0.706530302611601,0.625,0.6015299724546692,0.9339103358150512,0.995406542944851,0.001286966333113112,0.2671597318332124,-0.016166773093505758,0.0379829136144037,1,50,0,2022-07-12 00:14:13.584
N114,1.9999999998996515e-08,0.07335227240092566,0.07335227240092838,-0.0936559008520271,-0.5382710800766275,0.29763700000000004,0.155012,2.1132542309355653,2.658684598420487,1.2580997399652443,3.231992927500455,0.42857142857142855,0.26902779331899995,0.16257976178785147,-0.5339424728420482,1.875,2.249863870632461,1.8866106674794378,0.02868803919683071,0.31244878753507627,8.000000000341067e-08,0.18292766054950138,0.18292766054951887,0.1463417344032129,-1.4176472693621576,0.5664370000000001,0.299524,1.6373904258121657,1.8345443418243574,1.1204073951479232,2.020585678274805,0.3673469387755102,1.673126449706,0.3825842503894376,-0.6284094856583635,1.875,1.8400214332120273,1.0576641595951974,0.004780795529590154,0.02848153210943039,-0.002031280000001061,169.6904602149345,169.6904602270922,0.002522545672657942,-1.4455470092215978,501.4289,250.86489,1.4783676681899163,1.6556973096280307,1.119949620959469,1.8202999596455538,0.10204081632653061,1439742.614604118,0.9315048045798325,0.7440621496261227,0.625,0.6001737032848752,0.8788619510681838,0.9991399324353822,8.589881489441159e-05,0.5067984343893224,-0.015651334357701017,0.01563735198753429,-2,50,0,2022-07-12 00:14:20.310
N115,2.3325000000000428e-05,0.07506818143107888,0.075068185054822,-0.4783447829664256,-0.10323285230633905,0.332708,0.186497,2.4843680430504875,3.0956954616623484,1.2460695871217329,3.6165428793425534,0.5641025641025641,0.22540929629700004,0.009200394741097179,-0.4444722372607856,1.5625,2.259378286930435,1.871162103116703,0.006630728367110662,0.321927094375829,-0.0023803,0.12666321439139305,0.1266855781375686,0.5326501151907261,-1.2514716794461795,0.38135600000000003,0.228566,1.8041990521746594,1.995068323360872,1.1057916924167273,2.1413824962539976,0.358974358974359,0.641969428322,0.33002260500894165,-0.5910010853335282,1.875,1.9815898210268137,1.255373858612664,0.0035480132605160176,0.1037216161582651,4.726964150000001,138.3749041791798,138.45561850886574,-0.03433206237503311,-1.4138587426149318,427.67042000000004,214.3915,1.5484492598346369,1.7320262911365656,1.118555406408043,1.9008790278959111,0.1282051282051282,766798.3318669028,0.9219782248516366,0.7000623598770771,0.625,0.5944703511027302,0.9235511659914494,0.9978543352276809,0.000885212093594717,0.48930991006449703,-0.02393708568337435,-0.020698107148304175,4,40,0,2022-07-12 00:14:27.908
N116,0.0015434814814814814,0.03514095709332406,0.03517483760472134,0.4065661702468789,0.5663645430271482,0.173977,0.095402,2.7122228984276724,3.5002486730642235,1.2905460960061155,4.171089551926612,0.46153846153846156,0.03340626841400001,0.21737980617303826,-0.27625228609115,1.8518518518518516,1.9717874538917617,1.6794373126119904,0.02695246269075695,0.1678926460773779,0.001035259259259261,0.05098431574121056,0.05099482535839625,0.3309100933296377,-0.6919940493767909,0.190473,0.111035,2.1773777872487248,2.5955649483215093,1.1920599923090032,2.9109494797003475,0.6923076923076923,0.07021274976,-0.39092021896349405,-0.34238903455727787,3.7037037037037033,3.1387497308593586,1.5158658696175975,0.005661309667248028,0.7641205394297199,16.604712296296295,79.43062786596573,81.1476500807282,-0.28538340943433266,-1.4634935147861463,219.81504,110.25096,1.3586463673355782,1.4958354825422295,1.1009748515176108,1.626528724704536,0.11538461538461539,177793.41006785625,0.9250260740128979,0.7183478851585803,0.7407407407407407,0.5476129279675642,1.02990906468502,0.9657029616055813,0.0005882624494323105,-0.0622707997776421,-0.028667756091942203,0.07742308144942532,-2,27,0,2022-07-12 00:14:35.936
N117,-0.0007357407407407408,0.06780398504435965,0.06780797668662097,-0.4942082462094705,0.6515150803254213,0.332128,0.190718,2.812618947198731,3.532442320000604,1.2559263754938403,4.025097164378141,0.6538461538461539,0.12414388596300001,-0.12578979704773136,-0.24340117919391008,3.333333333333333,2.5374312964423402,1.8535040850152367,0.015056089673066604,0.5023108784339456,0.003858185185185183,0.11752352030347483,0.11758683352078345,0.5894362935851711,-1.164924912060461,0.359274,0.20532,1.74611386200573,1.972392538720146,1.1295898747716795,2.120006324867741,0.34615384615384615,0.373319912271,0.29937427685538437,-0.5608920529360492,1.8518518518518516,2.0703300260078183,1.410000830684972,0.009896515807184012,0.1604978278742059,34.38632122222222,123.09263035437979,127.80537834832238,-0.38713483213877253,-1.1100058502549897,395.75032999999996,198.75064,1.555103881922109,1.7672235774614011,1.1364022674016554,1.9616048392415046,0.15384615384615385,441023.79783846147,0.9156126602634748,0.7028487951173877,0.37037037037037035,0.5224841709616532,1.0502352095709706,0.9700247188499245,0.0004891115730729088,0.31105834816314537,0.04190119945494484,-0.02878600441663794,10,27,0,2022-07-12 00:14:43.837
N118,-0.006556000000000001,0.07049269328761085,0.07079689924665611,0.03250322770236344,-0.5002241865448389,0.27318299999999995,0.141392,1.9971496139596572,2.469561786716749,1.2365432061048558,2.8786033564540796,0.75,0.08520741603,-0.12257088849221692,-0.09307151785326445,3.529411764705882,2.5652876804758304,1.7651593815290894,0.21896521621256673,0.5519927306936263,-0.0034538823529411777,0.04893640907627241,0.04905814342785747,0.6371411060160891,0.4180928640529755,0.209116,0.111624,2.275340895526323,2.8909499753197765,1.270556856339126,3.3906098396808746,0.5,0.040913924421999995,-0.1433501736942408,-0.3306445520464458,3.529411764705882,2.856764941231189,1.744034889054527,0.03135095141079619,0.4543966824609047,1.9663502352941171,82.04292097664084,82.06648168178756,-0.032758916096232604,-1.5670278146174257,218.95875999999998,109.95008,1.3397684139345827,1.4777855171767462,1.1030156419622106,1.6057982931355042,0.125,114493.42606566196,0.9235547698811697,0.7056191233665182,0.588235294117647,0.6047503782486688,0.8662609305149703,0.8308425394919402,0.0006114428289037024,0.608346887665303,0.131721560439543,-0.01717744378870014,0,17,0,2022-07-12 00:14:51.621
N120,4.000000000031756e-08,0.07314871485404512,0.07314871485405604,-0.5460098586380644,0.3455449416558758,0.347353,0.207027,2.8302206048739693,3.622200246907359,1.279829650264544,4.220575675703237,0.5510204081632653,0.26753672423999997,-0.06024086227890745,-0.5066324379266013,3.125,2.665092406583908,1.8663421926372685,0.014650005786976615,0.5544180723298532,-2.7755575615628914e-19,0.15521985149496825,0.15521985149496825,0.2965072791704638,-1.4058837676337665,0.476565,0.255627,1.6468705358108569,1.8433855984197594,1.1193263576800505,2.0344700296400964,0.3673469387755102,1.2046601149060001,0.36581737350258675,-0.626326991352523,1.875,1.868300355009662,1.1132363831303287,0.0006835269928678996,0.04405355216049982,1.0019735399999996,159.0671912056819,159.070346919342,0.0036648417308966686,-1.444762962325264,477.51419999999996,239.8999,1.5081371521848967,1.6853397004368795,1.1174976347444678,1.8516070144451489,0.12244897959183673,1265168.7634519911,0.9283832967316218,0.7279715040164436,0.625,0.5930605018342718,0.9125717324887495,0.9986004381764104,0.0005095153674391246,0.48677025820745645,0.010792660142023035,0.0274598015149097,-2,50,0,2022-07-12 00:15:01.577
N121,-3.9999999998791e-08,0.04394701344208045,0.043947013442098656,0.2539284540657129,0.1122799587445904,0.198807,0.114058,2.5953527001390984,3.2932758939295947,1.268912658288444,3.882990173939295,0.5102040816326531,0.096566999524,0.3871325810999996,-0.01453107032639905,1.25,2.033807912610157,1.9885817708514184,0.10075946517146896,0.29420764516589554,-5.999999999922734e-08,0.05303184826362739,0.053031848263661335,0.24346575241768906,0.02295443282708609,0.24581,0.128826,2.429219501449558,3.170400733573231,1.305110852140532,3.928209450431575,0.46938775510204084,0.140618846513,-0.07227906256590766,-0.3675945483272319,3.75,2.677043222188653,2.1637600106887738,0.06162570258653339,0.4381765481452011,0.6612561599999998,80.77249360726678,80.77520029839043,-0.0013166948573792026,-1.5569260654467518,218.95268,109.98501,1.3616185363045348,1.507884252430332,1.107420479543974,1.6517383237900292,0.12244897959183673,326231.64916225465,0.9301451378227756,0.7423851604816621,0.625,0.6068882254350771,0.9011225998064039,0.9955835144923789,0.0010784076968296387,0.1829537611868464,0.10051868517253344,0.05597568702393876,9,50,0,2022-07-12 00:15:08.384
N122,-0.005893928571428571,0.05718985134760857,0.05749276033699084,0.23364310380268813,-0.13294903470639774,0.244981,0.124022,2.1571759517729094,2.751654899723457,1.2755820393148576,3.295641254319734,0.4878048780487805,0.13882753462900002,-0.05008296056479252,-0.09174291457873456,3.4375,2.380804503128456,2.168668390789865,0.24341930820593774,0.4745637452771007,-0.002790238095238096,0.10292933262930805,0.10296714497422398,0.39567017309441316,-1.239927135477758,0.35512999999999995,0.180132,1.7494123979556089,1.9605055849012794,1.1206651943203085,2.1305467549933628,0.36585365853658536,0.445293783654,0.3624179371834231,-0.5620354877908267,1.875,1.8263605444003266,1.1369070075368406,0.017610070256785126,0.04156991294330038,16.50060876190476,110.09073230408497,111.32043580925807,-0.19272661117855838,-1.3697875897137972,337.04654,170.26343,1.5294894307792486,1.7064181343232907,1.1156782779818883,1.8588737882818562,0.12195121951219512,520474.0560080522,0.9262514635919636,0.7267023847806902,0.625,0.604606680316336,0.8954406036481036,0.9972796058313267,0.0007055216321872061,0.46646004777243566,0.12564855483588142,0.016477042396972157,-5,42,0,2022-07-12 00:15:15.740
N123,0.03804255172413793,0.10024709921182386,0.10722274311949385,0.7403630456810917,-0.370028680249495,0.362987,0.269818,2.5164250806314725,3.3448617251293746,1.3292117261404874,4.073790389172161,0.39285714285714285,0.33340478262000006,0.5072926671467485,-0.13374599788498145,1.7241379310344827,1.723116902037237,1.8641230897013497,0.1216797895080662,0.13897285072470128,0.003787137931034481,0.19019700339343687,0.19023470375710033,0.3285953477259664,-1.198094144602318,0.6159600000000001,0.329303,1.731035365768319,2.0003378656484476,1.1555730779426328,2.242124704594448,0.35714285714285715,1.049488032893,0.38648302284883373,-0.6168964551881587,1.7241379310344827,1.8763277800593217,1.2135777533382768,0.010207141433319732,0.06233761578886428,-25.776018724137927,169.58302352965808,171.53076986572313,0.2296660552124125,-1.346446190069378,501.25116,250.74318,1.4617970886289704,1.6519091837871838,1.130053682988602,1.852772262271879,0.10714285714285714,853261.3453111025,0.9230894409274906,0.7070437998403487,0.689655172413793,0.570884491660488,0.9702404240277269,0.9381824515980587,4.97791554960858e-05,0.5255861465546554,0.08135774571331823,-0.021452639928997163,-2,29,0,2022-07-12 00:15:23.669
N124,0.00903077777777778,0.044521275794782225,0.04542795335106642,-0.016629075014460426,-0.5192725774920106,0.165349,0.087154,1.9185103789835176,2.5189179121253185,1.312955061238665,3.282071345402487,0.47058823529411764,0.037146581022,0.3930978481867519,-0.10225069995107867,1.6666666666666667,1.8994970837260372,1.652004714158623,0.07517601695897556,0.2175999489357864,0.0011791666666666665,0.043406634694159625,0.04342264811708286,0.2438660984335406,-0.6252827964243073,0.156164,0.081888,1.885836160411058,2.455350940756103,1.3019958956672604,3.1059693797955266,0.5294117647058824,0.033939474650999994,0.08087807189222324,-0.19246654389214876,3.3333333333333335,2.4292089505567334,1.9427263001101907,0.06929110008608755,0.351482847202776,-7.166731111111113,83.32680053924423,83.63442905243008,0.12261414945414471,-1.566005247227404,220.63592,111.47262,1.3328556344913682,1.4705245210550975,1.1032886705815408,1.6079332412030447,0.11764705882352941,125904.91901266729,0.9284206854098807,0.7022430757582048,0.5555555555555556,0.49939608107423156,0.9848213806172608,0.8408838307518586,0.0007904283127037547,-0.022826007091843018,0.05993094311777314,0.20001519778612267,2,18,0,2022-07-12 00:15:31.742
N126,-1.99999999998075e-08,0.09484494612566134,0.09484494612566345,-0.1454784105251571,-0.05841519153082109,0.452496,0.232598,2.4524026793354134,3.031288746680345,1.2360485381225428,3.519992613682891,0.3877551020408163,0.44977819027900007,0.2384385652322474,-0.198001897406782,1.875,2.325744028462656,2.1270024690362757,0.07081656019067215,0.38679070320428965,-3.999999999892978e-08,0.1723827674289933,0.17238276742899797,0.20951010399628642,-1.2617744789471386,0.5605789999999999,0.292511,1.6968691497569859,1.9380034478600612,1.1421054169896416,2.153655054925979,0.3673469387755102,1.485790925324,0.3399208045819777,-0.5820380399133556,1.875,1.8932056829982082,1.2011719395575422,0.004190672302206459,0.06402667697758038,-0.34351827999999957,178.6996011201932,178.69993129636293,-0.004098437009021779,-1.4634036551178595,527.30304,263.66082,1.4754388436934238,1.6465620212289682,1.11598120672164,1.8048632652822565,0.12244897959183673,1596683.272266242,0.9275825009514715,0.7176214161989264,0.625,0.5884393897403665,0.9139165473626342,0.9993854885322848,8.481312493445986e-05,0.47427131715227455,0.010131104591149905,-0.0044068607718202694,-2,50,0,2022-07-12 00:15:41.948
N127,-8.000000000001062e-08,0.040147953527839994,0.0401479535279197,0.11404427620023397,1.2031748085859038,0.21805000000000002,0.117943,2.9377088901425585,4.021800509583331,1.36902622417028,5.1007353794915105,0.42857142857142855,0.080592908624,0.359517690260596,-0.11194580194946119,1.25,1.6873674856740228,2.195110229876355,0.20329597471903843,0.13390047760419213,-1.3877787807814457e-19,0.047610434034148434,0.047610434034148434,0.27409155199341584,-0.6749037040242976,0.19436799999999999,0.101646,2.1349521814292793,2.6249515791648377,1.2295130551390243,3.092328085076929,0.5918367346938775,0.11333767144599999,-0.1403834859712765,-0.49948020733523263,3.4375,2.7130584610386186,2.2624866849711687,0.0567979299278761,0.43584386756125754,0.4416944199999996,81.48083274344688,81.48202991166964,0.014536836585908746,-1.5372008673782867,222.14916,111.95327,1.3739627022223504,1.5284529368388557,1.1124413598466838,1.6885802755379158,0.12244897959183673,331966.05992631125,0.927799639339474,0.735620120148071,0.625,0.6120667151387651,0.9046691158061184,0.9950605645171501,0.0013334969398313779,0.15980472017444045,-0.0211374068183619,0.054642437782928224,-2,50,0,2022-07-12 00:15:48.726
N128,-0.0032788541666666678,0.08389054493902297,0.08395459734173287,-0.03436923222950592,-0.5975466839996684,0.366143,0.18949,2.2570532883231005,2.76426722538446,1.224723952990139,3.2793874917038734,0.5531914893617021,0.338321971911,0.08775778519692118,-0.19171062050218685,3.75,2.793500459306299,2.091502719134608,0.07170866319853228,0.5957984821725517,-0.005097229166666668,0.12996539467460808,0.13006531266292395,0.1313203757446442,-0.9746861814041745,0.515938,0.264705,2.035169827992549,2.3368071999433546,1.1482123839504514,2.599462808584074,0.3617021276595745,0.812015306789,0.3405777426265672,-0.5865794467717454,1.875,1.9495156067492059,1.3472693104718858,0.018200840550026482,0.060269112500997375,6.213392187499999,107.85281880865836,108.03164706440876,-0.07145450664366636,-1.3911032273645454,327.84871,166.10326,1.5375426045385459,1.7261977739452505,1.1226991491811862,1.8975793276023232,0.1276595744680851,560200.1648375508,0.9231563779770471,0.7059083548543909,0.625,0.5953871271917793,0.9180622900165581,0.9976557305147598,0.0006634886631656624,0.30194590452099057,0.020733884731196674,0.042849506279500155,-2,48,0,2022-07-12 00:15:55.785
N129,0.009860638888888891,0.07615227574886196,0.07678802837049391,-0.32155609004130103,-0.6071695776242163,0.3105,0.167695,2.1838690686377547,2.597829225460449,1.1895535601321157,2.9791878689151208,0.42857142857142855,0.212270446837,0.13704277548238775,-0.3416318839110465,1.875,2.0183545732610684,2.1580459685980107,0.11674169441264326,0.25103365572325376,-0.005407305555555555,0.15053040485190644,0.15062749330135586,0.2767784517336318,-1.2977509343091553,0.48224100000000003,0.255299,1.6949030645370367,1.9285084342673542,1.1378281593904174,2.167781561883347,0.37142857142857144,0.816791102577,0.3862593907309785,-0.614277215683961,1.875,1.8644765739559357,1.1896318720749848,0.012903727033399462,0.05498167023382589,4.275597694444446,159.3164061912548,159.37376828493962,-0.0457555667343113,-1.3776713388113702,489.75545,246.56454,1.5470835800228717,1.7460062553155073,1.1285791393957492,1.9377493148933373,0.14285714285714285,914399.9286242985,0.9214907811183978,0.7180049119454963,0.625,0.6012566903720796,0.8931446859881383,0.9982375825027828,0.0009080195921730199,0.44173599755662274,0.06400402824940489,-0.005120736159862259,-2,36,0,2022-07-12 00:16:03.804
N130,-0.0004758499999999999,0.0694910372301889,0.06949266643718602,0.37914670244573345,-1.1755116328194495,0.229518,0.136479,1.963933850823849,2.24761308756747,1.1444443949192182,2.5260157468084796,0.7368421052631579,0.09658461377099999,-0.3973674446024589,-0.23169322853400323,3.5,3.23651849878959,1.5055936868187778,0.036383382577484025,0.7212475970810686,-0.0010356999999999977,0.0699197550039329,0.06992742533727378,0.31202330818324137,-0.4315593210721742,0.27373899999999995,0.137366,1.9644080893505895,2.3725845118589497,1.2077859609320274,2.6697080047509743,0.6842105263157895,0.09779689628599998,-0.3490139236907529,-0.5041847587378534,3.5,3.108403024223524,1.6249124907274999,0.022243502942047886,0.6392331013077847,10.428495950000002,82.26028407114573,82.91868223292481,-0.1996336795654917,-1.43529333187018,227.06416000000002,114.92635,1.3860127404963245,1.5570584703650683,1.1234084831049196,1.7249080029715507,0.10526315789473684,137510.15726489518,0.9171836718380815,0.7032538417349976,0.5,0.5712224474031067,0.9460085077659554,0.9923727686309919,0.0009272542520498428,0.5209615862457023,-0.11479975540562362,0.019660781369960804,-2,20,0,2022-07-12 00:16:11.955
N132,-6.000000000019878e-08,0.034021992971259046,0.034021992971311955,0.0523480440637571,-0.41558028262265045,0.152769,0.076882,2.2597735548540174,2.7850206878764197,1.232433524984911,3.2316154668517996,0.2653061224489796,0.057874800287,0.4682859794844888,0.049317359021619815,1.875,1.795781769655322,2.302550296083135,0.21146270206632653,0.17786442348135156,-2.0000000000852668e-08,0.04295459402740992,0.042954594027414576,0.35242249261471825,-0.5191788443921013,0.173512,0.098828,2.300755070270849,2.8085695074630506,1.220716426426226,3.268740676842851,0.3877551020408163,0.09225485740299999,0.1605821032639275,-0.43300397151283077,2.8125,2.5516207450623027,2.1961826412410583,0.04951776068107873,0.3378113395880216,-0.19348858000000008,81.94859316583977,81.94882158817728,0.009822460487447846,-1.5424266289161745,225.05202,113.22225,1.381621453557723,1.5320971518750852,1.10891239270343,1.6837882000239974,0.12244897959183673,335780.46798454557,0.9260071314623783,0.7248583028926412,0.625,0.6115961901681037,0.9146042968483435,0.9957510148549791,0.0010973267276139795,0.03532378444349804,0.0021454943431050448,0.010128262132945352,-9,50,0,2022-07-12 00:16:29.364
N133,-0.0016522653061224496,0.05291541809370548,0.052941207510534445,-0.21303483211947138,-0.20146075373265493,0.23320799999999997,0.125046,2.3619786151480935,3.030031525461446,1.282836138324422,3.669227095308208,0.5625,0.13733580118099997,-0.2664066935889728,-0.2318690283019552,3.4375,2.9329267355991147,1.9507784016325838,0.06593591149997548,0.7223465845884112,0.0018404897959183682,0.09668137580462116,0.0966988926005012,0.29368925543357505,-1.1916364996164108,0.347535,0.199291,2.0609439740261,2.364344690764507,1.1472144418102286,2.629799733510078,0.3541666666666667,0.458183115678,0.3769850310605795,-0.5356590193781597,1.875,1.860737829141362,1.3201025251256613,0.014335026495146296,0.07237084547105661,-1.1228132448979582,118.87601127048217,118.88131377623115,0.0037831962746417975,-1.4280254077985821,360.58573,180.60865,1.51923497699527,1.704346016377927,1.121844903642732,1.8786985755796666,0.10416666666666667,692505.5714929736,0.9309684962879171,0.7408407911171973,0.625,0.6049839523914652,0.8893994362338081,0.9982295021924046,0.00014738214530099703,0.2650749672393687,-0.012765717184664642,-0.039693675403965886,6,49,0,2022-07-12 00:16:36.267
N134,0.02120457142857143,0.09321237364037818,0.09559383060189008,0.14735746396461047,-0.5226015426414881,0.402632,0.227738,2.3823503940169246,2.969576374617944,1.246490181325043,3.4687528155810603,0.4117647058823529,0.31983631571999993,0.20317069572173313,-0.2758052751760123,1.5625,1.9426561555015445,1.9450587290232737,0.10451154150435167,0.2003029393764216,0.015374857142857142,0.18325748090286875,0.1839013065180032,0.184737318745262,-1.3543256138698077,0.5712170000000001,0.316877,1.7230818312265717,1.935507655857938,1.1232824934844514,2.0936635649379545,0.35294117647058826,1.183689168866,0.3803341806055295,-0.5968316432243898,1.875,1.9105404048084154,1.1226369080077878,0.0007923693151478384,0.06901466010355395,-8.826015457142857,180.4265381873005,180.6422825118835,0.09439750238858177,-1.4657919719520862,527.89027,264.58457,1.4646879253343932,1.6293515103519447,1.1124222997741708,1.7814124115155028,0.11764705882352941,1142107.1980886098,0.9298030029475068,0.7271007005357168,0.625,0.5991398311127154,0.8826878036225124,0.9991687620889819,8.937403359440813e-05,0.5583877448129847,-0.014774272747276398,-0.04219890703545859,-2,35,0,2022-07-12 00:16:44.325
N135,0.0009566818181818165,0.04486409565503594,0.044874294635631376,0.3388510081682315,-0.7712359070242583,0.16020600000000002,0.093706,2.08818881189934,2.51654620228982,1.2051334572570869,2.9129178495694243,0.6190476190476191,0.04430145101900001,-0.38604283299523096,-0.35065779665307384,3.6363636363636362,3.1882498346914434,1.5571830509989677,0.008720183799708646,0.7821967491949993,0.0007901818181818174,0.0389054855627845,0.03891350914761888,0.14910131371612417,-0.7552191091014331,0.14598,0.07505,1.9286361380387693,2.313352743209579,1.1994759911333135,2.632534089175709,0.5238095238095238,0.033313746272000004,-0.10688426299601136,-0.4257378386905339,3.6363636363636362,2.8909251895776364,1.6585466320738174,0.021518518805935326,0.6601202255398303,21.518368954545455,81.20449376480266,84.00720213208996,-0.40173262304921226,-1.3901837069239864,220.93012,110.76237,1.3184865962544636,1.453014157387185,1.1020318003344785,1.5910326673433155,0.09523809523809523,155258.62022136003,0.930515724057719,0.749192586075971,0.45454545454545453,0.49793891512593746,1.027273707735485,0.9937605727577342,0.0007131541101347632,0.0024804877330473953,0.008800383346608572,0.018629818934914978,-2,22,0,2022-07-12 00:16:52.351
N137,1.942890293094024e-18,0.07974816478941693,0.07974816478941693,-0.12177132225247062,-1.0140657268228477,0.299045,0.167153,2.0960106159356062,2.4959727683283095,1.1908206711129516,2.9323171213366375,0.7142857142857143,0.317988489364,-0.47851370119921693,-0.2503499007552757,3.4375,3.2447199509771,1.493395261473713,0.01503479064530992,0.8426794175907502,8.000000000230045e-08,0.10876770999884845,0.10876770999887787,0.4616113930373238,-1.0974294906304067,0.37652,0.196533,1.8069057443797207,2.0756990710033927,1.1487589086811743,2.2949833062941414,0.3469387755102041,0.59152073692,0.2843364819373275,-0.5475257423527554,1.875,2.0677938143704244,1.3803646272000294,0.009137165227179927,0.1582613008097884,0.3308321799999985,118.51160999664829,118.51207176456325,0.01447917345477723,-1.4216546314216312,359.17251,181.50296,1.5315145309464744,1.7116797827456092,1.1176386173024377,1.8748247964602383,0.12244897959183673,702255.5576964495,0.9280891900846419,0.7287444925628224,0.625,0.6015760860559247,0.8998616076960619,0.9972704373389385,0.0009345639757645403,0.3095918167808112,0.021362428398885278,-0.023899671264709696,4,50,0,2022-07-12 00:17:09.540
N138,-0.006150062499999998,0.07739387149144042,0.07763784266185852,0.4083588879697367,-0.3591243950181373,0.32543,0.16757,2.1583546664199473,2.6657908142212894,1.2351032273315046,3.1488329513349362,0.574468085106383,0.289326461433,0.02826436417561514,0.08311212424416685,3.75,2.6427869736165324,1.942518898869383,0.24939692709419672,0.6278488578881117,0.001567312500000001,0.05305945725479273,0.053082600469888754,0.2414119105692915,-0.31583725869321855,0.24716,0.145085,2.7331931502168936,3.3701787132395102,1.233055451266614,4.017435994350904,0.5957446808510638,0.13525259868700001,0.037049805922765716,0.0039984911650547935,3.4375,2.8157968863401464,2.045990021992204,0.1724909257302165,0.6618392204946363,-0.7488379999999992,83.06568474246849,83.06906006501701,0.040722657940761006,-1.5941582635441671,220.05108,110.5745,1.331115338411857,1.4631146306726037,1.0991644288452374,1.596619222566112,0.10638297872340426,331222.4995240994,0.9321116611334559,0.7503329024684017,0.625,0.6064443040301918,0.9038540822772044,0.9954996062443165,0.0010226882669693582,0.1918580109886068,0.08089058462887544,-0.10497228951645887,-3,48,0,2022-07-12 00:17:16.447
N139,0.0001783541666666675,0.059309723276587616,0.059309991446249315,-0.014151633907591932,-0.5400868780838959,0.249579,0.131852,2.2230992921233703,2.749318740722689,1.2367053286660472,3.2916472416114386,0.5531914893617021,0.168848404097,-0.1546611381115288,-0.2598458469544294,3.75,2.889797584997016,2.0570285621366993,0.03958708599748797,0.6195553291571247,0.0013142291666666667,0.05574540593486889,0.05576089562718513,0.6933277842275265,0.029597641239019534,0.24841999999999997,0.162122,2.9074497132173143,3.5574442796179175,1.2235617570428534,4.078865176824508,0.5319148936170213,0.149245319095,-0.13562266776858695,-0.5223974867428968,2.8125,2.701438106410196,2.1594042689259836,0.08309563336638258,0.39079531446774846,5.7656799375,85.422623254923,85.61698212909751,-0.06666442677870406,-1.4885396684388519,240.52658,121.00984,1.4133859544072156,1.5791458372266898,1.1172785694541554,1.7437221022822502,0.1276595744680851,351852.84618692176,0.9189477186071,0.7009637252934195,0.625,0.5939231139761513,0.9445529515638686,0.9947667497581091,0.0012355990821592668,0.286622564559069,-0.023264006277624986,0.003121476371869853,-3,48,0,2022-07-12 00:17:24.527
N140,-0.0050218571428571395,0.06383870492561383,0.0640359219168652,0.15953842195787454,-1.1704965475658873,0.21404299999999998,0.109698,1.7130697383011946,1.933316850703122,1.1285686784826054,2.0972204147705447,0.5882352941176471,0.143520975351,-0.36412743547433146,-0.18093872232020636,3.75,3.195409044440125,1.6262226973627047,0.01733381985978932,0.7699093727241081,-0.007415885714285713,0.04458377582918408,0.04519633202057757,0.287665963480434,-0.09479690124475271,0.196741,0.106441,2.355080495283072,2.9973875487370605,1.2727325264424925,3.618180533005916,0.47058823529411764,0.07149479498399999,0.24170837991393568,-0.469326631929278,1.875,2.2603024114928343,2.0127109571664263,0.07311226047726926,0.21801580880456886,-0.5307878857142863,84.25370162660145,84.25537355898437,0.024180470456248552,-1.4453262882220628,241.88045,121.90868,1.446895015125128,1.6295907588020675,1.1262674497922296,1.811269728118954,0.14705882352941177,248463.87907474014,0.9219496941960224,0.7233453593371412,0.625,0.6076849583485947,0.9127515827921185,0.9956317589439354,0.0009021614744287331,0.39270561799322906,0.03491005232101971,-0.032574612770389165,0,35,0,2022-07-12 00:17:32.480
N141,0.05339604347826086,0.07647707074699964,0.0932731462382068,-0.3875092244833199,-0.6515889468435541,0.295389,0.18457,1.978811774276742,2.300646928404314,1.16264061004246,2.5815065565985424,0.36363636363636365,0.20009723561099999,0.12289706129471217,-0.5617288428276048,1.7391304347826084,2.42073993840169,1.947179889165361,0.0851548296276595,0.45657222792453966,0.018416000000000002,0.1868376196398778,0.18774302961413947,0.19917206885881802,-1.2750883606855168,0.6139840000000001,0.3148,1.6767599875585024,1.946324204215118,1.160764938725144,2.2108479575400444,0.36363636363636365,0.8106912388799999,0.38097314242687735,-0.6431197661140022,1.7391304347826084,1.8154955119025025,0.965098273854178,0.00794845603490425,0.016300196579934534,3.6903357826086984,178.69649537875927,178.73459664776527,-0.016538942034899102,-1.3928280661700676,544.80333,273.235,1.5287191462907876,1.72221880792332,1.1265763316316348,1.8974248898779709,0.13636363636363635,734759.288893305,0.9192034982599007,0.6817886710509926,0.4347826086956521,0.6171463771839282,0.7303789718934984,0.9905460106019196,5.135706311928426e-05,0.4749208242836775,-0.1550937133295221,0.06004506950209728,-2,23,0,2022-07-12 00:17:40.504
N145,-2.000000000224045e-08,0.07008185335548425,0.07008185335548711,-0.03240642544213829,-0.4397336195970971,0.300873,0.154963,2.2111715455634,2.758231192114488,1.247407148327652,3.2890411724263555,0.2653061224489796,0.245573308487,0.47105121214316414,0.07802062324141569,1.5625,1.8201556034851583,2.1763585945676667,0.1575426480730723,0.19288569614282167,-2.0000000000575113e-08,0.14440665722458781,0.1444066572245892,0.3160354421788246,-1.317669834094984,0.45869499999999996,0.243364,1.685268565018487,1.8988610921985836,1.1267409430245638,2.0817617433868625,0.3469387755102041,1.0426641325390003,0.39567157142452974,-0.5638393926221303,1.875,1.8807538131730548,1.2659634881634596,0.02012933507587303,0.06344302877381136,0.02435189999999949,143.84489577720845,143.84489783850867,-0.00875213884785104,-1.4378423045951911,428.83568,216.56146,1.5055206215456354,1.6881861872726966,1.1213304973129685,1.8686350756588481,0.12244897959183673,1034567.7317085499,0.9299543631720878,0.7365134624555422,0.625,0.6020388386893462,0.8810690261940761,0.9988454269180899,0.0001179426245085013,0.2494730910588483,-0.13406627275286556,0.021421852190708048,-5,50,0,2022-07-12 00:18:06.304
N146,5.999999999950489e-08,0.0901320222709798,0.09013202227099978,0.055563183789063865,-0.35165019534744557,0.415348,0.210338,2.3336656018609805,2.930173608237886,1.2556098893951304,3.4880040229695686,0.5918367346938775,0.406189071933,-0.2372029420384697,-0.2924711073861322,3.4375,3.020073141062776,1.9456455101310417,0.017257620798853446,0.7114731481884433,-2.0000000000575113e-08,0.15688460927885692,0.15688460927885817,0.4140674837704989,-1.1355344206999827,0.512282,0.283259,1.805524463502438,2.0841718194782675,1.1543304239895462,2.3510435732146853,0.3673469387755102,1.2306390314289997,0.30887581278549747,-0.5891619398114689,1.875,1.9617727582085167,1.2927082112167259,0.0035386398909209842,0.09587406991053303,0.11474378000000059,150.06020750190464,150.0602513714066,-0.0013320282723828206,-1.4534752518442178,448.64445,225.21677,1.5008422812952464,1.6730652653758111,1.1147508877028265,1.828388041042421,0.12244897959183673,1125903.9520824866,0.9288179359722724,0.7331124902073082,0.625,0.6014057968803793,0.8853537979613142,0.998576860849613,0.0006117859957665382,0.4180252190833675,0.00897290312275259,0.017468618322319048,-2,50,0,2022-07-12 00:18:13.063
N147,-0.0098519,0.04076546712525198,0.04193904199609238,0.2626764403282853,-0.5261508740074254,0.164135,0.086648,2.0660462393984425,2.472509990854498,1.1967350699635857,2.8089989580177317,0.358974358974359,0.07035532974200001,0.08063398860284876,-0.24421136891350484,1.5625,2.4164671463140444,2.0474187112990556,0.0353502737038272,0.39847923438258015,-0.004653599999999999,0.056327423655267606,0.056519329866869444,0.6357154819056478,0.2739839929731116,0.259785,0.158651,2.8070219582167795,3.429984120343796,1.2219299212474868,3.878097744401708,0.6666666666666666,0.127777385944,-0.18060716424163917,-0.3276858761734548,3.4375,3.1390432290949857,1.6765448953063093,0.019989243799729123,0.7500083981944011,13.687278599999999,81.94685015978698,83.08205490107112,-0.2493032969206532,-1.4961571302250065,220.98747,111.1144,1.3374055339905595,1.4809517468995428,1.107331852052884,1.6351041472236865,0.1282051282051282,276105.11386338377,0.9285956278616273,0.7360907474769403,0.625,0.6056382667277523,0.9078691121457144,0.9953387743367332,0.0009592384637268425,0.15536663158557426,0.11445820411745236,-0.008948264401723919,9,40,0,2022-07-12 00:18:20.724
N148,-0.03319784615384616,0.08579061459860922,0.0919898176020669,0.021773543150793495,-0.5901098250782395,0.34477599999999997,0.207149,2.2518687980890792,2.738007338804054,1.2158822668210105,3.176747831849044,0.32,0.220015290104,0.5189673554639336,-0.02307035309836396,1.1538461538461537,1.4701569323329995,1.557105060361528,0.1562395605860835,0.11665205033264862,-0.03615719230769231,0.12357571317244502,0.12875674522778932,0.5657695781396415,-0.9496929559125271,0.427121,0.237146,1.8418141867476876,2.0372674337345775,1.1061199595449012,2.1948033377443963,0.32,0.431035785483,0.39983367837752226,-0.5191480910428186,1.923076923076923,1.8152043637632926,1.0925794836091474,0.015810023935190095,0.03802043174333444,-1.9482286538461513,133.57837408543858,133.5925807004155,0.03428008350602359,-1.4538406395219357,389.30933,197.94204,1.4816843791938539,1.656974646164418,1.118304727668071,1.8266351757086294,0.12,464021.41807312286,0.9356664078470892,0.7308093614559377,0.7692307692307692,0.6065452529572974,0.8181073462893713,0.9692624064615218,0.00014617589656288572,0.3185842074687558,0.0773611542845327,-0.047989964581438734,0,26,0,2022-07-12 00:18:28.872
N149,-0.0011842692307692303,0.038265824743152585,0.03828414602527547,0.13589772558583632,-0.8985138966826671,0.144766,0.077076,2.0132615717512383,2.393724639533481,1.1889784581996945,2.7454063458868627,0.44,0.038107571758999995,0.09680571756986864,-0.024633039295573384,3.4615384615384612,2.5480186608267488,2.0396168274259443,0.13166568392478525,0.5749356159064409,0.00649076923076923,0.05857808535904329,0.0589365944854168,0.1602508162976976,-0.36017556855039334,0.25178100000000003,0.149352,2.534113165241597,3.046421790908949,1.2021648569978167,3.4951346702128205,0.68,0.09031157640800001,-0.28676509149717233,-0.43548466379104345,3.4615384615384612,3.1215630729494848,1.55920987648015,0.013125611407213045,0.7061866469648059,-22.90123069230769,77.14865433070511,80.47596679916882,0.48530634396244265,-1.1913334768001047,221.30755,111.34054,1.3835253483546839,1.5509551065940919,1.1210167623155722,1.7221164954534298,0.12,168385.91203878395,0.9194692665853272,0.7240329866041092,0.3846153846153846,0.5139627725987218,1.0659213705825854,0.976863177376751,0.0008336071901117059,-0.04724445357873138,0.005075144502786734,-0.06902613995408534,-2,26,0,2022-07-12 00:18:36.700
N153,2.0000000000991446e-08,0.06220299527401876,0.062202995274021976,-0.042948365619637746,-0.7163730160092618,0.255085,0.128996,2.0737908107436906,2.4735010789784626,1.1927437744270022,2.7879389045762517,0.6530612244897959,0.19346063105300002,-0.14256179984537495,-0.030520011925304284,3.75,2.850320101571301,1.9591386317580164,0.10910790007800678,0.6759816481284633,4.000000000031756e-08,0.051165659204571966,0.0511656592045876,0.442219050340831,0.10449447046773441,0.241518,0.144591,2.8259383783534977,3.6641754129169466,1.2966225452700204,4.494607066219656,0.4489795918367347,0.130896234092,-0.006125616936741115,-0.30140584752106814,2.8125,2.4779331848893564,2.3211310146359643,0.10567778509050577,0.31721621491341573,0.3987284999999997,80.82434630948879,80.82532982161523,0.005312069308208929,-1.5568379992212085,218.57634000000002,109.97678,1.3606722081149958,1.5060524678747513,1.1068444397502304,1.6461701943266458,0.10204081632653061,326636.69703864417,0.9285429173255643,0.7418643973864689,0.625,0.6053814553610029,0.9098459112181997,0.9955321276081867,0.0010859923340071323,0.21206685540755235,-0.010966434127340725,-0.004834857787752288,2,50,0,2022-07-12 00:19:09.428
N154,8.326672684688674e-19,0.08614201860509191,0.08614201860509191,0.06353219754997491,-1.0653079356904318,0.332128,0.169469,1.9673209746443368,2.262111786650378,1.1498437803517727,2.5184392629664307,0.7142857142857143,0.371022368468,-0.4808608141684097,-0.21428951831683124,3.4375,3.2572175148740476,1.4707057241756556,0.025051220658987523,0.8497144193693142,6.938893903907229e-19,0.06751136315436092,0.06751136315436092,0.6743278760253004,-1.0093360448283655,0.20903699999999997,0.126713,1.8769136643008952,2.148562154052549,1.1447314785535627,2.364452020866713,0.3877551020408163,0.227889207748,0.21053989078575816,-0.5227940052824023,1.875,2.1532970339069277,1.4452296253918937,0.005007032459798813,0.1994457855853062,-0.012757680000000562,97.96033759447666,97.96033842521285,0.002902820851290233,-1.4566157757714249,287.41256,145.22995,1.482538263287798,1.652369660402581,1.1145544781678356,1.802090284676561,0.12244897959183673,479811.3952191117,0.9276966928673333,0.7339593524530604,0.625,0.598174491763518,0.9227351195600728,0.9960457395916851,0.0010030380311841585,0.26322770564525233,-0.015674353581384973,0.05144439005252738,-3,50,0,2022-07-12 00:19:17.374
N155,0.000391404255319149,0.05397715481873734,0.05397857389387961,-0.3946709907651996,-0.18961517615182988,0.243153,0.142622,2.6421965182035176,3.296240165224233,1.247537850615825,3.866442008162636,0.32608695652173914,0.136943262662,0.17319349657386612,-0.059398316343718546,1.25,2.285944813133777,2.2364066953132893,0.12468683053614665,0.39524483472516647,-0.00035570212765957383,0.047520750216566605,0.04752208144798517,0.02772660310847685,-0.5664953881586983,0.211227,0.107997,2.2725645996421067,2.7508389316303234,1.210455769690128,3.2223565476349103,0.3695652173913043,0.106142366582,0.20572993545965584,-0.46799012410900015,1.875,2.140125305107069,2.0004935307561182,0.034742074260441395,0.12000910139028063,-6.154778978723405,83.02493553918926,83.25275506290149,0.08654763604867724,-1.4779629851518052,236.94720999999998,119.07293,1.4302581327192672,1.5955922844130905,1.1155974211308857,1.756069916969157,0.13043478260869565,325757.997601483,0.9180985418048023,0.6937853516218432,0.625,0.6013020670033156,0.9268650182217318,0.9959583329878886,0.0008803450269518067,0.25142932639678256,0.057061005331150015,0.00595836212250262,25,47,0,2022-07-12 00:19:24.471
N156,0.016947676470588233,0.08142087406972294,0.08316599348309026,0.7056253875596342,0.5298960617336661,0.38952,0.252725,3.0388021523651414,4.071444850831593,1.3398189966604874,5.029344803747182,0.48484848484848486,0.23516380404899995,0.23176185245338013,-0.42340498052870873,1.875,2.1471325311131846,1.9653628854154348,0.06062316264891311,0.2895079341001541,0.0006127058823529409,0.19034159991486038,0.19034258605642368,0.05883938841917831,-1.261805643861191,0.623714,0.314734,1.6535133126052133,1.9025227331155525,1.150594143156918,2.1687429825491824,0.36363636363636365,1.231830202266,0.36666679205940594,-0.5898466545529696,1.875,1.8714523519255253,1.1170135190475672,0.003385384615009559,0.05179433169342748,-0.7907749411764681,175.18831513906622,175.1900998523386,0.02311231695092234,-1.4251980948506728,513.97938,257.56207,1.4701862160994814,1.6490985474509163,1.1216936530843713,1.8111655185805084,0.12121212121212122,1043513.4169332604,0.9306028968117591,0.7436554020244036,0.625,0.6004707240489875,0.8757344184093709,0.9992437766590961,4.222476406589426e-05,0.5578731871132485,0.025511850511635056,-0.01664075403401249,-2,34,0,2022-07-12 00:19:32.476
N157,-0.0007331052631578922,0.07671014822172778,0.0767136512201467,0.09095874982984456,-0.4654780828680316,0.304188,0.169182,2.2053701956447753,2.7435051606223984,1.244011171476039,3.2426988719082006,0.5555555555555556,0.11181470138699999,-0.26487940672990656,-0.25649914179811084,3.6842105263157894,2.9153219233021246,1.6401507423842714,0.008091675882140995,0.6839901230681158,0.015993894736842106,0.10914319599011332,0.11030884778561272,0.1698105214376336,-1.5552897746137313,0.31503000000000003,0.178873,1.6215653013404963,1.8164179455468035,1.1201633039663768,2.0157325823191288,0.3333333333333333,0.23119279609600002,0.42879700644560614,-0.5933725558269868,1.5789473684210527,1.9106401017666885,1.176624246566232,0.01620286328047123,0.0591030280672684,5.932745631578947,109.23941543848781,109.4003992500555,-0.11537095807055647,-1.2830809147882936,343.28679,172.47595,1.576556860690913,1.7971223835491497,1.1399033097744256,2.006554282677236,0.1111111111111111,227400.49976535933,0.9186382630920535,0.7186713666839873,0.5263157894736842,0.6307043450614253,0.8001692738970829,0.7509997024443457,0.001354801576810693,0.2803897295185277,-0.04586789910780901,-0.017574293036813,4,19,0,2022-07-12 00:19:40.568
N159,-2.0000000000089392e-08,0.0881060426739256,0.08810604267392788,-0.05571012796629775,-0.9442318392613669,0.345923,0.189089,2.1461524574404107,2.487556887591934,1.1590774359798726,2.7640528679556415,0.7142857142857143,0.38813373778300003,-0.43095372791785985,-0.2675357405079501,3.75,3.3121989731341164,1.4096316104345492,0.022374203678053883,0.869454769595927,-1.8735013540549518e-18,0.10981413025089257,0.10981413025089257,0.6418060755253224,-0.9350024280006126,0.365417,0.217436,1.9800366264634934,2.2897766499985046,1.156431461618077,2.535906057521579,0.3673469387755102,0.6029571601379999,0.22627503583683992,-0.5356929649435321,1.875,2.125622887519241,1.3849859284697057,0.004853591648310754,0.18744632827966967,0.9192987599999998,112.44675855398816,112.4505163149954,-0.009805519928596332,-1.4361340083797665,343.18678,171.90351,1.5287036078915406,1.7007895912064184,1.1125698810590412,1.8482910094563787,0.12244897959183673,632255.9309754523,0.9244847809562685,0.7119896795557976,0.625,0.5967369165929113,0.9166215473289829,0.9969979567597552,0.001206682547087168,0.3013927375715504,-0.03150998183373227,0.009166708462470283,-3,50,0,2022-07-12 00:19:57.844
N160,2.000000000015878e-08,0.059835697599840844,0.05983569759984419,0.2533232577501069,-0.8766442605399796,0.247411,0.148831,2.4873278990631764,2.8940774385593606,1.1635287167604167,3.2388343317537145,0.5918367346938775,0.179015535363,-0.15874718798541468,-0.03646500656134034,3.75,2.9149672977183605,1.8410244154979758,0.11078808178008225,0.7039402147671185,-3.999999999976245e-08,0.043664749073347484,0.04366474907336581,0.08624598352740646,-0.8589643137604654,0.181391,0.100987,2.312780953586174,2.7084283193245757,1.1710699688722854,3.0180475640619138,0.46938775510204084,0.09533051558200001,0.05087153150038451,-0.3293234302506661,3.4375,2.5720830189387907,2.314796989991634,0.10297474448101782,0.3571979267922052,0.6626248199999988,83.83871145431594,83.84132996304463,0.0021082712463036312,-1.5496041067663904,224.85188,113.23573,1.3505955839430477,1.495728473630104,1.1074584364205773,1.6405465999856286,0.12244897959183673,351468.4304986063,0.928245096752287,0.7383593497673604,0.625,0.6070727348408848,0.9138064834448694,0.9951492753040543,0.0010635429668818972,0.5387607727910029,-0.044988317847244594,-0.10866099398871434,-3,50,0,2022-07-12 00:20:04.636
N161,0.0031843947368421083,0.08922917586356803,0.08928597983519909,0.10286301367480094,-0.9926023640182637,0.312851,0.166638,1.8663400492168485,2.2771344165966925,1.2201069240046696,2.72891833830195,0.40540540540540543,0.30293547541500004,0.23806281592754633,-0.5155758244669093,1.875,2.066710223860103,1.8443291417318486,0.06397614385683327,0.17954686256607608,0.008191052631578951,0.19548729524998582,0.19565882537562274,0.11122723674645882,-1.3341343710960956,0.627348,0.32151,1.643217469913612,1.8613459960443253,1.132744770625023,2.043733941390311,0.35135135135135137,1.4547302860000004,0.386859103771848,-0.6148755489459694,1.875,1.8865283158528876,1.141368425270509,0.0012488891068278849,0.05376173579442055,15.98409794736842,168.59663308342357,169.35263822644635,-0.14181401930254908,-1.4007198832113485,495.59265,248.74702,1.4688110123645852,1.650353877666053,1.123598518647548,1.8148510736703625,0.13513513513513514,1089852.0108217895,0.9266941960646129,0.7192263192461961,0.625,0.5987647631893983,0.8824192116210363,0.9993732461827827,5.226449173277646e-05,0.6418562267078032,0.07378593763336411,0.07446814377646464,-2,38,0,2022-07-12 00:20:12.569
N162,-0.0034410384615384624,0.08999430010219056,0.0900600621617425,-0.1777598555223227,-0.9390126955593967,0.334615,0.180242,2.0013532710681026,2.40117397076448,1.199775174866053,2.8156110472794533,0.6,0.210881184711,-0.2710971117675801,-0.24238068021827386,3.4615384615384612,2.949346765421912,1.6922969657709486,0.010891257356305977,0.6925940543892397,-0.008784000000000002,0.11481538991488767,0.11515091149143238,0.6156874936221236,-1.0809292830391792,0.382515,0.230545,2.002111811482737,2.2048186832669527,1.1012465291007367,2.3466316106000757,0.36,0.34475304285,0.27181316943761147,-0.5454552890207974,1.923076923076923,2.0394958420423195,1.3764242638612154,0.004990137532638853,0.16577931009879893,-2.9072949230769205,113.25574068947702,113.2930499319875,0.015727600533620194,-1.4611694746504875,328.47814,165.49768,1.4607928738731297,1.6252892994129318,1.11260763143214,1.7726947078927204,0.12,333718.1942351871,0.9332343669665253,0.7287722864578233,0.7692307692307692,0.6019762011701508,0.8480835468668639,0.9701148956461038,0.0010300050719107873,0.3092153770747654,0.09280588083499887,-0.017372693562093984,4,26,0,2022-07-12 00:20:20.537
N165,-2.0000000000297557e-08,0.07482647565333811,0.07482647565334077,-0.063551581981269,-0.6056878446248826,0.32775699999999997,0.168931,2.257636732520059,2.7411608511389547,1.2141726840523046,3.161966790269707,0.3673469387755102,0.279950072935,0.3235309933621827,0.35301582123297504,3.75,2.397878258679361,2.1014691352987462,0.2949875511386773,0.5468636162699745,-8.000000000008e-08,0.05646680530004863,0.0564668053001053,-0.001149242468698915,-0.24328564756680482,0.251169,0.134174,2.3761570941883936,2.9810323391374753,1.2545602925111667,3.5477393185792048,0.4489795918367347,0.15942500503999998,0.2529546842655307,-0.054193780850447924,3.75,2.2367710618800354,2.3672606492985344,0.20807231750214103,0.3566036489349065,0.5367329600000008,81.66518736970363,81.66695115160817,0.004352032468574086,-1.5608020808644838,221.03586,111.15075,1.3610248507215301,1.5052540870496949,1.1059710528075248,1.6467771577048869,0.12244897959183673,333474.5455199577,0.9304396916744416,0.7433818566782051,0.625,0.6053974658505306,0.8999182632486509,0.9956994762489298,0.0009140173983313855,0.1923075263829199,0.08848246419893635,0.12950284992726016,5,50,0,2022-07-12 00:20:45.131
N166,0.0020538604651162778,0.08126816863840969,0.08129411772478476,-0.33276814364702656,-0.3654844977089038,0.374397,0.202176,2.486969606884128,2.967934878347542,1.193394109092473,3.3445202167120804,0.40476190476190477,0.284175543796,0.27261081996596637,-0.1807519467586272,3.75,2.183181712957323,2.292314605400654,0.22619251315324154,0.36108107119971256,0.006661069767441858,0.1660197730803361,0.16615334755608452,0.18435070025451453,-1.2832502234791605,0.5248729999999999,0.289799,1.744165882075769,1.973784314526769,1.1316494232634147,2.164345094454868,0.35714285714285715,1.1870982008759998,0.40040670138071494,-0.5839115298328112,1.875,1.847664468928607,1.0538917067713331,0.004661949847906003,0.02226920376761751,25.304564488372094,147.36675322216752,149.52351299775364,-0.2536374575939489,-1.3083331608448643,445.4922,224.02361,1.4982500444820714,1.6887210603360427,1.1271289906217323,1.8629575834931074,0.11904761904761904,961363.0803851442,0.9259126356460669,0.7268283673138305,0.625,0.6009915738868604,0.8793067117118882,0.9988959837109417,0.0001056983603862623,0.39322390203060964,0.08531676428921936,-0.0472973021744743,-2,43,0,2022-07-12 00:20:52.436
N167,-0.002709218750000006,0.08594161353963457,0.08598430556811662,-0.19054391405277957,-0.5471853178721928,0.359388,0.208258,2.422046658677942,2.9193533337567925,1.205324977244783,3.33991607630572,0.7419354838709677,0.236585625729,-0.4985210443466658,-0.18744463333404457,3.75,3.3431690952204582,1.5845459520741945,0.008213980052662375,0.8279493753631587,-0.004072000000000002,0.1151202949489142,0.11519228920863149,0.6891807195424173,-1.058884412631379,0.352179,0.224153,1.945902816411812,2.2011080267806893,1.1311500287766005,2.4156504655575657,0.3548387096774194,0.42461643177999997,0.2623446024027849,-0.5523428088733907,1.875,2.0977704448570247,1.3054981874400629,0.002877919309074689,0.16267302244799844,2.09117765625,135.07216157237679,135.0883483348,-0.02924935721196072,-1.476927427072921,398.1096,199.41094,1.4761520327851245,1.6342343474241006,1.1070908084858406,1.7834385520648393,0.0967741935483871,583963.5793863764,0.9359721714905072,0.7630725037899796,0.625,0.6035490964239573,0.8915065902983568,0.9977645123880823,0.000746640283115399,0.3867822400133488,0.03845651900307789,0.05482879235520725,4,32,0,2022-07-12 00:21:00.416
N168,0.05449473684210527,0.06421112644758376,0.08421843683634775,-0.17250318324066485,-1.5951849119237522,0.17951799999999998,0.13731,1.6304030941208174,1.9418665928294536,1.1910346587489706,2.227030526547095,0.16666666666666666,0.13476215696000002,0.560552442763006,0.03564968798861683,0.5263157894736842,1.7689790312036482,1.9828809845636297,0.29535977949861086,0.2503858001882852,0.02543894736842105,0.08778914338013717,0.09140062220046195,0.767540803263772,0.1460881035575161,0.340098,0.243994,2.669500427085351,3.594423389447828,1.3464779226022972,4.465812519604935,0.5,0.15872740103400002,0.18898334825071483,-0.203294273926248,1.0526315789473684,1.5270992339674268,1.8335754958230945,0.22383421389179864,0.1108266233053292,7.120566315789472,79.95095147487909,80.26740998933518,-0.16858013922145004,-1.473269819026011,220.56785,110.3964,1.37535769516754,1.5367647885860534,1.1173564476976672,1.6966296254661888,0.1111111111111111,122414.28502152448,0.9149410854005591,0.7133257335207814,0.5263157894736842,0.5996016751029053,0.9109923814660733,0.7603053248308007,0.0010489816278881974,-0.3670047850641613,-0.38598386325191975,0.39312016689314805,8,19,0,2022-07-12 00:21:08.408
N170,1.999999999979449e-08,0.077074962703978,0.0770749627039806,0.06711518937781938,-0.28979590813073974,0.352678,0.185227,2.403205833668652,3.0069503675509686,1.2512246456062652,3.535684641163505,0.6326530612244898,0.297027493791,-0.04701469808687401,0.09627666332918396,3.4375,3.11009940681114,1.6919864330491363,0.09414851716939567,0.7973899141256136,8.326672684688674e-19,0.058291806470892625,0.058291806470892625,-0.02090856113591081,-0.5804370416770825,0.258185,0.134926,2.314664927520711,2.7319171406611544,1.1802646284477,3.0303334506429676,0.5714285714285714,0.16989673508199998,-0.17300120220983217,-0.2338543790848102,3.4375,2.8314857202588497,2.108498727237779,0.10098274402332606,0.5765947209325738,0.62851718,82.1582776015627,82.16068166891628,0.002229692154318814,-1.5623414904375554,221.22517,111.1349,1.3526530907793757,1.4959099051258935,1.1059080227761693,1.636825532749885,0.12244897959183673,337518.8806150498,0.9235212149856389,0.7043400308518385,0.625,0.6006720971420821,0.929463796044174,0.9954577049494919,0.0008987815909977073,0.4750166042851017,0.004368389506790848,-0.06790081775745031,-3,50,0,2022-07-12 00:21:25.804
N171,-0.0030448095238095243,0.08536528570020724,0.08541956958282033,-0.14051333015075998,0.06978306864161965,0.412362,0.230349,2.6966771329450485,3.41710257603896,1.2671530211357311,4.038380448486043,0.4878048780487805,0.30645312044399997,0.10981561536087091,-0.46214213854502595,1.5625,2.3188237489687102,1.8665771301170888,0.01734223933729071,0.3934728245589134,0.0029061904761904732,0.19511484672393994,0.1951364890408518,0.12193973104969505,-1.209807878271152,0.7044250000000001,0.366785,1.8796330804292254,2.1628332285961225,1.1506677825132907,2.4609199086443647,0.36585365853658536,1.599286472918,0.3560780972429056,-0.6242063466456618,1.875,1.8250656350975296,1.0523677221643646,0.003989321378443424,0.03825640005165684,22.620916142857144,162.71049267043824,164.27540982203914,-0.17490463699597136,-1.421503522092975,479.68524,242.46159,1.4759457320037161,1.6480865930633526,1.1166308877941884,1.8092776218558553,0.12195121951219512,1133429.2314323543,0.9289393455955983,0.728827947859463,0.625,0.5989461649924727,0.8834157315526855,0.999419833655281,6.421941454619073e-05,0.5083023829801107,-0.05782989738172984,0.024043413554515218,-2,42,0,2022-07-12 00:21:33.358
N172,-0.006520629629629628,0.08279484522831929,0.08305121917917971,0.2503811975322404,-0.7737780821796756,0.312147,0.160971,1.9382135697816965,2.3396834317663187,1.2071339651335948,2.7343129559507737,0.6538461538461539,0.186232635193,-0.4141273562521965,-0.25620208613677337,3.7037037037037033,2.9861626577953064,1.633386555027139,0.0069931006915261214,0.6587892779885691,0.0023632962962962956,0.11691796200939668,0.1169418445630768,0.6285788790881135,-1.0699963179363083,0.377882,0.226632,1.9379889281441758,2.227746162648161,1.149514391076247,2.4627389082060955,0.38461538461538464,0.369235665265,0.1935785504466576,-0.5947438889603975,1.8518518518518516,2.151730417445676,1.4075312165809997,0.004446264894331818,0.19676457071465847,30.09735588888889,127.09981824872818,130.6147565566853,-0.3105228272949721,-1.2626495544171745,401.43506,201.57101,1.5432483688205665,1.725707896480544,1.1182308248927053,1.905625630340586,0.11538461538461539,460625.7950197786,0.9218545351092765,0.7140636790618737,0.7407407407407407,0.5366396857177529,1.0339599023382382,0.9680546933114,0.0005619750993603294,0.28923980246319947,0.06858248874430213,-0.026703765499826438,-2,27,0,2022-07-12 00:21:41.500
N173,-0.02060723076923077,0.059052974734104174,0.06254527787869422,0.5828970156022287,1.1963740128846565,0.289292,0.151504,2.4223091676695416,3.287194217227814,1.3570498188678213,4.2291299546935415,0.36,0.10170970640799999,0.2570658366602392,-0.3430626989111054,1.923076923076923,2.080357331392307,1.7866969435152527,0.08402622364715127,0.276553792584428,-0.008039423076923076,0.1868319154153876,0.18700480459387217,0.14125034063842318,-1.4107780338158713,0.598079,0.309649,1.65583446196733,1.8219342043119258,1.1003118042049018,1.9444541623873963,0.36,0.9092407204710001,0.415393101097556,-0.6073097829890953,1.923076923076923,1.7903246973179274,0.8924769951140752,0.0023399295508834054,0.006885882837812109,25.369886423076927,165.92842544579017,167.85670528173418,-0.16757860360226748,-1.4419385567265723,485.83346,243.38236,1.449941243583341,1.6160630626217323,1.114571414375277,1.7704735118764217,0.12,732572.7112090131,0.9324001647977788,0.7305547137451717,0.3846153846153846,0.5633699117723039,0.954969574733502,0.9748335890892926,7.310333148269024e-05,0.5504896029232499,0.04257886411190823,0.027558131691607063,-2,26,0,2022-07-12 00:21:49.428
N176,4.000000000142778e-08,0.07394759550166861,0.07394759550167943,0.044418709241423784,-0.9504639175214629,0.301906,0.162924,2.203235938838604,2.577694409268081,1.169958407008768,2.912705857495487,0.4489795918367347,0.273412344024,0.10085813643207293,-0.2033775955477602,3.75,2.5883079072610484,2.3517716284464303,0.10267413625558523,0.5309101098509311,6.000000000117022e-08,0.14713180083549715,0.1471318008355094,0.19068027308363145,-1.1190579566975258,0.530583,0.274009,1.8623370232947598,2.1616017163500545,1.1606930911601863,2.4642817066135945,0.3469387755102041,1.0823883408550001,0.3617645228448167,-0.5561684963766859,1.875,1.9466250842761723,1.3812181371745313,0.010659868908267166,0.09382247721211259,0.6075021000000004,134.6889414329883,134.69031146723378,0.010021602308214677,-1.4413678516267956,396.85695,200.72033,1.4902358440891228,1.6675157350067618,1.118960962870946,1.8299609608181242,0.12244897959183673,907074.0001570226,0.9297760578314205,0.735460056601222,0.625,0.6019396726834383,0.8808058980214776,0.9988647595690593,0.00014093655606141236,0.4402361871871228,-0.04646718120597521,-0.020218750469591408,-2,50,0,2022-07-12 00:22:07.078
N177,-2.000000000140778e-08,0.08180409585674547,0.0818040958567479,-0.3447846327130276,-0.36204168051814456,0.373954,0.200021,2.4451220676073344,2.9820615033319546,1.2195961677488112,3.4090243940253164,0.46938775510204084,0.33459550494699997,-0.07303485862065026,-0.4772738876275601,1.875,2.5695127493664707,2.020677565989636,0.013988281837111781,0.4960661088504639,1.9999999997799554e-08,0.14241150935236802,0.1424115093523694,0.27635600206213407,-1.2133002148092562,0.48770199999999997,0.259007,1.8187223854157593,2.065296696970156,1.1355755631159892,2.2779047280466282,0.3673469387755102,1.014051899801,0.34051077140801844,-0.6428324515115956,1.875,1.9082763453388858,1.1855658018897757,0.002049370110958768,0.07602407068983556,0.6571176399999996,155.85919857366756,155.86058380366325,0.0034536586945517083,-1.4551567260429379,465.31253000000004,233.90081,1.5007053373715296,1.6737252460642942,1.115292392439816,1.833471660127519,0.12244897959183673,1214626.0791809366,0.9294282223019071,0.7362775529376507,0.625,0.6016040320798982,0.8833112073091998,0.9985445999135676,0.0006719490419465605,0.43723264863263545,0.005953651262730766,0.028851823655263675,-2,50,0,2022-07-12 00:22:13.849
N178,0.005189565217391303,0.06551129561170355,0.06571652333979305,0.1898166067274889,-0.13863349112074452,0.29346,0.171271,2.6062090825229487,3.3395245252755434,1.2813724530660857,4.087356261524269,0.17777777777777778,0.19865842623399999,0.4681961403342758,0.31965530003445763,0.3125,1.9670033640123694,2.106746313078506,0.30986597036724756,0.35740887566435964,0.0024438043478260878,0.06562624000505324,0.06567172570361848,0.03317186995432293,-0.7473999988937621,0.26654100000000003,0.13633,2.075931438367673,2.49332158074675,1.2010616221060149,2.88614087348689,0.5111111111111111,0.198387675617,0.07293001818648924,-0.16427405093174205,3.4375,2.6428931418720443,2.0129903322005958,0.10128221708583669,0.5631108709398451,-7.626314173913044,80.3310640941836,80.69225815642454,0.1463373648585899,-1.5003697180316913,222.40189,111.57872,1.3827685895678004,1.5397335992003873,1.1135150240009777,1.6987736159164915,0.13333333333333333,299517.0642136209,0.9218976196151273,0.7089669317783548,0.625,0.6003633075317474,0.9353280339462473,0.9952763520060881,0.0010291135764918683,0.012389499765480216,0.2015919538683184,-0.11745936103644225,5,46,0,2022-07-12 00:22:21.169
N179,0.018429250000000005,0.14663710793976228,0.14779065829916316,0.27681269800432595,-0.27846437619043307,0.595536,0.351699,2.379710626148496,3.006436887726317,1.2633623830945202,3.572952688559872,0.45161290322580644,0.698946517776,0.31095794118626274,-0.14630363428147777,1.25,1.8567331494124617,2.2048549554750987,0.22814482837388403,0.22988661014522713,0.0177670625,0.1817011134586717,0.18256769468336945,0.08291887111889204,-1.3372710634325964,0.590416,0.339932,1.8619504430373095,2.1623459467582773,1.1613337803077868,2.503704336623031,0.3548387096774194,1.066590820544,0.3785955399310346,-0.5519619984269385,1.875,1.8269780004155973,1.4033830805890268,0.043195238924728555,0.036875448032264425,7.927370406250001,122.07717891868784,122.33429941885967,-0.049706323857775396,-1.3948108397048746,370.21165,185.62379,1.51734869845818,1.708099629381402,1.1257133123830068,1.881712526388745,0.12903225806451613,478901.78605770273,0.9180098672812278,0.6796782301456197,0.625,0.5927216712402036,0.9184214048697561,0.9983313828152743,0.00023715576177967928,0.32006639238575363,0.07643079766740843,0.021819867076051686,5,32,0,2022-07-12 00:22:29.076
N180,-0.00838215,0.09129602446452695,0.09168001157095258,-0.20935899716742495,-0.5684252205098526,0.341927,0.187729,2.047654628127022,2.507953875205485,1.224793400584109,2.8553978028226186,0.631578947368421,0.16810449043300002,-0.12172623963114428,-0.4077285225018203,3.5,2.7560255767086654,1.6906271712538226,0.03623534887710488,0.4871617134770663,0.0130545,0.1556824476928918,0.1562288209323107,0.3564474828868958,-1.2456324951842206,0.475441,0.283274,1.813199371982294,2.077699753997721,1.1458749578797063,2.283132131279128,0.3684210526315789,0.48814888979800003,0.2961241596107536,-0.5852299746314488,2.0,1.9410221322973116,1.2896258533677205,0.028303338174797674,0.08289145089939044,8.808470550000001,152.65814975160774,152.91206570776063,-0.1319053359203209,-1.2691978067609713,482.36615,241.78997,1.5812353909474957,1.8094883775674862,1.1443510485072173,2.0185611588108476,0.15789473684210525,467641.9967802901,0.91773551644377,0.702251180784104,0.5,0.6448086147875389,0.6434146656235403,0.9981915556289306,0.00021275344258570787,0.5498796408971978,0.1127045786532271,0.05878990234436443,-2,20,0,2022-07-12 00:22:37.072
N182,-1.908195823574488e-18,0.08991420328379716,0.08991420328379716,0.1770134165067922,-0.42292734804951015,0.3829,0.197317,2.194503124019308,2.7545667703623544,1.2552120524291033,3.2959738214233485,0.3673469387755102,0.40422819760800005,0.36761130593485597,-0.4337196541028917,1.875,2.0228427930409,1.7325186101567904,0.02943007240480706,0.17217052710511344,-5.551115123125783e-19,0.19986513949731205,0.19986513949731205,0.2250706871975955,-1.2268193327810415,0.686044,0.34979,1.750130117136832,2.0098839933962678,1.1484197510322183,2.263933753814953,0.3673469387755102,1.9973036993139999,0.3681926836898573,-0.6234509498759238,1.875,1.88304197671671,1.1677785186274505,0.002141606892701483,0.05501792519862187,0.4516360200000008,177.0442657159481,177.0448417717777,-0.0014631758970456998,-1.4585619433126809,512.35836,257.69284,1.455523004348146,1.6282575421883279,1.1186752372337398,1.7934873686392185,0.12244897959183673,1567243.7998996899,0.9274442493075284,0.7146381350937769,0.625,0.5906205182006964,0.910613687626991,0.9994278520508797,6.363375360959705e-05,0.5862731043503564,0.04092596305361404,0.01569295862227428,-2,50,0,2022-07-12 00:22:53.936
N183,0.000590021276595746,0.06537160348232718,0.06537426609115736,0.049372216213349994,-1.0412511623878968,0.2537,0.132953,2.0337207275812683,2.3598999964122584,1.1603854769277586,2.6750040345359474,0.6739130434782609,0.20086834934699999,-0.47214076715467196,-0.19328765389104427,3.4375,3.323066784864911,1.4067197445138662,0.012974898949512549,0.8656714520333929,-0.002961617021276593,0.06263410784309245,0.0627040879104453,0.7941992436422762,-0.38448423693688083,0.236216,0.147181,2.34723133538288,2.828274539626468,1.2049406877763587,3.2655891420185186,0.43478260869565216,0.18479472411200001,-0.06621157023506583,-0.4168104256736191,1.875,2.5568549559954983,1.8242134147855633,0.028250555520451838,0.4259541686999224,9.221300808510637,93.03260436695999,93.48849054242102,-0.10959691560128877,-1.3939652539986311,278.9326,142.34115,1.5225526604840385,1.7097655817205808,1.1229598989220018,1.8799463755726562,0.13043478260869565,410784.59960331616,0.9172693349788457,0.6962664105482654,0.625,0.5958533162984566,0.9292085884606907,0.9964553333333485,0.0010679848839265477,0.48612373682242904,-0.026221495455859466,0.018396630528596594,-3,47,0,2022-07-12 00:23:01.103
N184,-0.009286906250000001,0.04600711292857291,0.046935072895636906,-0.08310835354768104,-0.8445950440831433,0.17569200000000001,0.108999,2.322335798697195,2.753358251664621,1.1855986775078888,3.113757939393755,0.5483870967741935,0.070492834167,-0.18989691918270962,-0.08586192091508547,3.75,2.957593552345145,1.8857773192543346,0.08839684674280002,0.6866072143019339,-0.00984425,0.044533117407161156,0.04560819886887115,0.5309633756342681,-0.495629886962099,0.175113,0.092762,2.0338886932742395,2.4536925444839564,1.2064045356060753,2.8600581477440232,0.5161290322580645,0.06656344973,0.041472683772703876,-0.5178172549871057,2.8125,2.628579406358523,2.1065776270448935,0.09607662805587257,0.26897031791449083,4.909847625,82.36908766947609,82.51529074785203,-0.058959147277784105,-1.5232910088373932,224.4735,113.09482,1.3705922741712449,1.5219358798844629,1.1104220478732312,1.669242072496846,0.12903225806451613,217880.74263048178,0.9151568894149494,0.6714078943384342,0.625,0.5992361916125238,0.934926670988188,0.9952820970950482,0.0009459436288806432,0.17759250666400997,-0.0031341184922462685,-0.05148737501700836,-1,32,0,2022-07-12 00:23:09.220
N185,-0.005616333333333333,0.03767598341333132,0.038092294841250075,0.10616189214437746,-0.6901845811760228,0.145265,0.080336,2.1089829409018512,2.6235693807651543,1.2439974406067285,3.1243839986723647,0.53125,0.047883756566999995,0.043711795619783854,-0.15997605543648313,3.75,2.5299886078944884,2.214041590729315,0.09454782562812145,0.45400150963279345,-0.005355272727272727,0.05118273762514474,0.05146213731266783,-0.014629145488126011,-0.5538846133750339,0.214781,0.119551,2.32308656893991,2.8647861857631454,1.2331809860492753,3.4349217791931825,0.46875,0.08739560203399999,-0.23774870474826287,-0.4761660788126521,2.8125,2.838755063004795,2.1349789783018,0.04401676931178605,0.4368351140412707,2.069119666666665,82.12825240094602,82.15431272080902,-0.015170472063513176,-1.5439380166280683,223.19391000000002,112.23163,1.3661075880630262,1.5158831067536116,1.1096366933317081,1.6660048414288693,0.125,222727.92625473993,0.9201754264127447,0.6865524772740151,0.625,0.5936124268557905,0.9412863722618238,0.9952791499324111,0.0010685956402787249,0.07307296431110104,-0.017913825957538418,-0.047189589572645387,-2,33,0,2022-07-12 00:23:17.204
N186,-1.3045454545454976e-05,0.06229124281913533,0.0622912441851691,0.16915222620428336,-1.024767662834426,0.203848,0.104126,1.671599297173636,2.071153135021704,1.2390248898307383,2.5786778804500083,0.6190476190476191,0.08536438024699998,-0.07978621443839556,-0.23557603185398826,3.6363636363636362,2.7093072302874956,1.6637759266302128,0.05258002024998982,0.6250584991126342,-0.010142454545454545,0.10496000966849979,0.10544891186644925,0.5747558135555482,-0.8182855403170803,0.34501400000000004,0.195273,1.851825652286604,2.1986601293809365,1.1872932674121168,2.5338992579195834,0.38095238095238093,0.244628406304,0.27457647360335735,-0.5313370075612588,1.8181818181818181,2.0146737436917874,1.3990192457501514,0.01320892747960845,0.12949349620030523,15.07597218181818,109.9151880691029,110.94428108511595,-0.1776311554126526,-1.2817138070184884,337.42778,169.06538,1.5238764751676908,1.7375196781860849,1.1401971921607912,1.9506372861538066,0.14285714285714285,270789.9371208507,0.9209180510321522,0.694905959281924,0.45454545454545453,0.5724813326021195,0.9127693465447119,0.9931140108073946,0.00013548073598486102,0.49264737042464823,-0.24659133233340386,0.08941048743379461,0,22,0,2022-07-12 00:23:25.144
N188,2.0000000000991446e-08,0.05799546961875212,0.05799546961875557,-0.18538384375353734,-0.11313318906884806,0.273739,0.151637,2.614635263699305,3.2716248888328896,1.251273909694022,3.9049272790209986,0.6530612244897959,0.16817372481499998,-0.04075237359995346,-0.11030062673336859,3.75,2.653092466989661,1.9270672724834224,0.08498935781452359,0.5682149656927946,-2.0000000000297557e-08,0.04509657242518105,0.045096572425185485,0.30975769229656297,-0.22272728783586038,0.202054,0.11022,2.4440881883618375,3.0773010656920854,1.25907939015681,3.685839629138945,0.42857142857142855,0.101685042225,0.19359554080838037,-0.2323343314045463,1.875,2.26508797006902,2.3767611948392786,0.15255222890536788,0.321111429247939,0.7807159999999996,83.59179185514598,83.5954375730321,-0.00015407161036036466,-1.5407571338000554,226.93040000000002,115.03149,1.3760498579782443,1.5232853117001721,1.1069986329843113,1.6607884776895143,0.12244897959183673,349409.8591513353,0.9232805621473714,0.7027495825647991,0.625,0.6008763922899736,0.9320383675043036,0.9954782618393778,0.0009801136880614554,0.1938230390946665,-0.0054410177694278515,0.01959330167212458,3,50,0,2022-07-12 00:23:42.270
N189,7.999999999841467e-08,0.08258982559246386,0.08258982559250262,-0.045891785072162405,0.23991654704386134,0.386954,0.195573,2.368003547615601,3.1401388916541055,1.3260701804336337,3.9385526396890684,0.40816326530612246,0.34105396457000003,0.13699782892885895,-0.3860174225905114,1.875,2.3401160513756825,1.9558360350195825,0.02089281307816399,0.377765822501491,1.6653345369377347e-18,0.19743004443802367,0.19743004443802367,0.239185107180993,-1.2131931576484982,0.685181,0.380496,1.927244665740039,2.2178167221291827,1.1507707150807278,2.4991954879594576,0.3673469387755102,1.9489311223399999,0.35056944288420994,-0.5939267372756352,1.875,1.8993865312621274,1.1644839313779802,0.0017176193659849041,0.06305383029332748,1.0351847999999992,169.8780113898479,169.88116541082312,0.0030284019404360984,-1.4595782329004228,494.80087,247.96477,1.4596366195178112,1.6311209826474828,1.1174842839900256,1.7895610785919487,0.12244897959183673,1442980.5180669723,0.9312428319132908,0.7404195356330947,0.625,0.59647209370589,0.8901917082137268,0.9994234172049992,4.4860877635456944e-05,0.5485519252756217,-0.027064987633274275,0.007921940609280675,-2,50,0,2022-07-12 00:23:48.975
N190,-0.004224027777777777,0.07917771897779706,0.0792903121017596,-0.5095550640633714,-0.5286334320633177,0.30379100000000003,0.182423,2.3006972121118903,2.8015260043998684,1.2176856605255977,3.24445019418262,0.7142857142857143,0.226330329355,-0.3736648284621648,-0.32983210177313743,3.4375,3.2341419892240917,1.4956849952143358,0.007647049040967219,0.8530921805695391,-0.006214000000000001,0.1359316002315135,0.1360735600236137,0.721781724259731,-0.9390480543027659,0.425441,0.266575,1.959050677837337,2.227955505429955,1.1372628235883468,2.441698014050456,0.34285714285714286,0.66657649455,0.27676359250003685,-0.5478001849389076,1.875,2.104966705436341,1.3980929112677332,0.0010823687831184518,0.17953522209584283,-1.5765498611111104,129.85270128408075,129.8622714272212,0.018989955811294756,-1.3463880774489092,406.15956000000006,205.09245,1.579307428908943,1.7895193959366644,1.1331038929975434,1.9934305293196295,0.14285714285714285,607111.5434485418,0.9214205791682785,0.7202589464779897,0.625,0.6002242849747168,0.9067984873734155,0.997302243877121,0.0013516460876997506,0.3453768759351201,0.057221053988548834,0.008019638003104389,-2,36,0,2022-07-12 00:23:56.987
N191,-0.025600653846153846,0.04602980327832953,0.05267006993722628,-0.8145761336151419,-0.26721103301229876,0.167869,0.142988,2.714786598354953,3.672483401807156,1.3527705654774218,4.466332755776257,0.52,0.07212754294700001,-0.026692966098484962,-0.3131189853321763,3.4615384615384612,2.8113913856016657,2.0404021635647718,0.06510648412641104,0.6168835567281914,-0.016456038461538463,0.048255874433530625,0.05098461159205106,0.139633442473031,0.13850563224117662,0.225918,0.124135,2.434754254739752,3.140795769597191,1.2899847134399638,3.8614774662150784,0.6,0.06758519609899999,0.10770894351276727,-0.44909055096284417,2.692307692307692,2.3504503525716376,2.1433211278710247,0.17807795482900152,0.3294722927833749,21.611853192307688,79.26029338258348,82.153918381895,-0.3938144618729044,-1.3218618463448804,222.32713999999999,112.1266,1.3648356914490198,1.5105214703898464,1.106742357232873,1.643590288471229,0.12,175480.9239429757,0.9213450246128182,0.7178753983481528,0.3846153846153846,0.521414442348216,1.057659773920174,0.9764231810913648,0.0008744115002782887,0.0397375125752432,-0.008644349560082809,0.020645815772687218,-1,26,0,2022-07-12 00:24:04.940
N193,-1.9999999999187335e-08,0.06305759650715843,0.06305759650716161,0.18587346601691052,-0.2809906242340521,0.286965,0.1658,2.629342207503416,3.2313326226220567,1.2289509571636308,3.754727809105098,0.20408163265306123,0.198813023863,0.5845406367277189,0.250337038819884,1.25,1.463078999835147,2.202539849579513,0.40586935193630386,0.16298875768091287,-1.999999999835467e-08,0.059126162077540595,0.05912616207754398,0.14874042772270885,-0.3933947908281179,0.253496,0.136797,2.3136458581666552,2.9342897726175847,1.2682536362512846,3.505659434644469,0.46938775510204084,0.174795152101,0.20965827495356645,-0.17418793808264424,1.875,2.1697768235051833,2.410621459121073,0.21019375848697955,0.2513244340698519,0.3190974800000005,82.16495519302295,82.16557481739667,0.006684584478766366,-1.5604539274078033,223.1386,112.29779,1.3667255447256181,1.5111430859073172,1.105666819310597,1.6525809700329546,0.12244897959183673,337559.0842536606,0.9287400505746104,0.7364812257870595,0.625,0.602434532287794,0.9173348812821909,0.995808339459555,0.0009156400636580592,0.03194947839752251,0.05449626422538104,0.045003517193283306,-6,50,0,2022-07-12 00:24:22.654
N194,0.0,0.09109788735245182,0.09109788735245182,0.27131762320429764,0.6785270167407718,0.439655,0.235563,2.5858228642407703,3.4202199854690414,1.3226814693176057,4.098728035839558,0.46938775510204084,0.414941254004,0.13334759355552012,-0.40915747399909,1.875,2.326273557817647,2.016603585440433,0.0307023591913546,0.338981889299304,-1.9999999996411777e-08,0.19390336800834482,0.19390336800834584,0.023604684497804757,-1.4139895532077653,0.604085,0.304398,1.5698437996543635,1.7566878944133613,1.1190208190140545,1.9215342750550726,0.3673469387755102,1.879925806249,0.38134170315797755,-0.6301206156043432,1.875,1.8489941895240212,1.0640421808823102,0.0026032875206988067,0.029821537474921462,0.27578096000000074,173.11966026376794,173.1198799242315,-0.0024127867855191234,-1.4476846809560764,505.63782,253.19293,1.462529491764976,1.6371340723390984,1.1193853399587927,1.799480908216903,0.12244897959183673,1498524.6412490166,0.931552857776876,0.7428931399524062,0.625,0.6006561474395846,0.8764984922353224,0.9992477664661926,6.003697677253856e-05,0.5918307606802035,-0.014689278104515365,-0.024268689775462923,-2,50,0,2022-07-12 00:24:29.596
N195,-0.0019416190476190466,0.05980514323038827,0.059836652992403684,-0.48984317628249563,-0.6645248595057649,0.230063,0.126125,2.1078217729860604,2.53983619620783,1.2049577572252486,2.927084887863211,0.5121951219512195,0.150377851736,-0.28531259291203687,-0.3365711868954035,3.75,3.3337041200518156,1.6927224986169007,0.027331355912339837,0.8701648296599851,-0.0042160714285714275,0.11713872099848781,0.11721456912624977,0.4208001026817567,-1.2186617535200042,0.37554299999999996,0.213946,1.82525091884749,2.0561906433441712,1.1265249189095068,2.2453989630729896,0.36585365853658536,0.5770487190490001,0.36718598029057187,-0.5834217986175168,1.875,1.9380046261562698,1.2808090925306777,0.0015777603322454895,0.08761664029323554,7.4539055476190486,141.5815820565218,141.77766074223558,-0.03897206082405105,-1.4335788481737504,427.33138,215.36949,1.51906505490707,1.6983810077309711,1.1180436296948921,1.86726432435539,0.12195121951219512,844238.0135926988,0.9279924469145265,0.7181878872905809,0.625,0.5963673122207723,0.9154853289219644,0.9978394796712114,0.0008567239942091672,0.1387987744772421,0.031256484101710426,0.015081787520911123,4,42,0,2022-07-12 00:24:37.006
N196,0.02618237931034483,0.05028470709279162,0.056692757507098034,0.2529378001287204,-0.6984112813576213,0.197002,0.131859,2.325852644995986,2.9266140567993704,1.2582972799656535,3.4592299191591005,0.35714285714285715,0.093207993859,0.21518001808172013,-0.133763898393746,1.7241379310344827,1.9920240117237629,2.321986402767407,0.24704235787053802,0.31123305924702843,0.008262206896551726,0.0764755090823557,0.07692052750863645,0.7428694089812403,0.398862366059217,0.348727,0.217178,2.823407574468542,3.83511383260384,1.358328095200968,4.990731454424293,0.5714285714285714,0.17158625901400001,0.043983015076988805,-0.3118360747135568,1.7241379310344827,2.0852319544047146,2.295777111400182,0.13739379950625746,0.2645277581007809,-10.241608448275864,80.83016930456897,81.4764187566751,0.21245622282395937,-1.5086417125404197,221.36178,111.13061,1.3639604157355705,1.5025180703185925,1.1015848062630902,1.6355004371251796,0.10714285714285714,192513.79758897927,0.9287237703608088,0.7312926129074089,0.689655172413793,0.574970099128302,0.9900832870195074,0.9372334095573231,0.0008838282572405393,-0.04564601370370078,0.06054043477029358,-0.22551491725173417,-2,29,0,2022-07-12 00:24:45.075
N197,0.003130944444444444,0.09126855023285964,0.09132223756962059,0.21535648066885824,-0.99336126044361,0.31335,0.182965,2.0035098226816275,2.3538312107396404,1.17485384104038,2.6762804769135937,0.47058823529411764,0.150115519345,0.14220007866938325,-0.5129048140626831,1.6666666666666667,2.4134246033576447,1.517737906235583,0.016921378657423148,0.3335910986478777,0.005570277777777775,0.19040254362995304,0.1904840061928502,0.27125112118658606,-1.121931353591166,0.600735,0.328144,1.7226853138933869,2.0699427546123093,1.2015791496672696,2.456225672423444,0.4117647058823529,0.6531148190750001,0.37030932768180147,-0.5765395233533239,1.6666666666666667,1.91971650917412,1.136929936965605,0.0004510305038403001,0.06671893465652669,-3.728992722222224,168.1245250504746,168.16587439242852,0.07432378587207222,-1.3462529075962466,501.31757,254.06078,1.5107748876988494,1.7194640870251543,1.138133881510416,1.9132346811354326,0.11764705882352941,509035.7035830609,0.9271512351347978,0.7445937613241755,0.5555555555555556,0.6426265201000896,0.7440062987338029,0.7832107464251375,5.171802234689141e-05,0.6729370301129004,0.07426947195865694,0.018129441309756307,-2,18,0,2022-07-12 00:24:53.136
N199,1.1102230246251566e-18,0.08367412469933581,0.08367412469933581,0.28249579467983277,-0.14202137697828743,0.36415600000000004,0.191587,2.289680360427132,2.9370220500088,1.2827214229417194,3.6106134996376125,0.4489795918367347,0.35006795721,0.04699169062183703,-0.4641146279075416,1.875,2.4486917878908874,1.9607571642584287,0.00963706175173258,0.4249121861553836,4.0000000000352254e-08,0.19846635614017405,0.19846635614017807,0.12141506685639486,-1.2653738875979994,0.670455,0.346287,1.744814621151281,2.010753142710883,1.1524164907468093,2.287439623522352,0.3469387755102041,1.9694447259780001,0.3623657690065733,-0.6172310954770587,1.875,1.8912670123226827,1.132442838864134,0.0011450891909302544,0.059872559152341034,1.2748414600000002,162.0418165047244,162.04683124609045,0.005921210702676169,-1.4559289001494935,477.74177999999995,241.12335,1.4879855912382571,1.661004576691653,1.1162773258505914,1.8211710301775201,0.12244897959183673,1312958.7758449456,0.9302071939387078,0.7353631145598833,0.625,0.5967444743419092,0.8982536118154917,0.999068239450823,0.00035442978696028965,0.6326325283746859,0.01433934008320671,-0.020051478870522433,-2,50,0,2022-07-12 00:25:10.148
N200,-0.0011912653061224492,0.06922666358487081,0.06923691258369663,-0.39463256919116657,-0.2360972513002788,0.30510800000000005,0.177019,2.5567142351417194,3.186421855633444,1.2462956602018604,3.7332042578169986,0.6041666666666666,0.234893753142,-0.306066650120185,-0.30574927047264916,3.75,3.023534493211541,1.8728054097080074,0.02410928658732271,0.726403856235819,0.0024502653061224487,0.12090442459717722,0.12092925075119294,0.5520726119650257,-1.1634744137347497,0.378972,0.242107,2.0020549081059418,2.2496891404042376,1.1236900303261772,2.4423930480587166,0.3541666666666667,0.716570300675,0.29629622281136736,-0.5969870888443228,1.875,1.985293616980964,1.2647673440606357,0.003958729290850383,0.10849724818192909,2.660097714285714,124.39977147368285,124.42820927166824,-0.04360956181685765,-1.4229374111046575,374.8192,188.27953,1.5131579173410994,1.6965131846570674,1.12117391398127,1.8773542584053042,0.125,758636.5838651492,0.9290155294826965,0.7299099601534569,0.625,0.5980548144584292,0.897553285929131,0.9981735064900846,0.0006037270718400996,0.3588283047899638,0.03658389466071099,0.0016699597082873107,4,49,0,2022-07-12 00:25:17.084
N201,-0.0040511515151515146,0.033571855712893596,0.03381540070154516,0.041496572667021635,-0.6383986043170187,0.139565,0.076049,2.24894569995514,2.6956259747625126,1.1986176343947668,3.0601380940711613,0.53125,0.037734883712,0.224875020353138,0.010696827970146205,1.5625,1.984583206695399,2.194785501847294,0.16921017022462465,0.2624160877866666,0.0003427272727272718,0.04408474548321176,0.044086077692430635,0.24372688682551036,-1.074505625405979,0.148899,0.078281,1.7756399320922231,2.1069814216992073,1.1866039863254074,2.4327660458446605,0.4375,0.064138214128,-0.023821425661054278,-0.4962417213082496,1.875,2.5983821943301644,2.039419279924507,0.053318522950737295,0.4250974335634903,-0.14685833333333312,81.83541242768796,81.83554420042586,0.014808668195130863,-1.555722480119612,220.62018,110.60728,1.351579940974162,1.4967648725059053,1.1074186787849931,1.638820774952151,0.125,221002.8577211352,0.9269449419548135,0.7293474927354832,0.625,0.6036077963689643,0.9182587878576154,0.9951641381730715,0.0010102502362453138,0.08169023898096424,0.179212254285445,0.04486779008916652,-2,33,0,2022-07-12 00:25:25.093
N202,0.0013602727272727282,0.08932454792048122,0.0893349047298474,1.252539963229169,1.8943331496311133,0.39258400000000004,0.27965,3.1303553839977067,4.02596858693561,1.2861059186813912,4.62463358786418,0.5714285714285714,0.175575954468,-0.22574617323849525,-0.4210192774860039,1.8181818181818181,2.5172162061085066,2.207130653005411,0.14486606712389286,0.4049625641214817,-0.0008647727272727273,0.17891997052845413,0.17892206036644204,0.16473689311445908,-1.3171717166227308,0.567141,0.284941,1.592542582040613,1.8190729976550284,1.1422444951670614,2.0232671865728964,0.38095238095238093,0.704288281087,0.353684978826613,-0.6479617984061558,1.8181818181818181,1.8284749319583684,1.081664440351065,0.007694588224975505,0.0271406195402682,44.16590922727273,153.52850897053196,159.7549079201838,-0.4435378582245427,-1.313498079982631,445.94853,226.18904,1.4158503356467007,1.5544900321310984,1.0979197398156302,1.7111044551412014,0.09523809523809523,561475.8733009009,0.9395017449816329,0.769100936972054,0.45454545454545453,0.48017303772843867,1.024079138240036,0.9952312188624501,7.596829378111207e-05,0.5379224320961948,0.23827893784251789,0.0006859846511104628,0,22,0,2022-07-12 00:25:33.044
N204,2.0000000001130224e-08,0.0703096506495346,0.07030965064953744,0.11012572560980195,0.2138920354060332,0.327893,0.172065,2.4472458390906824,3.2917605835081574,1.3450878252310237,4.159141420390129,0.6530612244897959,0.247172348723,-0.17519400905046956,-0.16733550061914973,3.75,2.7068690429796556,1.7909858222043562,0.04337468395888491,0.6013719609304203,-4.000000000087267e-08,0.06581256415000407,0.06581256415001621,0.591572644140924,-0.5978161267931847,0.27568,0.169869,2.5811028972035297,2.9951462370642137,1.160413341253956,3.295291256209481,0.3673469387755102,0.21656467999999998,0.3065260701605504,-0.5231005221879729,1.875,1.8790762280357733,1.456612157444129,0.03546583097856245,0.06331917374804068,0.09610205999999778,93.18477240953726,93.18482196486288,0.009515269272060284,-1.4615174996375768,278.83378,139.43102,1.496284663746797,1.6653049934934203,1.1129600094432466,1.8185256484980579,0.12244897959183673,434170.5522311596,0.9240826057661431,0.7039644772074871,0.625,0.5998521479505844,0.9243328771857794,0.9964493811894047,0.000652543286255984,0.12783259614838718,-0.019907127054559826,-0.05020077210374886,-12,50,0,2022-07-12 00:25:50.128
N205,0.001507770833333332,0.09241009703022166,0.09242239666888559,-0.24427889344609677,-0.5530010137137462,0.368958,0.191425,2.071197100479911,2.600928061767371,1.255760768091418,3.1487081180288032,0.3404255319148936,0.410011171489,0.33990878639309724,-0.2465465059100948,1.5625,2.019214194611596,2.0340907569173936,0.08213757406853175,0.2522396607198564,-0.0027327083333333305,0.19100763818889094,0.1910271853463096,0.34860739113386197,-1.281682571650692,0.610409,0.313523,1.6412480738362973,1.844220848117594,1.1236697715092288,2.0133386781120306,0.3617021276595745,1.7515865059839997,0.3420149090201683,-0.6163000478852447,1.875,1.9106221396632876,1.1924719502126098,0.0033905742080184258,0.07272177998862331,-2.5006530208333326,176.62750093537898,176.64520189410158,0.06299507460695544,-1.4728862137368155,522.41295,262.42986,1.4856325401769257,1.659749381022245,1.117200475983505,1.8326027702044505,0.10638297872340426,1497769.3129059793,0.9334387822169339,0.7455064900265399,0.625,0.6018936750210155,0.8781883555023441,0.9992677491927693,7.223764567129912e-05,0.5380994295631106,0.04752702660744568,0.036892529663002896,-2,48,0,2022-07-12 00:25:57.187
N206,-0.004259606060606061,0.0730375228698648,0.0731616292243248,-0.11439993234247389,-1.2724903796868823,0.252837,0.133095,1.8191913084919182,2.073832690474403,1.1399750431929991,2.2940087748626263,0.71875,0.176636591695,-0.5861194064739736,-0.2569592261044999,3.4375,3.502213578700352,1.0560221994995862,0.00782831415975673,0.9592640011798413,-0.001479151515151515,0.0588653215925061,0.05888390251498231,0.5563115170982791,-0.7467001527047596,0.23043800000000003,0.131147,2.2272131159552684,2.5866732730313293,1.1613945942132646,2.8467375000991457,0.34375,0.11442136118800002,0.1637392956937358,-0.4915754778489186,1.875,2.2843750408414643,1.703534398178051,0.007587793888910389,0.2507669421772033,2.156691121212123,93.57886651119713,93.603715599931,-0.014940792938511348,-1.457104611358867,271.35661,137.0026,1.4636448897558614,1.632964293982394,1.1156833911091477,1.781310113609159,0.125,289134.63394572126,0.9201847580622222,0.6867217248089199,0.625,0.5934548929743516,0.9385196155949785,0.9958821699781693,0.0010458839172870313,0.3535392009541728,0.04307776597451517,-0.01878553235308174,-3,33,0,2022-07-12 00:26:05.260
N207,-0.0035985454545454554,0.06910677653045143,0.0692004052865168,0.2670334809693795,-0.7304088666738413,0.246173,0.135109,1.9524307616493832,2.363581857882826,1.210584213437668,2.7036127132533694,0.7142857142857143,0.10535131402000002,-0.4132752988572562,-0.15479782775282627,3.6363636363636362,3.235808474091843,1.423504398902846,0.031561369010938416,0.8326938960162,-0.013555136363636361,0.05698305526948376,0.05857311934396031,-0.08275863917688879,-0.7292457906773429,0.224545,0.131456,2.244305945668487,2.6765855956493927,1.1926117296152097,3.0536549936129087,0.38095238095238093,0.07547782681299998,0.37039739708555847,-0.4009250310447412,1.8181818181818181,1.9418266476495734,1.4312422601744315,0.09045161706311043,0.07944331751185903,-25.725931727272727,93.11527538401774,96.60371666285805,0.4423384129939581,-1.3350573306462992,265.30589999999995,133.84391,1.3854944159872056,1.511300675137716,1.0908024295867478,1.627159736303065,0.09523809523809523,205310.11760771065,0.9361644872424121,0.7653645436571029,0.45454545454545453,0.48314431431021726,1.0325018297742206,0.994364963037131,0.0005078509970345568,0.14904010211034913,-0.0720766279134916,0.30938519886181287,1,22,0,2022-07-12 00:26:13.208
N210,-4.0000000000595114e-08,0.0794190402802653,0.07941904028027537,-0.23745707877149277,-0.6049624203910544,0.316336,0.169461,2.13375784197291,2.6015050752537623,1.2192128947717726,2.9894217252306348,0.5918367346938775,0.315369197952,0.05335982614515487,-0.3630795738024258,3.4375,2.5488443424696636,2.0873300241167523,0.05302722985843275,0.5157182018785958,-1.9999999999742446e-08,0.15220071228998766,0.15220071228998897,0.3191689441512873,-1.2847913120169712,0.533354,0.302364,1.9866135673787388,2.2305122305491154,1.1227710648791107,2.4479672356740068,0.3673469387755102,1.1582528410789998,0.3673816238434962,-0.6139727937786473,1.875,1.8787670801126792,1.1615291040276214,0.003435729918361316,0.05236415613413156,0.27370173999999947,163.49672840128625,163.49695749635964,0.0010908501587169155,-1.442747569153971,493.51984000000004,246.92634,1.5102809482280304,1.6879232702338942,1.117622037286696,1.8553187788173335,0.12244897959183673,1336562.7555283215,0.9310099214761774,0.743946649045965,0.625,0.6031903182035255,0.8847617040520542,0.9983052849718718,0.000732794958511174,0.45455664909948934,0.04428560192926486,0.023754587802841478,-2,50,0,2022-07-12 00:26:31.913
N211,-4.000000000050838e-08,0.043919701393320056,0.04391970139333828,0.289689815478149,-0.3038340589090818,0.189985,0.111547,2.539794134777961,3.173781667539207,1.2496216225086574,3.733107640072159,0.5102040816326531,0.096447008524,0.09262397115296868,-0.24483134198462952,1.5625,2.2103989794527523,2.0360905205324737,0.051750706022246545,0.3140292351483339,5.999999999756201e-08,0.06352992239328173,0.06352992239331007,-0.039726404750716225,-0.6981410784005821,0.270764,0.137825,2.1694501552627976,2.6277938124202316,1.2112718082254867,3.076535789004373,0.5918367346938775,0.201802551965,-0.30977038851612365,-0.31892913381258065,3.4375,2.945249933432109,1.9609621686959022,0.06794184900123891,0.6690618695942905,0.7088069600000009,81.99629445478422,81.99935799518325,-0.0030970540902174747,-1.5566123800131848,222.08074,111.74919,1.3628056698512725,1.5080091908114144,1.1065474881506683,1.654796277920165,0.12244897959183673,336194.7355811111,0.927225993563306,0.7301637421762496,0.625,0.6032986421113014,0.9211383172040015,0.9953898981992092,0.0010347009029999293,0.09134471447193497,0.07744146468824319,0.0788771980302643,-2,50,0,2022-07-12 00:26:38.648
N212,2.862293735361732e-19,0.06637793404227041,0.06637793404227041,0.3482157311119396,-0.3377677870989415,0.296547,0.168931,2.5449873129890173,3.060470613641288,1.202548475594108,3.4588706126434294,0.40816326530612246,0.22030150638600002,0.21394200075633094,-0.025886478344899943,1.25,2.1034247705328606,2.2581964104408954,0.24638975592548457,0.3937595221345556,-2.000000000002e-08,0.13575583388267187,0.13575583388267334,0.3266778186528332,-1.1806764389467774,0.465916,0.242516,1.7864130996358794,2.053687731003456,1.1496152437653167,2.281678680840861,0.3469387755102041,0.921482321659,0.38563710243415894,-0.5503775745103978,1.875,1.8687523716969938,1.3927207958580807,0.038494061554553184,0.07490651771871366,1.2337561199999996,127.13090778191346,127.13689420312666,0.008419939713495216,-1.4207965528646636,379.40112999999997,192.73188,1.5159398159598911,1.7034056424841668,1.1236631062464524,1.878933099613419,0.10204081632653061,808189.493380851,0.9305671594164359,0.740614046643391,0.625,0.6024506442864485,0.881476630292885,0.9982946541718236,0.00016057415430975518,0.25004605558736753,0.04290208183743824,-0.04304584158834284,-7,50,0,2022-07-12 00:26:45.464
N213,0.010835026315789472,0.08897598859286843,0.0896332769753628,-0.14885341682138525,-0.19270976062653622,0.377064,0.205399,2.2915484843475857,3.009289857033745,1.3132123878629187,3.7954073618098367,0.40540540540540543,0.30529672497099997,0.26204104201627065,-0.333117338542769,1.875,1.8314049026679886,2.118629208145585,0.15024310283129053,0.190551245627712,0.008910815789473687,0.1752882958145561,0.17551464123430063,0.12257300038319884,-1.3163611445486165,0.566721,0.3051,1.738316517951977,1.9879796658099493,1.1436235261413246,2.237248911505676,0.35135135135135137,1.1706047929290002,0.3870906614803516,-0.6059259032292857,1.875,1.8431561329438435,1.0640486358444379,0.0008585069876985083,0.030135520355297596,-23.36869107894737,177.89829147215622,179.42658061573687,0.19920078000669358,-1.4291577097727204,521.23315,260.73948,1.4531820152021082,1.6141020538883262,1.1107363269038513,1.7682465869381383,0.10810810810810811,1223368.1175953099,0.9338116302366519,0.742961023574699,0.625,0.6010814867913586,0.8792517972733204,0.9988493943713436,0.00020255892494569855,0.43320532741412615,0.061137036617690946,-0.0494582767469489,-2,38,0,2022-07-12 00:26:53.334
N214,-0.013531565217391305,0.060272961687589006,0.0617732399006729,0.4784664036540621,-0.6300241993647919,0.217063,0.115003,1.861696103117092,2.1846316617138624,1.1734630899511849,2.451926577104615,0.6363636363636364,0.08776646285999998,-0.09512332315436677,-0.16558343815585672,3.478260869565217,2.6355113904688054,1.8242037064770424,0.15348920642536687,0.5832115180693485,-0.0065948260869565225,0.05796573990965786,0.05833968404432188,0.2617157876430073,-1.2420819177304792,0.199885,0.100748,1.7269205627418145,1.8919734967401642,1.0955764483667372,2.0033267736866054,0.5454545454545454,0.07828093089100002,-0.06221368585239941,-0.47401559852199016,2.1739130434782608,2.5220972840130536,1.7404572224979422,0.020191154618798935,0.3023161142530795,-17.30500356521739,88.20298335050444,89.88453382157327,0.2589847832989163,-1.3601789188095446,251.81892,126.05418,1.4024012212181671,1.5783425730849119,1.125457215242523,1.7459397641198648,0.13636363636363635,185822.27666739564,0.9232099981014328,0.7148894614166115,0.4347826086956521,0.537866324402593,1.0062046675188183,0.9880049777009265,0.001112813350374378,0.2218509681210712,-0.06042781218110595,0.05029374078678948,-3,23,0,2022-07-12 00:27:01.423
N217,1.9999999998319973e-08,0.08764599564281075,0.08764599564281302,0.5828375740478287,-0.15619032741046857,0.373988,0.220958,2.521027896134335,3.19682374976815,1.2680636159044727,3.831140483898059,0.3877551020408163,0.38409102761099995,0.1865983346390015,-0.417736964758603,1.875,2.108135090221247,2.059091117487016,0.06386517865899088,0.2687976859246574,4.000000000226045e-08,0.17212301631053994,0.17212301631054458,0.13541908431380098,-1.3424246205734465,0.55983,0.294536,1.7111947391660727,1.9330674667690864,1.129659542847321,2.1397089011855592,0.3673469387755102,1.481316637192,0.35947298095600316,-0.6108191426850497,1.875,1.8611521025271494,1.1889966920321369,0.010898582181683587,0.046334764219355784,0.6746431799999982,176.07747336282029,176.0787658102334,-0.0008392121740347873,-1.4501611531256418,517.3174799999999,260.02959,1.4767799444950875,1.6517147649832642,1.1184569313392099,1.8125648287129263,0.12244897959183673,1550186.5884627507,0.9263085746412819,0.7096576473620222,0.625,0.5934003273032693,0.9054058032833204,0.9991179063393439,0.00013672256304823492,0.5598675656212095,-0.000609296059328418,-0.020673209578822595,-2,50,0,2022-07-12 00:27:27.011
N218,-3.999999999837467e-08,0.08925939047606364,0.08925939047607259,0.19706943862677517,-1.1323281990808816,0.311318,0.175078,1.9614518883246517,2.2827788782389278,1.1638209898631435,2.592514759903017,0.7346938775510204,0.39836193940799997,-0.5648540182362943,-0.17824337211899652,3.75,3.4438035193175045,1.312971878563153,0.00966689281540473,0.9169560838731914,1.9999999999673056e-08,0.08592941138527367,0.08592941138527599,0.7634866748072997,-0.5980132387952124,0.29774,0.181833,2.116074078347022,2.5204307740587457,1.191088157002324,2.849520112622036,0.4897959183673469,0.36919318705099996,0.007137582393473824,-0.47417724540511974,1.875,2.5559321760205895,1.7502828054360569,0.009545389848629529,0.42770532002805967,-0.1883674400000001,97.24959860801049,97.24978103683117,0.003559410873359315,-1.4673403060785637,287.74444,144.80211,1.4889710645740113,1.6580196712272852,1.1135338427154984,1.8170667286349929,0.12244897959183673,472875.99558558036,0.9286447915635095,0.7380541751456777,0.625,0.5976435001430213,0.9194323076643027,0.9964210154189551,0.0009998045652932237,0.40595241128507586,0.0016624801780998153,0.010039696139329772,-3,50,0,2022-07-12 00:27:33.464
N219,-0.0034830789473684213,0.058234757721331576,0.0583388279434528,-0.42208285708865084,0.2801302149322864,0.273273,0.159397,2.732262639120927,3.6018429376159196,1.3182638030635188,4.4433754034078135,0.6756756756756757,0.12932991614099998,-0.14235548125526534,-0.03857440137916965,3.4375,2.627166216996922,2.020831600631451,0.1648597188195528,0.6005562274350086,0.0003097894736842101,0.04552516788151241,0.045526221896374126,-0.4286433782319977,-0.0984945672663815,0.193437,0.112006,2.4602524728484125,3.2235360053318796,1.3102460177998554,4.03348859284606,0.5135135135135135,0.07876020144600002,0.12846311747944347,-0.41572077431423216,1.875,1.9806801008221488,2.040685722872352,0.08742818584152222,0.11741888743996207,12.94122057894737,86.46290113304744,87.42601707967775,-0.21479479674767243,-1.5142246483120707,236.51126,119.95472,1.3720711981042948,1.5102647023504843,1.1007189017866732,1.651640897080578,0.10810810810810811,290445.72157181206,0.9309453560880481,0.7423201134856987,0.625,0.6092525786883434,0.9027757225561586,0.9952404179382625,0.0009537811181787737,0.4717395017080168,0.03559016327765672,-0.117871420494031,-3,38,0,2022-07-12 00:27:41.443
N220,0.012451625,0.07804950250525437,0.0790364966737414,0.14495246747761836,-0.5021390214251213,0.314292,0.190221,2.4067488819149276,2.888454858639638,1.2001480006262395,3.2379495590214624,0.4782608695652174,0.149922427355,0.10052257835712373,-0.5001982762245066,1.6666666666666665,2.3179855349749467,1.7005013124211428,0.006666848416258804,0.29360333779775233,0.021038458333333326,0.19620244900484363,0.19732718445399677,0.1584813406935843,-1.329580292563429,0.616664,0.34994,1.7733998534884183,2.0006550886692285,1.128146641454707,2.1893195126814877,0.34782608695652173,0.934512425389,0.37632748173319225,-0.6043244708763554,1.6666666666666665,1.873786150832846,1.1442878953281637,0.00697343043986057,0.048695924141427344,-36.766687499999996,163.0010763110558,167.09620040050373,0.2975362319493832,-1.3152612548733826,481.52130999999997,241.75528,1.4468029758938266,1.6251464932390483,1.1232673144282428,1.7938233906085062,0.13043478260869565,670107.3645188473,0.9300124228117289,0.7310998849200837,0.41666666666666663,0.5249510624662618,1.0034127168897733,0.9888101757921351,3.826509841090107e-05,0.5427632577362537,0.03848759963350703,0.015354489342013266,-2,24,0,2022-07-12 00:27:49.507
N222,-2.0000000001685338e-08,0.09654200228408151,0.09654200228408358,0.2072394458645367,-0.3855757311009387,0.41761899999999996,0.218604,2.2643408550481263,2.8241710512002767,1.2472375989260023,3.339154249542421,0.46938775510204084,0.466017910251,0.1984345924022866,-0.3980518674081995,1.875,2.1854374008527095,1.9986411754112594,0.027148677255555684,0.2738817002042363,0.0,0.18693359463788203,0.18693359463788203,0.08823938038898234,-1.311114269940339,0.6273930000000001,0.319533,1.7093396220138097,1.9261270627926117,1.1268252592913046,2.1121877429411935,0.3673469387755102,1.747208440212,0.35940837790618907,-0.6170754606148489,1.875,1.889662040024567,1.2062678982557358,0.004729364902726775,0.06500989070959375,0.6610418000000005,176.9734557068311,176.97469028389074,-0.00011900272612339513,-1.4607230674105145,512.27981,256.43614,1.4489989477514702,1.6200745817702447,1.118064705488052,1.78207532975418,0.12244897959183673,1566002.0500539527,0.9273488690696192,0.7141970055303714,0.625,0.5941694060181322,0.897393269565417,0.9994992072363985,5.360917007475244e-05,0.6628794174908157,-0.025070565721683712,0.0035927204982770457,-2,50,0,2022-07-12 00:28:07.313
N223,-3.999999999892978e-08,0.08340016353436244,0.08340016353437205,-0.290142694632112,-0.7689835580978999,0.34407299999999996,0.199095,2.3872255348509737,2.8109518904302684,1.1774974125374151,3.1731371769811214,0.673469387755102,0.347779363878,-0.3297815560005326,-0.25591695156514555,3.4375,3.1747597217801875,1.6214530455503786,0.02265297196489591,0.7972512608477271,2.7755575615628914e-19,0.10477456484395438,0.10477456484395438,0.5553817021034659,-1.1527831871087288,0.33396800000000004,0.200883,1.9172878484313858,2.1652400095196715,1.129324431535487,2.3670876858321663,0.3673469387755102,0.548885471912,0.3112088412150039,-0.6060413792865528,1.875,1.9778933015128495,1.247859936222757,0.001933513009660997,0.10108431112017152,0.23154946000000096,111.28870587488434,111.28894675779327,-0.0003226097525717843,-1.4343424835575946,332.91355999999996,167.14086,1.5018639754382936,1.6772466255389968,1.1167766541903508,1.8342219420453851,0.12244897959183673,619261.4835229472,0.9300229318841879,0.7423314767351308,0.625,0.6042410800003633,0.8938858646911919,0.9970708513181477,0.0008715126105847382,0.19110497354964878,0.022623631150287652,-0.024860122232732842,-7,50,0,2022-07-12 00:28:14.008
N224,-0.0107836,0.05163281376498864,0.05274688129406325,0.4760964168672833,-0.262602515823088,0.21187499999999998,0.107806,2.043836476302415,2.559706338719577,1.252402708532946,3.0753929327161935,0.38461538461538464,0.11128933945,0.5678871454386684,0.1639206697438135,1.25,1.8529411523626296,2.075742541698829,0.23486757181854245,0.2154547780141952,-0.008859574999999998,0.06715128599546233,0.06773320662736262,0.45305401128172157,0.24121260705320724,0.333434,0.175962,2.5978690329554763,3.2054562818423147,1.2338790913549686,3.7217762774226264,0.46153846153846156,0.18351149120100002,0.2903541419842927,-0.22329930388520455,1.875,2.1824255285511605,2.435025996448431,0.20232932178346785,0.29331242896191334,-1.9840511499999998,80.23110974529033,80.25563799463959,0.02931322212647979,-1.5378309096505405,220.6104,111.61364,1.3907264684314748,1.5423700279195733,1.1090390978602205,1.687025363385689,0.1282051282051282,257638.69719706548,0.9202682808239806,0.6937568056173188,0.625,0.5980188136576372,0.9349443639508503,0.9957881188807157,0.0009210029994721705,-0.03998936060636973,0.1970629170234616,-0.1095666975239062,-4,40,0,2022-07-12 00:28:21.540
N225,-0.009828793103448275,0.0812618751603597,0.08185412346637325,0.210471446019696,0.37628789156849995,0.385648,0.20748,2.534753183023645,3.2289574305378532,1.2738744948279774,3.826642847704035,0.35714285714285715,0.19430282832499998,0.23572660392929135,-0.4200172521486576,1.7241379310344827,2.323697260600942,1.8958919085827306,0.013628527935551712,0.3887600366207191,0.0015232758620689663,0.1807344595516891,0.18074087871533961,0.13721286638856883,-1.4378146119431974,0.5753269999999999,0.288153,1.5942879222902895,1.7574506352759267,1.1023420617470678,1.8983952000798556,0.35714285714285715,0.947350691925,0.378803915857804,-0.5831880212117598,1.7241379310344827,1.8295502483619104,1.1225300992761602,0.005996626252095425,0.028483273780010705,32.60180810344828,157.255595873166,160.59950287917633,-0.22199695453868418,-1.2609892601896233,491.02705000000003,246.17746,1.5328656414659418,1.7433476119269367,1.1373127329409656,1.942011575573294,0.14285714285714285,747973.8094261185,0.9126902752930588,0.6780283005593069,0.689655172413793,0.5491735182819506,1.0122764058500058,0.9444235409015396,5.41434136334e-05,0.5381723462241865,0.05832796175923793,-0.03281417208015081,-2,29,0,2022-07-12 00:28:29.532
N228,1.0000000000121023e-07,0.09073073130582603,0.09073073130588115,-0.7588433897883012,0.7202753593315436,0.426099,0.240181,2.647184658859148,3.603400727158378,1.3612200097560738,4.535514325428595,0.46938775510204084,0.41160328016500003,0.050846788547961604,-0.44518810070568704,1.5625,2.4004311998005483,1.9823656405354741,0.02119289957483225,0.43262096757897317,1.999999999946489e-08,0.18316363835461338,0.18316363835461447,0.32528244753974445,-1.3081080329290942,0.592187,0.331539,1.810069962456866,2.048090298605473,1.1314978653231362,2.285952146331557,0.3469387755102041,1.6774459207649999,0.3592516332801521,-0.5771056296925671,1.875,1.956820187946863,1.309026003185291,0.005634077577747421,0.1062506594241094,0.6977488199999996,170.8563467257642,170.85777146471966,-0.0015994506656532197,-1.4484747115454044,507.57939,254.22564,1.487937234698715,1.6631019939370084,1.1177232178572114,1.8300463280433312,0.12244897959183673,1459618.9034945187,0.9303854677297934,0.7404345386261909,0.625,0.5989619309176168,0.8939768955540416,0.9987475257231696,0.0004762347417821394,0.516096624745419,-0.04420062293520222,-0.0256762958173665,-2,50,0,2022-07-12 00:28:54.024
N229,4.0000000000664505e-08,0.08258559337220021,0.0825855933722099,-0.05453847015661123,-0.6478242589803398,0.33102699999999996,0.172485,2.088560400875455,2.5380565007266087,1.2152181472284644,2.916205390529347,0.3877551020408163,0.341019011632,0.23838511665538414,-0.490851968565181,1.875,2.103179308666841,1.763328580922583,0.02461879324285067,0.23510889322453346,1.199999999995649e-07,0.1924279823498277,0.1924279823498651,0.1603485607285167,-1.394658338843643,0.585885,0.307295,1.5969351039667823,1.775804834659651,1.112008139998023,1.9155617379671106,0.3469387755102041,1.8514264195619998,0.4021366971084033,-0.6081666048866157,1.875,1.850123779787003,1.089849060800155,0.004476771866250395,0.039208703232143274,1.0162186599999983,168.44925822179684,168.452323509765,0.005069625422736043,-1.4483067671098224,494.61573999999996,247.78131,1.470928419610884,1.6458378940724003,1.1189109355217886,1.8065290824025617,0.12244897959183673,1418809.2647919261,0.9310588786852534,0.7402319641133899,0.625,0.6006650608633167,0.8761981313271314,0.9992295220705203,6.500688683244534e-05,0.615876045707795,0.0062280732359908655,-0.000761506693782931,-2,50,0,2022-07-12 00:29:02.224
N230,0.001423883720930232,0.06939505145825209,0.06940965791404094,-0.3760924554282642,0.09776374106931662,0.31955999999999996,0.170482,2.4561711600874068,3.068606492494798,1.2493455433234533,3.5264069244572442,0.6666666666666666,0.207161126305,-0.30454919345208775,-0.3778649932331902,3.4375,3.07288670097962,1.7847398691757035,0.015084722297099652,0.7690307559020176,0.0018486279069767418,0.13411203692609475,0.134124777254632,0.5135599855741587,-1.165759839300142,0.444662,0.265302,1.9780237882246903,2.239392269650799,1.132136166906613,2.4463028401547344,0.35714285714285715,0.773546602565,0.30882496705248697,-0.5967122636982428,1.875,2.125655085343542,1.4388714184087616,0.0020928683592053837,0.19766473426941755,-8.342996209302324,135.64756649379842,135.90389207612083,0.0723071147982616,-1.43970349702612,412.25629,208.3421,1.5330105475073956,1.704879491585108,1.1121120427756765,1.8540382846898746,0.11904761904761904,794204.3189018295,0.9290949925428493,0.7275274546529374,0.625,0.6009529939551697,0.907070030369569,0.9970143035210381,0.0014502012821259013,0.47647231524371875,0.018046766159922137,0.08054384197935437,4,43,0,2022-07-12 00:29:09.592
N231,0.0201781875,0.052555714980293475,0.05629620260617051,0.19000150521769257,-0.6370160539384231,0.20750400000000002,0.131523,2.3362677038821094,2.9378838370653098,1.2575116422589383,3.5062945685454867,0.6129032258064516,0.10141639769199999,-0.06588701624209509,-0.10876920918816771,3.75,2.560905766300417,2.1305623063272177,0.14876197380424477,0.5037144400301522,0.00416834375,0.05259520727013143,0.05276012620726233,0.03913996096596355,0.07175018632888008,0.23742,0.123165,2.334433384714811,3.019154681425589,1.2933137013864409,3.651500045848709,0.4838709677419355,0.08907618935699999,-0.14015119548926355,-0.50029533765444,3.4375,2.806536743647423,2.104941966892441,0.11867315083750672,0.555447696862015,-2.06431025,81.95454710889794,81.98054140241345,0.07635440104574007,-1.557536222878984,220.00815999999998,110.69156,1.3502174797389337,1.4955630593793903,1.1076460509669592,1.6408569416366636,0.12903225806451613,215065.89339625044,0.9299351012277698,0.7405936979049631,0.625,0.6048958071179604,0.9088113527530567,0.9958137811774272,0.0009328991073782638,0.04810580768212141,0.11824141584359363,0.08085656919871646,5,32,0,2022-07-12 00:29:17.574
N232,-0.0008236874999999998,0.10336216756852984,0.10336544947690451,0.007305201768364291,-0.17503173966184882,0.40785499999999997,0.220753,2.1356555901140255,2.796064979920378,1.309230286411065,3.5238244361853486,0.5333333333333333,0.170950658329,-0.07055419898600372,-0.5193855020313615,3.75,2.7787728783257966,1.637813654062747,0.022804725620529008,0.5749178357208978,0.008245062499999997,0.16916104888739486,0.16936186559055288,0.23999135544573147,-1.4026291335142806,0.518605,0.282646,1.6688880877311627,1.8189875805602405,1.089939819172139,1.9106106991624783,0.4,0.458935064261,0.305190224175415,-0.5647971108061415,1.875,1.8430361913237812,1.1815872882211527,0.01962741218418972,0.051102474377842905,-2.5174024375000013,149.38770048933566,149.40890995025626,0.06774950340069148,-1.4570453835595891,427.99298999999996,216.03587,1.445936993127962,1.6149971733248007,1.116920848557249,1.761069564602593,0.13333333333333333,357168.3579603805,0.9384450481741444,0.7819936118401141,0.625,0.7177539984746889,0.5744743827574167,0.8290300891589986,9.410939946284818e-05,0.6065619470390932,-0.14710814983095016,0.16250343795865185,-2,16,0,2022-07-12 00:29:25.707
N234,0.0,0.041630063412394655,0.041630063412394655,-0.29416206608282586,0.8176518932675205,0.23405900000000002,0.118495,2.846380482925714,3.7723997677249783,1.3253322211679286,4.563069401477501,0.3673469387755102,0.086653108986,0.2354229301888665,0.10343024929856846,1.875,2.043918978658772,2.171216397006964,0.30174469382356506,0.3496081317127115,7.999999999841467e-08,0.0669368487276896,0.06693684872773739,0.08957743928575439,-0.8494601271168953,0.256413,0.136249,2.0354857240768336,2.507551235399043,1.231917868908812,3.0183273674860827,0.6326530612244898,0.22402708587999998,-0.2815460612021822,-0.28004934815203897,3.4375,3.179866550584034,1.6872095073286428,0.03861348834466301,0.7923568028513048,0.8420802799999995,80.85038724067067,80.85477237717245,-0.004332453177305384,-1.555789356633415,218.35961,109.6871,1.356594011400219,1.5021622664376386,1.1073042146833378,1.6526380476984088,0.12244897959183673,326874.71080821846,0.9305931015858063,0.7412971359668311,0.625,0.6051841314116739,0.9024884386297768,0.9953542349962361,0.0009026291862220627,0.07836782659311027,-0.05572246185468325,0.05281772696499815,2,50,0,2022-07-12 00:29:35.745
N235,1.9999999999690403e-08,0.06630329791299676,0.06630329791299977,0.06903164341436108,-0.6843728104310292,0.284377,0.150327,2.2672627867961013,2.7508063373928646,1.2132719477480884,3.2224193484818198,0.40816326530612246,0.21980636570700002,0.09515339415620144,-0.08679400611449817,3.4375,2.3864519635253076,2.0848004013394874,0.1440468131194758,0.47927576192119264,-4.0000000000595114e-08,0.09299874788747642,0.09299874788748502,0.08924217789669467,-1.282923122652475,0.32138900000000004,0.171299,1.8419495304092364,2.0574202561833466,1.11697971210223,2.2324455981269202,0.3469387755102041,0.432438355432,0.44566813006873346,-0.5775236518608862,1.875,1.7755888513384166,1.1332781451828815,0.02839636257094948,0.006639266965677173,1.0350895599999996,103.0155236387705,103.020723745115,0.001062810389763813,-1.4292083390168921,312.20523000000003,156.51478,1.5192552945680655,1.6996249560590162,1.1187224175790882,1.8710230881973466,0.12244897959183673,530663.4760483652,0.9294183367939464,0.7395107041306141,0.625,0.6048537178548411,0.8954792921486469,0.9974714452668852,0.0005902731191727417,0.09956449929849986,0.05537675200913929,-0.04429476718053473,-5,50,0,2022-07-12 00:29:42.284
N236,-0.004834536585365857,0.09208882177499719,0.09221563771889472,-0.2114736883265121,-0.8057024928208172,0.38038,0.201495,2.1850415502653324,2.611499227104757,1.1951714267344888,2.9751155285047477,0.325,0.348652677436,0.2988083332786315,-0.264139333500599,1.5625,2.0678052729450074,2.1010232802631417,0.08294024699705738,0.29133638174837123,-0.009897000000000001,0.17338799488261764,0.17367022594104792,0.27230077771159067,-1.1990095871049846,0.614201,0.311891,1.7958806600843076,2.029747172289284,1.1302238603059502,2.234160973045744,0.35,1.2366152425149999,0.3789143944223909,-0.6013484898177965,1.875,1.8556406552014464,1.1972653797285795,0.007554442756085968,0.050497815642976604,31.924106341463414,171.11051334765432,174.06308150724797,-0.30119458753708167,-1.3582172311796172,506.67077,255.36516,1.4670839892568868,1.6268441363218762,1.1088963878243343,1.7753519145896266,0.1,1242216.210095753,0.9316661265152352,0.7461032272060525,0.625,0.6017829560572142,0.8771964394934441,0.9992495730866315,0.00020863519057938852,0.49577078436314675,0.011324786622787908,0.03484471649688971,-2,41,0,2022-07-12 00:29:50.008
N237,-0.0015713846153846138,0.07464787714693821,0.07466441463075864,-0.021209495417918778,-1.1215885655270856,0.261363,0.136968,1.8344481862926825,2.154491730917222,1.1744631148570785,2.5177898995069654,0.64,0.14494414511599998,-0.521012511840136,-0.21353580880829953,3.4615384615384612,3.388535097777911,1.199547440825464,0.024739012781960147,0.9275904650360809,0.0032554999999999984,0.06170822982406181,0.061794044278305905,-0.08866570582583225,-0.8839697369811463,0.227815,0.120535,1.9505925111025035,2.4011232124181627,1.2309712042629615,2.8945452906534883,0.56,0.099281101615,-0.06247865516595333,-0.4667226910782624,3.4615384615384612,2.6069684390741816,1.8427973633196124,0.022191201065304884,0.4918853034563505,26.54825534615384,87.83571981084867,91.76014132843572,-0.4533268736872349,-1.1536808644322825,266.8288,134.79377,1.468979537831515,1.64521122118566,1.1199687802420282,1.809732464603276,0.12,218918.01195197698,0.9213230344890104,0.7248498030209635,0.3846153846153846,0.509090123937682,1.0682597767851096,0.9776947008540966,0.0011007602989541912,0.5096829864431502,0.05833869338236619,0.025761336378133274,-3,26,0,2022-07-12 00:29:58.044
N240,6.000000000123961e-08,0.07525413654422193,0.07525413654424586,0.20765766273515407,-0.8703354566276889,0.296967,0.149703,1.9892992847241262,2.3507581160770727,1.1817015841349752,2.6552848533590825,0.7346938775510204,0.28315925335099995,-0.4227098617696869,-0.18013796323518283,3.4375,3.1620613607838846,1.6133744982859746,0.031090531866973477,0.7945649436404071,-6.938893903907229e-20,0.08714828686187698,0.08714828686187698,0.6808027768293486,-0.8678144424189798,0.298386,0.176248,2.02239202107712,2.3456785522826733,1.1598535436435178,2.5867276780907362,0.3673469387755102,0.379741195148,0.16181734795297864,-0.5210410372251689,1.875,2.2776035927111202,1.6337237272049332,0.016270739872870768,0.27048785558242316,0.29478513999999983,100.11466091844953,100.11509491128143,-0.009061188067984246,-1.4645475995707617,298.6087,150.02956,1.4985708212428013,1.666399138271745,1.1119922493150904,1.823432325732992,0.10204081632653061,501151.6114547444,0.9307415884506841,0.7460022343009368,0.625,0.601669312024926,0.9035445718448911,0.9962711225148506,0.0010955295272739838,0.15601344712141832,0.02202500984855897,-0.0010430566909476018,-3,50,0,2022-07-12 00:30:15.875
N241,-4.0000000001705336e-08,0.06452338714945458,0.06452338714946698,-0.18723191593716906,-0.9659643165069407,0.26246499999999995,0.134952,2.091520702212776,2.466415575453104,1.1792451171263563,2.7863242885626267,0.5714285714285714,0.208163374462,-0.22218151756526777,-0.15527464690203224,3.75,2.8385308194109333,1.8647161257266314,0.04583998544447261,0.6378768676677188,1.9999999999881224e-08,0.04738209421563804,0.04738209421564226,-0.17000048448510824,-0.6506807122181719,0.208457,0.107423,2.2671644590275712,2.74356434783808,1.210130273925891,3.1952718102762816,0.4897959183673469,0.112253142613,0.05004900262193898,-0.3328305047592293,1.875,2.6214632203043524,2.0726755933047074,0.05612967814045183,0.4556081610379008,1.3119338200000008,86.66880929127956,86.67873830597816,-0.009105025592142877,-1.5180980645481148,244.55991,124.36403,1.4347697305075184,1.5890419596808552,1.1075240339219914,1.7298092025535416,0.12244897959183673,375660.1837158123,0.923731273506244,0.7053268930548521,0.625,0.6016098175307139,0.9306531167515157,0.9955468168014667,0.0009296148635128814,0.5065192241284349,0.018908761636240418,-0.04103585399199447,0,50,0,2022-07-12 00:30:22.688
N242,0.0016866511627906984,0.08378781943581386,0.08380479388408212,-0.19311172286092104,-0.6523273997771732,0.328212,0.174419,2.0812532543335704,2.6055712545692926,1.2519241707581674,3.156168521896756,0.38095238095238093,0.30199946955199997,0.3106102114357356,-0.3939428673583164,1.875,2.1006645869519587,1.6870533471965568,0.025587001927206723,0.19603420705708882,0.005786325581395347,0.20382269074252235,0.20390480824457233,0.18311301457050347,-1.3743354587764576,0.6315820000000001,0.330662,1.6216488607928734,1.8356597429954022,1.131971160574116,2.0295579431695443,0.38095238095238093,1.787818345486,0.3482046522858711,-0.6059106152257432,1.875,1.8550228718164292,1.069412035846404,0.0021179681996849,0.03770772131848296,0.3149201395348821,173.1153046432165,173.11559108413064,0.013084955934626594,-1.4728292609290168,496.28454,250.66045,1.4479368867370481,1.6131166817006122,1.1140794163589545,1.7622110651301546,0.11904761904761904,1288667.3386855412,0.9328089499651329,0.7283845950178822,0.625,0.5925934380649883,0.9043440540256604,0.9992939227964339,6.507168040819288e-05,0.5040017940710403,0.05813851577703123,-0.0010646310291996782,-2,43,0,2022-07-12 00:30:29.999
N243,0.002580068965517241,0.0753543691083628,0.07539852584491429,-0.5569964752390993,0.23967259503516747,0.341086,0.191179,2.5355800774305886,3.3222222888028665,1.310241517660691,4.200093379125039,0.6428571428571429,0.164863193288,-0.09236122755736269,-0.23741732694225304,3.4482758620689653,2.714944607733789,1.8855283230315272,0.001524459908997883,0.5940356552432853,0.007687758620689655,0.1285202378679381,0.12874996378345657,0.4949630053402147,-1.2021674437050438,0.43616999999999995,0.265157,2.059472423976485,2.3367579412603967,1.1346391017698219,2.5623518707690383,0.35714285714285715,0.48072004205299995,0.285775944472254,-0.5731841149390503,1.7241379310344827,2.0206195160671774,1.3994214927001467,0.0027843567788880435,0.14841018625928856,-5.686007999999999,134.12843605528838,134.24890333113956,0.10706678550604676,-1.5060905054992428,382.44251999999994,191.38875,1.4256261708739533,1.5734144289077159,1.1036655057638034,1.7088690366568475,0.10714285714285714,522660.27332279587,0.9414265476708699,0.7668389832733631,0.689655172413793,0.593359509626522,0.8954968408314241,0.9349372318785109,0.00041464621424550487,0.2779264923917981,0.01029242626695977,0.00039145965024362124,-7,29,0,2022-07-12 00:30:38.043
N244,0.005208187500000001,0.057343113547115174,0.057579144560443926,0.007986223733461096,-1.1680533093563983,0.192881,0.103727,1.8014682363179637,2.0356963686654033,1.1300206840316986,2.1997169300777824,0.26666666666666666,0.053045726212999994,0.39895976742808453,-0.24385957288913854,1.25,1.7627466910618015,1.4071904298376188,0.0721743182924503,0.14020914770170625,0.005911562500000001,0.055769210282162814,0.05608164928644218,0.32700827451442543,-0.21228655391866225,0.223557,0.125485,2.2375411849796683,2.821000984939281,1.2607593566886297,3.398580307990615,0.4666666666666667,0.050322422187000004,-0.09335257248472224,-0.43535372776518644,3.125,2.748969425833479,1.6448438560760021,0.01954850181637381,0.5144058765241537,-2.6207053125,80.61861917669488,80.66120414605723,0.08470797516189209,-1.5378581540483438,216.61928,108.71626,1.3478135015582224,1.4925105866663915,1.1073569043052938,1.6236751736841577,0.13333333333333333,104099.67766867073,0.926657408618175,0.730505759444212,0.625,0.6796307501698019,0.7548029432366884,0.8316817159482739,0.0010572814793063925,-0.17737384214604945,0.19519711366697926,-0.1379217308806669,-4,16,0,2022-07-12 00:30:46.032
N246,-5.551115123125783e-19,0.043713329810482295,0.043713329810482295,-0.03932988331139318,-0.6924982667651758,0.173989,0.091873,2.1017158930310815,2.5141424446288263,1.196233255391596,2.853588173986067,0.42857142857142855,0.095542760156,0.14696197026072522,-0.23740547165900608,1.5625,2.1935671211039964,1.9686554303457828,0.029108050733274826,0.31796644196679313,4.000000000004e-08,0.053283072038672843,0.05328307203868786,0.35090443465762006,-0.1656324231238382,0.241132,0.125949,2.363771366421042,2.8974361569776432,1.2257683624303382,3.3073880845941575,0.5918367346938775,0.141954288294,-0.22683030114900182,-0.3785985644593062,3.75,2.7539172306277027,2.0352971992349183,0.030363136203167853,0.508250350506046,0.46907683999999944,81.54247230291585,81.5438214848533,0.0008095274702112289,-1.5633566787041193,221.00189,110.89398,1.359931114101618,1.503452055284108,1.1055354493284766,1.6445614377794335,0.12244897959183673,332469.74111768114,0.928237326002329,0.7363432412841686,0.625,0.6049404683515642,0.9186913198055416,0.9952942857903205,0.0010474114599838785,-0.03429593658111436,0.025479396281244265,-0.010922733412791293,-2,50,0,2022-07-12 00:31:02.945
N247,6.000000000214168e-08,0.09307652828149747,0.09307652828151683,-0.09606981396699592,-0.9891198429272325,0.35342700000000005,0.192893,2.0724129225853902,2.430712109821265,1.1728898634683707,2.7569984868544983,0.7346938775510204,0.4331620058470001,-0.3495616747174737,-0.1902994377741088,3.75,3.169675398790005,1.5404580700195454,0.031119112652221302,0.8014628294508116,-1.999999999613422e-08,0.1049541154605173,0.10495411546051922,0.5628938621336848,-1.18571629036716,0.32431699999999997,0.199601,1.9017929799530755,2.13296741085769,1.1215560438709362,2.306545188602014,0.3673469387755102,0.550768317605,0.29011657648369077,-0.6035841844338762,1.875,1.9964948805823823,1.2942936937750653,0.0019092261676158806,0.11266829587271823,0.7980541200000011,110.14441549885511,110.14730662146434,0.007535694840889585,-1.4287906052318478,333.98025,169.76955,1.5412955178598722,1.7200176538127667,1.1159557877655122,1.8799535150698787,0.12244897959183673,606621.4577981441,0.9286071383504122,0.7395511056277254,0.625,0.6053696667053121,0.8971477540953824,0.9964861412935601,0.0012406288670255387,0.1782370124697892,-0.0040757364539548485,0.023943684117893733,-7,50,0,2022-07-12 00:31:10.998
N248,2.000000000002e-08,0.08421891063329898,0.08421891063330136,-0.11939078491822365,-0.9201687775760847,0.29592300000000005,0.16162,1.9190464325015046,2.2823911867671587,1.1893360932346118,2.604394313734381,0.5714285714285714,0.354641245413,-0.30534470999305335,-0.08734286937684348,3.4375,2.7724509998230564,1.9029535758457412,0.11125003459371534,0.6468154875763024,1.9999999999326113e-08,0.0614970272746545,0.06149702727465775,0.6784487173237678,-0.5327256424130145,0.254586,0.15745,2.5602863581811444,3.0003357632019543,1.171875073120112,3.343666219337963,0.4489795918367347,0.18909421818099997,0.152676870762013,-0.4524125868666501,1.875,2.2021814583913164,1.909546637244107,0.05673418419450773,0.2558381288611769,0.6418491599999997,91.45666687590978,91.45891911888816,-0.00438555751881758,-1.4715594954080093,266.28962,133.33739,1.45789378755585,1.6217669133589703,1.112404022297024,1.77191933998376,0.12244897959183673,418236.6943197663,0.9257450284484399,0.7183372894607785,0.625,0.6039301009599386,0.9139206626388917,0.996069302446322,0.0008705725265061466,0.38859199742860917,-0.005521243501977663,0.040289120247760594,-7,50,0,2022-07-12 00:31:17.932
N249,-0.00024802857142856995,0.0719840196148664,0.07198444691796774,0.7628452227044055,0.9159686514265628,0.34990699999999997,0.218494,3.0352945581285367,3.7715355786772067,1.242559990949482,4.22503614252423,0.47058823529411764,0.181361620933,0.20232396481665404,-0.44741110538996776,1.875,2.2312927837370053,1.819752749904426,0.011361081622893942,0.29924013995162607,0.00011588571428571261,0.1856450556309419,0.18564509180076452,0.11858080197254871,-1.2798719960243023,0.6001000000000001,0.314386,1.693478653006356,1.9343314112212384,1.142223675383984,2.136423490150401,0.38235294117647056,1.20624350384,0.3728970287757507,-0.603148338225407,1.875,1.894076498870922,1.1643556277446825,0.003911355363063454,0.0665136215657109,-8.71051857142857,166.337587211152,166.56550078876117,0.08778656134091088,-1.4638981133339166,481.8446,242.99875,1.4588780320612231,1.631469541535426,1.1183042760814976,1.817529213872152,0.11764705882352941,971042.311855378,0.9301116642520292,0.7260175571801166,0.625,0.597843561852501,0.8869295802921247,0.9988970094672243,7.048844620532958e-05,0.5127822559676323,0.08293040150071834,0.004962980058803944,-2,35,0,2022-07-12 00:31:25.907
N250,-0.0026372608695652156,0.07577822300417897,0.07582410056548787,-0.17192842387007765,-1.0865924657792891,0.289327,0.157864,2.081976559203044,2.2989558408896786,1.1042179272996675,2.4236437004621165,0.7272727272727273,0.132233767211,-0.39205350307082726,-0.25627928519987475,3.478260869565217,3.031714155225142,1.6009624290537887,0.022222095450434517,0.7583947136211202,0.00039165217391304476,0.11497168790378019,0.1149723549853162,0.6190450607490384,-1.1368693319475855,0.34751200000000004,0.215147,1.8712933211420928,2.0600915063155174,1.1008918179958003,2.171004027559769,0.36363636363636365,0.30402877545,0.24060311631197517,-0.5480347945027627,1.7391304347826084,2.1597877152394154,1.3998398575707385,0.0016524519965493462,0.20259814930275286,6.972375217391307,114.43635800103145,114.6485675824706,-0.04270037078096965,-1.3824605469373463,355.55271,180.98225,1.5785827404238026,1.7713516366857294,1.1221151678183012,1.9507343215772572,0.13636363636363635,302318.76312038355,0.9172005401894852,0.6824017822170266,0.4347826086956521,0.6075617570947021,0.8185127648300975,0.9887536955609977,0.0011855777887803324,0.34956467928257695,0.03853160808566254,0.10431068436588956,4,23,0,2022-07-12 00:31:33.901
N252,-6.000000000117022e-08,0.07818959792821804,0.07818959792824107,-0.24297804613576132,-0.31586222303916767,0.344084,0.173148,2.214463363258467,2.8755200159430037,1.2985177644627302,3.6023008066834676,0.6122448979591837,0.305680661209,-0.22340681841052273,-0.3858818538187628,3.75,2.9002316938460893,1.996779941406634,0.008287025041827992,0.6281667571964361,1.999999999835467e-08,0.15659547431372212,0.1565954743137234,0.4920253569730396,-1.0221040076880046,0.5431969999999999,0.333346,2.128707751363073,2.4548529198850404,1.1532127499949805,2.736347803199576,0.3673469387755102,1.226107128777,0.3207821322631396,-0.600089431823433,1.875,1.9923637647168189,1.3250301146662835,0.002898604413859971,0.11101906514549002,1.4130353999999983,149.03924643032386,149.04594474711635,0.0037225689640144506,-1.4471744126939399,449.25946,228.25411,1.531434554541385,1.710146954078039,1.1166960736302391,1.8755881984336742,0.12244897959183673,1110734.6822780229,0.9293796916745248,0.7340461316854066,0.625,0.594819160209819,0.9082849209528755,0.9986327529610406,0.0005989969501348883,0.44998837205410114,-0.010074232818058802,-0.011592076823448346,-2,50,0,2022-07-12 00:31:51.200
N253,4.77048955893622e-19,0.04086637829463237,0.04086637829463237,0.33064281696472203,-0.3992122607304105,0.17530600000000002,0.088461,2.1646400706768523,2.6355571551320383,1.2175498323413818,3.0154930131614672,0.4489795918367347,0.083503043746,0.16326892870124204,-0.13568460636138352,3.75,2.4202001564755364,2.1369042972960863,0.06655438612800157,0.39808356493576724,-2.0000000000297557e-08,0.05111180108409016,0.05111180108409407,0.7244763663475902,0.2054057899764481,0.215212,0.130432,2.5518959855357215,3.328483038343189,1.3043176748618295,4.067607468103688,0.5306122448979592,0.13062081050299998,-0.18776211248778976,-0.4003677345342794,3.4375,2.7271540004037575,2.066913493360773,0.03784110192108641,0.4675580868518305,0.5543614200000013,80.06118790300246,80.06310714070403,-0.0004911188172441795,-1.5548422433213707,217.76047,109.18571,1.3637455989325458,1.508001782754371,1.1057793945841072,1.6445823083405264,0.12244897959183673,320505.0562511927,0.928618065249063,0.7390528243320853,0.625,0.6054864798287631,0.9110779719498753,0.9958368541959245,0.0009388299769712243,-0.0368997495053329,0.02047281298520526,0.031718121777323846,-2,50,0,2022-07-12 00:31:58.020
N254,-0.0030407105263157894,0.07146723556505416,0.0715318927459339,-0.09262743185449343,-0.4720045634820291,0.290575,0.155804,2.1781053739677034,2.761648569137629,1.2679132066539671,3.3735619864125717,0.40540540540540543,0.19443884383300003,0.038195033711952826,-0.45217532173998426,1.875,2.2139194910943303,2.0561891371877445,0.03676433570931362,0.32942485101037505,0.008101921052631578,0.15781861862483673,0.15802644560134466,0.14795454057799004,-1.3223510326817893,0.518254,0.279768,1.770387221805737,1.988233883774022,1.1230502905155906,2.1645042858323347,0.35135135135135137,0.9489495853570001,0.38014464632273653,-0.6268645373855531,1.875,1.9267571680937003,1.273986925581612,0.008616282948060227,0.08073766106352016,-4.860147236842105,139.66947679719675,139.7540116775417,0.07664641326297718,-1.3726923395765152,423.20006,213.16829,1.5253107044386611,1.7230425279295825,1.129633800454898,1.9022263113092475,0.13513513513513514,742184.9836387257,0.9220037916990959,0.7049374301592665,0.625,0.5957932314774532,0.8958094209210854,0.9991026206248201,0.00010159918827435553,0.5911148822989127,-0.0025363913110334705,-0.013103181613181934,-2,38,0,2022-07-12 00:32:05.948
N255,0.00041862962962962736,0.09138795509302661,0.09138891391657882,-0.5608693591069407,-0.02926644217713026,0.374339,0.228742,2.5029512902275997,3.326351767303155,1.3289718342863481,4.284000955322659,0.5769230769230769,0.225502206845,-0.22401951059227695,-0.37305482741920515,3.7037037037037033,2.4196719269734936,2.036862777925439,0.022054573690985062,0.3604718147615403,-0.004952370370370367,0.1393934808867139,0.1394814270288342,0.7262004824677232,-0.8717393642967766,0.435318,0.279346,2.0027469316201674,2.2870676464648483,1.1419653728365335,2.512275581636524,0.34615384615384615,0.525286849122,0.2624319528312746,-0.5375644073013597,1.8518518518518516,1.9181925936858948,1.1638864216067273,0.0030494085896232213,0.048876551317673725,4.7771317407407405,137.36093102898542,137.44397535293456,-0.039167696971659116,-1.4821175649441103,396.18103,198.27547,1.4425912048226175,1.6039122567806272,1.111827280950216,1.758748411744447,0.11538461538461539,510052.8517420882,0.9384650676803216,0.7490272853666831,0.7407407407407407,0.6011254771315226,0.8655446571101107,0.9591502383715595,0.00043486716873927626,0.4479880028149344,0.009758221364567811,0.06531477138556688,-2,27,0,2022-07-12 00:32:13.976
N258,-2.359223927328458e-18,0.04606763590027167,0.04606763590027167,0.34995618163679326,-0.03908304574627719,0.20623200000000003,0.11217,2.434898118992438,3.0753582023260533,1.2630336268848235,3.6395298233235573,0.30612244897959184,0.10611135387199999,0.3707128495158083,-0.12362146401063352,1.25,1.8716428898338815,1.8571681967078166,0.06974141269393053,0.20381319156109118,3.999999999976245e-08,0.0539895866914945,0.05398958669150932,0.1541984116173461,-0.41546512477698316,0.22009499999999999,0.116169,2.151692708147168,2.7029020441439795,1.2561747474022256,3.2288780603767977,0.6326530612244898,0.14574377355600002,-0.21629000328876088,-0.4036132949806081,3.75,2.8633993074827733,1.9953105621201643,0.03745309984831961,0.5496789216091176,0.9489272200000005,81.37716962117591,81.3827020835662,-0.005905562862037628,-1.5608002626870732,220.59229,110.82305,1.361751909959976,1.5060753626866488,1.1059836609525406,1.646989338953332,0.12244897959183673,331157.20992112457,0.9245193569302615,0.7112136646861186,0.625,0.5997090914823473,0.9315744831627585,0.9956934735542126,0.0009671320904609796,-0.13551581774572294,0.05650583216838191,-0.0013620871853142766,13,50,0,2022-07-12 00:32:38.608
N259,0.0035793333333333332,0.0748229852970032,0.07490854928422166,0.2043037623952396,-0.21767455744304476,0.328461,0.201536,2.690427219933499,3.378068213055731,1.2555880300449938,3.981979574734891,0.4090909090909091,0.252508084014,0.2098951651146308,0.040837084015819765,1.25,2.272035009193063,2.218967849965096,0.11927662189732756,0.41486926361591914,-0.00042326666666666653,0.12955920498184947,0.12955989638078597,0.48341339252985943,-1.140353704863364,0.45899,0.269374,2.0791464606323102,2.350568036053666,1.1305447117654286,2.58196409060307,0.36363636363636365,0.755359503759,0.349385616962719,-0.5931492378733804,1.875,1.8636280480119398,1.1803770721852191,0.004856621978730866,0.035564694901403515,-17.45617113333333,132.42139108554588,133.56699714999704,0.18163253260178097,-1.3153530794497243,405.55768,203.37572,1.5226494893166393,1.7257258046389752,1.1333703631381875,1.9137076861509046,0.13636363636363635,802806.4227450293,0.9219034262663787,0.7088946539639522,0.625,0.5990061190741489,0.8918505025353823,0.9986697954720726,0.00013470632392294007,0.31384369994667594,-0.010458270079345943,0.01524055149355203,0,45,0,2022-07-12 00:32:45.771
N260,0.008718875,0.08664888374596567,0.08708643887361281,0.07248615593165772,-0.6177392876269514,0.32000300000000004,0.173096,1.9876343807238637,2.4748328984523003,1.2451147567446519,2.898641574088365,0.41935483870967744,0.242689530742,0.20401330835032885,-0.3049356112472929,1.875,2.368397073354896,1.9777614547488263,0.05170357940840623,0.4059224313955611,0.012228874999999998,0.1886036581335563,0.18899969641543077,0.17248824560105125,-1.2471407364302685,0.624509,0.324721,1.7181032888341101,1.9848532544414865,1.1552583988058078,2.263976323943238,0.3548387096774194,1.143068327844,0.38070389228262635,-0.6059582838869525,1.875,1.901267010311867,1.1610376396680004,0.0010641355440679965,0.06116335233444541,1.8175879687499998,180.3446223899508,180.35378136040868,-0.03312109579318416,-1.4959079465400564,521.7177300000001,261.43745,1.4495811955146,1.605288054573644,1.1074150654967403,1.7545553943770846,0.0967741935483871,1040879.5664319391,0.9377945017579765,0.7674306999542136,0.625,0.5996246459291925,0.8791731004907734,0.9987764414287377,0.00020311920147102764,0.46913788800271644,-0.07568975288772076,-0.06267335381772858,-2,32,0,2022-07-12 00:32:53.644
N261,-0.005385157894736843,0.0589321716233012,0.05917770507369709,0.5918076739553861,-0.6727911336319248,0.201657,0.112694,1.9043320429485442,2.3299440905519777,1.2234967631718487,2.9033719543411873,0.3888888888888889,0.066538014778,0.2057665002911336,-0.28408094410452756,1.5789473684210527,2.259811980956483,1.5893551726459465,0.019629043542252474,0.3188464488347706,0.0034191052631578943,0.05176205474028526,0.051874855100875625,0.42444756868532857,-0.7749306379985272,0.18282199999999998,0.118448,2.2833413176705077,2.6370045756267317,1.1548884764705418,2.8927658091132478,0.5,0.051129011243,0.10097056089804467,-0.4881768505144508,3.1578947368421053,2.472707181463658,1.8566706312659154,0.05739589736272581,0.4827889355724624,14.865331368421053,91.34736177897183,92.54900637322545,-0.20436125931062363,-1.5235131849800978,241.88497,121.68468,1.3148134676808754,1.4540175814222212,1.1058736597723475,1.6119778076247566,0.1111111111111111,162741.0530327552,0.9349934641909678,0.7335519299826045,0.5263157894736842,0.4933080857493523,1.0037831455466446,0.8193211504789888,0.0010505897910867798,-0.04421166903094209,0.019385208255740687,0.1346721958179055,-1,19,0,2022-07-12 00:33:01.594
N262,-0.010516666666666667,0.0803941867457339,0.08107913134886013,-0.4057411820034351,-0.05198847207351376,0.331561,0.192139,2.369771318507117,3.0666490846989762,1.294069626359927,3.7699982782745063,0.7,0.138050336346,-0.20155257943085494,-0.2727736012366212,3.8095238095238093,3.217453723389593,1.6078912716253928,0.08467175348283386,0.7058691743032988,0.0052609999999999974,0.1363374970306094,0.13643896517333828,0.4661728197648919,-1.3098646323124457,0.41930999999999996,0.250308,1.8345785581266854,2.0605575946307964,1.1231776287273636,2.2421390047815333,0.4,0.39092741556899985,0.24710104341785039,-0.6266234872753367,1.9047619047619047,1.9459728856989957,1.244593958622009,0.011567417307045599,0.07140913674026449,-9.583417666666666,136.06510387491807,136.4021788193503,0.14624038521775365,-1.304158645999778,426.70518,215.90641,1.5828662846063795,1.7929029342727152,1.1326938678958385,1.979281951641322,0.15,390716.64211998635,0.9151774713524476,0.6911179560103048,0.47619047619047616,0.631594022880542,0.7014918575264674,0.9958423685572875,0.0007419484877879388,0.3350717652871835,0.06765989904963918,0.008702735282958571,-2,21,0,2022-07-12 00:33:09.576
N265,-1.200000000015078e-07,0.08032302203095697,0.08032302203104662,0.25682665375986313,-0.9070878085466312,0.295207,0.156843,1.9526531252693249,2.321408590290766,1.1888484238441375,2.653804925860955,0.4897959183673469,0.32258939341000004,0.09858236935888676,-0.413211076951161,1.5625,2.291587712337748,2.024708702431951,0.0284423874445853,0.3603888704779915,-2.000000000279556e-08,0.19122318783719613,0.19122318783719716,0.16880552995004952,-1.2676553671198239,0.600122,0.312851,1.6360515873543215,1.8668966887678045,1.1410989135047909,2.0581189485844393,0.3673469387755102,1.8283153783309998,0.35547930994717575,-0.610820861587697,1.875,1.9313205186394746,1.2697205461251444,0.004670128780072391,0.08681166119992667,1.0675243799999992,157.74104841437088,157.74466064867866,0.002384453534241546,-1.4417003665431867,476.62167999999997,240.64329,1.5255241541008426,1.7079273536372015,1.119567559154033,1.8899492041334602,0.10204081632653061,1244168.8981583393,0.93078851938608,0.7440552987237238,0.625,0.6024064329908256,0.8834858076582764,0.9985626693231319,0.0005740949427739459,0.5961410737478254,0.01921616844348834,0.0052242504575240245,-2,50,0,2022-07-12 00:33:34.840
N266,4.000000000031756e-08,0.06642257211760472,0.06642257211761676,-0.29872979465879396,-0.4525872594041802,0.295582,0.166489,2.506512390173511,3.126997936232825,1.247549363207561,3.8393352431605043,0.6530612244897959,0.220597904336,-0.22996213475904312,-0.35762024560550376,3.4375,2.7100783650511118,2.0566344836965778,0.02315866318602199,0.5635933398198523,5.999999999992123e-08,0.12919517397540978,0.1291951739754237,0.34245800713838176,-1.2681960735232956,0.440631,0.245011,1.8964408070428969,2.130915481945346,1.1236393321804037,2.321193513473026,0.3469387755102041,0.834569648927,0.38079856031239817,-0.6166758702825109,1.875,1.8813769023962745,1.1684491189201422,0.003685531948602383,0.042687560619761665,1.1640314400000005,137.59252390136714,137.59744766070918,0.005581606330933499,-1.4299243594320616,418.55638,210.58717,1.5304584029732184,1.710137725609299,1.1174022908999146,1.8802850455302558,0.10204081632653061,946652.88013708,0.9299975787238461,0.7451676231582519,0.625,0.6017125939264877,0.8966048561400091,0.9975518608990287,0.001037932633539237,0.34968674049344944,0.0057467072849768305,-0.03713317392433855,-7,50,0,2022-07-12 00:33:41.534
N267,0.004607846153846154,0.05875844695829435,0.058938844026059804,-0.41695559876931354,-0.47741391335176564,0.219538,0.119018,2.0193473755164963,2.425078446554464,1.200921879988178,2.7238850883052783,0.5526315789473685,0.13547770607,-0.06422910409749107,-0.10440406637624934,1.25,2.1028584179803174,2.2105081634537407,0.22257030648767173,0.34087153524224917,0.005323512820512822,0.06914449930728375,0.06934912813586865,-0.36443717107979773,-0.7173191730927271,0.25731,0.143926,2.075382976957122,2.504373082886239,1.2067040689319384,2.8871304570429985,0.5263157894736842,0.18756276135500002,-0.22692233803020298,-0.2895702902912564,3.4375,3.196908472411976,1.7108680400132394,0.038081377163946974,0.8188792201963748,-10.091810641025642,79.86612652458938,80.50119755665773,0.21638993729809158,-1.4944840044330368,219.58819,110.21568,1.3691185143230802,1.5201534175854559,1.110315434114957,1.6744948884830382,0.10526315789473684,252737.26951418543,0.92865694689093,0.731931905661873,0.625,0.5999650516756997,0.9264496374114353,0.9958737828502566,0.0010155997304693806,-0.010960884360131233,0.13069248633543112,-0.015082689863212555,5,39,0,2022-07-12 00:33:49.428
N268,-0.006668038461538462,0.07761930592889332,0.07790519488331758,0.0671995512147151,0.6988138225945515,0.385398,0.198366,2.546248684662203,3.3695050125927306,1.3233212580097,4.112338815735017,0.44,0.157799704135,0.3233395060499914,-0.34049235058656474,1.923076923076923,2.117030587639157,1.9737387011825893,0.051010489214366614,0.23589492897935696,-0.010572923076923079,0.1588535560176593,0.1592050217858914,0.28569049868586877,-1.234783728151837,0.5084110000000001,0.270309,1.6978672969470021,1.8878831688562028,1.1119144424601823,2.0205589970104025,0.36,0.659002213008,0.37490409518558654,-0.5900998112183133,1.923076923076923,1.884795515247279,1.2912563086607196,0.018019271953666424,0.07443824710424037,-28.742082846153842,146.40915919768014,149.2037171899776,0.2549802993888533,-1.3795796394028097,436.67619,219.40472,1.4705043824118478,1.6372084855423885,1.1133652542110217,1.7875758417940222,0.12,578805.4798059772,0.9291286754947352,0.7274457585449504,0.3846153846153846,0.5587787794406661,0.9683935686494776,0.9742342578110621,0.00013641698856978752,0.5448593708815842,-0.09813020024122489,0.03506932729637819,-2,26,0,2022-07-12 00:33:57.398
N271,7.999999999938611e-08,0.08862084661541889,0.088620846615455,0.4373857501082986,-0.2785496560785896,0.400736,0.239062,2.697581992613337,3.3386495801933957,1.2376452650319674,3.920869197530908,0.3877551020408163,0.392682722742,0.1758626521894997,-0.43962826168093244,1.5625,2.0230873650025836,1.8878100272175955,0.03349998119986167,0.22102598946528176,-5.999999999797834e-08,0.20094946507890088,0.2009494650789098,0.28364869176028557,-1.2673245331147414,0.6404369999999999,0.355106,1.7671408075684862,2.0147517505803307,1.1401195320437125,2.265248356188447,0.3469387755102041,2.0190343757749996,0.36679464820006163,-0.5987886272950452,1.875,1.9173154249234743,1.2041510325284948,0.0055040069645900785,0.07802511104694813,0.7394285399999996,163.02595736604385,163.02763425162286,0.0006448038020573036,-1.4436156659327222,486.30696,243.66131,1.4946012749220425,1.671304012393753,1.118227342928586,1.8352862541141068,0.12244897959183673,1328900.4764840456,0.9256195255552028,0.7085797653221524,0.625,0.5922524700908817,0.9148247163661677,0.9987366303742482,0.0004329591091220225,0.5251075827240459,0.03990168712791884,0.012709204150139522,-2,50,0,2022-07-12 00:34:15.359
N272,-7.28583859910259e-19,0.07316301524048882,0.07316301524048882,-0.12853625986614114,0.8049084911832942,0.39032500000000003,0.200362,2.7385694717666387,3.812755897001053,1.392243628036013,4.933182756764289,0.5510204081632653,0.26764133995399997,-0.01917527344462662,-0.3868779052732104,1.5625,2.461891009242827,2.080209728283441,0.03614560998675518,0.4638945719408615,2.220446049250313e-18,0.15916394223139863,0.15916394223139863,0.3976470294545982,-1.261572078008956,0.523511,0.280599,1.762955830737432,1.9722093208940787,1.1186946867915106,2.135287430833023,0.3469387755102041,1.266658025332,0.3802634007778241,-0.5947968199450242,1.875,1.9353430546970567,1.2415476747356715,0.00856939996058277,0.08396015816903743,0.08902802000000179,147.0540029412918,147.05402989053312,-0.007053985009163306,-1.4352703922259624,446.23559,223.64762,1.5208533908692137,1.7031913245414256,1.1198918546435304,1.8860757468090907,0.12244897959183673,1081244.3853522902,0.929409024407173,0.7360109723784943,0.625,0.6018025017443138,0.8870156732832304,0.9981835737140042,0.0005937801898650157,0.39469605517484396,0.01900523962201042,0.03283120294839448,-2,50,0,2022-07-12 00:34:21.987
N273,-0.0005091860465116285,0.0370621274444624,0.03706562506068844,0.012715819738119843,-0.821928309574917,0.149681,0.079016,2.131786523783835,2.5958723520320026,1.217698077678263,3.08585234143044,0.47619047619047616,0.059076004129,0.17418958360573228,-0.1501576598739646,3.4375,2.4068882452523335,2.2672349488799353,0.20121417329362132,0.4901942430779942,-0.0037696976744186045,0.06371342831757186,0.06382485071298549,0.2231322240694435,-0.8530461045775057,0.25563,0.132553,2.0768242858268278,2.358150311018988,1.1354597146769005,2.5422299174845735,0.5952380952380952,0.17516529744700002,-0.2841579635276334,-0.35902626971307905,3.75,2.6434438065852297,2.0101747229995413,0.049346197045889835,0.45707869207116425,4.499083837209301,82.69254239954523,82.81484362042123,-0.05133095537036352,-1.5637421651104206,222.50189999999998,111.54879,1.3469661370282815,1.4908408140520557,1.1068138782918442,1.6449004885062584,0.11904761904761904,294906.82792661735,0.9284939993629187,0.7231916923610211,0.625,0.5963450170293895,0.9411633245486186,0.9953673900702331,0.001097394957074929,0.11206826279261077,0.08006074815093644,-0.058557394517785695,-2,43,0,2022-07-12 00:34:29.244
N274,-0.0010775111111111096,0.0745889163984457,0.0745966988524887,-0.2694705427414334,-0.22600605454468647,0.347535,0.203923,2.733673247434819,3.3475878416978015,1.224574972462074,3.852461467477503,0.7272727272727273,0.250410036586,-0.325117303582759,-0.27274382045200757,3.75,3.002140816058931,1.872438355662412,0.01909320828942047,0.7112126390039968,0.0018135555555555574,0.1172153696185986,0.117229398439887,0.48758634868030154,-1.179119627825121,0.383956,0.223341,1.9051620410261254,2.204145801103834,1.156933506777552,2.515144349226825,0.36363636363636365,0.6184229336360001,0.29934738120826065,-0.5978865849275523,1.875,2.0786239911564985,1.4471939669748721,0.004245064793668401,0.15217112583567072,13.769855666666666,126.50118141852235,127.24840991290513,-0.15157114283055934,-1.410509817763377,384.32198,196.08536,1.5409651101668789,1.7181938490176887,1.115011519522085,1.8869644438831628,0.11363636363636363,728647.1021413229,0.9284716113987947,0.7290277766550216,0.625,0.6001068544561551,0.8834804355335196,0.9984800727617961,0.0005149240847843006,0.3981689861537436,-0.012658831394766897,-0.050656577528801094,4,45,0,2022-07-12 00:34:37.168
N275,-4.000000000038695e-08,0.045245125358632836,0.04524512535865051,0.09308701250288264,-0.8202518415448101,0.176033,0.089507,1.9782683612984393,2.424360452266315,1.2254962469677688,2.8791557360557496,0.3877551020408163,0.10235606843599998,0.09933574809207817,-0.2084556985324348,3.4375,2.5363138626146084,2.098702807177981,0.06084753795550519,0.5013764393230434,-3.999999999899917e-08,0.06578221294056928,0.06578221294058142,0.6339524555873709,-0.17392246836728287,0.268448,0.161647,2.457305596362494,3.122705980715943,1.270784547651879,3.718973974627959,0.6326530612244898,0.21636497696799997,-0.24585356136404665,-0.40778325628337225,3.75,2.891023579012983,2.013585126446442,0.03202616367229377,0.5656668956177887,1.0557939199999993,81.83912752073378,81.8459375543859,-0.0062518482547199,-1.5486282925134451,222.87944,112.25201,1.3715037466020783,1.5198635991783513,1.1081731296351447,1.6654096118908281,0.12244897959183673,334937.8747078218,0.9251856834575778,0.7160762207910737,0.625,0.5922201071980784,0.9410748486525867,0.995633173920425,0.0009722804065598945,-0.0033707002579213404,-0.03740506529403378,0.023419921290886037,-9,50,0,2022-07-12 00:34:45.928
N276,-0.002135893617021276,0.05973087786248185,0.05976905396412057,0.09000104905429546,-0.2380531748544943,0.29396999999999995,0.153607,2.570008889419773,3.1814758163419534,1.2379240513289549,3.7475718462184444,0.5,0.16789997115299998,0.08968033636678119,-0.02082183280582216,0.3125,1.9750587465349916,2.153499084076999,0.313301444681465,0.3503477801224707,-0.0034916808510638297,0.08704967367607365,0.0871196735661733,0.6155183857111861,-1.0391609398072557,0.301406,0.179271,2.0577556441810074,2.3148436772381897,1.1249361331041345,2.5202013429979258,0.3695652173913043,0.35672236354699993,0.25732001507007346,-0.53206112372615,1.875,2.022856992003661,1.2505050766483718,0.003433547732902354,0.13602711390260197,10.023739319148936,109.72753579556115,110.18442476913152,-0.08284743849935586,-1.3697482957638383,339.41560000000004,169.92488,1.5421860245315264,1.736486860710491,1.1259905310307736,1.9090210031023236,0.13043478260869565,570608.550700107,0.9198364573588633,0.6981171340237476,0.625,0.590975533164367,0.9256947341622405,0.9977467211494864,0.0005442964597550357,0.44778461786120793,-0.011692599113807258,0.004073912873580341,0,47,0,2022-07-12 00:34:53.056
N277,-0.021914406249999997,0.10692988935041134,0.10915238173205956,0.07328661599449647,0.14145574134245198,0.48934900000000003,0.254462,2.3312546731654233,3.0900119346006654,1.3254716312932842,3.832462370032305,0.41935483870967744,0.381255758009,0.09161637974439511,-0.3856613014881578,1.875,1.965320430597457,2.152349699434559,0.15525401246073192,0.24055610747164807,0.00020593749999999605,0.19977151222223502,0.19977161836910792,0.24849606925387702,-1.3439370429862136,0.614814,0.345864,1.7312969821417004,1.950567370911794,1.126650939169804,2.151886888208578,0.3548387096774194,1.2770783841859998,0.36578965797989976,-0.6137022684720075,1.875,1.8541440900090018,1.0926551040105534,0.005684153794169127,0.04137724782817219,2.5777112500000006,178.3061983184656,178.32482988656506,-0.012885653805264515,-1.5000106247308396,511.15364,256.39895,1.4378196808773014,1.5903571173122648,1.1060894063864053,1.7265103872470442,0.0967741935483871,1017591.8385303156,0.9366886961993383,0.7643115600143157,0.625,0.602145109974792,0.876915444752419,0.9992280961892235,5.911653474529386e-05,0.5632803612557523,0.009961785738745345,-0.05036567798787047,-2,32,0,2022-07-12 00:35:01.171
N278,0.01587304761904762,0.05204886844886501,0.054415423801747693,-0.49065241649118174,-0.6118622534926046,0.19531,0.102178,1.877739671242224,2.213689410133457,1.1789117757037026,2.5571625455048763,0.3,0.062181805298000006,0.2398387808419923,0.016622000513040015,0.47619047619047616,2.0795087659303806,1.8389047999509234,0.368100435017161,0.3742985582871133,0.006129619047619048,0.059499268037495494,0.05981417162066751,0.5194191735751857,-0.29222529936968433,0.215758,0.129181,2.1597055764517896,2.7990278520089893,1.2960228850302602,3.3780299550716735,0.55,0.07513243766,-0.12769069015721324,-0.32382469773503714,3.333333333333333,2.640560137616863,1.8770244569648986,0.02158676140734636,0.39207428826885143,-12.849894047619049,78.95141812221078,79.99028816389644,0.3089317324070151,-1.4189544178645386,219.70238999999998,110.67356,1.3835874646836492,1.5344106632384837,1.1090087922915082,1.6784554775543734,0.1,134367.370211407,0.9274752216565646,0.7273012718423437,0.47619047619047616,0.5694853136270258,0.9072077663387048,0.9944477162557617,0.0006678657790951516,0.2420020690602332,-0.18749760202784985,0.026604247355016295,-9,21,0,2022-07-12 00:35:09.147
N281,-4.000000000087267e-08,0.08911963400507433,0.0891196340050833,-0.5621170823052721,0.5075370679325824,0.425929,0.22797,2.5580221748553953,3.438090245457655,1.3440423930852006,4.2018102781511715,0.42857142857142855,0.39711545826,0.1713202972618236,-0.3830517009209677,1.875,2.193264327627716,2.010292203406123,0.053148012160158443,0.32027184367676426,4.000000000226045e-08,0.19057507734212886,0.19057507734213305,0.2877399076367114,-1.4225421436216061,0.591631,0.327945,1.7208178769947515,1.9066312593923151,1.107979690867734,2.055840097553049,0.3673469387755102,1.815943005198,0.3437755659451084,-0.592172942513007,1.875,1.890347271861991,1.1995432765020957,0.007491111286907362,0.06386187744716722,0.12341041999999959,184.6711837919139,184.67122502771946,0.004590343312622308,-1.4558075157595458,540.8693000000001,271.03701,1.4676732119977918,1.6426479252305108,1.119219123032534,1.8147308596614733,0.12244897959183673,1705173.0676619299,0.9312947999590278,0.7425383609380937,0.625,0.5986585921233818,0.8854703839122033,0.9992990044891638,5.695850304528121e-05,0.5080889177922115,0.0638572315178944,0.012619150075231183,-2,50,0,2022-07-12 00:35:34.214
N282,0.0004794375000000001,0.03493617051907322,0.03493946008246502,0.05049204317169155,-0.2955442870613103,0.163975,0.082208,2.3528697869391957,2.8710071484438946,1.2202150600857238,3.2704650722701283,0.574468085106383,0.058596761801,0.21153890115125576,-0.11712184244679857,1.25,2.129620010327715,2.3770761325192784,0.19764679389191114,0.343360815258755,-0.0007595416666666659,0.057474072761100406,0.05747909135756816,-0.038989641649868144,-0.7620599484094801,0.238044,0.122495,2.131122763197114,2.561765913006198,1.2020733658548288,2.949865724071452,0.6382978723404256,0.158584605278,-0.25706142678974897,-0.30948469778973214,3.4375,2.928633668755004,1.9176944855167724,0.026311890841586354,0.6128080117423718,-2.7533549166666664,81.42354439775076,81.47008374605748,0.07350329684913322,-1.5038264675576796,223.6307,112.82529,1.3848677307326305,1.5449142473982027,1.115568088644035,1.702560888178466,0.1276595744680851,318593.9781883018,0.9219304411575714,0.7065746410924563,0.625,0.6085066200525293,0.9175797386016082,0.9956037104544019,0.0011467845862953622,-0.012907817566957195,0.07065014175282577,-0.033720272288461015,-9,48,0,2022-07-12 00:35:41.235
N283,-0.010757999999999998,0.07746335017049265,0.07820681034050911,-0.27487445653176057,-1.0599934200691257,0.286863,0.16295,2.083578134570668,2.4814445986754183,1.190953464860934,2.8881611363878905,0.59375,0.20183807105999998,-0.33768756825864843,-0.14003251146724613,3.75,3.1928961309694204,1.718705134169457,0.09353317189809146,0.8159735563791138,-0.006107818181818182,0.04683259406908472,0.047229199762242616,0.4530627583245036,0.2311436415703647,0.20982,0.121305,2.5684322540009936,3.254852521717637,1.2672526272193347,3.84911559997659,0.40625,0.07360971123599999,0.11085549251105566,-0.3648927616315902,1.875,2.364459439182868,2.052323715799981,0.058884267553614256,0.30819932569426206,0.028646333333332934,84.03322775518545,84.03323263785158,0.01626450232844805,-1.5157150576843161,232.0688,118.4224,1.4092329460934994,1.5641358360447344,1.1099200032050327,1.7168611378035528,0.125,233032.27818972038,0.9224543252984738,0.6965859115446867,0.625,0.6038192737269658,0.9224358617828671,0.9962930050832539,0.0008176682341752746,0.43458023918608624,0.029251696172136826,-0.04170755261318096,-3,33,0,2022-07-12 00:35:49.315
N284,0.012361318181818187,0.11334855047169824,0.11402059498716569,-1.048660650143744,1.063965913949871,0.487815,0.31457,2.758887550406209,3.5558202231257234,1.2888601503900283,4.247519443167329,0.23809523809523808,0.286015313787,0.3960671153422111,-0.09820726488337544,1.8181818181818181,1.9189026305169274,1.9213504767025225,0.1865874618546384,0.20232734907276523,0.006647272727272735,0.2110321425542008,0.21113680736841522,0.1145164306314527,-1.4253454935969478,0.649713,0.331069,1.5680307196381615,1.7708666831349038,1.1293571362833688,2.0357289351424495,0.3333333333333333,0.980732531366,0.4205308200786108,-0.6053387308956953,1.8181818181818181,1.796162761850705,0.9780867324591072,0.002799962204432579,0.01673228602400978,-44.704632045454545,183.24861970749956,188.62280018869214,0.3786165960619577,-1.3070705786360308,534.78569,267.43999,1.4178561114163384,1.576809728361312,1.1121084259997231,1.7260900633289122,0.09523809523809523,782728.3365225121,0.9354087110144798,0.7500511508950526,0.45454545454545453,0.5203219579667373,0.9748376271545993,0.9956419321442164,4.155956011392056e-05,0.610182799983779,0.05077455122991535,-0.058226362431243454,0,22,0,2022-07-12 00:35:57.296
N286,2.5500435096859064e-18,0.08654506409749778,0.08654506409749778,-0.08072447981670386,0.09418221366277546,0.412839,0.208575,2.410016124836753,3.1370926404551165,1.3016894817115023,3.868001630773927,0.5714285714285714,0.37450240598199996,-0.010147503093127494,-0.14778678936593628,1.25,2.324739783003173,1.8949639636806486,0.06291255203221194,0.4278841675001086,4.163336342344337e-19,0.06138228615944505,0.06138228615944505,0.19263359028311358,-0.6150405534238934,0.27526,0.156582,2.550931380973114,3.016162014642589,1.1823767731031642,3.4094089448962057,0.3673469387755102,0.18838925270799997,0.30049088540485835,-0.31262176891613136,1.875,2.0654796161245423,2.193794681638741,0.16203342526964912,0.25546706894748067,-0.04896377999999913,88.95163212808163,88.9516456042344,0.0010201542593689837,-1.4864541882299225,257.51713,130.13007,1.462930439521912,1.6250844543623302,1.110841917332317,1.7774326047619133,0.12244897959183673,395619.7627850657,0.9256655106603259,0.7180922151886971,0.625,0.6031214503807174,0.9225894015035754,0.9963268409873302,0.0010205272597227973,0.2804607879581737,0.02850302757696676,-0.11377807163828399,-10,50,0,2022-07-12 00:36:07.998
N287,-6.00000000007886e-08,0.08626492643511847,0.08626492643513932,0.10639121286290551,0.16741394423916356,0.392982,0.204102,2.3659905413987663,3.0756920239241583,1.299959560322595,3.681400284432388,0.4489795918367347,0.37208187664299996,0.05631757023856879,-0.5021363073492886,1.875,2.4932996144706783,1.8959644865666907,0.01651514746938969,0.43930561460684875,-3.999999999726445e-08,0.19626589172425857,0.19626589172426268,0.2625091842554238,-1.1771983455345645,0.6675949999999999,0.363454,1.8518449477233812,2.122983436180123,1.1464153296365733,2.358575781796848,0.3673469387755102,1.926015012716,0.3440228439533842,-0.6018219735502491,1.875,1.931485539395319,1.2376049802960745,0.003843833951259105,0.08165989485330237,0.14343478000000018,177.7748834238773,177.77494128788027,-0.00011712200839755474,-1.4472792012686078,518.54259,261.2429,1.4695147589836957,1.6461205211111531,1.1201796450479997,1.812583453316599,0.10204081632653061,1580196.487495464,0.9315411415342411,0.7441059305147447,0.625,0.5993540027021516,0.881113195060202,0.9992103574088146,5.0497320816465734e-05,0.5919890310940031,-0.010915281929455133,0.017611398413131307,-2,50,0,2022-07-12 00:36:14.644
N288,6.000000000033756e-08,0.06099114953152138,0.060991149531550895,0.1156774702839615,-1.0671969572173887,0.217823,0.11048,1.811410357872471,2.130420781244275,1.176111625941284,2.455676107736075,0.7142857142857143,0.18599601605900004,-0.43248099052727024,-0.18301160812348186,3.75,3.3935407875595853,1.4342254541755,0.01816831817859908,0.8656336552555962,-6.938893903907229e-19,0.0547630508434291,0.0547630508434291,0.1045581549820788,-0.5180456098368613,0.24699100000000002,0.13753,2.5113648323430096,3.0130116182674427,1.1997506612595255,3.4637475409189133,0.4897959183673469,0.149949586884,-0.1450956521933964,-0.3475272028888918,3.75,2.854395535867971,2.0652244484098246,0.027105733263912423,0.563225506166782,1.2194683,91.06092177026606,91.0690868329381,-0.006714741128896214,-1.4882891458552368,262.50497,132.91766,1.45952556045534,1.6264586595809125,1.1143749062356214,1.783443674357307,0.12244897959183673,414678.928829261,0.9227812229913077,0.7031748997960859,0.625,0.5943803791035052,0.9432384044853108,0.9951239300498573,0.0012226450741391456,0.4876306748088521,0.04472278932769922,-0.0804620181069985,-3,50,0,2022-07-12 00:36:21.560
N289,0.006135861111111111,0.06704468784000746,0.06732487622817356,-0.11169627341404306,-1.0672912166129251,0.241132,0.123275,1.8310468122095545,2.1041207654089544,1.1491354297326113,2.3322809181318354,0.6285714285714286,0.163175002529,-0.11984443476829497,-0.04948687883007196,3.75,2.8722996056996597,1.7155936683716615,0.15750074623454113,0.7239765536508493,-0.0019998611111111102,0.04333358023657402,0.04337970286416602,0.6320254038214409,-0.5319236184961222,0.159547,0.091778,2.1156899181025417,2.531354938160466,1.1964678360951468,2.8786848160080014,0.6,0.06774475034100001,0.06070520955914236,-0.12377322810491563,3.4375,2.7404231370955867,2.0249706642257674,0.14273729912770955,0.6300624824567166,4.470160305555556,80.65444533581478,80.77822655632706,-0.0995468758666925,-1.512251875773028,222.02208000000002,111.45092,1.3797148656424727,1.5401203822883183,1.1162599031439384,1.7071792093461555,0.11428571428571428,234904.38788107084,0.9193998474475632,0.7138691327978689,0.625,0.6069258973916904,0.906397943542905,0.9951202375615104,0.0010934865964816495,0.4846792422798578,-0.004823406265479556,-0.2361240801179259,-6,36,0,2022-07-12 00:36:29.468
N290,0.0011648333333333337,0.08916064537379831,0.08916825399303648,-0.2471344789064887,-0.8944598552907959,0.316416,0.168088,1.8850655078782488,2.2557227450388333,1.1966283058129799,2.587194054384161,0.43478260869565216,0.190823460484,0.14476948473437656,-0.4937120711502076,1.6666666666666665,2.2654856721154037,1.7238406660355248,0.028454902023252546,0.293471584068817,0.009864916666666668,0.19436924987505882,0.19461942831545193,0.17702978827216512,-1.2813526411105958,0.633785,0.324137,1.6654914815319337,1.8955851241916835,1.1381535992295244,2.0847046523413444,0.34782608695652173,0.909041325068,0.34698597287118865,-0.6209638030287492,1.6666666666666665,1.841098206075401,1.0804466598521933,0.0035551990391622197,0.024794932609154528,-49.26677679166667,166.61388339548986,173.745219892709,0.47205035659737615,-1.1882126925614513,495.92429,249.17486,1.4341393688636168,1.5979572125919128,1.1142272831252809,1.7540124253192333,0.08695652173913043,724497.6344535792,0.9324653935218918,0.7518547626993887,0.41666666666666663,0.49154673558713297,1.0380119189200898,0.9901167706363398,2.6360004230194664e-05,0.6312044373015493,-0.06998834003009924,0.004102888742548129,-2,24,0,2022-07-12 00:36:37.428
N293,-2.0000000000436335e-08,0.08557469323684193,0.08557469323684426,0.41263469363590416,-0.6104168524009075,0.34961299999999995,0.202781,2.369637474933915,2.929478194867847,1.2362558517308835,3.441595036824701,0.4489795918367347,0.36615140612899993,0.21427294825705082,-0.4706884141637882,1.5625,2.010787156996626,1.8910605308761816,0.0437945903162784,0.20969956056339242,-2.000000000612623e-08,0.2001380105070988,0.20013801050709984,0.036133126576994606,-1.333264511457338,0.654334,0.333954,1.668618565528076,1.9102880665027402,1.1448320820391817,2.144508581935265,0.3469387755102041,2.002761162487,0.39476638606542785,-0.6224206246580161,1.875,1.8479031316822734,1.0665038032940515,0.0059457519532008715,0.03474057830805217,0.017628760000001194,170.54111925486924,170.54112016600777,-0.0023987945596208836,-1.4422005583866544,502.54958999999997,253.31035,1.4853329786588898,1.665282501138833,1.1211509641712931,1.8362188302099627,0.12244897959183673,1454213.6833738354,0.931253397612419,0.7418126662826299,0.625,0.5985433464319907,0.8883283647175882,0.9990898022492523,6.691778105573299e-05,0.5796336905552608,0.0004438037152565423,-0.03329298011484384,-2,50,0,2022-07-12 00:36:55.156
N294,2.0000000001962893e-08,0.08702267965386724,0.08702267965386955,0.07847905484228052,-1.2278744511077908,0.283582,0.146651,1.6852043695195384,1.9311028293064223,1.1459161062209866,2.144777870116491,0.7346938775510204,0.37864733870700007,-0.47510379818755955,-0.20317032592080628,3.75,3.311653040856329,1.395292350322439,0.0089129145903334,0.8576705520693086,1.999999999835467e-08,0.098317971768846,0.09831797176884804,0.6765938962965362,-0.960809880653057,0.328518,0.205998,2.0952222294039458,2.405642430712738,1.1481562179669609,2.6323730400388876,0.3673469387755102,0.48332117863699997,0.22411956595185084,-0.5490803555927504,1.875,2.1069248162656913,1.4611531121888706,0.00399588813747292,0.169533291722706,0.7900119200000006,104.29248700671586,104.29547912004499,0.00035209716350676683,-1.451562547667439,306.94809999999995,156.08181,1.4965347617833797,1.6652724425158383,1.112752262788322,1.813704232462927,0.12244897959183673,543877.348243987,0.9238979755621685,0.7054486421479622,0.625,0.5943913940622034,0.9288159378847806,0.9968307855693073,0.0010700101438886136,0.18881935203131778,0.007852663158449543,-0.009694758271657156,-3,50,0,2022-07-12 00:37:02.032
N295,-0.0076933571428571415,0.05406432245761544,0.054608961782188936,0.3042365526880412,-0.37145213948810607,0.23270800000000003,0.134726,2.4671042188526235,2.955383234124031,1.1979158446328189,3.3278850561787277,0.2682926829268293,0.12524982569100002,0.43550224177573205,0.06228340626704816,1.25,1.7016883755951335,1.8875236607405699,0.21277116537311447,0.14826109156057257,-0.0069523333333333355,0.052273490664219296,0.0527337914908458,0.1695937706914469,-0.13029082750895693,0.230017,0.115026,2.1812579135328756,2.755283473404692,1.2631626257080693,3.2844614491782553,0.43902439024390244,0.11679581613000001,0.20584210637607908,-0.16639227908430707,1.875,2.1323294376036452,2.2979237781651,0.1817890991842243,0.25604176172090737,-8.959018880952382,80.93402487926481,81.42837590463607,0.1683149762656172,-1.5335940450761332,220.23811999999998,110.71338,1.3596412647313603,1.5022003388099407,1.1048505056271205,1.6433678524844744,0.12195121951219512,278484.3769036021,0.9253363963645689,0.720297353191818,0.625,0.60445269613139,0.9132153075234948,0.995422020541311,0.0009896431074460836,-0.118136547180107,0.007134557577891469,-0.38967283798946123,-4,42,0,2022-07-12 00:37:09.360
N296,0.014473172413793107,0.08539632228940823,0.08661411305483571,-0.38453478406290215,0.26529450107551034,0.376508,0.199961,2.3086422402478908,3.0752854739727074,1.3320753732906223,3.900512840717006,0.32142857142857145,0.21755813282800002,0.1807148208228012,-0.39232954439978934,3.1034482758620685,2.265879875590375,2.186965990939379,0.09340671616479614,0.37515815740922387,0.0011863103448275867,0.1807052933394694,0.18070918729588137,0.2399599082973945,-1.2680684201221823,0.590858,0.310179,1.7164539592120087,1.95686695610424,1.140063760872794,2.1689350422268547,0.35714285714285715,0.9470185008209999,0.3703251865883673,-0.5982387019410391,1.7241379310344827,1.9096740311039488,1.2131906792739808,0.003045599043968847,0.07493981297129536,20.57342562068965,158.93064544205237,160.25671874338812,-0.21910531698757493,-1.401247853767408,473.88119,239.4698,1.494288675555951,1.6630478563136504,1.112936130426681,1.8203509118689982,0.10714285714285714,744784.2611695249,0.9296297205619544,0.7315103627107876,0.689655172413793,0.5808898070497289,0.9474925382292351,0.9362258739990402,0.0005263796854046837,0.6068396148028399,-0.19260504391239336,-0.021982217885419177,-2,29,0,2022-07-12 00:37:17.426
N297,-0.007284449999999998,0.08129226503208961,0.08161798555373687,0.14862225752854516,-1.0961159817227186,0.285126,0.155758,1.9083783916407706,2.2226994814918934,1.1647058524807956,2.5451446454657667,0.631578947368421,0.133229911317,-0.38745999537084835,-0.1864690101691246,3.5,3.191824461718939,1.3336205962934844,0.0792686466727546,0.7496676429457892,0.01023125,0.09017572135163378,0.09075427922610592,0.23654118414952863,-1.318439964810011,0.280278,0.171259,1.8870625325922536,2.107931498595914,1.1170437980665395,2.260888079817093,0.3157894736842105,0.16472678395700002,0.3668764297652983,-0.5569928131960822,2.0,1.957470753147429,1.259997573777887,0.021338295624002766,0.08348699915667954,13.90741685,99.69932448485726,100.6646489398166,-0.2763147464130853,-1.356178789692218,294.34995000000004,148.89004,1.4790697783987252,1.6458727837813927,1.1127756160113367,1.8045081135609988,0.10526315789473684,202667.43092353042,0.9267167267705364,0.7240198387432702,0.5,0.5889857909055749,0.8460978873968333,0.9975851254144242,0.0005443174722792351,0.053144780073894116,-0.08996081634640413,0.07106916854424133,-3,20,0,2022-07-12 00:37:25.356
N299,-5.551115123125783e-19,0.0850682054734905,0.0850682054734905,-0.29326267842545434,-0.7441264028554415,0.327587,0.185067,2.1755131540616754,2.6205705734621265,1.2045758347034263,3.0190295306120665,0.6530612244897959,0.36182997912399995,-0.25197470844269015,-0.33321247890920086,3.75,2.9087870661423363,1.9514872194925972,0.025976755571238175,0.6610015092039204,1.9999999997799554e-08,0.1406103955504699,0.14061039555047128,0.5842163149303458,-1.1100489713685733,0.484955,0.289371,2.057963060747752,2.316700892267416,1.1257252068585004,2.5032791637261473,0.3673469387755102,0.9885641668429997,0.2664267489251511,-0.5512333669690622,1.875,2.025531762911895,1.3231747225192008,0.003723535693303847,0.13108035747541283,-0.02898183999999958,145.18509349865644,145.18509639133302,0.0013879009961205741,-1.4377631611037276,439.52196000000004,221.81728,1.5278240364431899,1.7058829804306566,1.1165441436580563,1.8658997991071393,0.12244897959183673,1053935.6107080332,0.9260387419895212,0.7158144487292947,0.625,0.5919221632705107,0.925006869285966,0.9980944596474611,0.0008023893024451449,0.3486699800215655,-0.01440204584747885,0.0029563334944617916,-2,50,0,2022-07-12 00:37:42.318
N300,-0.0001271666666666678,0.03711727643470834,0.037117494275498535,0.3079058469940003,0.337546653714202,0.187919,0.09494,2.5578235237358258,3.268978874502349,1.2780314373400736,3.878805910228041,0.46808510638297873,0.066130002302,0.3319385890185827,-0.17412204228573974,1.875,2.1106483519547896,2.1514794950204803,0.10811746164957005,0.28267148937920666,0.0005402499999999991,0.0471266424331379,0.04712973898806711,0.13595897616307046,-0.8763438893895406,0.183764,0.093632,1.9866861563503866,2.3544607776369144,1.185119637598997,2.6705371835732317,0.574468085106383,0.10661819026,0.019340459784443948,-0.4374169600289557,1.875,2.3985253432348443,2.0515310265621354,0.04306393751405824,0.30994503721073663,4.9753315833333325,80.14578521623251,80.30006732432165,-0.06535243056867618,-1.5353223554884055,220.6594,110.7061,1.378655133038336,1.5291798973012567,1.1091823188089018,1.6734831157247658,0.1276595744680851,309508.8389899483,0.9177801317040907,0.6878432411886514,0.625,0.5978552249212985,0.9363531583041095,0.9954772146712985,0.0009635909426689058,-0.07438587908260484,-0.010576089556476717,0.06521344273445244,-4,48,0,2022-07-12 00:37:49.246
N301,-0.005581722222222224,0.08111031293539925,0.08130214319096664,0.7026616794596788,0.02597699200915793,0.339611,0.213999,2.632144634826516,3.1835561777973194,1.2094913538089622,3.6140735664795467,0.45714285714285713,0.23796138554799998,0.17384036292881205,-0.25874891550599904,3.75,2.6223676617805185,2.269112610964884,0.09030375491936872,0.5123696217346608,0.0024649722222222195,0.16477631949243024,0.1647947558435273,0.11353811124251306,-1.243030319076681,0.568299,0.307415,1.865441642402084,2.09274105937861,1.1218475088203983,2.283369062411515,0.37142857142857144,0.9776632159269999,0.36211961344037824,-0.6068396505448285,1.875,1.927532471402723,1.239733116532839,0.01631956207668762,0.05593106452078931,0.8113883611111122,139.7945956165966,139.7969503053637,-0.007346719875199679,-1.3416227247523105,422.06471,211.41257,1.5122831330597957,1.7246187779192617,1.1404073352519963,1.9274613817867807,0.14285714285714285,703554.7433284917,0.9236781380816694,0.7192598293460243,0.625,0.5978031319104318,0.8929586606956169,0.9988152990580625,0.00010084541313560627,0.4823007390962842,0.07852412097526891,0.0038645121963808452,0,36,0,2022-07-12 00:37:57.236
N302,0.0410024,0.10580592867386969,0.11347286613239309,0.12028021827609302,-0.12054597143875956,0.444946,0.276936,2.440548207153667,3.0818949687844293,1.2627879915466798,3.677838470412824,0.3684210526315789,0.257521826966,0.2559964733476726,-0.3448803883015833,1.5,1.8756197648903195,1.5839899859063318,0.19928532646486008,0.13158059732928423,0.014873799999999998,0.18266930163182868,0.1832738488849405,0.39338258703609796,-1.072793483914213,0.601553,0.338922,1.849265468379919,2.205029013539652,1.1923810027510036,2.616731114647318,0.3684210526315789,0.671786073702,0.28930514510879385,-0.613705680444229,2.0,2.102515257200516,1.3608619550537586,0.01000352378160503,0.1316455615002559,-38.18508920000001,181.47650084268162,185.45032055867625,0.2909105651274229,-1.448755488355288,508.50791000000004,254.41352,1.3718688608009382,1.5143615365186827,1.1038675632848411,1.658936099488844,0.10526315789473684,687836.4279063155,0.9407019761929976,0.7576402139404382,0.5,0.48192987342747384,1.0022001942463399,0.9977272291155352,5.366300400418735e-05,0.491786593260776,0.06691365574558904,-0.04072991188979684,-2,20,0,2022-07-12 00:38:05.247
N304,-1.1102230246251566e-18,0.10654231740731003,0.10654231740731003,-0.1001667231019279,0.7516950410885896,0.543856,0.277685,2.6063352736961174,3.469789087404923,1.33129038402044,4.201923006111435,0.32653061224489793,0.5675632699259999,0.4206127263569374,-0.004381865827565995,1.875,1.9923730776304447,2.2017117377011606,0.16754919905906443,0.28753141400955334,4.0000000000595114e-08,0.19767611270560334,0.1976761127056074,0.30976611435680884,-1.2584972163878514,0.667027,0.365141,1.8471680518312934,2.088006660742449,1.1303826193141369,2.2854119090658114,0.3673469387755102,1.95379227672,0.36553358886633297,-0.576275012525537,1.875,1.8930859274407412,1.1731681864197174,0.006903723021836356,0.06594998984987879,0.38249996000000125,179.81040639432803,179.81081322855087,0.017234982364037338,-1.458248993406535,537.82529,271.09471,1.507666336258774,1.6861304367475176,1.118371085297027,1.859726888695172,0.12244897959183673,1616596.4276956404,0.9271810709617401,0.7152953285193772,0.625,0.596991704473073,0.8968849381042541,0.999226430568631,6.056208888205258e-05,0.5029119687575926,-0.02085654739717564,0.034290950554768884,-2,50,0,2022-07-12 00:38:22.496
N305,-2.000000000002e-08,0.05420572985561213,0.05420572985561582,0.024620604333014745,-0.2941804364358065,0.264134,0.145223,2.6791079169456955,3.1783512397327276,1.1863468506174222,3.575780553641519,0.6122448979591837,0.14691305745900002,-0.13541310361030334,-0.27174277107212896,3.75,2.516145638940812,2.1612079443405396,0.10331880979575297,0.45230884687556355,1.9999999999742446e-08,0.06540010499272612,0.06540010499272918,0.0633406904949661,-0.6892038820425062,0.286375,0.14928,2.2825651429244056,2.739025275434605,1.1999768260394035,3.178802889737444,0.5102040816326531,0.21385868665299998,-0.08899866620138248,-0.6139101857863342,2.8125,2.6261304382304753,2.2073857511849204,0.05349389304116693,0.3525555044705411,1.3775805599999997,85.91770122029554,85.92874438265267,-0.003058004928239784,-1.5117632014632818,239.57935,121.71687,1.4164860766262082,1.580484685652792,1.1157784829182342,1.7434876231901166,0.12244897959183673,369187.4555589631,0.9249237896342235,0.7160804272357691,0.625,0.5915602461741305,0.9439998251925696,0.995408674302893,0.0011749893220181322,0.2221838374038249,0.0024928619197323327,-0.03013779921878689,-1,50,0,2022-07-12 00:38:29.302
N306,-0.0033410789473684215,0.07464869268689298,0.07472342422824811,-0.04742384005520767,-1.0370936938733302,0.265337,0.141013,1.8871324682507264,2.2254111211291985,1.1792553827405865,2.562539663328349,0.5675675675675675,0.21217642487900004,-0.08678454302767365,-0.08707201645809177,3.75,2.4720344906391643,1.771277775593639,0.05253195867289945,0.4918736829782485,-0.0012354473684210517,0.07246485306419694,0.0724753838197204,0.6318426782085118,-0.9658099227327877,0.265451,0.160082,2.2087775402224508,2.5407283560844545,1.1502871202812812,2.8249422370132664,0.35135135135135137,0.19960188787299998,0.30266109437460403,-0.4971126604942651,1.875,2.106707361760043,1.599712218675227,0.035893395782669195,0.17704110054079647,11.151920236842107,93.13417383289207,93.7994651397557,-0.19189534215315457,-1.41174936473236,274.90977,138.49546,1.4765058606000567,1.6445896774695459,1.113838909383793,1.795830515603836,0.10810810810810811,334336.90709916136,0.92856004815433,0.7282719625473193,0.625,0.5959939606304876,0.9320037441501173,0.9964215306708609,0.0007199522646919636,0.31223317131938805,0.08789094960217546,0.10402400558522637,-1,38,0,2022-07-12 00:38:37.296
N307,-0.00016891428571428642,0.03492266333761864,0.03492307183837887,-0.11052959119831869,0.05655144381776944,0.16291899999999998,0.089235,2.555187596697458,3.2505151742225546,1.2721238857075687,3.923960281824486,0.47058823529411764,0.042686733132,0.13918803967902296,-0.21881545644493447,3.4375,2.374909994024219,2.232829274981122,0.18780304292115654,0.45690092663931303,-0.002595714285714286,0.062390338435448445,0.06244431169244208,0.6107572466242576,-0.4440270402810551,0.236761,0.13674,2.189791132192915,2.708206955246313,1.2367421328143946,3.2063286844228225,0.5294117647058824,0.13647522219600003,-0.015067215451865656,-0.5579932573531385,1.875,2.463631308146484,2.139414920726855,0.03724606439888747,0.2793754891366118,-4.490069457142856,80.93500434327798,81.0594575097588,0.08724580684835138,-1.5758156027037602,218.95494000000002,109.64466,1.3526448778268694,1.4890295224712806,1.100828123390024,1.6241032639034771,0.11764705882352941,229972.2478121737,0.928770271966511,0.720352592501745,0.625,0.603175693924584,0.9041926891164928,0.9958547552542775,0.0007946004512174544,0.25414899350002434,0.05485238216685649,0.06142287435508773,-2,35,0,2022-07-12 00:38:45.418
N308,-0.015345565217391303,0.0779037105483575,0.07940072096047666,-0.050220634388217805,-0.8355485712422679,0.304881,0.170831,2.1515043935814466,2.5066559402656,1.165071262575002,2.7724163480544854,0.6363636363636364,0.145002913248,0.0033331101105014247,-0.0676408892807893,3.478260869565217,2.5663965381869382,1.8610675851996106,0.11494659551284842,0.5534223398342176,-0.007020869565217393,0.10609564084447759,0.10632768978799538,0.12515892788094113,-1.3257638493157626,0.34865900000000005,0.198059,1.862722686770547,2.060440117130572,1.1061443186171813,2.217645303948744,0.36363636363636365,0.26002828516000004,0.36611701212715725,-0.5756556961860579,1.7391304347826084,1.8848634467241727,1.1625763236589848,0.018756316425820443,0.0412517653309961,33.95799386956522,112.09801731533992,117.12860809245399,-0.48047818573630113,-1.225549570509236,335.06898,168.72122,1.4404783148009581,1.577369884362429,1.0950320238457643,1.6884977230040916,0.09090909090909091,315539.54917454056,0.9361477629898959,0.7626084919136953,0.4347826086956521,0.48327284813765264,1.0385346567647549,0.9924765096168363,0.00029984914884861186,0.28014346730209844,-0.04759482678311967,0.00024395721627913124,6,23,0,2022-07-12 00:38:53.456
N310,-1.0408340855860842e-18,0.0702649641514176,0.0702649641514176,0.032994904404876894,-0.5722058263866443,0.311693,0.171999,2.4478629154261076,2.964698509092714,1.2111374744106695,3.4211665346913067,0.7346938775510204,0.24685825936,-0.353878421933366,-0.15834488620483625,3.75,3.3732287641562833,1.6283974976180449,0.019999925782955917,0.8591095576916505,8.326672684688674e-19,0.07616620600581338,0.07616620600581338,0.28656552793181034,-1.156198027238575,0.26315700000000003,0.15124,1.9856575236064224,2.2673955594788047,1.1418865199677937,2.5062474368331835,0.3673469387755102,0.29006454686600003,0.3456664806520917,-0.4394743497371403,1.875,1.9227694348821618,1.6358610104832534,0.06202855614359557,0.08962066566518442,0.5513141399999998,93.92453356323988,93.92615158917744,-0.008784382148137914,-1.4586994766654378,278.11054,139.79556,1.488356092895728,1.6597182728804647,1.1151352023905359,1.8229314561093897,0.12244897959183673,441106.09761765704,0.9269541018581969,0.7220865148742783,0.625,0.6061527037841328,0.9073985374999721,0.9960768611125095,0.0008169743832983085,0.2603642085554154,0.11472211444987081,-0.016837843407622188,-18,50,0,2022-07-12 00:39:10.908
N311,2.0000000001685338e-08,0.09938394380753664,0.09938394380753866,0.3229866598719261,-0.28934666809140097,0.46964,0.25245,2.540148743632879,3.143739307612743,1.2376201651548242,3.722779377571031,0.30612244897959184,0.49385841433700006,0.4822044479803801,0.07382814967001804,1.875,1.9550487786960566,2.1193193709682387,0.20455303094938504,0.2798562325991536,-7.999999999785956e-08,0.20236454509314025,0.20236454509315607,0.11210133643158339,-1.3202631684055386,0.68526,0.363996,1.798714294702359,2.0206014797182674,1.1233587711341477,2.207095501497499,0.3673469387755102,2.047570455538,0.36631757433096024,-0.5910939439727564,1.875,1.8749472790317425,1.1621822924736183,0.007972245518187957,0.056643360289612435,0.8503535199999976,183.50843043905388,183.51040064071043,0.005051240894001887,-1.4516041515161897,536.3434,271.37152,1.4787800530789,1.6574202831830507,1.1208024342309812,1.840698370650972,0.12244897959183673,1683803.3571657026,0.9303322326294006,0.733188308565495,0.625,0.5937276540020937,0.9014274290005551,0.9993378545123028,5.647309727476741e-05,0.4804995744012522,-0.058348484245852344,0.021511208811014232,-2,50,0,2022-07-12 00:39:17.687
N312,-0.007730631578947369,0.08093107871985275,0.08129945982211949,0.14563354019268535,-1.2960789486275124,0.27693999999999996,0.140818,1.7320902292352875,1.9553410191292273,1.1288909700694427,2.171206434911405,0.7027027027027027,0.25116488236,-0.4640729101734028,-0.24883536679038418,3.75,3.2427872725602342,1.4814022380637326,0.021373905517113708,0.8046992722766525,-0.0036361052631578954,0.08871777911586876,0.0887922608831245,0.6068935080066916,-0.8829131690093046,0.309944,0.188878,2.127189893819872,2.4821307408250206,1.1668590322078713,2.817949350748352,0.35135135135135137,0.299594492524,0.281333391764053,-0.5588388028881864,1.875,1.9851277113322379,1.3570896640426775,0.002581647772522616,0.09559775671188664,4.725158657894736,97.70610264508129,97.82029246753169,-0.09101530072510573,-1.3790758712664497,296.82604000000003,150.60534,1.5396124485110145,1.7337068439792511,1.1260670473637366,1.9195496875534732,0.13513513513513514,363614.76550047065,0.9205917059628058,0.7068466253389739,0.625,0.5931803734487542,0.9378427262229604,0.9963308535721769,0.001067293952018578,0.08161594195336296,0.0087201785523009,0.019959646524319866,-3,38,0,2022-07-12 00:39:25.531
N313,0.01757858333333334,0.038013926970822884,0.04188156200227016,-0.37469032538509084,-0.7752257074962867,0.131062,0.075215,1.7958976791725922,2.0636248902546095,1.1490770961992471,2.2777378223591747,0.4782608695652174,0.042097565658,-0.05171646026657843,-0.07768173463818177,3.7499999999999996,2.4591528188727425,1.9516977307668195,0.24036083049947504,0.5194452780013639,0.0025120000000000003,0.04421890953257441,0.04429020325365419,-0.25653248319150823,-1.3369028817323916,0.14247300000000002,0.076378,1.7244897153118932,1.9124262132944394,1.1089809329182085,2.0551393640019495,0.43478260869565216,0.047078930502,0.1656086801894372,-0.39464422641012215,1.6666666666666665,1.910469159061425,1.7470523223243413,0.14263928283739288,0.14124050189987222,4.206310625,79.97629267278745,80.08683062000483,-0.07954943157250495,-1.5368255276432399,219.731,110.13152,1.3751514343544309,1.524654077061724,1.1087172212255136,1.6749081237494379,0.13043478260869565,153933.61053017626,0.9206863415249441,0.6847821154210298,0.41666666666666663,0.6171630095636087,0.7935645986427257,0.9798720142688113,0.0007752538332724703,0.1196796831820714,0.32894377041498685,0.09948123474519573,9,24,0,2022-07-12 00:39:33.471
N314,-0.020418882352941176,0.07326045619960603,0.07605277903612495,0.001974084255371845,-0.8220209723781062,0.272149,0.15425,2.0281967596046884,2.447811601819535,1.206890598867061,2.8300348522285232,0.5,0.098328428385,-0.0006010739048273217,-0.4125956892440565,1.764705882352941,2.1103416385424882,1.6226541553031328,0.09928111353241803,0.06709443853724988,-0.00010276470588235286,0.20439532514584097,0.20439535097956318,0.11892816063351612,-1.3233818963894495,0.63081,0.320142,1.5662880709650286,1.8008650244812316,1.1497661623456499,2.0251785056494374,0.375,0.7102168115349999,0.29964460841684537,-0.6274054471727928,1.764705882352941,1.8920322042926128,1.135833834454365,0.002728550054273115,0.03145277667553761,-0.6483225294117674,182.7518833291456,182.75303330574786,0.0070534944151535986,-1.4205714041457955,532.79955,268.03819,1.4666688981931648,1.6551277721170516,1.1284944912625168,1.8455176094877364,0.125,567777.4101016804,0.9341903368237082,0.7738816952016635,0.588235294117647,0.7069604445694638,0.5120168954666603,0.7985258715074917,3.466403928288418e-05,0.5637709235865538,-0.2543740172587071,-0.01948204946656693,0,17,0,2022-07-12 00:39:41.284
N316,5.999999999950489e-08,0.055319518453583814,0.055319518453616344,0.05957244714665388,-0.31031251973784624,0.243165,0.122029,2.2058941113581354,2.7508804106764706,1.2470591387465988,3.215257447122332,0.46938775510204084,0.15301245609699998,0.23640769000434783,0.0039068039300096825,0.9375,2.03793986291992,2.1521136953687794,0.2873064429622379,0.3320463435196282,7.999999999980246e-08,0.053848478804824185,0.053848478804883616,0.3772824207629279,-0.4860318260102581,0.223353,0.130525,2.423931054263365,2.992514872586844,1.2345709533789824,3.5622690859607475,0.42857142857142855,0.14498293348,0.11957322387303757,-0.3640238349605517,1.875,2.290693609764972,2.3850716960860026,0.17081967551510965,0.28154674607034835,0.5717086799999999,80.75648517449333,80.75850883066718,-0.0005570692604765859,-1.5656674378942026,219.45419,110.24679,1.365141476685302,1.5079096888871282,1.1045812574301686,1.6531394496517917,0.12244897959183673,326096.83742764744,0.9259468109436029,0.7216667341936607,0.625,0.5996179120609163,0.9286635115173241,0.9958150653791977,0.0008288746035797612,-0.016787558793784952,-0.10939285114277718,0.007574522921629059,9,50,0,2022-07-12 00:39:51.184
N317,4.000000000004e-08,0.06941730122612373,0.06941730122613526,0.3192724527459209,0.135124675173397,0.326701,0.169984,2.448726715062813,3.172088961211031,1.2954034199482576,3.815611475096222,0.5102040816326531,0.240938085476,0.02571599299156523,-0.402505795885675,1.875,2.4652490117966592,2.0893797005915005,0.04693989705153777,0.4626901770087647,-1.9999999999742446e-08,0.16647458886490635,0.16647458886490754,0.04938283978902562,-1.4676801296624675,0.5200929999999999,0.26946,1.6186254120661265,1.8109968762891402,1.118848661826863,1.9955563639371592,0.3469387755102041,1.3856894368869999,0.4131361731727636,-0.6112744601866335,1.875,1.862213255047029,1.1396276997845567,0.005308790502583792,0.04375095926094549,0.9828326000000004,149.28267876092957,149.28591406411564,0.0019598560448042565,-1.4544014925068312,436.46495000000004,218.74895,1.4653020103829169,1.6397459060275326,1.119049789332528,1.811293965884685,0.10204081632653061,1114314.206897926,0.9316208880146003,0.7445765566757334,0.625,0.5993543338782273,0.8803663647590363,0.999311294045938,9.744918898286425e-05,0.5228527248189416,-0.01957651239932013,-0.02781525201561378,-2,50,0,2022-07-12 00:39:57.839
N318,0.004496214285714286,0.08881415524097704,0.08892789277876446,-0.43450545366570076,-0.4554923467323664,0.374533,0.220069,2.474690371304417,3.0155732931382957,1.2185658974172102,3.5236229008466196,0.5121951219512195,0.332143144791,-0.0803043072577957,-0.4107676823426014,1.875,2.4337659962060623,2.0945712465431208,0.07341512875961512,0.42883206086165393,-0.006067309523809527,0.16547652305682403,0.16558771671785721,0.5817721539685705,-1.0083603030816668,0.583422,0.333493,2.0139960053210615,2.301044814884969,1.1425270004535821,2.560337678416778,0.34146341463414637,1.1516102609689998,0.31099333663207945,-0.5615853699153689,1.875,1.9584148715294345,1.294414103850151,0.005573517316214369,0.09235046989062459,26.74436302380952,160.40338374266423,162.61766961079508,-0.24312619894364412,-1.3574823837471264,489.11636999999996,246.91322,1.518366488653759,1.698765125191321,1.1188109971377926,1.8684725719624977,0.12195121951219512,1110669.2717251198,0.9282846598047224,0.7330522501833242,0.625,0.5978090554762675,0.8987073724749752,0.9985538574281329,0.0005920807474917843,0.39660349787021604,-0.023734471357246795,0.002594379563159024,-2,42,0,2022-07-12 00:40:05.260
N319,-0.009168870967741936,0.03790325697448272,0.038996475277860355,-0.15837641106783779,-1.2307681838806925,0.122638,0.073687,1.8895810320025168,2.211149948551953,1.1701800087443976,2.4919754447144555,0.5666666666666667,0.047142477606999994,0.1088963554351801,-0.29413405728658976,1.6129032258064515,2.2218102927419627,1.9918883134162426,0.06114931943070782,0.3326167720003722,-0.011529290322580647,0.0563801988119677,0.057546949123470956,0.023418713582512497,-0.36054446139648677,0.239179,0.141398,2.45708942270112,3.0270375163494374,1.2319606638580387,3.507156349660254,0.5333333333333333,0.102661191956,-0.200473333609849,-0.37869064107149114,3.5483870967741935,2.768069326086626,1.996472597697083,0.061105753240315724,0.4918635657962792,0.11419451612903277,84.52790964212636,84.5279867786699,0.01636823967166632,-1.6420272538366496,220.92726,111.47667,1.318813735525172,1.4315407851938244,1.0854760961552792,1.5361187657688444,0.1,221494.3970145048,0.9416546603303706,0.7779108643034024,0.6451612903225806,0.6052074733287771,0.9002648826390588,0.9952718498553084,0.0007535149542653013,-0.07563968204548166,-0.006008912727029698,0.05848112619679933,8,31,0,2022-07-12 00:40:13.200
N320,-0.0014479374999999987,0.058618938145522506,0.058636818060946144,-0.19190856166417342,-1.0241884390288634,0.205585,0.110243,1.8800986077623658,2.1733491539541077,1.1559761519853258,2.4275427916359877,0.7333333333333333,0.055012422916999995,-0.33367287005449836,-0.3308526742625597,3.75,3.181211749052795,1.458378618551949,0.10146617462605916,0.7975463442341911,0.0203849375,0.10581205218302683,0.10775776567868554,-0.1276276570700061,-1.1781631664844228,0.372625,0.204575,1.8984710634220665,2.097015475195162,1.1045812156942816,2.2238269687221774,0.3333333333333333,0.18578777702500002,0.4361917030975735,-0.6082717516191326,1.875,1.7853950900496696,1.1231454722509222,0.03538926266678477,0.01538987629437277,-2.838201875,111.69753285091289,111.73358597514006,0.06301187866546838,-1.421871519162774,326.60322,166.03353,1.485976920466343,1.6669258706552712,1.1217710367480949,1.832672275195139,0.13333333333333333,199750.30775782425,0.9335485423518431,0.7734876333719306,0.625,0.633121304517037,0.8737856676817031,0.833169534442735,0.000906250941018834,0.22930125251315117,0.031942134510857506,0.21337772430175295,-8,16,0,2022-07-12 00:40:21.200
N323,-1.999999999835467e-08,0.08919541328375355,0.0891954132837558,-0.08054321805507436,-0.6801894417646732,0.380448,0.204761,2.295644949237439,2.8020625356653635,1.220599264096194,3.2814248939551267,0.40816326530612246,0.397791087543,0.2073868765596318,-0.4324887239625394,1.875,2.2012350962287237,2.066530678751909,0.05218237439114545,0.2934650856188657,-6.000000000394579e-08,0.2030380249493587,0.20303802494936754,0.2522400799389675,-1.2721659113538124,0.6999409999999999,0.362432,1.7850449446126222,1.994106022273694,1.1171181029878443,2.1567580463312033,0.3469387755102041,2.0612219787669996,0.3747392614339798,-0.6115725348156736,1.875,1.8772771432235333,1.1592098628667578,0.006001978094293408,0.050246650125031295,0.6921053999999998,174.38817085261516,174.38954424851738,0.0025425915370378615,-1.451218052024587,519.39684,260.30603,1.492669936845787,1.6680614421708584,1.1175018676236605,1.8308887621369563,0.12244897959183673,1520585.65716028,0.9294258666205878,0.7345783998044366,0.625,0.6008719305528857,0.8847307554092435,0.99860711740025,0.0004754622882863363,0.523965943548265,0.06821093264564856,0.013219783394375063,-2,50,0,2022-07-12 00:40:39.236
N324,-2.0816681711721684e-18,0.05826497679395401,0.05826497679395401,0.07496669391726592,-0.7656107569885133,0.251123,0.148881,2.555240011962881,2.932723522144199,1.1477291794172177,3.216374661528589,0.5510204081632653,0.16974037603999997,-0.023154781773212656,-0.17870026580326218,3.75,2.7269001654794196,2.052927063757621,0.02720561578943074,0.543551432815312,-9.020562075079397e-19,0.06428771696832919,0.06428771696832919,0.2900814528298559,0.769080674664719,0.32493,0.166432,2.588861571830142,3.436848487251413,1.3275520501553137,4.120418353666201,0.5510204081632653,0.20664552765,-0.15403718024784194,-0.5673720189323401,2.8125,2.8745317785535263,2.0209591369447724,0.020812516268290625,0.4224193352856687,1.3988901800000009,83.29059744038625,83.30234399890664,-0.010758103058305006,-1.5264979781255594,230.02306,116.46177,1.3980611398105267,1.5569745959952634,1.1136670290444335,1.719811724619233,0.12244897959183673,346964.02578560886,0.9282914356218533,0.7351857389044903,0.625,0.5933687576199679,0.9376651212087053,0.9949699028775411,0.001188139799626407,0.2461096038649476,0.056103571073628254,-0.08062568583384556,8,50,0,2022-07-12 00:40:45.865
N325,-0.0007763636363636362,0.07773378898788623,0.07773766584422953,0.16134286756686642,-0.729695383123198,0.314542,0.164068,2.1105341692244646,2.4885764596056608,1.1791216156998356,2.7887746039375956,0.6511627906976745,0.2658983664,-0.2514987523690574,-0.052116618864882364,3.4375,3.2751024877650208,1.3347618940508856,0.046424977418511766,0.8880103726440652,-0.0006022272727272734,0.07956472047872373,0.07956699958239882,0.43902155749622956,-0.9113657803055193,0.299057,0.177908,2.235952102426084,2.5595126302325157,1.1447081659107803,2.829776047510763,0.3488372093023256,0.27855992659199996,0.44679365636264096,-0.4699002647056936,1.875,1.877731151624435,1.353612639953346,0.025452717899017076,0.07235113301507932,12.83711606818182,92.98988291043283,93.87177356715904,-0.18094936367056552,-1.3947608452448201,279.72702,141.59991,1.5084397004462118,1.6769511422986016,1.111712415022319,1.8182152332753385,0.11627906976744186,387724.0343963351,0.9247618850389829,0.7182791642848371,0.625,0.5997852899269052,0.9206743307175522,0.9968736486742885,0.0007392463840227424,0.23522638246868577,0.09704951561348098,0.005383452726701818,0,44,0,2022-07-12 00:40:53.176
N326,-0.02276556666666667,0.09174404387703988,0.09452640166941015,0.20990796380672197,-0.17221680975409637,0.392051,0.206777,2.187505250894528,2.807902109012495,1.2836093115041758,3.410098887330482,0.41379310344827586,0.268057218377,0.09017754533974096,-0.48131275342877444,1.6666666666666665,2.3323872158254386,1.8584304385616748,0.029411038710602425,0.3110339609950446,-0.0002248666666666686,0.19030098889246186,0.1903011217477886,0.20267693733109748,-1.237847503995153,0.6324559999999999,0.339989,1.7865843189857646,2.041465098824118,1.1426637282829437,2.2658517504488187,0.3793103448275862,1.0864355081539996,0.3649664228027207,-0.6016709166605541,1.6666666666666665,1.833912094584203,1.0268542004191406,0.0026972534219691494,0.027589727513978406,-12.211149299999992,179.42745178220216,179.84249392254702,0.15507496820280656,-1.4547594836833764,512.45958,256.61972,1.4269137087840802,1.5874947842003526,1.1125373415559296,1.739169481943408,0.10344827586206896,970299.6786084408,0.9364421581257594,0.7526371013542029,0.6666666666666666,0.5922580650179465,0.9047063636029707,0.998916580907216,4.0578278697768256e-05,0.5708099557209967,-0.0947715282340576,-0.03452591026831996,-2,30,0,2022-07-12 00:41:01.166
N327,-0.00652142105263158,0.050986482991305794,0.05140185191574737,0.466356832720246,-1.0099152241773113,0.171435,0.097369,1.8942702718103863,2.1400844692101515,1.1297672254365458,2.346000240760557,0.5,0.050200857227000004,-0.13206752879334732,-0.30894765141014213,3.6842105263157894,2.806452656532803,1.7357455714561727,0.06159038032347892,0.5654362223333614,-0.005052894736842106,0.051015854740818455,0.05126547746932524,0.2792766384997952,-0.7324230000844478,0.182039,0.092011,1.7947945584834333,2.1517663175592925,1.1988928244676056,2.444958665149563,0.5555555555555556,0.04993483442299999,-0.3042318734918566,-0.3303977811149189,3.6842105263157894,2.9853377164004673,1.618245614505097,0.002248800566399336,0.6447671345785886,1.8024331578947368,82.2780471927695,82.29778742556987,-0.049871399228567224,-1.3604287004058762,237.29661,118.74939,1.442923239065169,1.6546725532247955,1.146750227889332,1.8617866885702101,0.16666666666666666,128685.5904877414,0.9180233198172375,0.7187948179426242,0.5263157894736842,0.6765784174767416,0.6419583439902457,0.7289381588018966,0.0016270999435577336,0.45048419106497883,0.25023124288927384,-0.015471354876819055,4,19,0,2022-07-12 00:41:09.181
N329,-1.457167719820518e-18,0.08075172274694825,0.08075172274694825,0.3958899807335925,0.9450051710486935,0.425657,0.217762,2.696685502083974,3.697697654184222,1.3712009247376733,4.658954856355206,0.4897959183673469,0.32604203633,0.1944578494087909,-0.24188772194532,1.875,2.3938456332751668,2.18343033536807,0.07496832380772918,0.4368814716011585,1.9999999998632224e-08,0.17352448045558183,0.17352448045558297,0.15268364457072833,-1.2622375775306247,0.571841,0.288184,1.6607685511772294,1.902797187929548,1.1457329117779582,2.13693953380437,0.3673469387755102,1.5055372658689998,0.35206929870136744,-0.6106831197947289,1.875,1.8843669881693854,1.2170051579539725,0.0019399343216317385,0.058802250951617015,0.6594824599999987,152.69359059179365,152.6950147350245,0.012129086160983644,-1.4459014679151774,454.1083,228.28606,1.4950459279639912,1.6718289934781945,1.118245909511926,1.8369444076873525,0.12244897959183673,1165788.3762464675,0.9286665819756126,0.7303593669245486,0.625,0.6006477004387789,0.8850133998140213,0.9988756649242283,0.0002669569195895293,0.46810488845893594,0.015766318723157154,-0.017702484258841186,-2,50,0,2022-07-12 00:41:19.199
N330,-1.9999999997868945e-08,0.06866789410386487,0.06866789410386778,-0.546497104335045,0.03801006490035741,0.308559,0.16932,2.465781166142721,3.138420817524147,1.2727896784261887,3.744717881790276,0.46938775510204084,0.235763984033,0.05041731916172535,-0.4236979185754063,1.875,2.5623204895560643,2.083658645177124,0.03133058987568412,0.477001728399471,3.999999999976245e-08,0.14418566511383302,0.14418566511383854,0.3416150327457475,-1.3067732372402405,0.467641,0.263861,1.830008550376173,2.031525247299112,1.1101178991111904,2.185502977968769,0.3469387755102041,1.039475301216,0.388629206803195,-0.6131452937175503,1.875,1.8588869003050525,1.1144163703758927,0.008284131429976336,0.042273230897399545,0.29483747999999993,144.88305314905585,144.88335314635617,-0.00019309054307173497,-1.4407846591674986,437.10774000000004,219.66627,1.5161594843687853,1.6931764383696608,1.1167535182320032,1.853964254679554,0.12244897959183673,1049559.3009465877,0.9260861464248661,0.7156972239493637,0.625,0.5933610531244558,0.9234831070864367,0.998034417050917,0.0008330566393175163,0.40319531757547283,-0.02123200938721072,0.019293571973005977,-2,50,0,2022-07-12 00:41:25.865
N331,-7.2857142857143855e-06,0.04205621597241444,0.04205621660349395,0.1701925488745991,-0.29584731569355327,0.17694100000000001,0.097108,2.3090046571600653,2.869282590710318,1.242649113683192,3.311211317522984,0.5365853658536586,0.07428646491,0.01586691337935685,-0.21089236435495484,3.75,3.0395556749722603,1.9409228870499402,0.028111929734109514,0.6856137111204931,0.0005122857142857141,0.06796788866890632,0.06796981923443599,0.4803907486018842,-0.5463098382497611,0.269606,0.154568,2.2740681340769293,2.730090962996606,1.2005317352132818,3.128919620698589,0.6097560975609756,0.19403564572399998,-0.28739308458900964,-0.3948902651569545,3.75,2.91380970674604,2.047135631356019,0.03168498267976886,0.4876373647208439,13.918739357142856,80.01815859068611,81.21968363356429,-0.26424559071516407,-1.455359457826144,221.88106,111.27283,1.3700229429854138,1.518293393626181,1.1082247938984668,1.6637229587166735,0.12195121951219512,277058.7544005234,0.9262610237525644,0.7287656860842091,0.625,0.6036868821662965,0.9162652196257536,0.9956278552968911,0.0009497075779480426,0.10818429415586892,0.13644120294274845,-0.007869878183001432,-2,42,0,2022-07-12 00:41:33.240
N332,0.0168668,0.10498365367408395,0.10632994160160159,-0.05138280801924138,-1.0033662969512216,0.388656,0.214168,2.0141833689935376,2.4185563284849576,1.20076273377904,2.853480966308493,0.4827586206896552,0.33918169443000007,0.12871665169657398,-0.38607556946826144,2.0,2.539660316456562,1.9979829685435582,0.024855043850068474,0.3841727488507112,0.004947766666666664,0.17785876888919167,0.17792757533830067,0.1589463538408164,-1.1291560593412597,0.638621,0.329617,1.8525346584040516,2.1526893841183345,1.162023811188971,2.450690617767261,0.3448275862068966,0.949746661973,0.3751543472243108,-0.631697882308877,2.0,1.8687595887320616,1.13504660552892,0.013545130575714617,0.01295541982948252,-2.0104217333333296,141.61774925745195,141.63201862676527,0.042281740473470074,-1.5308817450247851,400.25978,202.16885,1.4274233465016406,1.5734411536720143,1.1022946748967202,1.7060578834052031,0.10344827586206896,601788.8610087717,0.941642987781867,0.7748201397323861,0.6666666666666666,0.5989141410586898,0.8832424321507368,0.9982398988698501,9.862448312011706e-05,0.49549965166091803,-0.09677502742047259,-0.04528305483364809,0,30,0,2022-07-12 00:41:41.292
N335,-6.000000000033756e-08,0.09037115925634905,0.09037115925636896,-0.41175996842503143,-0.043955104921982624,0.39914700000000003,0.232999,2.578245116221404,3.2568332989011424,1.2631976992452354,3.9058520117806563,0.46938775510204084,0.408347321267,0.24660668126071902,-0.3621123311315581,1.875,2.1737785337243607,2.0244169908590157,0.066744777128762,0.31764250886490675,-4.000000000031756e-08,0.19078337443907004,0.19078337443907423,0.2638749883978974,-1.2289480388954075,0.623124,0.334057,1.7509754242588864,1.970383930450473,1.1253064452828931,2.1284906860854473,0.3673469387755102,1.819914798118,0.36048060284197575,-0.6129238970317453,1.875,1.868319324973682,1.1332308824681177,0.0027093007258860735,0.04690191660103359,-0.249185700000001,182.3243479100362,182.32451819306425,-0.003551987845367963,-1.4528492882900454,537.22137,270.07511,1.4812879401881445,1.6598678990741764,1.1205572218885071,1.8448721573500615,0.12244897959183673,1662111.4967166507,0.9284534835505331,0.7230356116837523,0.625,0.5891939160442615,0.9121480013888247,0.9993409642257808,4.8261959410210244e-05,0.557485432046131,0.006162871753172908,-0.03557422796739851,-2,50,0,2022-07-12 00:42:06.134
N336,0.0001239111111111089,0.06607196217519946,0.0660720783663148,0.01918186292792418,-0.7343664764775673,0.26576900000000003,0.137148,2.0757330992318455,2.4740772810910263,1.1919052993887287,2.80269589575015,0.4772727272727273,0.196448379284,-0.11464363469072357,-0.2153993613323445,1.25,2.19714764083893,1.9239191679130183,0.09435651730488583,0.3643048215688568,0.00018935555555555403,0.056634497436399846,0.05663481398751125,0.07809884364557809,0.14180901541893887,0.273614,0.149514,2.6399662941061286,3.441658921208097,1.303675326799358,4.215705675372469,0.5,0.144337596993,-0.011271915048542615,-0.3842970919834451,1.875,2.3581618769521837,1.9399463953870728,0.06447378366383415,0.32101320365134384,-1.2564319111111095,90.22906974233818,90.23781717060196,0.035542553633896315,-1.5456418969148562,249.56252999999998,125.69214,1.3928987196395581,1.542836389173821,1.1076443444309165,1.700694837844316,0.11363636363636363,366428.8641471744,0.9333071054988361,0.7422762531692935,0.625,0.5984864075067656,0.9336252054127044,0.9951476003921101,0.0012354986148098066,0.3782570170571307,0.026542118640444146,0.06147836588666816,14,45,0,2022-07-12 00:42:13.314
N337,0.005454676470588235,0.06213166722738214,0.06237064668458185,-0.12174758170027569,-0.7987335116812493,0.228485,0.119418,1.9146506625771504,2.3333277780810815,1.2186702377029892,2.736675280857268,0.6060606060606061,0.132263317307,-0.04973564335057341,-0.38488022747439965,3.4375,2.8299591163032782,1.8940560667060615,0.05131549871739968,0.6736281203424411,0.005322970588235294,0.10408283671375165,0.10421886064558902,0.24105920086150903,-0.5856356540613512,0.450986,0.256121,2.457530224504907,2.928113862729479,1.1914864092136959,3.307088162584899,0.3333333333333333,0.36929341108499997,0.3430237003795064,-0.5439242188020921,1.875,1.9589698644421485,1.453220087467441,0.009583900304183888,0.09094735500472598,-1.620503058823529,105.88834203480113,105.90074130544455,0.03398547554762578,-1.4213939944726448,320.21073,160.1602,1.512361462494936,1.6872422971707022,1.115634283875011,1.839846186004058,0.12121212121212122,381308.87830745144,0.9279590100331956,0.7304366973817009,0.625,0.6009096274094312,0.9087574161404411,0.9975796912803254,0.0006800269966900558,0.4215455914581718,0.026012064482892276,-0.05742530834417098,1,34,0,2022-07-12 00:42:21.316
N338,-0.0210671875,0.03944498318975233,0.04471837528354535,-0.11263138508874423,-0.31924845268601487,0.168403,0.114521,2.560938300505281,3.1228457678883075,1.219414683779051,3.604576920122691,0.2903225806451613,0.06399145881599999,0.32875481231632914,-0.1386481427207136,1.5625,2.0034572193485674,2.1774947578046864,0.12157123237442445,0.26192395187582074,-0.0064251875,0.05164778993967064,0.052045914729808525,-0.14559725512022478,-0.4313266295112621,0.209138,0.110598,2.125008284976047,2.67039708086035,1.2566525503642685,3.1231092526160595,0.5806451612903226,0.086680871682,-0.2053545490178261,-0.3016715494720573,3.4375,2.9032038112718572,1.9704725268901078,0.06534619607161478,0.6351991722953428,-3.342774781250001,80.4507615740852,80.52017871992378,0.0729421614352281,-1.5233796813676275,219.47386,110.13318,1.3677711817193077,1.5228611943929986,1.1133888582728733,1.6826852057904786,0.12903225806451613,207471.97379483093,0.9255029567651,0.7202023586164114,0.625,0.603341868706411,0.9262978679906887,0.9956842641422222,0.0009856763046816798,0.05270659353828168,-0.014078580154220007,0.07584300054825847,-9,32,0,2022-07-12 00:42:29.388
N339,0.027801100000000002,0.05692358734118924,0.06334979050478383,-0.07152260563016213,-0.9986879951557142,0.19858,0.121772,1.9222163014225666,2.2516970197910133,1.1714066820287652,2.5262094225749956,0.631578947368421,0.08026391914,-0.3506090729891122,-0.27975453633188785,3.5,3.0170054470365075,1.5158934069948957,0.022801623341237216,0.6041959894763357,0.012278250000000004,0.1252248141395606,0.12582531342837977,0.17443870578426873,-1.0598661332103603,0.439927,0.265873,2.11303268599713,2.4667696833928905,1.1674072529686563,2.822145521071464,0.3684210526315789,0.31664018998700005,0.36148883730054626,-0.656169839548909,1.5,1.7712564939101345,1.0643122649378414,0.041921991215921973,0.014116924343901657,9.675992800000001,102.74914508218347,103.20373855527347,-0.20396526796680917,-1.2872665276607558,322.18305,162.64119,1.5759234333637364,1.786297837229688,1.133492782334556,1.9746803122106253,0.15789473684210525,213020.23303570485,0.9175997215507151,0.7008431906268544,0.5,0.591990066497316,0.8893035533252944,0.9952414466940908,0.0005093282911395815,0.4013085953903134,-0.0011831043771832657,-0.13561929272587075,0,20,0,2022-07-12 00:42:37.291
N341,4.000000000156656e-08,0.08397721261484213,0.08397721261485165,0.0321623201083673,-1.0737505729268055,0.326769,0.166451,1.9820972239624273,2.27739036302301,1.1489801486479354,2.5178453980659063,0.673469387755102,0.35260861192799997,-0.4721807018576806,-0.23684410722224564,3.4375,3.4022446576978247,1.2868756710881313,0.006280216005372406,0.9129911030325344,4.000000000031756e-08,0.09747014673836496,0.09747014673837318,0.4985685725628789,-1.1273919164600905,0.332662,0.191568,1.9654017810622755,2.247349186595866,1.1434553526155864,2.517353420357817,0.3673469387755102,0.47502147526,0.3008168408875046,-0.5946180872820377,1.875,1.9616350545226666,1.2934246461938266,0.004838942650103045,0.09967509166293674,0.1075363800000001,104.06285775871486,104.06291332162263,-0.0034877414593655664,-1.4542823557888225,308.25464,156.10566,1.5001084922303796,1.669460893880153,1.112893435726091,1.8270702552438434,0.10204081632653061,541454.4964491773,0.9315769389332081,0.7467667140110623,0.625,0.6007483274112309,0.8982814536529091,0.9975193489443962,0.0008552139447649899,0.06024053812350519,0.021120737659753686,-0.04623009326169804,-3,50,0,2022-07-12 00:42:47.528
N342,-2.000000000114757e-08,0.06341499229913695,0.06341499229914012,0.14352454892205202,-0.5177846714117256,0.277985,0.140561,2.216526327669458,2.737808405417145,1.2351797365275528,3.2081845523244326,0.6326530612244898,0.201073062415,-0.2886423520776705,-0.1460184211826784,3.75,3.306559758292178,1.5242556003321486,0.024635732664641998,0.8573834435332963,7.999999999896978e-08,0.04440103855354737,0.04440103855361944,0.16235106676300767,0.29670036945108214,0.224034,0.121497,2.736354913259026,3.5323372380918046,1.290891477920441,4.244794603760423,0.3469387755102041,0.09857261123200001,0.25853898472049053,-0.3271753035077468,1.875,2.258847812759943,2.0649630299964525,0.07739364758581857,0.27602218014244506,0.6405093800000015,84.90824482380076,84.91066064590686,-0.014320316709202046,-1.515685566992151,238.55187999999998,119.98917,1.4131225583131075,1.5676562307238044,1.1093561711980375,1.714412765708226,0.12244897959183673,360491.0145662178,0.9278127315383776,0.7338004697125715,0.625,0.6089622162767664,0.9013597266272729,0.9958089817434468,0.0009602424100170271,0.3090736126364305,0.0628621231011255,0.09536188606183797,-7,50,0,2022-07-12 00:42:54.375
N343,0.002131288888888888,0.08508978640043761,0.08511647397537095,0.11667099911037868,2.1708856916885653,0.493311,0.256038,3.0080898331630417,4.442968387881443,1.477006550435899,5.810681902678687,0.4090909090909091,0.32601663639,0.07129329049453285,-0.45350010795233037,1.5625,2.275171924197322,1.9172083048899031,0.010375175415700297,0.34794410846256535,-0.000655999999999998,0.20088322538596068,0.20088429649294806,0.21677783251647678,-1.2564534795516153,0.681458,0.350852,1.7465377141229976,1.9719550761636884,1.1290652702302975,2.150638487857509,0.3409090909090909,1.815952525986,0.40050519652744565,-0.582210670832349,1.875,1.8889560151665632,1.1824903139354965,0.0034684582036948347,0.05076289829140455,8.665978800000001,179.8307552938487,180.03943939625603,-0.07448819853059237,-1.5016398557159354,508.56203,254.82276,1.4153718810418552,1.568439982439057,1.1081469142120643,1.7070885243004938,0.11363636363636363,1458638.9882153166,0.935700356660262,0.7446823315850042,0.625,0.5915241407296146,0.9037643937437817,0.9995043285839238,4.741274207596699e-05,0.49372924047490274,0.0818109728994755,0.08871668821090396,9,45,0,2022-07-12 00:43:01.514
N344,0.003814558823529416,0.07828594798714862,0.07837882693218051,-0.07458881636431328,-0.4439559473626331,0.33359300000000003,0.169044,2.156755932903539,2.585927773940939,1.1989895261164885,2.9274631639185276,0.696969696969697,0.208870177383,-0.4640004621758862,-0.23846311490217623,3.75,3.3365984428500917,1.4500991870712883,0.00918620867917443,0.8668216047300032,-0.0002725588235294121,0.09997782114201811,0.099978192665289,0.727266244742535,-0.9232421934467028,0.310046,0.194719,1.9476147228614953,2.2330619997240904,1.1465624969414934,2.440810818595599,0.36363636363636365,0.339851726293,0.23259603999446027,-0.5963355791084853,1.875,2.0689561595039896,1.3578863124500187,0.005959599523807968,0.13758735990276275,0.07984217647058782,106.10804880681096,106.10807884587167,0.000628132839220063,-1.4100829782306674,315.68317,158.23736,1.4912847515583543,1.6783688544129112,1.1254516299848563,1.852669572804238,0.09090909090909091,382803.4294762985,0.9295866381560208,0.746996689414337,0.625,0.6015034945693366,0.8966466597288171,0.9972270952080741,0.00101827377871436,0.3043174730121478,-0.0016058908168936554,-0.020972000949675537,-3,34,0,2022-07-12 00:43:09.436
N345,-0.008037476190476192,0.04617777664183029,0.04687203941685531,0.33385221671931026,-0.32519983073929026,0.181697,0.098313,2.09747647474128,2.649555000866257,1.2632108310979149,3.2876819767595813,0.5,0.046136749660999996,-0.04772715807827748,-0.21015917269579476,3.333333333333333,2.7001565124488067,1.6814063220787778,0.16760885667586287,0.6108899298132443,-0.009742904761904763,0.044274703174939804,0.045334021820577226,-0.34372032456838764,-0.9578752532669164,0.157742,0.09589,2.115188464405673,2.5472754251277943,1.204278232409673,2.8968789184468684,0.55,0.04315864422300001,0.00037241794738925775,-0.32494100382392416,1.4285714285714284,2.195690737908116,2.0914962921123963,0.23548864515262283,0.29904060236407287,-4.077553952380953,77.7348845818662,77.84175439435211,0.11035394757777894,-1.408162018428344,221.93565999999998,111.6934,1.4348777319965444,1.617189694399117,1.1270574895248369,1.787573287893435,0.15,127246.11327100334,0.9123826100772781,0.6790217692766539,0.47619047619047616,0.6428241626598598,0.7086700702142827,0.9904708341222886,0.001015226976926309,-0.13028520463311508,-0.24729419776391737,0.27953993873625194,-2,21,0,2022-07-12 00:43:17.444
N348,-2.0000000000206485e-08,0.06604528302384358,0.0660452830238466,-0.2885131368662933,-0.17035129001019733,0.287045,0.148023,2.241235001545139,2.887662039972298,1.2884244793524566,3.5499312233186093,0.6122448979591837,0.218098970485,-0.029493064809245382,-0.08710616314706247,3.4375,2.9704584048931717,1.8322900048454418,0.12053018081472258,0.7516053811843749,3.999999999990123e-08,0.08221025964074315,0.08221025964075286,0.2440818044286348,-1.1765149331804128,0.307957,0.158322,1.9258180267504883,2.230073268080944,1.157987534182468,2.5331087284706837,0.3673469387755102,0.33792633950999995,0.321773238120912,-0.5332400156601296,1.875,1.9265805593677472,1.3010173285935773,0.010352736383111108,0.06932657551240187,0.9235864000000004,105.11360219574527,105.11765968857779,-0.0029672649398096826,-1.4347020193652023,314.77718000000004,159.85658,1.5207395262945549,1.6951727792626718,1.1147029125974928,1.8481018196190238,0.12244897959183673,552486.1189201826,0.9248712205822196,0.7069612146435901,0.625,0.595135458558396,0.9252127117344099,0.9973386822765721,0.0007214537856055485,0.2288376378543508,0.09804373111989584,0.013252911114819212,-7,50,0,2022-07-12 00:43:35.064
N349,-4.000000000045634e-08,0.09452101997100115,0.09452101997100962,-0.1464244151562879,-0.23466573814493064,0.402031,0.228182,2.4140873645881658,3.0976423480297877,1.2831525459552842,3.7525011857123705,0.42857142857142855,0.446711160818,0.1918116950313829,-0.42372557323008614,1.875,2.2930368603680336,1.9103660864757874,0.0296216616067628,0.3265715358427466,2.0000000001130224e-08,0.20976084663659136,0.2097608466365923,0.23649349009072948,-1.3178637824403145,0.701689,0.366038,1.7450253747028186,1.9744962563445685,1.1315000257121357,2.1798543053832855,0.3673469387755102,2.199980639085,0.3523239672489794,-0.6097204276001381,1.875,1.8735677805214075,1.1054333021802127,0.0019053990131640303,0.046711626487119344,0.8921006999999986,179.66252269340006,179.66473750910453,0.0031012845988373835,-1.4517705150416285,523.39011,261.71842,1.4567044353193535,1.6306676501495392,1.1194224515366755,1.7952070345119262,0.12244897959183673,1613970.8952107716,0.9297159732846523,0.7311640548111783,0.625,0.5986982643963423,0.8819274878452223,0.9992842205912377,5.6331545998466735e-05,0.6363099414897002,-0.037476603660302386,-0.02168395572452486,-2,50,0,2022-07-12 00:43:41.601
N350,0.0007928048780487798,0.058136004155612896,0.05814140967293533,-0.022393436349740812,-0.8943974385025362,0.214213,0.108408,1.8645574747814144,2.2193091209949505,1.1902605047104402,2.534635940657537,0.675,0.13859736426900002,-0.40392998798419083,-0.17763518503000505,3.4375,3.169556578128378,1.5120444460412015,0.02633639141610782,0.8238115122012061,0.002229487804878047,0.05383005494083002,0.05387620468077607,0.490009731134822,-0.9443441487076067,0.191371,0.114166,2.1190431040280076,2.5794240388478133,1.2172588815889045,3.0806114591400706,0.425,0.11900846266299998,-0.059875130092050144,-0.4391397134768041,1.875,2.543936990818927,1.6977199245771137,0.005418528765991476,0.3935970351085078,-10.859348121951218,93.25515086139684,93.88529492852226,0.15585390050534056,-1.432364052840414,269.88867,136.60969,1.4550701481419974,1.6244062538863615,1.116376592537887,1.7802824889617517,0.125,361392.39275643986,0.9249286921318051,0.720587304639892,0.625,0.6001427085890862,0.9284742766697465,0.9952870205600438,0.0013031212023082775,0.48004877752496244,-0.005677535729577571,0.021158441728351622,7,41,0,2022-07-12 00:43:49.346
N351,-0.023101928571428572,0.05144467854191153,0.0563937412662079,-0.2572601198832466,-0.610808735639929,0.197774,0.13805,2.4479666874437704,3.106270883793293,1.268918772353451,3.773234654722491,0.5925925925925926,0.08904711351200001,-0.3330314030492353,-0.27159413914791986,3.571428571428571,3.2149095528689497,1.4945695248838864,0.02854950825005224,0.8307236394733086,-0.01566,0.03814721610981031,0.04123646077112549,-0.3883711352513909,-0.9258860463869913,0.131051,0.090442,2.193253211083748,2.7193591340578154,1.2398746849271012,3.1482988117360686,0.5185185185185185,0.047612479514,0.09841618516541559,-0.4537039733400118,3.214285714285714,2.306308074202948,2.3114636130870463,0.12434347852026763,0.3165262212155441,5.5128896071428555,84.42294269292127,84.60274939239748,-0.07313306971733514,-1.5923365174963844,221.38837,111.5451,1.318457151819508,1.4495237334714892,1.0994090566167476,1.5804694987208747,0.1111111111111111,200413.50573307875,0.9366943939360975,0.7524227965834369,0.7142857142857142,0.6015254399416596,0.9116491116685638,0.9449685281911078,0.0011256436056839014,0.11067071834094348,-0.029527615990221814,0.1746490261114097,-1,28,0,2022-07-12 00:43:57.268
N352,0.04251772222222222,0.08122544038443288,0.09168058065158134,-0.13401040733128206,1.012722051246671,0.381436,0.21788,2.37651199906795,3.2823771339041876,1.3811742314751665,4.158573913765955,0.23529411764705882,0.151295919635,0.16549788546329142,-0.46312350298915195,1.6666666666666667,2.235052171579909,1.690593777204052,0.0947823237133996,0.2735906167955156,-0.0038347222222222207,0.21205307874361332,0.21208774905488215,0.3679490105346046,-1.2032910654309066,0.650258,0.354459,1.6712846526004494,1.9177943265076087,1.1474971205674631,2.1455358019265685,0.35294117647058826,0.8096618393849999,0.39015030527322275,-0.6079000865640887,1.6666666666666667,1.7711455121222024,1.1498210597316063,0.024238468749460722,0.030314976331520204,-7.788109833333333,180.09436931977396,180.26268752979135,0.10528129522386397,-1.3791473912159529,533.84943,267.76234,1.4854007985193713,1.6642311983940992,1.1203920181361042,1.809921412833676,0.11764705882352941,584903.4572783376,0.9278658171907019,0.741588305928004,0.5555555555555556,0.6674312543644229,0.6387934420718863,0.7763887351738014,4.982974640648027e-05,0.6093375625578376,0.25389149975164627,0.05285243430582542,-2,18,0,2022-07-12 00:44:05.295
N354,8.000000000105145e-08,0.07795987865301998,0.07795987865306102,-0.3178925280044323,0.47807181062982007,0.383139,0.208248,2.6712201660388724,3.6276195758509875,1.3580384058085153,4.5926524272340385,0.5918367346938775,0.30388713398,-0.14262968424560782,-0.1379395429660375,3.75,2.963539790649219,1.6867248384288758,0.029008568141830157,0.70978067936324,4.85722573273506e-19,0.048533289375025886,0.048533289375025886,-0.10483256840204332,-0.18663455773928028,0.216518,0.110601,2.278868822291545,2.950470950661956,1.2947085509270662,3.595843700915498,0.5306122448979592,0.117774008878,-0.024197915079945682,-0.29889089274735037,1.875,2.6584547283359985,2.000848819097629,0.04437936809717706,0.4794139553839542,0.4140566600000008,84.3819283146441,84.38294418314298,0.017239197653882293,-1.5064247675518545,238.68241999999998,121.85122,1.4440266475596852,1.6055190651685527,1.1118347905018093,1.7604256768907407,0.12244897959183673,356024.06345077127,0.9274325961334529,0.7333326201594652,0.625,0.6097484296780074,0.9025780797786194,0.9953461382384422,0.0011716710457640627,0.5184630964811355,-0.06718524561978828,-0.009247178076476471,-3,50,0,2022-07-12 00:44:15.484
N355,-2.0000000001130224e-08,0.0856478923973007,0.08564789239730304,0.3342107334289084,0.5002081278453643,0.421149,0.246116,2.8735791752856947,3.7168828540663315,1.2934680505877463,4.394526485909419,0.3673469387755102,0.366778073605,0.212471141739828,-0.49142903259059606,1.875,2.033969205053217,1.7849776266372295,0.02371807540396254,0.17779950017806034,-1.1102230246251566e-18,0.21730477947251878,0.21730477947251878,0.1612419913254872,-1.2714671734898304,0.732354,0.372526,1.7143019168941525,1.9322401092809105,1.1271294106592393,2.1129410364318355,0.3469387755102041,2.361068359080001,0.3972818997438891,-0.5937225854959729,1.875,1.8539175405728976,1.0983181183464132,0.004404657711495998,0.03386407591372969,0.8062081400000011,177.3827879457024,177.38462005189464,0.002422074901077721,-1.4494315936954445,515.80602,259.06482,1.4604694585371012,1.635401560827223,1.1197779941700012,1.7993241535251376,0.12244897959183673,1573265.1715477514,0.9266649744309249,0.7107465373474507,0.625,0.5921302452704352,0.903222488005139,0.999262521710371,4.782891531159652e-05,0.5705577518822242,0.007780994099464381,0.020114314508536416,-2,50,0,2022-07-12 00:44:22.158
N356,-0.0010251739130434777,0.0851542412838135,0.0851604121066468,-0.10395760989013833,-0.9544693338192181,0.326929,0.179752,2.1107460092477677,2.4601275437795773,1.1655251427699362,2.761603873272686,0.6222222222222222,0.333605606348,-0.2356607506539814,-0.2922445611125587,3.4375,2.9148762980565794,1.749519858123811,0.023522065205004026,0.6714910673518597,0.00028447826086956554,0.10075207477996133,0.1007524763980907,0.4381185589788106,-1.1705120635681403,0.32012799999999997,0.194383,1.9293123796973355,2.172918956040618,1.1262660100597597,2.3825959790529003,0.37777777777777777,0.466948829016,0.3476697125879985,-0.5900573801579381,1.875,1.918513033994338,1.3271488798168563,0.012022891159387216,0.08191458968613877,-12.334651369565215,104.02089266149446,104.74965267008224,0.1453073968843888,-1.3402121818119874,321.98920999999996,162.27247,1.5491456617148953,1.7410766270640645,1.1238947182905337,1.9075751053182326,0.13333333333333333,504734.5277871319,0.9189375846558491,0.7004355641430345,0.625,0.5942478163609048,0.9282556116324283,0.9969397816919331,0.0009318402080138034,0.13990057350790439,-0.03983369834474011,-0.021428191136464714,-1,46,0,2022-07-12 00:44:29.332
N357,-0.000603625,0.03768089511837364,0.03768572966074161,-0.329458323591771,-0.8428980928252603,0.143563,0.086432,2.2934941363239383,2.7067041675718944,1.1801661598796402,3.058191714774943,0.3870967741935484,0.045446855042,0.534687740719783,0.0015152946943540952,1.25,1.3417331131673134,2.0828237585980465,0.4064665908133906,0.05136995967281342,-0.00626390625,0.04494629993556156,0.0453806831086339,0.19690586799330145,-1.0594664204263171,0.152985,0.078297,1.7253376246578276,2.019175487869252,1.1703074569359715,2.2888072645327555,0.41935483870967744,0.065901004781,0.3284932543720735,-0.32325711566968696,1.875,2.0396159314674476,2.051748751742492,0.13851985207721543,0.19748553677670602,4.999906749999999,79.87174236980862,80.02808442476788,-0.059063360842308794,-1.5372539902982938,218.56358,110.20137,1.3770337100046066,1.5285703688374075,1.110045714735839,1.6744336252819316,0.12903225806451613,204943.8174943288,0.9157572504315918,0.6721493171534886,0.625,0.5992396087466485,0.938263044933281,0.9949242256014187,0.0011480637529591162,0.11724060531996107,0.21148632428676967,-0.05245623405704669,-4,32,0,2022-07-12 00:44:37.312
N358,-0.020450100000000006,0.10380745273673754,0.10580261732915684,0.34888337446232726,-0.4051828455226909,0.418379,0.211888,2.0026725741652176,2.403001256572053,1.1998972211289738,2.731490159307188,0.2631578947368421,0.22388387667399998,0.36185892093940836,-0.32174997803961874,1.5,1.868283356778945,1.5687684819462784,0.17073577976466944,0.11716530835468883,-0.01605115,0.1983898998294205,0.19903816661798812,0.08954692598424101,-1.187178967770042,0.6272800000000001,0.326347,1.639620207245751,1.890142527960727,1.1527928965548708,2.1460815762063623,0.3684210526315789,0.7923238354129999,0.35885795367627593,-0.6464003637423251,2.0,1.9008684320708258,1.1434097052580239,0.008088614783311663,0.032564650180453326,-10.283953700000001,154.65758256092047,154.999121117804,0.1552011856120773,-1.2819169311891685,479.6477,242.19528,1.5625590535827896,1.7904444927320262,1.1458411690916375,2.032716249896065,0.15789473684210525,480494.55094583344,0.9194005356706318,0.7052053868836178,0.5,0.6406333043266754,0.6643078381539217,0.9984564377042838,6.919823101499604e-05,0.456939226683498,0.0545612140456678,-0.06272064609501705,-2,20,0,2022-07-12 00:44:45.286
N360,3.999999999920734e-08,0.10230285169827086,0.10230285169827867,-0.24336762143814752,-0.21948244880070433,0.434229,0.230031,2.248529695715906,2.7906710974933935,1.2411092914674073,3.2091446173161,0.4489795918367347,0.52329367328,0.21272283375014123,-0.2117562683016841,1.5625,2.2490734001624704,2.2686531663652967,0.060229629788689266,0.3352625591145706,2.220446049250313e-18,0.17506632976937628,0.17506632976937628,-0.04629833450017572,-1.2709738593145055,0.603505,0.308939,1.7646968460867432,1.9759925150742355,1.1197348255345079,2.128449270062951,0.3673469387755102,1.5324109909460002,0.35362097622537636,-0.6007252404809266,1.875,1.8563617831228392,1.1831040125003152,0.011235041260818108,0.03114993032381464,0.5367325800000003,143.76993353984054,143.77093542128952,-0.002340422245442917,-1.4476635376468314,421.86874,212.78265,1.4800115849318682,1.6556649057173969,1.1186837471908133,1.8198970954591909,0.12244897959183673,1033504.09359563,0.9266018102096671,0.711221290360295,0.625,0.5951187593441989,0.9024857652862223,0.9990826879653925,0.0001257328989576582,0.4685689010553468,-0.04524349328694512,-0.0005953388144025957,0,50,0,2022-07-12 00:45:02.356
N361,4.000000000087267e-08,0.062317984031886015,0.06231798403189885,0.03351316197140892,-0.9338039135330929,0.227259,0.119387,1.915771215238431,2.318249992815361,1.2100870784441966,2.7177524862148044,0.5510204081632653,0.19417655669000003,-0.06152729672670262,0.013419835106732975,3.4375,2.841514692044278,1.8768180553628873,0.10335491916133503,0.6771188241248661,6.938893903907229e-19,0.04423315631830946,0.04423315631830946,0.05507120652953654,-0.17087260487704725,0.209661,0.11121,2.5141773560022163,3.1140513973889123,1.2385965492667366,3.6261938036722174,0.4489795918367347,0.097828605894,0.2112442252859701,-0.24233917083143952,1.875,2.142181232501973,2.321275914836894,0.14460568763168366,0.1546485305483898,0.89714766,82.09087602529111,82.09577821376419,-0.00027711429093934024,-1.5510571495514671,221.29539,111.26079,1.3552559269283593,1.5019170060675544,1.1082165192751432,1.6519547924040354,0.12244897959183673,336985.84002617793,0.9232239876169811,0.7036556977052308,0.625,0.6017408295382815,0.9289781280817397,0.9955914283858037,0.0010538212671316516,0.28550102297601676,-0.0027946153001724336,0.01652648739812307,-3,50,0,2022-07-12 00:45:10.440
N362,6.000000000006e-08,0.09685382593339512,0.0968538259334137,0.33299486952752944,-0.36403094006798886,0.43953,0.236876,2.445706173371515,2.999605161819072,1.226478141355788,3.5235900377805773,0.3877551020408163,0.46903317989700005,0.2685046900081854,-0.46017389630669137,1.875,2.1412829766271186,1.8563359444415495,0.03577670511825181,0.24084876738006752,2.0000000000575113e-08,0.1965280633547779,0.19652806335477893,0.027801540274109124,-1.3146716074953189,0.6375649999999999,0.330214,1.6802384064808435,1.9258092167350975,1.1461523610620157,2.159060320071264,0.3469387755102041,1.9311639842990003,0.3834535711147797,-0.5825455161594563,1.875,1.9380597562974156,1.2321250923025966,0.005990457054463647,0.08824479141090198,0.5194473200000005,177.43640693501138,177.43716727767384,0.0005630969257140911,-1.4547865664245694,513.90273,257.25499,1.4498371110569985,1.6222166077555449,1.1188957679341467,1.7860804901008505,0.12244897959183673,1574197.4165762605,0.9306549459170458,0.7370153508217595,0.625,0.599725742155608,0.8776838739184805,0.9994271028344595,4.300767383025996e-05,0.76191449472558,0.014772515354985779,-0.0001056609474414312,0,50,0,2022-07-12 00:45:17.244
N363,-1.7617647058823393e-05,0.07921108447612125,0.07921108643532614,-0.54820032578915,0.6417138610119495,0.38248000000000004,0.200435,2.530390744781037,3.36826086118433,1.3311228189288198,4.068640673293827,0.5151515151515151,0.21332947128500004,-0.03453232425541621,-0.2934243895224398,1.25,2.3537144353559523,2.07515313561675,0.06501834694453006,0.4268889443063367,0.003427911764705881,0.15008804905265907,0.15012718956771287,0.42055400610307214,-1.2664341472473735,0.47988000000000003,0.285401,1.9010613655114998,2.1421161347120456,1.126800098920367,2.3605257997613087,0.36363636363636365,0.766297883615,0.3651604045094517,-0.5711779681574746,1.875,1.9722389906542575,1.2640733426599093,0.005103132189583369,0.10253247235148498,0.5930177647058824,143.05955854468615,143.06078764311954,0.018405324613018276,-1.4119893006577076,429.83239000000003,218.52114,1.5274705501071641,1.7135567003324592,1.121826342388231,1.8808494439484806,0.12121212121212122,695857.2246763714,0.9293560918930006,0.7455783474923422,0.625,0.5996209050880408,0.8958068567703438,0.9980572293918447,0.0007979179124184923,0.3775366513841531,0.022770705613857318,-0.028383661200692308,4,34,0,2022-07-12 00:45:25.336
N364,0.0030757142857142854,0.03390967761167733,0.034048880364782014,0.0438447246947115,0.7498194673418896,0.160467,0.089017,2.6143884628897665,3.5567371028688197,1.3604470618484314,4.537119772934077,0.45,0.024345851336,0.03546821084294319,-0.1469765189885387,3.8095238095238093,2.535986647653335,1.9470770637710093,0.13884439317677058,0.4572033939980698,0.010236380952380952,0.054477720450418286,0.05543108803258502,0.09732363559479985,-0.8611896705703335,0.193914,0.108317,1.9540839598228006,2.4132192212454724,1.2349618905138073,2.869408745547233,0.65,0.06452471593,-0.2056389425101137,-0.30561145605671247,3.8095238095238093,2.917515691562042,1.7489729407778472,0.02736746829953009,0.6075408102419597,21.56147742857143,83.3322987036236,86.07653173852174,-0.38539164670732917,-1.4913555428189071,219.62729000000002,110.78848,1.287092750629716,1.3961724765555097,1.0847489241722679,1.5053367299595874,0.1,155592.55563878754,0.9412745090598424,0.7684349120703307,0.47619047619047616,0.48070068092575124,1.0132330539973906,0.9967247365659618,0.0005521329051530883,-0.06829698680330248,-0.06118678853096332,-0.010071689836322615,2,21,0,2022-07-12 00:45:33.352
N366,-3.4694469519536144e-19,0.05425084486162405,0.05425084486162405,0.0678471032502227,-0.7008254697802698,0.22366999999999998,0.122737,2.2623979463004025,2.729123937363362,1.2062970362160095,3.1379533654404987,0.30612244897959184,0.14715770841,0.5191848319300234,0.23296127146818837,1.875,1.6860253722619873,2.381300152514954,0.33702795991873735,0.20125126407514068,4.000000000031756e-08,0.06412395001587472,0.06412395001588721,-0.08919937319646261,-0.2673692614548693,0.283252,0.152363,2.3760700949060514,2.886649150580994,1.2148838356113947,3.278051503241271,0.5714285714285714,0.205594048282,-0.05355872274975304,-0.27309741308677,3.75,2.5255757178000082,2.245017487521945,0.081153186268279,0.3851624347603985,0.5369067400000002,81.06756610868365,81.0693440434376,0.0037003124101898637,-1.5571439833364344,220.25528,110.45004,1.362414378742475,1.5069285618184385,1.106072121177517,1.6511277852948327,0.10204081632653061,328611.9271816625,0.9292248965561674,0.7449636821022638,0.625,0.603997047339587,0.9070207962389918,0.995650748384353,0.0009396806517339342,0.11869286374690076,-0.09515447502312566,0.03734052466126101,-4,50,0,2022-07-12 00:45:50.892
N367,4.0000000001289006e-08,0.09760631502335493,0.09760631502336312,0.06757556276742527,-0.06063299916784759,0.458581,0.264054,2.7052962703980357,3.3558195039994714,1.2404628434673155,3.9516541182740856,0.42857142857142855,0.47634963662200003,0.21734570699480865,-0.3242370779136721,1.5625,2.2329041324801984,2.00828569248528,0.012587211630582964,0.2794683623985178,4.0000000001150225e-08,0.17361074863440454,0.17361074863440915,0.10298717612770787,-1.3137718058026777,0.618128,0.330225,1.9020999713294846,2.1738440659471445,1.1428653060899439,2.467096012052032,0.3469387755102041,1.5070346020699998,0.3703156775971864,-0.6049482347001466,1.875,1.910941610105284,1.2400539638399333,0.008642038290862216,0.052196013171814534,0.47810339999999885,146.52359615154583,146.5243761701185,0.0060711776967643395,-1.4379338638556896,430.93007,217.1258,1.481840808166359,1.662168320783322,1.121691555275834,1.8328064111395759,0.12244897959183673,1073469.6406021195,0.9264552135956986,0.7108297565964928,0.625,0.594766614679028,0.9046270085718899,0.9988624230459329,7.787915339455798e-05,0.4660618834562478,-0.02542590817011569,0.013727581138002001,0,50,0,2022-07-12 00:45:57.561
N368,0.0009918378378378366,0.08990397942294774,0.08990945032852986,0.030947610473013074,-0.9988995805980965,0.332549,0.175323,1.9499952380908607,2.334579387455292,1.1972231223194973,2.745060876801916,0.4722222222222222,0.29909724256,0.1257266800381448,-0.430854747157772,1.875,1.9900067448886076,1.862761268001941,0.03475359350535214,0.18783034953687172,-0.006524513513513515,0.1540275840949981,0.15416570934786286,0.44126477367926314,-1.2124569831610912,0.519979,0.282291,1.8310881271465658,2.0627242114717674,1.1265018766115678,2.292642861534772,0.3611111111111111,0.8793814397329999,0.3546714816859526,-0.6087746900777882,1.875,1.9064144347086789,1.167864373727844,0.001310928099583312,0.0680829894376229,-19.72956089189189,162.5983674219741,163.79097857109883,0.16635190254836849,-1.468855165559713,475.36796000000004,239.09321,1.4597459035035545,1.6147257198076754,1.1061690366331236,1.7531798252511563,0.1111111111111111,992616.9324672918,0.9349315408727703,0.7458382782548738,0.625,0.598224330797606,0.9017319305033431,0.9981218180565299,0.0006522613920042207,0.4365160715898152,0.030467327992405212,0.07189348067702674,-2,37,0,2022-07-12 00:46:05.548
N369,0.03689333333333334,0.056828074162662216,0.06775358335528447,0.07625760741893904,-0.004286309344310624,0.248716,0.163218,2.4089943574514976,3.0827559865913794,1.2796858477712092,3.7938454311887546,0.38461538461538464,0.12394479755200002,0.21736482332567406,0.09925575040094847,3.7037037037037033,2.3153654205493956,2.183306924357035,0.14059079095633914,0.37832496213024847,0.01210511111111111,0.08121991279890498,0.08211703812287724,0.560121173876925,0.5294821133169565,0.38301399999999997,0.223288,2.719143372729532,3.6515949746759233,1.342921087316693,4.499667207295839,0.5769230769230769,0.182066614652,-0.07721134362360539,-0.19849877836022817,3.7037037037037033,2.557830505696898,2.1685181923461423,0.14380036509482275,0.4981795240519392,-20.78485751851852,76.09428584846341,78.8818777721016,0.4101940094251437,-1.217160676012541,220.9287,110.79444,1.4045613914021835,1.5872523154529905,1.1300697322090176,1.7686215165114618,0.15384615384615385,168003.46730302495,0.9143802110434286,0.6986677815338359,0.37037037037037035,0.5256666838169103,1.0667550600493623,0.9678794710176094,0.0006107328134200598,-0.08492676286055437,0.05301451678638896,0.34740596871278356,-2,27,0,2022-07-12 00:46:13.485
N372,1.457167719820518e-18,0.05192057817282084,0.05192057817282084,-0.05845376571017566,-0.369089678820794,0.22366000000000003,0.120274,2.316499627559242,2.867812704462261,1.237994027861729,3.3316376977354945,0.5714285714285714,0.13478732189,0.1953191784342727,0.07072836208521903,3.75,2.698007678370232,2.093232566252862,0.1174072831123242,0.5726722068490366,-1.9999999999360808e-08,0.050642419084988434,0.050642419084992375,-0.16975080338063403,-0.3516704363486105,0.23221999999999998,0.135012,2.6659863892641362,3.279287384318238,1.2300465589486318,3.797103696125061,0.40816326530612246,0.128232730539,0.17813881308813329,-0.447867993377334,2.5,2.049323607065068,2.3104803900130486,0.1924059173986613,0.09294353329227119,0.733990900000001,81.8368274720312,81.84011897186052,-0.004064220309101302,-1.561154576666799,220.39964,110.5584,1.3509071270780268,1.4947993465091558,1.1065152567092926,1.640863501927729,0.12244897959183673,334890.2536664142,0.9288107802233092,0.743346925436039,0.625,0.6074507330452643,0.9044560809070018,0.995070243002049,0.0010235543023403915,0.1781028471450432,-0.20310177595056592,-0.1049722837534924,-3,50,0,2022-07-12 00:46:31.584
N373,-8.847089727481716e-19,0.07401890987146462,0.07401890987146462,0.38972614487999246,-0.1755234213794119,0.31883399999999995,0.180859,2.4434161529001903,3.092852437665494,1.2657902887293517,3.704386450786676,0.42857142857142855,0.27393995092800005,0.2044286198551085,-0.3726466476974239,1.875,2.120304567837928,1.907646534594776,0.027702431966649278,0.27126563278969995,-1.6653345369377347e-18,0.17470707142791903,0.17470707142791903,0.17134819841137833,-1.3353855807004669,0.559966,0.309559,1.771874472337649,2.0132315970422905,1.1362157017738492,2.252152712257948,0.3469387755102041,1.526128040346,0.3806655072249176,-0.6064069186880339,1.875,1.8777609635834491,1.1755597495478494,0.004834949647243441,0.056532099213062195,1.1325069399999979,156.97859776856973,156.98268289641237,0.010068558523516284,-1.4518406821174006,474.98685,237.71706,1.5142884273220223,1.6895718346471367,1.1157529861303228,1.853245819830075,0.12244897959183673,1232178.136467778,0.9302869072177528,0.7398148872592953,0.625,0.6034410096557317,0.8818833544192733,0.9986580669491354,0.0006038240353860282,0.5136397392926848,0.06512881777456046,0.005417214916292897,-2,50,0,2022-07-12 00:46:38.256
N374,-0.0012693953488372085,0.07823161356470108,0.07824191156591442,-0.44621414374181634,1.6613474462629974,0.442732,0.232817,2.9756047026517845,4.349632256461146,1.4617641424564436,5.727654831147644,0.5238095238095238,0.26323725919600005,-0.10903760299651653,-0.43164582886006764,1.875,2.707040993548551,1.9367852980381206,0.013447784518802063,0.5373306848871864,0.0028240000000000036,0.15670015561411665,0.156725600159924,0.27367802779124367,-1.4673668666700366,0.49002900000000005,0.272141,1.7364170226325837,1.911787539499226,1.1009956217779777,2.056551317898069,0.35714285714285715,1.056205291056,0.36763563064689003,-0.6357240221125421,1.875,1.828953255006168,1.0406017629196198,0.00328521340320734,0.02242204440487196,0.41126888372093157,145.7443759357742,145.7449562043332,0.007780228717063213,-1.4646259115108033,433.01111000000003,220.29939,1.5115404041230909,1.6797797152674339,1.1113032180188036,1.8294153569394038,0.11904761904761904,913388.4671371289,0.9314760999598527,0.7278828639647408,0.625,0.5952582109353974,0.9123239874886045,0.9983277986869994,0.000861334674768518,0.4577257723592484,-0.06961716023290844,-0.08265973148228156,-2,43,0,2022-07-12 00:46:45.658
N375,0.0017043666666666664,0.057598073013764,0.057623284188193694,0.6707683138921764,0.6952498084325973,0.281312,0.171074,2.968834602368099,3.69282110948256,1.2438621897417157,4.2037942384261635,0.3448275862068966,0.099613286419,0.3702572512747483,0.1848716913455465,0.3333333333333333,1.69419543251101,2.1017719652761935,0.44649794079815497,0.2657281362803881,-0.0006172000000000001,0.07412042398439628,0.07412299364884466,0.24463202506506065,-0.7111194740121602,0.29014399999999996,0.146279,1.9734631967644498,2.3641993000663732,1.197995130561617,2.6747799961004133,0.5517241379310345,0.16482654562399998,-0.14174189051832714,-0.3907106097601093,3.6666666666666665,2.802068560572287,1.8679900360049393,0.02984074181448121,0.5081640512014074,-11.011422766666668,76.90672641870633,77.691029081793,0.18028445033615637,-1.4569095100073277,216.71405,108.822,1.400702259786421,1.5693739179160566,1.1204193517581351,1.7569931076984555,0.13793103448275862,181076.8799936402,0.9062132285487035,0.6569893144057743,0.6666666666666666,0.5744264473075223,1.003780000777598,0.9957757560663216,0.000637851161100491,0.20235546257062134,-0.08889612078929783,-0.14040612261859517,2,30,0,2022-07-12 00:46:53.743
N376,-0.0029362380952380925,0.06607313195521976,0.06613834183379418,-0.2480739028272585,-0.511933839192753,0.25677700000000003,0.13095,1.979940778211188,2.4701798952445038,1.2476029194551115,2.921759300298135,0.45,0.091859885471,0.19266630829308412,-0.4516638483800491,1.9047619047619047,1.9492339307983522,1.4252168784430483,0.02395075413832204,0.10068121000579242,-0.005946666666666665,0.19422440086695333,0.1943154155916906,0.2640347461865001,-1.290532656302599,0.595796,0.304361,1.5663245197156412,1.7699219267051431,1.1299841791574994,1.9579685065435222,0.35,0.792928095468,0.3632727861677275,-0.6071651106004617,1.9047619047619047,1.8226783870160759,1.040338000537842,0.009382983149271327,0.025302395203365243,6.9307724761904765,164.19401233545858,164.34022421164408,-0.06371564608757325,-1.3141233217169426,508.48252,254.67077,1.5496557292755335,1.7646015410697984,1.1387055251909095,1.966494500646368,0.15,567161.8951726025,0.9147128709756738,0.6848253333928246,0.47619047619047616,0.635276425124123,0.6560139442001008,0.9967161164590413,6.042778696040514e-05,0.6722279596478561,0.1022411431925448,0.0657436059972741,0,21,0,2022-07-12 00:47:01.644
N378,-1.9999999999326113e-08,0.04707438440064405,0.047074384400648296,0.4575313061862158,0.16326789713421164,0.23385499999999998,0.131102,2.7849965893169384,3.5307602356820564,1.267779016041103,4.238152683475758,0.2653061224489796,0.110799883335,0.6008631653465467,0.21124407558991898,1.25,1.7378639822939586,2.100665565536182,0.15885885900221305,0.17312711443167397,-2.000000000002e-08,0.05513848101335038,0.055138481013354,0.053641376563793385,-0.8312997845563679,0.194913,0.097624,1.7705239282227674,2.155623358562942,1.2175059168653728,2.50102166953896,0.5510204081632653,0.152012604423,-0.14747003758858376,-0.27604714238398476,3.4375,2.8592399977362044,2.0429238382665624,0.04871500265563702,0.559828780233447,0.22260668000000008,81.22571516697653,81.22602020363166,0.004839459127522857,-1.5578168767755196,219.83161,110.28386,1.3577405334340036,1.5019945710772855,1.1062456589392924,1.642369845783337,0.12244897959183673,329883.31790603895,0.9238856226409142,0.706848395223382,0.625,0.5998195763798901,0.9326115441638153,0.9956529936466495,0.0009638551824257328,0.18319679892201873,-0.03648021580044906,0.07125929737652106,-9,50,0,2022-07-12 00:47:11.896
N379,-6.000000000117022e-08,0.06999556705175264,0.06999556705177835,-0.1021609779026998,0.16798344765081552,0.368539,0.204911,2.9274853913022754,3.574512460231541,1.2210180350862276,4.098835171016028,0.4897959183673469,0.24496897034499998,0.05274068227585276,-0.2448746051759274,3.4375,2.6012904316360497,2.0171014533747003,0.11070092161655821,0.551715131109802,2.3245294578089216e-18,0.09250955573928567,0.09250955573928567,0.030177236248609372,-1.293349518767257,0.336851,0.173684,1.877470912188613,2.117581077785906,1.1278902187184305,2.3302581315843205,0.3469387755102041,0.42790089515400004,0.4232074989054206,-0.5680740107735713,1.875,1.7913752930683493,1.1871583134846777,0.033037398030471246,0.025165845491243042,0.9633161999999993,105.98015144440545,105.98452942897042,0.008182633821086138,-1.4123492793709385,320.29931,161.90519,1.527630408629657,1.7129824215773146,1.121333021325443,1.8869872766216436,0.10204081632653061,561636.0239140148,0.9296310475689761,0.7401008164636583,0.625,0.6067834889940301,0.8940336021422606,0.9969774378291448,0.000759573445406182,0.21734128352400403,0.07092426496352114,-0.011957373773556556,-2,50,0,2022-07-12 00:47:18.491
N380,-0.0010089302325581404,0.10347550091180338,0.10348041954477567,0.10539908131014294,-0.6451858760641058,0.39598,0.198965,1.922730898031472,2.3905683215912132,1.2433192414178822,2.8607269610822077,0.4523809523809524,0.46045248085400003,0.07773022100325665,-0.4399129519240976,1.875,2.176030655043178,1.838330971460327,0.014452660131559228,0.25225097414800085,-0.003431209302325585,0.20027999607242392,0.2003093857612431,0.2690505380465941,-1.2643097028465529,0.671262,0.343789,1.7162900215258814,1.9539853540917052,1.138493686722305,2.1788401039440632,0.35714285714285715,1.7253255510339998,0.3389088475540128,-0.6141053309992833,1.875,1.9184260599698557,1.214514559116729,0.004386733918449856,0.07635192213570459,15.757592813953488,184.74782443829875,185.41860846736722,-0.08736037886720745,-1.4595731868492934,543.38926,272.70177,1.4707357166257355,1.6422681995066808,1.1166303918113085,1.8063327165585563,0.11904761904761904,1478342.5957369173,0.9314732993244029,0.7296236858231916,0.625,0.5914079694109964,0.9102260013462262,0.9992224266736185,9.636615071107252e-05,0.5925672370458269,0.029232056700491067,-0.054927394141925164,-2,43,0,2022-07-12 00:47:25.788
N381,-0.0005143103448275843,0.1019985742571429,0.10199987090982365,-0.1491588698029215,-0.6413804274020776,0.387407,0.213315,2.091326176173185,2.518931273278534,1.2044659996021292,2.8977545624474166,0.7142857142857143,0.301715236303,-0.48884713300101534,-0.21053995354509833,3.4482758620689653,3.138145212947637,1.5178478922482843,0.005827554110034833,0.7946899811770712,-0.004951586206896554,0.11209153663936275,0.11220085022912228,0.6684790809238708,-1.024112149519119,0.34326599999999996,0.201285,1.7939703628712387,2.0329354017694823,1.1332045633773915,2.2185825710308915,0.35714285714285715,0.365081892972,0.2557631505929166,-0.582334522532464,1.7241379310344827,2.114552612566196,1.4315308311599653,0.0024802602083133806,0.17637368104351178,-4.0854962758620665,110.64281019101509,110.71821316651146,0.07579063875827594,-1.5273547729677375,311.4504,156.88207,1.41694907742109,1.5597312841899504,1.1007673522246333,1.6912317081578336,0.10714285714285714,355497.1590767671,0.9399590107835321,0.770570879324815,0.689655172413793,0.6004027672607272,0.8863030447590489,0.9324551058012862,0.0009714523824805198,0.14505247486296144,0.033963770845208296,-0.1002465762367053,4,29,0,2022-07-12 00:47:33.787
N384,6.000000000019878e-08,0.08165006081012066,0.08165006081014269,-0.11802085461955092,0.4060173886389902,0.39282300000000003,0.207299,2.538871348571599,3.2807544917116642,1.292209821327677,3.851729883658708,0.40816326530612246,0.333336621515,0.1556922642116035,-0.4897295068871766,1.875,2.28008405638902,1.9618955024588323,0.03530368672854597,0.33329849828401764,-1.942890293094024e-18,0.19362179681451155,0.19362179681451155,0.19333178329242598,-1.3036108271340257,0.6212960000000001,0.328212,1.6951190692359135,1.9373904576206316,1.1429229325429766,2.164009371829215,0.3673469387755102,1.874470010084,0.36557957283578435,-0.6066401137123749,1.875,1.9187034729764125,1.1884773804966637,0.0036698897134210522,0.07689253743078059,0.30115346000000015,176.7675211073633,176.76777764018138,0.0029680994857772982,-1.4508378361455008,514.53584,257.53954,1.4569371377414333,1.6321144925111641,1.1202367282924048,1.8001900565634428,0.12244897959183673,1562342.3605924302,0.9314528314784316,0.7426628362784136,0.625,0.5971900196318773,0.8877245557265971,0.999275495131119,5.898793787387904e-05,0.6239088880328599,0.015225579373594299,-0.003136874622979469,-2,50,0,2022-07-12 00:47:59.731
N385,-1.9999999999881224e-08,0.0731874396610484,0.07318743966105112,0.0611547303577962,-0.7601349732580966,0.302087,0.151739,2.07329291341165,2.4479836348295483,1.1807225206791145,2.755685896417994,0.7142857142857143,0.267820066207,-0.4611985236603165,-0.19678097668834607,3.75,3.3143468558205056,1.4123621569515141,0.012410246432787203,0.8539214932900145,-4.000000000031756e-08,0.07454259055223665,0.07454259055224738,0.6675227109065731,-0.8720152924420868,0.265008,0.170577,2.2883159645550752,2.6345679683537386,1.1513130219611023,2.8835758663326794,0.3469387755102041,0.277829890312,0.16208835961896362,-0.5233538815760576,1.875,2.362206219344663,1.6354611056618866,0.006827969818738688,0.3208090294057497,1.2819360000000004,97.07500999417759,97.08347400705115,0.00013227761748509838,-1.457805901433033,288.38757,146.42598,1.5082482523170229,1.6831477165664988,1.1159619870142659,1.8492243560042785,0.12244897959183673,471260.0462638889,0.9263127509425035,0.7240601326136956,0.625,0.5950426334518916,0.9341483323016512,0.9957602208380899,0.0010913809078886816,0.2609362275981188,-0.034012941882285035,0.034813657100586336,-3,50,0,2022-07-12 00:48:06.559
N386,-0.009570349999999998,0.05533574391772013,0.056157244893691144,-0.5714548481475148,-0.1624058955988903,0.24506,0.146669,2.611755620804631,3.347361598309305,1.2816519170649086,3.988223802005645,0.38461538461538464,0.126145446162,0.12659537559127,0.16138075884845476,3.4375,2.1409561466973828,2.180833107108244,0.24052844290117759,0.43247049612925664,-0.004740925000000002,0.04690413827818794,0.04714312842265561,-0.07552553830652343,-0.3929769759941819,0.20395,0.10575,2.243168910045852,2.720937906653176,1.2129884176210155,3.0608514696549274,0.41025641025641024,0.08889898229899999,0.23549464024574804,-0.34770185717018876,2.8125,2.430938504951004,1.9838951457887246,0.07287123485450779,0.22781062090848503,-13.937718725,82.55025870061912,83.71860733908775,0.29337235100102355,-1.477806478008741,222.76332,111.95172,1.3372382025725642,1.4689913723660193,1.0985263280244235,1.595600058460914,0.10256410256410256,280352.2085918543,0.9325890440049133,0.7492457834033754,0.625,0.6072770548423045,0.9048821182085252,0.9956349339109002,0.0010569397974095056,0.16802670479566773,-0.07827416759945674,-0.042536746062654264,-3,40,0,2022-07-12 00:48:14.176
N387,0.001946464285714286,0.1087474623652965,0.10876488079388098,0.5579410938733472,-0.4579906877549349,0.42662100000000003,0.24642,2.2656210184883814,2.735897050560739,1.2075704754831968,3.1039367441835743,0.4074074074074074,0.33123438023499996,0.137732418174772,-0.422425447347847,1.7857142857142856,2.387656293162561,1.8355092654683853,0.019232690337425622,0.3170982539230917,0.006304392857142855,0.21636123662017173,0.21645306669369957,-0.01047143233346215,-1.142225376776542,0.723623,0.366498,1.6931984637511623,1.9780371526826717,1.1682252228722612,2.265479689866071,0.37037037037037035,1.311854042271,0.32813546986483033,-0.6236210465237354,1.7857142857142856,1.8642188797222488,1.0581472995531418,0.0014185624322896485,0.03382889421192176,14.757447642857143,180.0755377374829,180.6792228021122,-0.12055211297667416,-1.499021214149132,507.58331999999996,256.19939,1.4179792564228637,1.5701967441592677,1.1073481766724875,1.711358738911394,0.1111111111111111,914059.4834665084,0.9397117378285232,0.7564415196716986,0.7142857142857142,0.5869885848024016,0.9086582600777251,0.9503513694029883,3.894984732692799e-05,0.6802270976365832,-0.11142853257381655,-0.09840131501189887,-2,28,0,2022-07-12 00:48:22.150
N388,-0.004778705882352946,0.09787432959593986,0.09799092010877694,-0.043959034107191035,-1.2202299311969829,0.31930000000000003,0.16223,1.6555615542737336,1.9053734944087417,1.1508925714601994,2.125329671414853,0.75,0.163237747204,-0.5352719650763142,-0.16188251024109138,3.529411764705882,3.476079858479125,1.1114216447541545,0.0008617311072751466,0.8471297512115961,0.000503411764705885,0.09597354694244035,0.09597486721073203,0.7996278966597498,-0.535591152662561,0.341972,0.209174,2.179466417397761,2.556830470646434,1.1731451561888429,2.791536988900692,0.3125,0.156589977314,0.24230056034876138,-0.53577056585235,1.764705882352941,2.1108102093112366,1.343183595460734,0.0010955430084908584,0.15907403319959718,1.250562058823528,100.1877795987463,100.19558416611949,-0.011512827105538902,-1.4167470864559433,297.23302,148.87633,1.4858571985884144,1.6684247879496443,1.1228702122483047,1.8420134363191951,0.125,170665.63646862892,0.9318967491166732,0.7720985578229024,0.588235294117647,0.6903208361017691,0.6994324743942308,0.7942121927742815,0.00120572557426602,0.11985395606157052,0.055736752287155064,0.008793128686689895,1,17,0,2022-07-12 00:48:30.056
N390,3.9999999998791e-08,0.08430130746339821,0.08430130746340771,0.10113573190961545,0.24771468800693253,0.42973300000000003,0.242721,2.8792080135335603,3.6205680592987894,1.2574874904072602,4.224536254858123,0.3673469387755102,0.35533552200199997,0.2912386096003916,-0.3969814843528621,1.875,1.9959598414272524,1.9222866795703626,0.06525451420517225,0.221928886061054,2.0000000001685338e-08,0.20262234072130247,0.2026223407213035,0.14839248807040079,-1.391554331315625,0.644082,0.326245,1.6101136668277516,1.7964287165609973,1.1157154638034494,1.9471334269147957,0.3673469387755102,2.052790647969,0.3711428641078755,-0.6151624293908731,1.875,1.8605398564456763,1.0860205952332003,0.0031464057766582855,0.04257975541346477,0.8504704999999995,167.6709079124945,167.6730648025245,-8.160401719619222e-06,-1.447092619844046,491.33247,245.9524,1.4668569474153068,1.642778827035546,1.1199311766087514,1.8123532299121279,0.10204081632653061,1405712.833013579,0.9317234689550324,0.7449244082216241,0.625,0.5990961841110327,0.8818777283103268,0.9991758712837948,6.886756021048537e-05,0.4816958501983726,-0.002089197740308424,0.016528125554188682,-2,50,0,2022-07-12 00:48:40.145
N391,6.000000000047634e-08,0.07125568326341696,0.07125568326344221,-0.5574627774548238,1.532937425422003,0.369333,0.204316,2.867364266855953,4.1558743759048955,1.4493709166787465,5.399674086208392,0.5102040816326531,0.253868619867,-0.04299324792960394,-0.3588274038494963,3.4375,2.595182544353674,1.99975405206403,0.0318627097739853,0.5256426174515202,8.44593492366208e-19,0.1462160308543492,0.1462160308543492,0.47172360492186305,-1.2156067310798764,0.46220300000000003,0.264691,1.810273459438027,2.051741613463231,1.1333876673528456,2.2839649850126027,0.3673469387755102,1.0689563839399998,0.33636454052136994,-0.6023941994581551,1.875,1.9619484369251188,1.2752139227985255,0.00418313549787517,0.10200632622875987,0.29694777999999855,139.90510055451924,139.9054156891512,-0.0017853244642289682,-1.4348322702086684,422.79415,212.46686,1.5186464294711037,1.695734262217003,1.116608994239412,1.855237264959461,0.10204081632653061,978676.2669577096,0.9299266770228082,0.7437901690607445,0.625,0.6013910144729705,0.897818402098634,0.9977760460879593,0.0008777248424768234,0.46816976252619225,-0.02356869275338541,-0.0283782809525596,-2,50,0,2022-07-12 00:48:46.796
N392,0.0034476923076923074,0.025063696591452793,0.025299712825977358,0.5792452991174806,0.5704310733383711,0.11860699999999999,0.080705,3.189957157028808,4.105410411259081,1.2869797960179958,4.941607483417237,0.3157894736842105,0.024962943294000003,0.32708045322025353,-0.08067193361190021,1.875,1.988742032799992,2.2337186412473624,0.3054637294163071,0.30056189058147337,0.0025278205128205123,0.0547642055126277,0.054822514371144625,0.7422842824285131,-0.011459060096567608,0.22053699999999998,0.134483,2.4530615120926305,3.1422635904877225,1.2809558892011457,3.7992603180798104,0.6052631578947368,0.11721481519699999,-0.1275971437531412,-0.3860207595654703,3.75,2.657326893988198,1.9154714998877642,0.05825527830407703,0.4789344905848258,-1.7711903076923072,80.17459853156375,80.19416041585251,0.031129538067239216,-1.519030374081619,221.4376,111.41445,1.389308765404519,1.5481265059813545,1.1143142147603116,1.7134751355337636,0.13157894736842105,250813.03122733592,0.9170952556238982,0.6876479674069752,0.625,0.6021189978978537,0.930358577280782,0.995261936567216,0.0010376619265479706,-0.11004860936652963,0.021525423523754257,0.049616296949508885,-9,39,0,2022-07-12 00:48:54.584
N393,-0.013962000000000004,0.05943812604852209,0.06105594379059257,0.8043909850337777,1.0029081789441845,0.280914,0.160062,2.621562948055881,3.3052250234167087,1.2607841539215465,3.925389870784399,0.375,0.093195706804,0.34834318278433674,-0.10100457109694601,1.2000000000000002,2.0970821499425565,1.997980298409689,0.15955635773584115,0.386500002157529,-0.00976796,0.14371581543796216,0.1440473833485357,0.49024046462085236,-1.3124424995668027,0.424261,0.237631,1.6496724513560255,1.8228318877871161,1.1049659502337899,1.989922697004633,0.375,0.518741216239,0.3088939540264652,-0.6101064627899787,1.6,1.9376105999541136,1.247741387900429,0.008732955476015066,0.08756265621370896,21.51320668,140.77271841349565,142.4070795683337,-0.15374592986446037,-1.4243253725410676,416.45604000000003,208.93183,1.4671449666218634,1.6405392479917942,1.1181848319796068,1.8032478261599814,0.125,506994.40777954325,0.9299792712072237,0.71948272098683,0.4,0.5826530288667241,0.8938199199008449,0.9803598124678187,0.0001106470473112763,0.28217674991302905,-0.17649930343138043,-0.012827390080268154,-7,25,0,2022-07-12 00:49:02.714
N396,-4.000000000021347e-08,0.08010040135753628,0.08010040135754627,-0.8202166639824165,0.9753290752703658,0.401951,0.244008,3.046276870833831,4.071069194562031,1.336408135957679,5.016444557255732,0.6326530612244898,0.320803714882,-0.16437868140878997,-0.3293387420038705,3.4375,3.0825935960802906,1.82366964517674,0.02370789465970247,0.7798092308036207,5.551115123125783e-19,0.13409878512484744,0.13409878512484744,0.4711148931067629,-1.2150945001528095,0.443436,0.26126,1.9482652266891463,2.1888419496259717,1.1234825318653652,2.3740914480164577,0.3673469387755102,0.899124208598,0.2844917189667011,-0.5683961639314881,1.875,1.9577424775205465,1.281996854809137,0.0031560619241257455,0.09715595547436232,-0.20326833999999988,137.1182035897303,137.11835425533948,-0.0035108289224489433,-1.4369712533488919,420.44824,214.28111,1.5627456379834412,1.7414083915366532,1.1143261892471237,1.8995369602000405,0.10204081632653061,940072.1536846388,0.9312396107175006,0.7467514706110341,0.625,0.6028422466920282,0.8911886241469018,0.9975916112677794,0.0011601283449741836,0.37931815507688954,-0.006465167428170402,0.011121373933540062,4,50,0,2022-07-12 00:49:27.367
N397,0.007589590909090908,0.06431287995110599,0.06475915701870066,-0.06679759382835206,-0.22838167557165434,0.272524,0.137103,2.117121443696502,2.6769231588457583,1.2644164399808073,3.1366530353847346,0.32558139534883723,0.18452493038199996,0.6827925725959765,0.39874490312002214,1.25,1.4426014642085099,1.9651644866410118,0.3555215585239068,0.15662241941055313,0.005448977272727271,0.06742316301117371,0.06764299123893029,0.5677741624704087,0.4443960325377265,0.343073,0.197252,2.9160744725682144,3.8222704117696025,1.3107588464307267,4.672963152740327,0.5813953488372093,0.20132526760500005,-0.010451677847351402,-0.29003381748869944,1.875,2.3579634410633337,2.1762763058238495,0.13922002914698728,0.3683895397308009,-6.363083750000002,82.8687924602235,83.11272825882394,0.13340971307345584,-1.5701589527163282,221.65551,110.84498,1.3336703333190338,1.4659317433535495,1.0991709920587074,1.5932762562125895,0.11627906976744186,303939.9263395049,0.9300263566634719,0.7292478749073606,0.625,0.6066834012090291,0.9079362887916362,0.9951693066991875,0.0010505424235886295,0.056239784439822325,0.17987275293429247,-0.15147773626095484,-3,44,0,2022-07-12 00:49:34.708
N398,0.011300625,0.07891454286748656,0.07971956598837578,-0.039563261799765374,0.047684269743316854,0.372035,0.204063,2.559760548994399,3.2186719979179723,1.2574113618488365,3.8485441121881596,0.41935483870967744,0.20336669444400002,0.1944225869377126,-0.505036014943498,1.5625,2.21032343644504,1.9110246154570056,0.01956179686346702,0.3159938622991654,0.013870000000000002,0.2016782274050672,0.20215460496671847,-0.038236996548967235,-1.343778361845301,0.6634169999999999,0.341275,1.688188107593124,1.8898054196756557,1.1194282267335602,2.055852900920522,0.3548387096774194,1.3077274978959998,0.38818856002051155,-0.6121107600915461,1.875,1.8780290408525713,1.1053779832755044,0.003671084384654768,0.05307337676253637,2.7263538124999984,163.0851334346772,163.10792056953397,-0.018554503346147038,-1.501453194693722,475.56287,237.95751,1.4588961049169722,1.6097636869357697,1.1034121494397873,1.7436724812750939,0.0967741935483871,851334.2000805568,0.9366890501006154,0.7649559760675478,0.625,0.6019026006543944,0.8828434207477962,0.998687311496681,0.0005820541006564291,0.6367909705127583,-0.0035440490472636805,-0.026221631012529667,-2,32,0,2022-07-12 00:49:42.699
N399,0.005053681818181819,0.09153348385421407,0.0916728878480933,0.045813440055211936,-1.0977575845813308,0.318175,0.167364,1.8256651876979242,2.085841067413534,1.1425101828466584,2.300297801930809,0.7142857142857143,0.184886204061,-0.528832825389987,-0.17167315057890337,3.6363636363636362,3.531604385242355,1.1652524172139174,0.0017681512102425921,0.9182970325216087,0.001562545454545456,0.11982511848285296,0.1198353060150775,0.5816965855522883,-1.095733856259998,0.36599499999999996,0.224188,1.8708009138124368,2.149468487534124,1.1489562954904702,2.3746973070414135,0.38095238095238093,0.31593101248999994,0.22968524880183835,-0.6182704202213061,1.8181818181818181,2.066202552419383,1.2775016782951767,0.0002473811423632456,0.15364877048555092,14.743752681818181,108.91021426422208,109.90365332518016,-0.2053794346064358,-1.2883778446213998,337.93273999999997,172.12774,1.5661694110450795,1.7676061259694043,1.1286174493664192,1.9421648657166364,0.14285714285714285,265733.8863128704,0.919701718425283,0.6989461742159399,0.45454545454545453,0.601879967450362,0.8169483819246779,0.9936118291192921,0.0009538909575312146,0.39345475107942035,-0.0518778023247094,0.0009758653253673335,-2,22,0,2022-07-12 00:49:50.587
N401,3.999999999979714e-08,0.0912001494060092,0.09120014940601798,0.04725533639076661,0.15447245420171019,0.43824799999999997,0.236508,2.5932852253024232,3.35802903851451,1.294893830324007,4.048900244180046,0.3877551020408163,0.415873362584,0.30827904112669546,-0.4304829269016163,1.875,2.0252078606366233,1.8756532686850451,0.03939562793276605,0.19956662347083073,5.551115123125783e-19,0.20673190156519142,0.20673190156519142,0.18209204480658397,-1.3275198008106641,0.642005,0.347602,1.6814144182308808,1.9189958740721962,1.1412985717651272,2.161268431965586,0.3673469387755102,2.136903956238,0.37042799212127203,-0.6255728517928606,1.875,1.8662494302858563,1.1271143073513177,0.0040188774690527364,0.047554440383916624,0.46176221999999995,174.17042698513376,174.17103909815668,0.0039449063649115825,-1.4492041462281413,507.73662,254.56372,1.4615731829936252,1.6357439743869842,1.1191666578314052,1.7973622337041604,0.12244897959183673,1516777.5430265814,0.9282521932661446,0.7204930983793678,0.625,0.5906704003488866,0.9118327503790365,0.9992742883549751,4.6326961689903144e-05,0.5111997467741101,0.0030607941956607475,0.003998754626990106,-2,50,0,2022-07-12 00:50:15.827
N402,0.0002639130434782592,0.07427180957654826,0.07427227846154691,-0.36488047291737025,-0.9554352151676104,0.275465,0.154015,2.0736539014315873,2.391884455278076,1.1534636776304819,2.6580295764432513,0.6222222222222222,0.25375308200200003,-0.1946410027615933,-0.29605783525723023,3.4375,2.575184497908978,1.9504575779408617,0.03764015957779698,0.53396528108343,-0.0025174782608695643,0.13948984724028876,0.13951256280318647,0.613828611274659,-1.1031782046750356,0.431481,0.264051,1.8926682636638443,2.127832006614906,1.1242498474063434,2.316986694985818,0.35555555555555557,0.895332738276,0.2899200208837105,-0.5784515223506898,1.875,2.07683819582706,1.417455708680571,0.007604614312583194,0.15371472212278184,-6.164281804347824,136.0568955372227,136.19646542179476,0.09861216175207055,-1.4668345411629715,406.81354999999996,204.87716,1.5042766298339976,1.6628944121350864,1.105444556642878,1.8000559292413698,0.1111111111111111,853275.950895946,0.9332334105893034,0.7437203331666552,0.625,0.6048209242524638,0.8903290203791485,0.9970633175547486,0.0013887701777357342,0.4111954758063667,0.022861144835563178,0.056369013910644535,-2,46,0,2022-07-12 00:50:22.836
N403,-0.022712499999999997,0.04854920805572667,0.05359928412850525,-0.12444799449282119,-0.5223355305094621,0.206391,0.121728,2.27107510817038,2.9391894339075955,1.2941841612078875,3.620501334090361,0.48484848484848486,0.097678030809,0.07855079245139035,-0.11941820856174677,3.75,2.7535169979416323,2.039460066399676,0.16243735991021102,0.657052852496168,-0.0135005,0.04766746567890934,0.049542413995484716,-0.2018961009186015,-0.6297952941706013,0.188725,0.119927,2.420693509422656,2.8863358526279876,1.192359066272867,3.268988035781491,0.3939393939393939,0.08345132667300001,0.1401657343288366,-0.3261687833050876,2.8125,2.347831670940092,2.069511246286292,0.21822724563138896,0.3138726016776796,-2.085639970588235,84.49460227874377,84.52033902162252,0.03966075456882747,-1.5570684095595027,225.79244,112.92304,1.3360457530951375,1.4785677485387816,1.1066744870925804,1.6193470125908678,0.12121212121212122,242885.38208322023,0.9241661737206043,0.7017343922638666,0.625,0.6015556052567385,0.935918592554401,0.9948950853705849,0.0012005553174068602,0.017063482065064427,0.07352070106747403,-0.002388511266429328,-13,34,0,2022-07-12 00:50:30.952
N404,0.006881666666666665,0.08781437682669233,0.0880836086543429,0.5004152570387674,0.22843734221455314,0.350827,0.21595,2.45164796605268,3.442858173177296,1.4043036442628145,4.77664858994825,0.35,0.16293316438500002,0.5286599666781715,-0.2298559943609791,1.9047619047619047,1.8824920200180413,1.743834280164935,0.32452899072918734,0.1085625477835892,0.003780428571428571,0.20365123655606987,0.20368632205182557,0.1279940705461261,-1.322501468960872,0.62661,0.339068,1.6646576784558373,1.8869043722935346,1.1335089470430082,2.0893884677475087,0.35,0.8712504736110002,0.41226499037661035,-0.6325267739030469,1.9047619047619047,1.856280895512089,1.03863398726915,0.0025240184293609524,0.030214441219676584,29.61895376190476,162.3173851142594,164.99762402010717,-0.28359569408032703,-1.3175802841213864,482.31155,241.17628,1.4616954724791034,1.644534098024466,1.1250866743366592,1.816824798668968,0.1,571708.5345778936,0.9277599947776165,0.7221549392821623,0.47619047619047616,0.532466395560253,0.9664386528151458,0.9964566846228385,4.564506223684329e-05,0.48812839736793534,-0.05583020323706614,-0.1375626400452634,-2,21,0,2022-07-12 00:50:38.906
N406,-3.9999999998652226e-08,0.08570927446337649,0.08570927446338582,-0.0955031338125664,-0.22525868432465845,0.37733700000000003,0.211076,2.462697313931524,3.1725123082222955,1.2882266489979646,3.871900735160157,0.3877551020408163,0.36730398645199996,0.2108192898057566,-0.39325331883027725,1.875,2.0696385230514815,1.8973632617010179,0.03417916909152189,0.2162533851967503,-2.0000000000575113e-08,0.21366042581802464,0.21366042581802558,0.22222436279606828,-1.3074419112285247,0.696875,0.364533,1.7061325166059178,1.9387802968825643,1.1363597364285996,2.150002864254365,0.3673469387755102,2.282538878037,0.35440292409117785,-0.6079461079845655,1.875,1.8714293121525207,1.106957945346433,0.0010535783215858477,0.044836442822052514,0.7681679399999995,173.3080242751328,173.30972667491594,0.0040941618357342524,-1.461596085518772,506.76077999999995,254.81704,1.4702985509749873,1.6433243239123425,1.1176807069711236,1.8126907746948602,0.12244897959183673,1501813.0680067032,0.9291178767690427,0.7275695688236852,0.625,0.5977621875718317,0.8843144844807029,0.9993757994935843,7.892888700331617e-05,0.5573838949143916,-0.002703834115514225,0.016335025358693158,-2,50,0,2022-07-12 00:50:56.424
N407,-2.0000000000366948e-08,0.07655700993938831,0.07655700993939092,-0.3993085455658488,-0.5822972748117388,0.29942,0.170559,2.227869141376199,2.741609798612019,1.2305973217612198,3.255266836291438,0.7346938775510204,0.293048788543,-0.21331367105873011,-0.2845280566766608,3.4375,2.9480780215427727,1.8647715458880743,0.01939380697462741,0.6950683894050612,2.0000000000575113e-08,0.13234172900646116,0.13234172900646266,0.5752791716264835,-1.104809237594764,0.44587699999999997,0.265094,2.003102135586083,2.2609469923436514,1.1287227706350214,2.460242220755693,0.3673469387755102,0.875716661821,0.25555274059450106,-0.5920257968738889,1.875,2.0340290069824993,1.3919627852998302,0.006085252138187357,0.13404211496217164,0.5773162800000006,129.96696182112728,129.96824404100224,0.01322598706713521,-1.42647884218112,388.238,196.82624,1.5144179368762225,1.6943888596862138,1.1188383460256788,1.8601138172659286,0.12244897959183673,844587.2229550756,0.9289993255815687,0.7296444639872697,0.625,0.5986738468738853,0.8921401219261453,0.9982802224651044,0.00046067991250506264,0.4221030190324442,-0.007904046747265884,0.0015804657245613142,4,50,0,2022-07-12 00:51:03.048
N408,0.005605105263157895,0.04516125326671635,0.045507757598365346,0.20135780860934596,-0.6059359963052713,0.17657699999999998,0.109176,2.399063495141796,3.0094490313763553,1.254426586653757,3.659075231574719,0.35135135135135137,0.078696328062,0.44109611125219483,-0.30291345803274683,1.25,1.879027149938079,1.7847852091261809,0.04235627548170148,0.1506062752742062,0.0019762368421052633,0.05888063184614954,0.05891378716954033,0.2067362385913806,-0.979449564392656,0.218925,0.117259,1.9903490444869139,2.3780331538181967,1.194781970732788,2.7597556484431065,0.5135135135135135,0.131891704109,-0.002716136467750235,-0.5242694426440703,1.875,2.4749685889301842,2.073520572083774,0.03721035305561926,0.3451910861752248,-7.9422915,80.65647354030962,81.04657129224923,0.18143272056839993,-1.5094794460708516,220.31536,110.63744,1.3651094455439432,1.5165893928169063,1.1109654231515513,1.6813567490808643,0.10810810810810811,249604.7752927262,0.9268217338339941,0.7261883765562954,0.625,0.598138726392885,0.9361490282312808,0.9954847255119604,0.001075117665106142,-0.21613502312157346,-0.05401404986014925,-0.01334174677070172,2,38,0,2022-07-12 00:51:10.863
N409,0.00652404,0.07086550572315418,0.071165181088226,-0.07481428899348694,-0.5437897507744656,0.274284,0.148562,2.0875658254255325,2.6396062107378078,1.2644421452912733,3.230253499101332,0.5,0.126612074983,-0.14829450432583968,-0.3246900139428363,3.6,2.73984373270708,1.7360618095274694,0.007720240025157554,0.5810291095986915,0.00908488,0.16574641459538605,0.16599520774962148,0.19054734830735873,-1.2539306521072786,0.509694,0.27698,1.6686023877133984,1.919760684898086,1.1505201592866394,2.122260751729528,0.375,0.688860224896,0.35105135704504037,-0.5844502500492487,1.6,1.9431275648073423,1.2134627948999588,0.005115211665789098,0.08603958789904533,-3.4415345600000022,150.07800576989754,150.11746059668437,0.016190219889971297,-1.4365193978669055,442.10726,221.59794,1.4761636595716197,1.6534285667537338,1.1200848605320335,1.8137166413862889,0.125,563381.299399927,0.9301255216666077,0.7113028305801448,0.4,0.603389634896415,0.8200161200452298,0.9787768233071745,0.00010168969093243049,0.5277335560575865,0.05000151204717471,0.032384596488105925,-2,25,0,2022-07-12 00:51:18.948
N411,9.999999999820916e-08,0.0849141101149273,0.08491411011498619,0.5778568337388963,-0.47746383694212247,0.324692,0.197822,2.329671708649127,2.8217290625455553,1.2112131731134559,3.275241937662171,0.5102040816326531,0.360520304831,-0.005352922143836581,-0.3474496895062109,3.125,2.4601925127123994,2.1802852422940235,0.07122231666362852,0.4949381811831435,4.000000000004e-08,0.19178805692263115,0.19178805692263529,-0.006942395252268284,-1.2637706208161457,0.680368,0.350259,1.8262816028283229,2.05932950777263,1.1276078697739664,2.2521037655250193,0.3673469387755102,1.839132938908,0.3623606261626463,-0.6027512494419686,1.875,1.8665647495807856,1.1866985538136599,0.0084062685123757,0.05228256395198869,-0.2037217200000009,156.31707394382332,156.31720669490588,0.0003057087923750386,-1.4366744891986667,474.19304,238.26054,1.524211857655748,1.7065814520807359,1.1196484553698947,1.8811677864577694,0.12244897959183673,1221753.4554448964,0.9290411021906582,0.7310222919135628,0.625,0.5967566559804083,0.9052131739510354,0.9985107706839191,0.0004985244240473371,0.5421166648729016,-0.03306806575451011,-0.027897229637198376,-2,50,0,2022-07-12 00:51:36.856
N412,0.0,0.08803119080007948,0.08803119080007948,-0.20308857226213692,0.019692341730296548,0.40501699999999996,0.206647,2.3474293386454272,3.052282901472975,1.3002661469819918,3.742363049463212,0.5306122448979592,0.3874745276839999,-0.16359529041285353,-0.374812478978154,3.4375,2.7249028736817165,1.9365322349246978,0.012629778218109913,0.5676247842369948,2.000000000140778e-08,0.16539473720907688,0.16539473720907807,0.4812987146545497,-1.182805785551534,0.537237,0.323403,1.9553403297904286,2.2310970093229185,1.1410274596862866,2.4778498622892635,0.3469387755102041,1.367770954823,0.3179160544055705,-0.5906251673920309,1.875,1.9586584125733317,1.2639106090134442,0.0031701950779812085,0.09828193917223023,0.3758407000000011,157.75604465730413,157.756492361326,0.003008823726724089,-1.438506125899176,474.01625,237.25334,1.5039212424715565,1.6810700251582644,1.117791263055491,1.8419443725520324,0.12244897959183673,1244355.5441074555,0.9296716393696116,0.7361451786579647,0.625,0.5976408355341426,0.9037351576347659,0.9983970481865152,0.0005672027774928693,0.4532439938302825,-0.01334499551536638,-0.004045170285271208,-2,50,0,2022-07-12 00:51:43.448
N413,-0.007261449999999998,0.04334747150120177,0.04395147257658155,0.32901505174428525,-0.6457572944474932,0.17975600000000003,0.090468,2.058361067251331,2.46190520897539,1.1960511924484363,2.8416042559941026,0.28205128205128205,0.077269277666,0.5010195585363582,0.005141598626413162,1.875,1.73541888478127,2.334203948593141,0.25103285828027894,0.2058354460292242,0.0014474749999999988,0.054072316774846765,0.054091687210467004,0.05793351484450005,-0.28801027373488886,0.25355300000000003,0.131146,2.4245130215613355,2.9446478018594626,1.2145316505510748,3.3406807189563015,0.5128205128205128,0.117036425011,-0.1067698061795442,-0.4297693235341389,3.4375,2.7793033875322375,1.9509723536631791,0.034769824906254146,0.5852852907319327,0.6502511500000011,80.24988594996734,80.25252034385488,-0.015157229296205142,-1.5319610997020894,220.87625,110.91067,1.3820210197110985,1.537748330565797,1.1126808555250862,1.6969060590473033,0.1282051282051282,257618.68086163368,0.919469724932303,0.6912110320705133,0.625,0.5994092177482407,0.9347496485914686,0.9956594239818285,0.0010745307474970401,-0.028860407850074262,0.059904080824378994,-0.08252760509244736,2,40,0,2022-07-12 00:51:51.236
N414,-0.030584607142857132,0.10529228387152298,0.10964434886014092,0.206575385042589,-0.7135357907490456,0.40174699999999997,0.204721,1.8671368121410072,2.23701688829917,1.1981001465736347,2.5565750325131136,0.4444444444444444,0.33661273063499997,-0.0663392987761474,-0.25433939447728904,3.928571428571428,2.7425795535659594,2.0855104014874906,0.0054600032801230035,0.5580860818033323,-0.018424035714285712,0.178496534101102,0.17944485999355664,0.21308968128972267,-1.4169771600503087,0.537964,0.271026,1.5103581122899357,1.6629413312816634,1.1010245303747124,1.7873870210790586,0.37037037037037035,0.901612817787,0.30547434619166564,-0.5960858014256143,1.7857142857142856,2.0617870159799536,1.4720049782919669,0.006062966947196782,0.1439527018244426,9.817695392857148,144.09124245099696,144.4253208197888,-0.11084281429958517,-1.4817188068210865,407.63336,204.01421,1.412593088538575,1.5686858405478432,1.110500860634082,1.7171909493285438,0.1111111111111111,584042.8522291697,0.9395755129952802,0.757507079642988,0.7142857142857142,0.5975152357140516,0.8807974431607959,0.9473623403369377,0.00011359355935064076,0.4815634654505393,-0.06019925207494964,0.09712011527207692,0,28,0,2022-07-12 00:51:59.201
N418,-4.000000000031756e-08,0.06085292831013476,0.0608529283101479,-0.4564653659967983,-0.8985664594323173,0.237987,0.14101,2.317226202842978,2.697467391653671,1.1640932544022586,3.017704910961391,0.5918367346938775,0.185153944196,-0.29216305763679734,-0.3303655116000649,3.4375,2.92528441462214,1.9344146834379985,0.0352324947030577,0.6923424734389069,4.000000000031756e-08,0.12179736020833293,0.1217973602083395,0.535503108713972,-1.1263265124671322,0.406095,0.25091,2.060061068407459,2.3306833896985113,1.131366164547859,2.563628123793244,0.3673469387755102,0.7417298476860001,0.2925044985325407,-0.6120534847832133,1.875,1.9705484799208126,1.3365094932063288,0.0038193134651526217,0.09718988199976983,0.3870391399999994,133.99056634512957,133.9911253359134,0.005755109799215796,-1.4311551322191003,402.22149,202.71602,1.512906317428072,1.6911754110187334,1.1178322091309114,1.8553419130077546,0.12244897959183673,897681.0834392228,0.9263586460150761,0.7141109669715304,0.625,0.5977815808565357,0.9073712874338404,0.9979779752711329,0.0006881172319203398,0.36899674844104047,-0.030321189721574573,-0.021266334194558863,-2,50,0,2022-07-12 00:52:32.972
N419,-4.85722573273506e-19,0.04069112202630938,0.04069112202630938,0.242679219656228,-0.6440687618447325,0.165871,0.084783,2.083574887543834,2.5501223582292827,1.2239168236642675,2.987996507511482,0.3877551020408163,0.08278837058800001,0.3758602331233714,-0.27519674750671,1.875,1.891919326153866,1.9838196001822574,0.07453899771533369,0.13227267765393388,-2.0000000000575113e-08,0.060788710326339375,0.060788710326342664,0.23277130467382343,-0.8058913341676686,0.239645,0.121718,2.002312589731876,2.4404112437199283,1.2187963339164327,2.9100618727663536,0.5102040816326531,0.18476336515699998,-0.12421421227204414,-0.4043177447312211,3.75,2.704242898626352,2.030160573361836,0.021928695078185696,0.44948023728146624,0.5915472999999991,81.40631053334162,81.40845977451596,-0.0023987624076993357,-1.552677140489124,220.87767,110.80254,1.3610691113294533,1.5076292415277308,1.1076801530343465,1.6501116998002778,0.12244897959183673,331366.8661429492,0.9236278754532872,0.7082722085383488,0.625,0.5994657853744171,0.9251828190673398,0.9955974564653706,0.0010748917552617196,0.01743145020817489,-0.019113922308716252,-0.005865184897330104,-2,50,0,2022-07-12 00:52:39.609
N420,0.006259684210526317,0.08387761195810844,0.08411086394878206,0.013281349476160813,-1.0999570021815797,0.308559,0.175689,2.0887789252406557,2.434380715679668,1.1654563756186855,2.7746507733098937,0.43243243243243246,0.26883622249999994,0.1651154325441054,-0.5282917901154044,1.875,2.2269805760465515,1.8503468591923498,0.0265072816806196,0.29632233032904337,0.007710315789473685,0.20234715365874317,0.20249399883297386,0.11493902849917548,-1.291775478617769,0.679504,0.34546,1.7060258673885487,1.9462783365362404,1.1408258067712957,2.1783087860577033,0.35135135135135137,1.5581451434080003,0.3678049142100971,-0.6297208832471981,1.875,1.8324748669309963,1.1169198413615553,0.006126215402779277,0.027276114652583023,-8.422463736842106,158.02268264652386,158.2469782529904,0.11167074070561848,-1.3789692618846632,483.70677,246.39454,1.5570252444636734,1.7568066431050469,1.1283096721467667,1.9450676182366544,0.13513513513513514,951600.0327956917,0.922547753118205,0.7070023360509071,0.625,0.5999964330172575,0.8935555534577487,0.9986717294156887,0.000528704573614697,0.538126121462755,0.07323954059272729,0.019323647673316454,-2,38,0,2022-07-12 00:52:47.696
N421,0.008485826086956522,0.07970213479310607,0.08015260154827492,0.0553762042962133,-0.7334601074210712,0.282242,0.14971,1.8678121122473055,2.3489817052122888,1.257611346350063,2.876356113730596,0.5454545454545454,0.14776210930400002,0.1070316049049582,-0.40939138354471355,1.7391304347826084,2.1679627062621556,1.7260143548477018,0.04023090495829958,0.34674615456295227,-0.008354478260869568,0.1756868326886297,0.17588536177628286,0.22280017324475043,-1.0549428500883287,0.606502,0.317444,1.804834676371604,2.0946840865724066,1.1605961000170433,2.343702777467879,0.3181818181818182,0.7115201912049999,0.40781407324014507,-0.545425770325705,1.7391304347826084,1.8836934570082815,1.123518073039547,0.002080835761034054,0.06111481600075442,-47.63421813043478,169.90055754346153,176.45174465126982,0.4449811206559821,-1.2343959295977547,511.58565,258.35851,1.464187903104084,1.6235652956287674,1.1088503683077853,1.7724332180098668,0.09090909090909091,716110.0183809693,0.934623714661977,0.7575447024947926,0.4347826086956521,0.5038371051618922,1.0160126369681048,0.9926845412665252,0.0004590264189279484,0.40287278139344984,-0.02478499972851373,0.0867759431577138,6,23,0,2022-07-12 00:52:55.616
N423,-1.9999999997799554e-08,0.11763444874091773,0.11763444874091943,0.19994445265305893,-0.19734787870928727,0.577757,0.312507,2.6565942489199905,3.2365182099524277,1.2182960236657137,3.750237665780042,0.32653061224489793,0.691893176529,0.36782666066419145,-0.005154138739807074,1.875,2.0163977680451985,2.159637046756417,0.15907227952244707,0.2872495801793417,-3.999999999892978e-08,0.1919667209080741,0.19196672090807823,0.10479845568606508,-1.1551272513145605,0.705424,0.365705,1.9050437402382625,2.1968475878378606,1.1531743557568408,2.4610570467176176,0.3469387755102041,1.8425610968100001,0.3650727209004598,-0.5775776413780925,1.875,1.9001623904323706,1.3560357171033743,0.022980507085296892,0.08286920473728751,0.12055410000000222,178.81405631601575,178.81409695401052,-0.010868737163957427,-1.4500254149913674,531.06768,267.03683,1.4933768340908806,1.6721384953086713,1.119702982621004,1.843756718638597,0.12244897959183673,1598724.0634739138,0.9301962975113021,0.7307860382102919,0.625,0.5972104646817733,0.880361651831233,0.9994201672191462,6.810161970755294e-05,0.5474534868290455,-0.05325319492384304,-0.027954702684620355,-2,50,0,2022-07-12 00:53:13.056
N424,-0.00287895918367347,0.06886906294984832,0.06892921178695886,0.18691781873352695,-1.0390239462889774,0.24167699999999998,0.127151,1.8446605829903957,2.1659780363728904,1.1741878459080013,2.485142057460702,0.7083333333333334,0.23281057564100002,-0.4293952601645154,-0.23487698793460143,3.4375,3.3228088905498696,1.350527006744613,0.00913133418887491,0.8566279067580495,0.0016052857142857156,0.09111170287496283,0.09112584344191278,0.48031764432813784,-1.1916803363341364,0.303393,0.180362,1.9792628873165916,2.230696945611331,1.1270341903068894,2.426209949782247,0.375,0.406892047807,0.2727386467209917,-0.613256312604258,1.875,2.008347062989571,1.3988953002616993,0.0019663006999955934,0.10291490957163293,3.7625881632653067,100.14951707851226,100.22017182556394,-0.04104816070477442,-1.4240914109201104,296.67274,150.42331,1.5009284783687664,1.678347220480502,1.1182059936024116,1.8333232427843194,0.125,492160.0591965325,0.923488564758312,0.7099220169955852,0.625,0.5957625750562389,0.9340736041453575,0.9961057251278308,0.001125334487969497,0.07583302510306596,0.09523403907936155,-0.06704178387043926,-3,49,0,2022-07-12 00:53:19.759
N425,-0.007578583333333331,0.06915684171720547,0.06957085367910104,-0.14087720974152979,-0.5903672667972941,0.281959,0.167183,2.403060925069854,2.8947641055461206,1.2046153617440947,3.308691327293478,0.6571428571428571,0.17424373253899997,-0.4365266303047153,-0.19756488038637293,3.4375,3.1325693032043977,1.5236849345439678,0.01631155181975912,0.7644623261626147,-0.004532111111111112,0.06742359974847983,0.06757574886130872,-0.1277619452616948,-0.989332725888918,0.244265,0.13204,1.953955408929268,2.293648633781695,1.1738490158475892,2.613927719924929,0.37142857142857144,0.16439334603000003,0.42587505359910727,-0.5195669390558882,1.875,1.7355152566203467,1.4116367343921086,0.053734196057324095,0.012976490425820808,-5.693608416666666,92.32033592747167,92.49573829406171,0.13039778600954774,-1.446305954497864,273.89673000000005,138.01803,1.492155558142735,1.6531396340483475,1.107886925747867,1.793235613464539,0.11428571428571428,307996.61769228795,0.92617308332536,0.723114177838396,0.625,0.5989505318154084,0.924542829346643,0.9965837513317835,0.0009641417781492861,-0.01086120713675003,-0.0024393229884020805,0.0963497436067917,-3,36,0,2022-07-12 00:53:27.876
N426,0.005061583333333332,0.0953315654802213,0.09546584207322532,0.5450853373392751,1.0884515099448375,0.475032,0.270864,2.837287076902739,3.8710986720657417,1.3643662298323158,4.816580576413181,0.391304347826087,0.21872944806599998,0.46290611598973835,-0.1589638850979236,1.25,1.7526203440822354,1.901471542759439,0.14179535908485555,0.08776441798770081,-0.009145375000000002,0.18813734539599267,0.18835949303537017,0.27336661788238803,-1.2494532952468715,0.592288,0.313759,1.6657456172972513,1.89033604089636,1.134828764528594,2.1178293492059894,0.34782608695652173,0.851503166797,0.39673214877792107,-0.6149755717426427,1.6666666666666665,1.8082402168564622,1.0278522433889072,0.00707909806232808,0.014454590937461952,-52.969079625000006,172.32011047931093,180.2774081018515,0.506843996181559,-1.1694659961947518,517.1003900000001,258.9412,1.4363485848082846,1.5864452108340967,1.1044987460657723,1.722797621656444,0.08695652173913043,779998.6529261163,0.9328001901140586,0.7553545874814701,0.41666666666666663,0.48793018734428234,1.0396860932924405,0.9904834155217845,5.7933237611245644e-05,0.4958912115711055,-0.10089474892383464,-0.051434774239041074,-2,24,0,2022-07-12 00:53:35.908
N428,3.999999999948489e-08,0.0818141986970379,0.08181419869704769,0.5771373472567084,0.6495488493053903,0.400237,0.232575,2.8427217243941865,3.8430587823167244,1.35189411940619,4.834153957224328,0.3877551020408163,0.334678155422,0.12911674206716517,-0.3824769750539824,1.875,2.3115499139618474,1.978018015185942,0.03512243004867786,0.3675517812413782,2.0816681711721684e-18,0.1820817403994151,0.1820817403994151,0.18142253239502254,-1.216917965611406,0.617289,0.317693,1.744782312070983,2.0046818587501716,1.1489581507567548,2.246458522632302,0.3469387755102041,1.6576880093439998,0.373907506736817,-0.6007629637001203,1.875,1.9212180382127972,1.1665660796241364,0.0034204806287604604,0.07301697068511698,0.2596070799999998,173.1812365302206,173.18143111191856,-0.00028786963430241046,-1.445691505516515,507.47949,254.28024,1.4682881320900467,1.643819016206029,1.119547982633437,1.8054759596877252,0.12244897959183673,1499590.4040986097,0.9306180556661092,0.7376879699060761,0.625,0.6005628553225255,0.8786013436943102,0.9992099806884098,4.330556381645612e-05,0.6056459146481623,0.04575105069133563,-0.011321970145115394,-2,50,0,2022-07-12 00:53:53.254
N429,6.000000000122228e-08,0.07602873901108975,0.07602873901111343,-0.07566817206136435,-0.5698379446768773,0.296423,0.157421,2.0705459810005418,2.5760850105926143,1.2441573547416624,3.0894788177296237,0.6530612244897959,0.289018457781,-0.2697154561621733,-0.20655857335700942,3.75,2.932715032365743,1.825032233156701,0.05139906315478112,0.6971213981447467,4.0000000001150225e-08,0.12112119515658026,0.12112119515658684,0.579490649068275,-1.1376308246421822,0.39698999999999995,0.232114,1.9163780517515567,2.1674496156720777,1.1310135876848741,2.3779868184663773,0.3673469387755102,0.7335171958079999,0.288774840599233,-0.5836487907456512,1.875,2.0205916407017517,1.3502825183974747,0.007550581171724568,0.13235637944571443,1.1664823399999988,122.12792634569844,122.13349693900471,0.007302076999357036,-1.4363539917615875,368.77339,184.83534,1.5133877652934928,1.6897429417289915,1.1165300661732902,1.8493878558539805,0.12244897959183673,745829.5537274937,0.9311912120979249,0.7446968835561613,0.625,0.6015035945932405,0.890120915366779,0.9976297235854374,0.0006032931704069759,0.3199968022331579,-0.002229945168175018,0.026973162609117116,-7,50,0,2022-07-12 00:54:00.003
N430,-0.0016902307692307694,0.06233444040157507,0.06235735193408047,-0.024358620635438977,-0.5926971336898688,0.26946899999999996,0.142698,2.288390952695516,2.732329309875025,1.1939958540111295,3.0825463476892887,0.18421052631578946,0.151649134269,0.5896763413019269,0.500160411147134,0.3125,1.6978110847221464,2.1785616119175013,0.49892628319570764,0.29786963389711674,0.0006867692307692304,0.058597815737913284,0.05860184008400051,0.3029599429121263,0.2557469090894764,0.26489399999999996,0.152934,2.609713274886637,3.4805107652375264,1.3336755415740893,4.274181819887547,0.5,0.133932850788,0.0789588442029784,-0.3124196481664125,3.4375,2.7816351638862615,2.0830480876808215,0.02813371134991988,0.4991973604754878,2.371259461538461,80.22871587175497,80.26375098302299,-0.04693336840241434,-1.5229416921868855,222.16371,111.5246,1.3894765524176558,1.5455637500203085,1.1123352512362046,1.697881953861726,0.13157894736842105,251248.5191527242,0.9166893552539543,0.6916110263692289,0.625,0.5964761018002661,0.9413543456045946,0.9949637777423849,0.0010295773580088962,0.08859983492724827,-0.07355970154541909,-0.1950150305744593,-4,39,0,2022-07-12 00:54:07.775
N431,-0.001986464285714286,0.08274025657030652,0.08276409908697473,0.302761145316513,-0.3708261071459944,0.34112,0.189945,2.295016826080491,2.832953810014621,1.2343934814860757,3.272002209564791,0.4444444444444444,0.19179709073499998,0.159395698683238,-0.5618048302120687,1.7857142857142856,2.5021576207343674,1.828223977691671,0.012020280729580654,0.4113865607516398,-0.0001615357142857186,0.2103991462850147,0.21039920829520725,0.15409308567100932,-1.2906352768348355,0.688519,0.35033,1.6650728053522825,1.8880388954597898,1.1339077122578636,2.0779814384966064,0.37037037037037035,1.239499151835,0.40201261237487945,-0.5895586553898662,1.7857142857142856,1.812661822686358,0.978131802315371,0.001020140607752715,0.011870948986462038,11.180606785714291,170.816663353856,171.18217911757444,-0.11176316140904602,-1.5050000473260396,478.49172,239.32126,1.3980500846155548,1.5482680108055866,1.107448172167122,1.6983790284102136,0.1111111111111111,820493.4765283574,0.9402299300546635,0.7586526994830508,0.7142857142857142,0.5968041885556207,0.8726952451988148,0.9482267788185914,7.111942023202539e-05,0.5761262720962873,-0.1095806088652715,-0.10780703859910808,-2,28,0,2022-07-12 00:54:15.782
N432,0.015343800000000001,0.04411837274605671,0.04671041652779388,-0.11104982551994869,-0.5471224418993974,0.17895,0.099181,2.12331653991963,2.5681918226779565,1.209519058696338,2.994302888919973,0.3333333333333333,0.054546575305000004,0.17154709999401044,-0.031622324747231284,3.6,2.5362872045061193,1.8841548531027807,0.07074026380488932,0.4946767140714459,0.01372052,0.0399569541062579,0.04224702179467803,-0.04448578639606149,-0.41892119855150733,0.171014,0.091638,2.1690996455410234,2.681603284947929,1.236274825114858,3.0927056249637364,0.4583333333333333,0.044620271263,0.010394383465358144,-0.5216918734798693,2.8000000000000003,2.709905558011749,1.9480632639477362,0.03391009521555,0.38806415521678544,-0.8249715600000002,83.82024139000785,83.82430103945987,-0.008409241523567224,-1.5405960868691209,227.00455,114.44677,1.3653173194504151,1.5131979428484348,1.1083122738511413,1.6587510332872448,0.125,175662.8361188498,0.9267099486142313,0.7050385498820791,0.4,0.612346052622654,0.8342609797358458,0.9736828913435961,0.000928981286928852,0.25478519601395183,-0.2743084170789182,-0.19661622577306015,-1,25,0,2022-07-12 00:54:23.963
N434,3.9999999998513445e-08,0.03938964279094697,0.03938964279096727,-0.1123552611635055,-0.4605475645254198,0.16989100000000001,0.094889,2.4089835113142914,2.9078761401482973,1.2070967387243845,3.2840787999958505,0.32653061224489793,0.07757719796000001,0.4335974997344308,-0.008954291781189023,1.5625,1.827445611412179,2.063525096007954,0.16034192534798009,0.20249355130746063,3.9999999998166505e-08,0.06216128451953354,0.06216128451954641,0.11022221418975328,-0.49964108794293294,0.286216,0.148051,2.3817236265998627,2.9162750092776504,1.2244388797708283,3.4008256409877697,0.5714285714285714,0.19320126465600002,-0.1301509970457371,-0.4323302881895826,1.875,2.6829648825687404,2.121546470993292,0.03708032408127999,0.4372797265004137,0.613081079999999,81.23715940821764,81.23947277725784,-0.0002867917067524026,-1.552595683189009,220.12344000000002,110.73674,1.3630903329914226,1.5110162214596246,1.1085224397003577,1.6586026594217438,0.12244897959183673,329992.5968563409,0.9234238969958106,0.7074370770345391,0.625,0.6025719150160539,0.9249713955068783,0.995611405422378,0.0011024428215297285,0.05894430189631616,-0.025434374031576872,-0.0363840844604807,2,50,0,2022-07-12 00:54:41.336
N435,0.00017983673469387613,0.05764501092182589,0.05764529144196056,-0.01463521501595694,-0.7029949297146323,0.232991,0.123443,2.1414238164497275,2.55814879005416,1.1946018207153977,2.9150808387042138,0.5833333333333334,0.162826001646,0.012107468837119438,-0.2093585559875657,3.4375,2.5608971911414833,2.1047113987631625,0.0946989689744041,0.5530645617585238,0.0009911836734693871,0.10777948936273911,0.10778404692888158,0.5187056959437936,-1.2021811588242508,0.335546,0.199389,1.8498934274713354,2.069964139207503,1.118963994610753,2.22329604345985,0.3541666666666667,0.569252637846,0.3370103693901969,-0.5792917996101599,1.875,1.9884007897345588,1.4724114267910169,0.01796304926089521,0.1250512082210148,3.371066673469388,111.63232119121412,111.68320923511898,-0.026640082109466258,-1.407999225070445,342.96457,171.80111,1.538289517077889,1.7259560416327635,1.1219968819077457,1.902038074433202,0.125,611183.822027713,0.9223384271436779,0.699115259019232,0.625,0.5955119072706457,0.9217882965794,0.9975906553479642,0.0005070624462696381,0.42815416236917175,0.03571237973204218,-0.017823422601520394,0,49,0,2022-07-12 00:54:48.044
N436,-0.004298542857142859,0.10026223921991281,0.10035434262694223,0.06918310125113988,-0.09114842761118958,0.425327,0.217948,2.1717844419568473,2.8855917120256507,1.3286731667649483,3.6492771798784367,0.4117647058823529,0.352484792943,0.09282837429549481,-0.40358937954707,1.875,2.227015897501098,2.117207411436939,0.09955592500567954,0.3255716686529594,0.004436314285714281,0.19667100692429354,0.19672103560386503,0.22353876380485516,-1.2322733148002378,0.634772,0.342771,1.7424216934798684,2.0011280858686353,1.1484751902233796,2.2202304420540466,0.35294117647058826,1.3544708047169998,0.34142689774002144,-0.6031812460659937,1.875,1.9486750096583227,1.2367348388467325,0.004689548167397979,0.0897477289892454,1.6304494571428563,170.3950168562968,170.40281727392292,-0.009115741004308927,-1.3903316030541193,508.71975,255.98601,1.5022404799123825,1.7010850228464658,1.132365320727931,1.8855371894021244,0.14705882352941177,1016299.2047211488,0.9269561817726639,0.7330500201301463,0.625,0.5983381048727239,0.8820671179980993,0.9992896407898036,7.110166021162164e-05,0.6256043542239283,0.057015655983270054,-0.015283806620010451,-2,35,0,2022-07-12 00:54:56.093
N437,-0.00044431818181818206,0.05405788740060919,0.05405971336275874,-0.34400766970982566,-0.6001377507794783,0.209536,0.114076,2.110185069508451,2.569423954051467,1.2176296720031252,3.004908772823985,0.5238095238095238,0.06429395739499999,0.03968251286139649,-0.27068221245050045,1.8181818181818181,2.4210401600673994,1.8436705732154455,0.06593807512076579,0.39565589017624,-0.0013019090909090916,0.05959925394507818,0.05961347195132078,0.7545682103186536,1.473314393506004,0.281583,0.173231,2.9059035538385873,4.041418612394831,1.3907614404670354,5.1112235465429805,0.5714285714285714,0.07818285283800001,-0.16600641495754992,-0.6198955635540825,3.1818181818181817,2.7553077025149078,1.7729282408356544,0.010750824320941403,0.4822412126783756,24.29885559090909,83.93470298199985,87.3811692969623,-0.4578937651427469,-1.3878015715964567,224.35501,112.71144,1.2898824873463701,1.4041845641136672,1.088614333389739,1.5225358041114678,0.09523809523809523,167980.3124494965,0.9380183294669079,0.7717116742934385,0.45454545454545453,0.4825605873347226,1.03495741191033,0.9943027906575177,0.0008714825031577167,0.17537706150751065,-0.20511959222703338,0.039709251878468466,-2,22,0,2022-07-12 00:55:04.088
N439,-4.0000000002191063e-08,0.07801496204753547,0.07801496204754572,-0.13261297804708136,-0.729832627398169,0.31596199999999997,0.158497,2.0316231122871664,2.447722756252853,1.2048114344875949,2.807071789287212,0.6326530612244898,0.304316715164,-0.31155721422872923,-0.2797640464102346,3.75,3.1607900517735223,1.8160761921490243,0.019021356245891997,0.7676846718017375,-3.999999999781956e-08,0.12241442183353399,0.1224144218335405,0.460621152197552,-1.3458101396564393,0.369185,0.213123,1.7409958467949578,1.9205765541563966,1.1031482686716532,2.0536796215845916,0.3673469387755102,0.7492645336419999,0.3269979855204913,-0.6045377546456118,1.875,1.9510009355454272,1.2506594181700452,0.006760314236262599,0.08599809345650329,1.2044314399999998,129.3508397996063,129.35644712173053,0.00627007853545601,-1.4254527164422757,392.22757,199.66223,1.543504281716306,1.7280194980431633,1.1195430544071343,1.9046359378657718,0.12244897959183673,836654.5205978533,0.9300015752958812,0.741097747763444,0.625,0.5978850216356655,0.9039158844423485,0.9977204132320122,0.0005230461582093918,0.29416689898004045,-0.0022399059465488804,-0.029282449959356877,-2,50,0,2022-07-12 00:55:21.168
N440,0.0007192040816326535,0.05619062631972747,0.0561952288073844,0.09539439300357933,0.1610950774835347,0.280096,0.165948,2.9530620930258302,3.6443662019174106,1.2340973833649538,4.223720237287918,0.5,0.154737283295,0.013768740720490896,-0.15042995875691123,3.75,2.484572435353475,2.064218212361404,0.05719247724482044,0.4730007402692621,-0.0010709795918367345,0.05078466833260452,0.0507959598288956,-0.11386067186489157,-0.5695711869475772,0.210762,0.106475,2.0961312741930125,2.561704511642203,1.2221107252113452,2.9555132333462986,0.4375,0.126431247212,0.12611276757623122,-0.5599768320006527,3.125,2.3371447143132587,2.1321685441803155,0.07624549195898721,0.33925760553376233,1.444339979591836,84.29815763434154,84.310530175779,-0.030055279958916523,-1.5340719677153312,229.84102000000001,115.39067,1.3686388848394386,1.5205252362807686,1.1109762064513815,1.6710610341560665,0.125,348305.00942752603,0.9277793316750628,0.7333874880162126,0.625,0.6068358349777433,0.9171854220195479,0.9948903320893343,0.0012604135418037732,0.20274815652676345,-0.0706499631228617,0.03188712689529532,-3,49,0,2022-07-12 00:55:28.258
N441,-0.0028905000000000024,0.1009168904793182,0.10095827739350897,0.24405794500865247,-0.7000306417127273,0.3907,0.209276,2.0728959071309907,2.541607059106767,1.2261141769653547,3.025290664185408,0.3333333333333333,0.346547508325,0.2195026127739083,-0.42131833500664706,1.875,1.9908123589344522,1.9236930631222096,0.08864907217797119,0.22526098064106512,-0.0015707647058823598,0.21907375406725724,0.21907938520746847,0.2696784684006396,-1.258153898084749,0.728494,0.399782,1.824827103752395,2.0688656494879507,1.1337324205858947,2.2732864990493704,0.3333333333333333,1.6318564187780003,0.39893142116948876,-0.5505339029915924,1.875,1.8575243322727966,1.1628732059735944,0.005955983882604173,0.04971224902836985,1.647401764705883,174.68770314088826,174.69547092358596,-0.021880263572370204,-1.4219432032327395,514.6939199999999,257.44048,1.473652857964519,1.6533815316150868,1.1219613375559951,1.8179943830152534,0.12121212121212122,1037629.2570812578,0.9303159310429141,0.7425332237700301,0.625,0.6003458787161148,0.8756213250159278,0.999132175308229,4.931490493294399e-05,0.5598171237657874,-0.03674218533123339,0.026074310562825314,-2,34,0,2022-07-12 00:55:36.468
N442,-0.0012805882352941176,0.0738869371588294,0.07389803372851796,-0.022194023830061305,-0.8155789664066146,0.273739,0.144191,1.9512156511460106,2.2909235856304124,1.1741006609314972,2.597908948151576,0.75,0.09283562961200001,-0.3541851440546337,-0.0786361304448038,3.529411764705882,3.3843613181380725,1.263058995871046,0.020909598190002827,0.8336654332971557,0.0066042941176470615,0.14246242499722503,0.1426154242600791,0.5847452942152465,-1.2344598644147187,0.406231,0.262768,1.8424935546999879,2.110601303576449,1.1455135341953024,2.3515242773349576,0.375,0.345765707027,0.20857177467267302,-0.5528042986252203,1.764705882352941,1.9640164167490783,1.2590840683086721,0.007597503971541857,0.0891016831975293,0.02973923529411384,130.5594974348797,130.5595008219259,0.00684111990918887,-1.411065247908484,396.42732,198.90883,1.5235109566732936,1.7141074996569012,1.125103493446342,1.907231826662457,0.0625,289778.3153327979,0.9322563400320675,0.7759939779714021,0.588235294117647,0.7092404957403053,0.5427794344077804,0.796577392983089,0.0006650163178713787,0.2754948501550161,-0.04795048720600858,-0.008613327412335432,-7,17,0,2022-07-12 00:55:44.751
N444,2.000000000002e-08,0.06771709188631479,0.06771709188631773,0.29442643570657295,-0.3332219480534344,0.287408,0.164922,2.4354560334172084,3.0143385880740237,1.2376895935356222,3.5513486261837746,0.3469387755102041,0.229280226677,0.31843824993954745,0.22972654877188,3.4375,2.412102756337435,2.079772389543993,0.3054585767262613,0.541197437991378,-2.0000000001269e-08,0.06553080829090696,0.06553080829091,0.35865534330187115,0.02659483811156349,0.320832,0.190292,2.903855529375426,3.5885855927789265,1.235800320118121,4.163989520309041,0.5918367346938775,0.214714341763,-0.0743707235930226,-0.33005688117454346,3.4375,2.7591766493387215,2.0999048143505994,0.09007629710399323,0.5326479751812728,0.4669356599999995,82.07161043020825,82.07293870404818,0.005466834179926661,-1.5623491690070055,221.53392,111.48514,1.358366615846559,1.5021784627095487,1.1058711581875587,1.6423740250909085,0.12244897959183673,336798.3633759225,0.9263187118967986,0.7270309421393142,0.625,0.6025869954498438,0.9278607745215842,0.9952471946682573,0.0011393107405031173,0.1362565728584009,0.11947785160925913,-0.05482637071063583,5,50,0,2022-07-12 00:56:02.752
N445,4.163336342344337e-19,0.08501113563904436,0.08501113563904436,-0.02843500071323106,-0.4688784624243847,0.36071600000000004,0.195323,2.2976166420048507,2.8404106927633754,1.2362422176246488,3.3593732785345307,0.3877551020408163,0.361344659132,0.2376517984205774,-0.49960600303231795,1.875,2.2006607613055125,1.8751392787570806,0.03102203577353817,0.26849277741809585,1.1102230246251566e-18,0.21141936248858573,0.21141936248858573,0.19164316049834465,-1.3217437628716784,0.677677,0.360541,1.7053357637452207,1.925768131195007,1.1292603909072296,2.1134650715276537,0.3673469387755102,2.2349073417540004,0.37278688100537266,-0.6215307684084963,1.875,1.8772085726459442,1.1159281213660852,0.0014757327865241212,0.05087157443706335,0.6422325599999987,173.09634827247635,173.09753969345596,-0.0004810230817538138,-1.447521610527857,505.23978,252.87464,1.4608794581819238,1.635316856890853,1.1194057440755705,1.7974340429552855,0.12244897959183673,1498137.912396378,0.9294763467544583,0.7290836017226793,0.625,0.5981130516077722,0.8841728872004088,0.9991993951621849,5.974482642871671e-05,0.6617344244949478,-0.0546234981883778,0.006210507657634093,-2,50,0,2022-07-12 00:56:09.664
N446,0.0008919318181818198,0.08788032410882782,0.08788485027489612,-0.18457225177957132,-0.20379804981348482,0.37493,0.190338,2.165765765141994,2.7241229572424883,1.2578105172254797,3.230357655681929,0.6976744186046512,0.33984486394499996,-0.195815351586431,-0.22201367028943889,3.75,2.7421046784613323,2.0156904085646206,0.0639865905466436,0.5665343841069295,0.0030931590909090904,0.15781643917783136,0.15784674880380595,0.6667265780204831,-1.0184291511889718,0.494503,0.321149,2.034562019387355,2.3368570030434177,1.1485798814562995,2.5876036579409747,0.3488372093023256,1.0962862287489998,0.25746687072834074,-0.571888488312655,1.875,1.9855486243020228,1.272208950301554,0.0027305944828649787,0.10780458044333013,-4.02429163636364,141.39290446374346,141.45016209205204,0.053917479167086835,-1.450787279378901,430.47064,216.6281,1.531480040715854,1.7019626430925798,1.1113188535562226,1.854089659990471,0.11627906976744186,880358.5276581831,0.9313671979517615,0.7349174618190285,0.625,0.594027122869,0.9228694081248973,0.9973922005768789,0.0011399949931778439,0.4863865994641129,-0.04193415732073625,0.05693997212944082,4,44,0,2022-07-12 00:56:16.827
N447,-0.002999516129032258,0.03943050804191202,0.03954443148474401,0.21445255185577405,-0.828647005835959,0.146366,0.073929,1.8695173308667072,2.175391619071846,1.163611368108225,2.415058985260925,0.5333333333333333,0.048476623905,0.002604875098213473,-0.14839630687559874,3.5483870967741935,2.818647558949926,1.9162119017540236,0.07348622237584296,0.6099647731161024,-0.000156354838709678,0.057518599281673244,0.05751881179371919,0.29882140130228274,-0.7343463764911564,0.23527399999999998,0.120639,2.0973833818516616,2.489085733415952,1.1867576309384498,2.8019417694194892,0.5666666666666667,0.102560825015,-0.08716462774201829,-0.41707530977774965,3.5483870967741935,2.5991769857764764,1.7877549592180602,0.023990621138039705,0.44407305617873977,6.951583161290321,81.95304034317758,82.24734238830351,-0.14488836534051605,-1.4994304844913258,222.92212,111.79878,1.359299604748068,1.514777806970113,1.114381113390275,1.6650305609036846,0.13333333333333333,209703.38522810367,0.923248482648728,0.7115767689686537,0.6451612903225806,0.5971826392669007,0.9467450506128975,0.9951936566457562,0.000875456495077245,-0.20454543877818326,0.06318167685078675,0.1215704947955739,-4,31,0,2022-07-12 00:56:24.832
N448,-0.023468714285714284,0.0837941358018299,0.08701860574038175,0.725058295503522,0.1412500537927448,0.348193,0.189726,2.1802923453639753,2.5747986462461894,1.1809419281414557,2.8563082820866548,0.35,0.159016992645,0.32851491177661246,-0.3486297431986884,1.4285714285714284,2.063896252204526,1.7632949834473768,0.13270440230226424,0.22064203388588688,-0.00249104761904762,0.2105945929874961,0.2106093253248999,0.2082752042018931,-1.3041172894305306,0.620411,0.337367,1.6018616434934934,1.8175441179941483,1.1346448835807528,2.0075546326160545,0.35,0.93148204619,0.4081131260278482,-0.5905716741156891,1.9047619047619047,1.8729299597215905,1.0870901652456562,0.0061786505332964,0.03910529156093501,17.691579619047616,160.82668820859368,161.79683442379613,-0.18666465186983297,-1.2932582914224688,495.60636,249.05255,1.5392918587495603,1.753070830580497,1.138881376274282,1.9536976303224396,0.15,549742.5282207873,0.9195364768666194,0.6975930752460819,0.47619047619047616,0.6155945482356765,0.7483169465384855,0.9971802130137843,4.94365051945943e-05,0.5198657106083455,-0.04894387355396462,-0.10119317077529197,-2,21,0,2022-07-12 00:56:32.839
N450,6.000000000103146e-08,0.08897774313173154,0.08897774313175177,-0.070923234289588,-0.5101625607082028,0.40403999999999995,0.208884,2.347598316701512,2.913572821606222,1.2410866036485881,3.4522994212532363,0.3673469387755102,0.395851938641,0.1995713473118301,-0.17616160081549304,1.5625,2.1030244695323717,2.0911633896740454,0.07926812822353001,0.34343908117155136,8.000000000230045e-08,0.14208484253231798,0.14208484253234052,0.41727226692218006,-1.1234994900660482,0.476769,0.275419,1.9384122548984122,2.2264018492896214,1.1485698378471623,2.475654630016982,0.3673469387755102,1.009405123872,0.31027100428151405,-0.6184450929726472,1.875,1.9492949492497675,1.26549411835161,0.007315010941992087,0.09115394505880742,0.4656742200000008,133.58307734670473,133.58388902070067,0.00833078193466161,-1.4383738224585279,399.26664,200.35853,1.4998704669314702,1.6797300683553023,1.1199167564061716,1.8544617321655328,0.12244897959183673,892232.7702947436,0.9258494108000702,0.7086172207592443,0.625,0.5931468515429921,0.9105887707436423,0.9987956916107292,0.00021231551256701807,0.38923561968567494,-0.07705987673643513,0.07627570430788556,0,50,0,2022-07-12 00:56:49.884
N451,0.003188833333333333,0.08660472815598592,0.08666341556273904,-0.22594169943687448,-0.019381203808715775,0.385307,0.194745,2.247141988755526,2.933617203966322,1.3054881349936274,3.6039024435850564,0.44680851063829785,0.360506284656,0.03475677855738582,-0.4092683459231827,1.5625,2.3827146463110034,1.979493505877372,0.03100423463075434,0.4268719812943397,0.00967514583333333,0.19660860348523976,0.19684651739696207,0.286639746809379,-1.2776900795478152,0.646171,0.37426,1.901278239255128,2.1931387745828794,1.153507534721533,2.4807595992259963,0.3617021276595745,1.859930467743,0.3704655348822371,-0.5880860064593092,1.875,1.9218591892296457,1.2222965960877712,0.005486158684654348,0.08225589619855396,-1.5175725624999998,168.32097014782636,168.3278111839749,0.02579543535825108,-1.4894684144025958,495.68528,249.5921,1.482773988709488,1.6410501456145863,1.1067432785510702,1.784781649184127,0.10638297872340426,1360044.0968634193,0.93518334703767,0.7540369387699282,0.625,0.6013389171932962,0.8822199660904266,0.9986726491718391,0.0003960675443031887,0.5408948590967497,0.008931040926258819,-0.002802998431356833,-2,48,0,2022-07-12 00:56:56.793
N452,0.013353135135135133,0.0345649189240331,0.037054552192168806,-0.08897762093572655,-0.42665440605619587,0.154518,0.081152,2.190068296578979,2.738640924049063,1.2504819727891536,3.2736401875952112,0.3611111111111111,0.050802474012,0.44556949867173623,-0.032002217443566086,1.5625,1.6469177852900425,2.1905991662463054,0.2587956048401594,0.13536509712494307,0.006812675675675675,0.05969154386264126,0.06007905590609399,0.4989760135049778,-0.5773755338856104,0.233605,0.141413,2.353781993862125,2.979898158109507,1.2660043138574781,3.6586370406618456,0.6388888888888888,0.13355123946699998,-0.16104573522556528,-0.3589482669257328,3.75,2.7717191928627045,1.9281355537908884,0.03519053103691636,0.5427178823200919,-7.403229351351351,81.30186931414333,81.63823711229162,0.17712198521999079,-1.5332906264509885,219.80919999999998,110.46614,1.3531176554934206,1.4906714995162962,1.101656972299808,1.6295056183997296,0.1111111111111111,246597.66507570172,0.9278744882116514,0.7285442071505528,0.625,0.5979740280159356,0.9370569160374239,0.9952682036126161,0.0011338417535047287,-0.09294086103790862,0.0495165103443139,-0.025770607566001386,2,37,0,2022-07-12 00:57:04.747
N453,0.02397954166666667,0.10149895671343094,0.10429312840479153,-0.043283351468947455,-1.2092796659632135,0.35157700000000003,0.200027,1.9179307693565186,2.2091863054459675,1.15185925412061,2.4891269288734623,0.2608695652173913,0.261049359179,0.370355372711495,0.07012824506142322,3.7499999999999996,2.221387911499184,1.9701519865321064,0.17312593793448938,0.4038936930001272,0.019995166666666665,0.14618294007870944,0.14754409056306977,0.2339116960086161,-1.132916849759862,0.510795,0.273663,1.8547879413917898,2.116030109372644,1.1408474587045376,2.2904828862195137,0.34782608695652173,0.5224622078419999,0.3974021931760412,-0.5077159952281439,1.6666666666666665,1.8865775598137484,1.2244508450102134,0.05109980092864414,0.07820486067371249,-29.90874083333333,117.68542566076285,121.42648883662262,0.359947455645359,-1.2373456657744932,355.97841,179.71518,1.4800327483882356,1.6671296095945878,1.1264140009132242,1.8461771421875908,0.13043478260869565,353865.41258857056,0.9302236102908732,0.7393958516483322,0.41666666666666663,0.5304666040167311,0.998067780892216,0.9879997567391624,0.00011394356455764826,0.13481227901810527,-0.03065406211566412,-0.08543550863124393,6,24,0,2022-07-12 00:57:12.712
N455,-3.9999999998895086e-08,0.0762131310528468,0.07621313105285729,-0.08393297082355175,-0.7423306542827341,0.327621,0.167856,2.2024551108336463,2.630185204800821,1.194206043911277,3.029598167050685,0.5102040816326531,0.290422067244,-0.14374016474332435,-0.13955307112796433,3.4375,2.689389353379822,1.9246652688062862,0.06804115553592828,0.5919408404717107,-1.9999999999187335e-08,0.07160704981033361,0.07160704981033642,0.21035751314951673,-1.0863149805272074,0.260205,0.145481,2.0316575027924126,2.36846158179195,1.1657779810507511,2.718960263111251,0.3673469387755102,0.256378479127,0.3814561474275554,-0.5537139211102106,1.875,1.8712959989862379,1.4017002023226732,0.02767532353886018,0.03795470462849977,0.9712554799999998,94.1425746323859,94.14758465102426,0.004586329494514688,-1.4537786958742858,278.97767,140.22722,1.4894404409818751,1.6621996535100725,1.11598933920064,1.8250045725891675,0.10204081632653061,443188.38478108903,0.9288304981961185,0.7389681330839518,0.625,0.6088634982540122,0.9013327292244714,0.9959206608919783,0.0008708094970769158,0.125652812264448,-0.02587774150922196,-0.024910999035509838,10,50,0,2022-07-12 00:57:30.180
N456,1.19999999997622e-07,0.10903198560489302,0.10903198560495905,0.06519010121359739,-0.24852076553244595,0.49183499999999997,0.260385,2.388152417432972,2.9700419114849144,1.2436567657090396,3.4728035421211607,0.2857142857142857,0.594398694248,0.4821619854735843,-0.04256422319022007,1.5625,1.8409244439286425,2.0606455952278293,0.14955436313361684,0.2100321893388642,-1.999999999835467e-08,0.1985870435258544,0.19858704352585546,0.2595323419300651,-1.1788396798053138,0.681162,0.366441,1.8452412276951515,2.121470714069439,1.1496983062313861,2.3646329696161414,0.3673469387755102,1.9718406928170003,0.36949132037503063,-0.5983134291460677,1.875,1.847321569763581,1.1962832351264294,0.01618790925324019,0.04601889353047949,-0.6730367599999996,179.09378223621312,179.0950468721914,-0.002244232910265105,-1.4504185951231507,533.6669099999999,267.39088,1.4930110277746522,1.6677614910899021,1.1170456614615347,1.8257708861346604,0.10204081632653061,1603751.7907076217,0.9325957398414708,0.7474570055475044,0.625,0.596988475231455,0.8840363585929092,0.9992319679680992,5.582619618199355e-05,0.5519863181397376,-0.0020249455939934,-0.045860324244973,0,50,0,2022-07-12 00:57:36.947
N457,0.0013546410256410244,0.05812494641430656,0.058140729682163085,0.30166046628611803,-0.6288607074316883,0.24320999999999998,0.129576,2.2286613998199,2.7084776194598015,1.2152934580724895,3.1297948166898273,0.631578947368421,0.13183343347100002,-0.24907992217599126,-0.16965270312297034,3.75,2.9738858785593685,1.9029793936788029,0.042663309690509035,0.6505782000787619,0.0003102307692307685,0.04827009537871064,0.0482710922913497,0.22184773256999063,-0.7068732701960756,0.193482,0.108107,2.2395805619541167,2.653745712859627,1.1849297845950832,2.977517948751083,0.5,0.09087383568900001,-0.04080908405889221,-0.43818115706006155,3.75,2.561793689095825,2.1435881209904633,0.06279862137970692,0.3970643774264658,-2.7972652051282045,87.53871999135745,87.58340134039729,0.06841591627177133,-1.4383558358195496,254.59507000000002,130.09752,1.4854129664863032,1.669901938585432,1.1242004589037158,1.8476124773918419,0.13157894736842105,299163.23542377114,0.9182923570540793,0.6993489480025881,0.625,0.5963865360787439,0.9470357719957853,0.9946490392949785,0.0014556174973903617,0.3261639199382153,-0.004792660351949468,0.04776269509793098,-3,39,0,2022-07-12 00:57:44.792
N458,-0.012858222222222224,0.07949355439201686,0.08052675995340054,0.164068428942261,-0.5053697468548957,0.33446699999999996,0.173501,2.154575697574347,2.6391493250194085,1.2249044338477415,3.1136678543859833,0.6538461538461539,0.17508309485200002,-0.30374319524058147,-0.11969039394623097,3.7037037037037033,3.1686994773185724,1.5021241482735135,0.026277848001085367,0.8097637449891755,-0.008695370370370372,0.07037289404895744,0.07090806500465024,0.3655064823875032,-1.3511965314949201,0.23116399999999998,0.128719,1.815294212182471,1.9728673567570485,1.086803088731899,2.1089882101786537,0.34615384615384615,0.13575474943300003,0.38667393412073947,-0.4812508445332226,1.8518518518518516,1.8569127040897038,1.5433713748344655,0.039013430964218505,0.10656975680408563,-12.858639481481484,93.89025696643323,94.76668698724029,0.17325167927985674,-1.4740881509543269,274.10582,137.14542,1.447190192672513,1.5955496576256334,1.1025155267803095,1.7241140421601344,0.11538461538461539,242479.5739885146,0.930866668168576,0.7317032696804879,0.7407407407407407,0.5725192147152925,0.973020080928087,0.9622744890051589,0.0005302851354052399,0.11187747872229455,-0.15235350460584232,0.2028399988950693,-1,27,0,2022-07-12 00:57:52.787
N459,-0.0012760000000000017,0.08244027174465969,0.08245014603585207,0.7440827918805802,1.5061883407786993,0.38885000000000003,0.227432,2.7584184011160513,3.895228417122435,1.4121238516776253,4.910561748085145,0.5294117647058824,0.122364478464,-0.09567572491071365,-0.483450426209668,3.8888888888888893,2.8920153487666713,1.816754292194265,0.05455914142437557,0.5518627518483619,0.0021332777777777773,0.16763266743614197,0.16764624083418433,0.15689888143331315,-1.4030918428237864,0.516029,0.277153,1.653201399690952,1.8825039253783773,1.1387021119933065,2.1448909207312368,0.35294117647058826,0.505894717185,0.32249224250868974,-0.5648139124880668,1.6666666666666667,1.9090343714857096,1.1309247599210936,0.0019333157419798436,0.054781800898122214,13.405457055555555,160.06632679151875,160.62669532614316,-0.14538927780596425,-1.481293803017962,468.81741,234.44226,1.4595473032921373,1.6182192595715792,1.1087131303805937,1.770782775400675,0.11764705882352941,464416.8345251572,0.9296990159984624,0.720597898543045,0.5555555555555556,0.5684907321212895,0.8996549926837659,0.8133859891981966,0.0002523743627837429,0.49098375135919664,0.17557219398978968,0.054246514689729006,0,18,0,2022-07-12 00:58:00.779
N461,1.9999999998632224e-08,0.11562275399565435,0.11562275399565605,0.3855500181437564,0.4431990791648541,0.6079559999999999,0.332216,2.8732752725512953,3.606377922822019,1.255145289166733,4.235232939412972,0.42857142857142855,0.6684310620769999,0.3338284097795845,-0.020759673244816902,1.875,2.1848673122553364,2.147742691631766,0.1711987071053215,0.40203275605396105,2.6020852139652106e-18,0.20391329209239895,0.20391329209239895,0.2949783327669537,-1.35845014677603,0.622227,0.34635,1.698516052808656,1.9169419255428428,1.1285980620395073,2.117404081962464,0.3673469387755102,2.0790315345980006,0.3574524171339374,-0.5906427232492576,1.875,1.9005674705166113,1.2344275516560461,0.009057420792393639,0.07085705122500725,1.0917527599999994,176.4204781079871,176.42385615312836,0.0020702134417037096,-1.4405040085193042,520.66404,263.88911,1.4957677252613477,1.675522993354698,1.120175923746411,1.8398593693912622,0.12244897959183673,1556268.850996986,0.9265076538462446,0.7090854380934871,0.625,0.5917634095580445,0.9107134196511675,0.9990463010451248,5.5167054192616136e-05,0.5259916459942411,-0.018467496554468787,0.03163219935687269,-2,50,0,2022-07-12 00:58:17.587
N462,0.0008313333333333329,0.04974502101187839,0.04975196710265166,0.10121053791654767,-0.7824186260753208,0.192529,0.100926,2.0285831069103777,2.520068166637883,1.2422799726830314,3.0381814465828767,0.48936170212765956,0.11881239506799998,-0.06934307910666013,-0.3713858544452014,3.4375,2.5203572335525135,2.066259409201819,0.08428204807631771,0.46540388609712663,0.0003544374999999997,0.06001626422267629,0.06001731081269387,-0.21151609796694504,-0.963831503139359,0.24685400000000002,0.1277,2.1277194574501164,2.399516150815321,1.127740850615207,2.592783905911004,0.5106382978723404,0.172899724665,-0.11554898214971061,-0.539737130603103,1.875,2.6613148285082593,2.1050332307212343,0.02048590833825239,0.36250290548570213,6.031364791666667,86.6253942053711,86.83510973382884,-0.06992492554533068,-1.4913181596028577,244.25306999999998,124.51388,1.4339117020945322,1.6022521035558752,1.1173994195147763,1.7678776118158783,0.1276595744680851,361936.1415593326,0.9180602107656542,0.6911273760195268,0.625,0.5939905056655164,0.9452008506326551,0.9947990731633073,0.0012100461222289188,0.2026556950097095,-0.03847691661378888,-0.05865363118175847,-3,48,0,2022-07-12 00:58:24.593
N463,0.0024477941176470584,0.08263208058787545,0.0826683279032758,-0.16078867660661272,-1.1662262456736634,0.27455599999999997,0.14977,1.8116974638126826,2.103249719858858,1.1609276724561997,2.409099616549093,0.48484848484848486,0.232357782903,-0.048740846020413515,-0.1839681450079544,3.75,2.693126878676312,1.88614327141462,0.06273501407852206,0.588012034607993,0.008241705882352943,0.06905322834107946,0.06954332505838695,0.02611353048866426,-1.0734468782988988,0.2459,0.133663,1.922010486093089,2.2109933201325274,1.150354452345814,2.43466525610505,0.36363636363636365,0.164433318046,0.3811719211154407,-0.37706154863280444,1.875,1.6333403829414823,2.0744092845485027,0.2860022870685511,0.115640027207033,2.6042470882352924,91.99676517011824,92.03361833950929,-0.03308381682182533,-1.4770176802775343,265.68106,134.86852,1.4654266824811126,1.624512990817185,1.1085597186388905,1.7660215198620866,0.12121212121212122,287986.3547585237,0.926043141906358,0.7262125706930324,0.625,0.60547646215632,0.9165072650829229,0.9958970852004843,0.0008971936654271386,-0.14011082257807544,0.16381110049281436,-0.10662510382717622,-3,34,0,2022-07-12 00:58:32.643
N464,0.004965352941176469,0.03831499842856991,0.03863539613374974,-0.08895326561471638,-0.5601629971003179,0.155007,0.086042,2.2270251792458904,2.7554342399975886,1.2372712556984322,3.303502605974921,0.3333333333333333,0.050751590369999995,0.5017679897194313,0.0006735489715340171,1.5625,1.422597416533676,2.055901980801585,0.3246365637346679,0.08180561537730778,0.0024732352941176476,0.05680987669155199,0.056863687732413314,0.25536242307381135,-0.8786609761876023,0.22401100000000002,0.124352,2.1868437478970812,2.57941963839045,1.1795171195339762,2.8866593132992473,0.6060606060606061,0.10993828540600001,-0.10857845059879856,-0.4179022154502665,3.4375,2.733981724108842,1.9672112147435004,0.01783342381660136,0.48878541672589815,1.9021248823529409,83.91952288765945,83.94107695735424,-0.022265291190698873,-1.5558723057623944,225.35339,113.64855,1.3539086478213576,1.498542273735893,1.106826724348997,1.6405044574981096,0.12121212121212122,239567.54962585584,0.924494239955495,0.7028850676103608,0.625,0.5918753613626365,0.9437380021773196,0.9947637432216704,0.0011695507400771579,0.03640389784686312,-0.11748326672009093,-0.021358539994523012,2,34,0,2022-07-12 00:58:40.588
N465,-0.009342450000000002,0.07118072541740143,0.07179120449574586,-0.21256373815414106,-0.7945316554105606,0.256595,0.149496,2.0823720823469216,2.5723348736209886,1.2352907030533458,3.0238145079207346,0.7368421052631579,0.10307954085900001,-0.14058348858733963,-0.06601837004510028,3.5,2.7320531998162734,1.6936333949679665,0.18435095416754005,0.5542278323629697,-0.0019238500000000013,0.07343816472875327,0.07346335983025824,0.18623808391962735,-1.017357107365047,0.249784,0.132313,1.8010747167801415,2.10212662519492,1.167151260083747,2.342662836716001,0.3684210526315789,0.107937304751,0.32258381720985435,-0.44411593996297094,2.0,2.1576330661102365,1.9114138251818071,0.18304634982697837,0.18111449078185612,-6.617915399999999,87.37273660415535,87.62301013969258,0.1711167977459118,-1.3289378049939438,263.14035,133.87503,1.5278524418023343,1.7290983796466757,1.1317181766630169,1.9067981902978364,0.15789473684210525,153555.83811881338,0.9148125134890499,0.6973756858087792,0.5,0.6055709468762439,0.8744895517886153,0.9932983978363498,0.0006465843378859035,0.0060142860398403105,-0.2552481694793991,0.002121807332337754,-3,20,0,2022-07-12 00:58:48.559
N467,-4.000000000142778e-08,0.05569680648797021,0.05569680648798457,-0.15771659602630428,0.020373562461625028,0.26721,0.144708,2.59813819004538,3.2760653528718207,1.2609280620345296,3.86384993450873,0.5102040816326531,0.15510671264800002,-0.15040994773578686,-0.08992361419044465,3.75,2.5530175240584327,2.218157968995336,0.1298835269273978,0.5168258079491364,-4.0000000000178784e-08,0.04674765965177722,0.04674765965179433,0.19205968298099962,-0.47533308330275714,0.21276,0.128974,2.758940254136328,3.341897917344682,1.2112976757413858,3.953440808693573,0.3877551020408163,0.10926718414599998,0.14094148366626413,-0.389908377027074,1.875,2.209540634263192,2.208419159080426,0.07673566797562459,0.2327975203270823,0.6328458799999992,85.22191565557831,85.22426533513995,0.005703254424083193,-1.5286263679782217,235.01054,117.54145,1.3792016808566718,1.5313551205518638,1.11031993493561,1.6840228171389848,0.10204081632653061,363158.7700957168,0.9280454853953983,0.7384488888920344,0.625,0.6084088472604893,0.9089226959453727,0.9952854111258095,0.0009285567864152376,0.14314610468273836,-0.042848135803073194,-0.05449700653174657,-1,50,0,2022-07-12 00:59:05.768
N468,-6.726530612244827e-05,0.08868737277116771,0.08868739827998941,0.042225900288886044,0.5161561636112033,0.42704200000000003,0.225082,2.5379253914903197,3.367425213910078,1.3268416893581967,4.0786671466172635,0.3541666666666667,0.38540727606999997,0.2305546264785979,-0.4012555056549433,1.5625,2.169022474335198,1.8325788228232762,0.01610840824829573,0.27987152338522964,-0.005444897959183675,0.20391722839849574,0.20398990894529614,0.2019297810271521,-1.342435953040179,0.648692,0.334148,1.6380614204284403,1.840730731759306,1.1237250989513305,2.029457922191911,0.3541666666666667,2.0389822646240003,0.37340777161699595,-0.6122325130309314,1.875,1.868404237033962,1.1339249792406956,0.004145162506120122,0.048946397513683494,4.498616367346939,164.59245872757316,164.65392500395618,-0.030418498402416182,-1.4370431074645427,482.97029,243.96482,1.4816823831811978,1.6629222045065857,1.1223202917053403,1.8471286770224733,0.125,1328434.835941213,0.92712424533512,0.7171899459355912,0.625,0.5948841203845275,0.8972873890027258,0.9992901945123004,5.35937622487546e-05,0.6137995203159149,-0.008773766864713444,0.04517598330916153,-2,49,0,2022-07-12 00:59:12.485
N469,0.0031175833333333333,0.07447348135088647,0.07453870639044598,-0.37120094750181226,-1.0219647873986781,0.26226,0.145008,1.9454053742283144,2.218298251168048,1.1402755850039648,2.4428047813596967,0.7142857142857143,0.20001667501300005,-0.4259595945533271,-0.2517757015452281,3.75,3.159186267680695,1.6238809145088013,0.029812043587870377,0.7912568025820578,-0.0009923888888888881,0.11248137068082721,0.11248574836815747,0.7256134720273227,-0.7651141738598914,0.380913,0.241178,2.1440760585122516,2.4829666539693,1.1580590362508878,2.747943225557,0.37142857142857144,0.4555095690939999,0.16689409631216776,-0.5361114795073713,1.875,2.301333108478351,1.5450748715169076,0.00545836970896598,0.2789182939045175,-12.473670805555559,131.69428634702683,132.28370088494677,0.11715602738967311,-1.450636124444002,391.89761,197.15276,1.4903783208444767,1.653318796780119,1.1093282649490748,1.8053319960615248,0.11428571428571428,629963.1907134503,0.9315140276999088,0.7336240130986147,0.625,0.6028894031103699,0.9044559694127704,0.9966199742036096,0.0014897545485059343,0.4134151832813701,-0.05464717032989808,0.03870548338501668,0,36,0,2022-07-12 00:59:20.419
N470,-0.0026584054054054093,0.11006796705241659,0.11010006580539065,0.19795706027968862,-0.7246592755356009,0.426201,0.223525,2.0301986049226857,2.4637846733061304,1.2135683018065893,2.8566128898941354,0.3888888888888889,0.4485149061430001,0.1509086621457936,-0.4074022224769143,1.875,2.0490251146234484,1.8458808437173584,0.06954945412269035,0.23160072395200182,-0.005321864864864867,0.2060377148404083,0.2061064341118377,0.16094217087782137,-1.3478772001534194,0.660919,0.331392,1.6078682910994408,1.822613119331882,1.1335587183485043,2.0328895589738503,0.3611111111111111,1.571754900745,0.3621073385298835,-0.6343240051117238,1.875,1.880393881265263,1.1219683599863102,0.003135117938590678,0.058845793236477865,-1.6904172432432423,170.36672348847824,170.37510963358426,0.035785273303310494,-1.3556609570555087,515.6557,259.40302,1.5225405903355418,1.729143105036097,1.135695899348748,1.9275261904915475,0.1388888888888889,1074024.0853582665,0.9218362175220762,0.7088946924141247,0.625,0.5961634125060445,0.8940742681775847,0.9991879059733338,3.902433756374058e-05,0.5989121339821029,-0.009881902895351128,0.03984205850514868,-2,37,0,2022-07-12 00:59:28.347
N471,-0.006334125000000002,0.09130150356662282,0.0915209576711349,-0.12019242263468566,-1.1608553545828812,0.305085,0.172316,1.8828037247948,2.1220430926860656,1.127065484702788,2.336409450237513,0.7391304347826086,0.201026056633,-0.5195372304449707,-0.25733109338566124,3.7499999999999996,3.49483509313663,1.1389115298753634,0.0023531028439977967,0.9254223448894134,0.007433749999999999,0.100257561759388,0.10053277738628331,0.3453770553618214,-1.2587195565034155,0.321434,0.195845,1.9480711176166219,2.197894075298171,1.1282411896682685,2.397482887478845,0.34782608695652173,0.24256414389599998,0.37042633157026017,-0.5777786742540545,1.6666666666666665,1.8723105887933655,1.2638525393374123,0.009010976676393402,0.05273096906371653,-1.410643833333334,104.23930758251585,104.24885208627896,-0.020182150824860683,-1.4091957578880632,313.82851000000005,158.7949,1.5232292425491398,1.7039198129755602,1.1186233597538036,1.8622962716536975,0.13043478260869565,260827.75587136485,0.9212754074804785,0.6901416666742982,0.41666666666666663,0.6136984633591251,0.8055786811976158,0.9820125939681718,0.0008474619253367713,0.21937555848909152,-0.026931901817008625,-0.004920166987382575,4,24,0,2022-07-12 00:59:36.371
N473,3.999999999892978e-08,0.028781895089767803,0.028781895089795596,-0.08362977101237326,0.06952513243431024,0.140235,0.079889,2.7756685149034555,3.5488682926482547,1.2785634428582668,4.30115321587752,0.4897959183673469,0.041419874248,-0.15034158034805425,-0.18073751833189894,3.75,2.735238865151006,2.2805047054143293,0.03359536648487647,0.5284021764566532,1.9999999999083253e-08,0.04070209556349157,0.04070209556349648,-0.5531145659348552,0.9734702673212792,0.21520099999999998,0.133673,3.2841797983464054,4.2901524804144024,1.306308650511311,5.1755219648889685,0.5306122448979592,0.08283302916299999,0.03202490765470389,-0.5439453148178524,2.1875,2.5534412606129635,2.2692049533862324,0.04963261889367787,0.3482251053603045,0.7085679599999998,85.52085848534159,85.5237937922761,-0.002629331789143528,-1.5856339539285957,230.94442,115.9227,1.3554438462068006,1.4863072327305333,1.0965465200863562,1.6141721211388704,0.12244897959183673,365715.96523118817,0.9249164205349782,0.7062979485551354,0.625,0.5953130840331783,0.9369057797925358,0.9952507815495651,0.00015930132111686063,0.16267727854229705,-0.037083481488393834,0.04733409142095146,7,50,0,2022-07-12 00:59:53.992
N474,4.000000000031756e-08,0.03793755648797639,0.03793755648799748,0.11963484249156031,-1.0443716483983767,0.137874,0.07002,1.8456644676668257,2.1951770061322,1.1893694897356972,2.5519769055912476,0.7142857142857143,0.07196290961399998,-0.3999651488516662,-0.18323297122685017,3.75,3.3034859682894373,1.5998583953290766,0.015008147058236736,0.8420255634032265,-8.000000000092569e-08,0.051230644837573544,0.051230644837636,0.4140944791132307,-0.4021145242409667,0.217835,0.128999,2.518004612450874,3.117948306433368,1.2382615548104756,3.6899061360283008,0.5714285714285714,0.131228948524,-0.16969508207480838,-0.38032697502096013,3.4375,2.8782413808136016,1.8630695814429752,0.023276303829469693,0.5679862775431983,0.5414891600000005,86.07355719410961,86.07526043270538,0.0004735439280124489,-1.586639944939717,232.5466,116.83442,1.3573519198509132,1.486578297056658,1.0952047699022214,1.606280360914479,0.12244897959183673,370447.52292790276,0.9242171926670205,0.7026388169286618,0.625,0.5965666570889897,0.9372345272211206,0.9947629486490395,0.0001614775804291144,0.08212903101300763,0.00047374747616857956,-0.06723402628492997,5,50,0,2022-07-12 01:00:00.660
N475,0.0020844102564102564,0.048644049723722604,0.048688688004926005,0.2075878870267721,-1.3177070481529778,0.157549,0.085872,1.7636950905580375,2.003517663696993,1.13597734348916,2.220970819996161,0.7105263157894737,0.092452945246,-0.45668773683476616,-0.2814825961009581,3.4375,3.2930555769353402,1.54944238036906,0.03712990644512758,0.8582102659311669,1.210256410256402e-05,0.049922538714823696,0.04992254018181695,-0.14848675160793717,-0.22346607502697013,0.218676,0.122745,2.4587090230778528,3.025970454933343,1.230715154388372,3.4976966870230646,0.5789473684210527,0.09719814070999999,-0.132811050189075,-0.4065195024310445,3.4375,2.5971847425687744,2.208001500747801,0.09184231202843195,0.47840594791860047,12.359757846153848,85.85898657901826,86.74404412057119,-0.21337163127898418,-1.5374278228658342,231.67696,116.3571,1.3413843126597569,1.4729768864352073,1.0981020670463357,1.6036201475237026,0.10526315789473684,293456.6384252725,0.9283941409749193,0.731677174718106,0.625,0.6051342974230117,0.9072362882594796,0.9949205631742932,0.00019319356808080072,0.0012205739580697997,0.02295225053284386,-0.07629304230485912,5,39,0,2022-07-12 01:00:08.365
N476,-0.0034021851851851856,0.039680795410035746,0.03982637804781408,0.29873746052795425,-1.0353317217235116,0.12737199999999999,0.068102,1.7099722178662404,2.0119133459454903,1.176576627926752,2.3254876080308486,0.7307692307692307,0.042825790487000005,-0.4346187480650622,-0.24900234461677814,3.7037037037037033,3.3352364860038373,1.3873733747325518,0.006305150722796719,0.8213754390087732,-0.004579407407407406,0.03370188692954442,0.03401158853706799,-0.8009363605065194,0.3502638127146307,0.141587,0.094646,2.7827574091944802,3.7495554133921805,1.3474244650300142,4.708777166537109,0.6538461538461539,0.03123328018,-0.22989898993479163,-0.1991372617137972,3.7037037037037033,3.014053569422316,1.9296608382994151,0.02009649395544328,0.5104298622896952,5.028597444444447,88.09005573964589,88.2334670772502,-0.09394912081747646,-1.6111356504463201,231.41327,116.08423,1.3156485157538453,1.4327175979149185,1.0889820349122612,1.542341197288724,0.11538461538461539,210198.90723674922,0.9365346127617272,0.7409490182873663,0.7407407407407407,0.6043439393892387,0.8698874724741735,0.9563479575679408,0.00010392390994037475,0.08542749727532317,-0.09763617952765215,0.1607981613016792,-2,27,0,2022-07-12 01:00:16.392
N478,2.000000000002e-08,0.04248165111503554,0.04248165111504024,0.01585729178187647,-0.7598758716393998,0.16143200000000002,0.083679,1.9697680717116528,2.3912125318408273,1.213956387141028,2.7649542540170438,0.6530612244897959,0.09023453407299999,-0.2057604943201262,-0.2178417068730752,3.75,2.8113826683540686,1.8666283680446585,0.060691860299644136,0.6223785629315891,1.999999999996796e-08,0.0499696133863331,0.049969613386337104,0.08651898463191035,-0.49483539127581055,0.207447,0.110088,2.2030988942992447,2.6968961001228315,1.2241375578288112,3.1300298570242946,0.6530612244897959,0.12484811309900001,-0.20702180958541827,-0.3615781850182859,3.75,2.668882978348181,2.270686031309739,0.07831389045577922,0.4532293167534833,0.5552817200000004,85.49126343830504,85.49306674851616,0.0009586407452349567,-1.5855189742114784,231.93087,116.5346,1.3630883115094548,1.4924877818704796,1.0949310982042906,1.6103183024516259,0.12244897959183673,365453.22310331196,0.9270421424322876,0.7224593599923006,0.625,0.5986486831530234,0.9262293510116312,0.9954448696335454,0.0001764717115067336,-0.03846744086285629,0.07028481940717829,-0.00446188193826185,5,50,0,2022-07-12 01:00:34.124
N479,2.7755575615628914e-19,0.040187018971802324,0.040187018971802324,0.14440801437509998,-1.2207742334363632,0.143959,0.080164,1.9947734878331727,2.2456487124581344,1.1257662717873174,2.44786440959031,0.7142857142857143,0.080749824692,-0.4536609435991984,-0.2543517181784833,3.4375,3.3142397016256218,1.4971109518357784,0.006073641296140094,0.8520621604031681,-5.999999999978245e-08,0.05560131205696858,0.05560131205700096,-0.05427600951738904,-0.6394556861244589,0.227655,0.121405,2.183491639109863,2.667670700821406,1.2217453243415795,3.111850843666566,0.7142857142857143,0.154575295123,-0.3677289908413535,-0.31190296845931,3.75,3.256588701874954,1.6435254020739414,0.010626717571990903,0.7958704121050602,0.5799320000000003,84.91726941943794,84.91924968331995,-0.0007230815086053695,-1.5857957200801758,230.06621,115.50368,1.360158979627531,1.4906364518287811,1.0959281041080804,1.615951410146722,0.12244897959183673,360563.94833890174,0.9287460351146231,0.73335860975471,0.625,0.6004506529702746,0.9189662632555039,0.9953577834835118,0.00016350720278556538,0.0014433354167408849,-0.022793510976908717,-0.007496351318977306,5,50,0,2022-07-12 01:00:40.804
N480,4.0000000000595114e-08,0.04767542571344697,0.04767542571346375,0.03836021514169341,-0.8462387070701394,0.201929,0.105609,2.2151663759590834,2.6333493249126527,1.188781733729825,3.041223423237974,0.7142857142857143,0.11364731084799999,-0.42100321021968834,-0.23094775363870226,3.4375,3.0792663594332916,1.5866988289676527,0.0026048829539416702,0.7384880608443118,-1.4224732503009817e-18,0.05239898754937923,0.05239898754937923,-0.038174428690236906,-1.080083754109799,0.203405,0.104218,1.988931559064726,2.335220606622277,1.1741080762579832,2.7100180466294623,0.6530612244897959,0.13728269481,-0.33342140193599373,-0.3058629974060786,3.75,3.101043101416945,1.8626916537328482,0.027117952767950957,0.7042035754509296,0.5051517200000004,84.98269221592072,84.98419355695582,-0.0007397474297575167,-1.5860497424299638,230.43610999999999,115.70276,1.3614621161575984,1.4908800637695703,1.095058060063561,1.6100859460748158,0.12244897959183673,361115.6577263066,0.928953512465914,0.7336235509107204,0.625,0.6046370754527842,0.9022053830475381,0.995386612358306,0.00017550551556981254,0.14555875263190293,-0.024778478147944944,0.027870960911256206,-2,50,0,2022-07-12 01:00:50.060
N481,-4.0000000000525724e-08,0.03863028552985857,0.03863028552987927,0.13686345754342535,-0.5615387863512527,0.153315,0.085885,2.2232556353633663,2.7319405955207436,1.2288018310023257,3.200831633511456,0.673469387755102,0.074614948006,-0.3152579651758934,-0.23173072809411144,3.75,3.0522418898468686,1.8329952218745935,0.021067079786722297,0.7049799877619722,3.999999999920734e-08,0.04539067228625723,0.04539067228627485,0.4337615182981023,-0.03574120801740044,0.204053,0.128257,2.8256245950951056,3.430736868685248,1.2141516869015558,3.9194255106903038,0.6938775510204082,0.10301565653,-0.2931889553661837,-0.3543279737321124,3.4375,2.977563481951166,1.8377065498256193,0.056171993249812174,0.6703478515237772,0.5536724599999994,84.98788772855464,84.9896912204908,-0.0004202812934446157,-1.5884971566911903,229.91409,115.53825,1.3594384017734145,1.48768098704881,1.0943349732566776,1.6042539238343658,0.12244897959183673,361162.38068771857,0.9246509221554137,0.7061531596563912,0.625,0.5990070431403799,0.9254125841218462,0.9951783547856196,0.00016860864688721114,-0.1902072625422105,0.03693813626799587,-0.013205884901948612,-1,50,0,2022-07-12 01:00:56.832
N482,-0.002782439024390245,0.040246941941123125,0.04034300809975113,0.0921454532979757,-0.8150737793037912,0.14537899999999998,0.07357,1.8236121564879997,2.2549264398062316,1.2365164554226693,2.727878089167286,0.55,0.066729890404,-0.03357163870636037,-0.15752470807768287,1.5625,2.123962150971281,1.9434116334321674,0.01968358086569261,0.2595794157221673,-0.0018177804878048787,0.04408531742169185,0.044122777995873864,0.006156351478799906,-0.3804077124554177,0.193471,0.101672,2.304297340695725,2.892475632662605,1.2552527755768248,3.463247245152472,0.5,0.07981960106100001,-0.16036061845721344,-0.38555738541627266,3.4375,2.9759334415635843,1.9914136373025881,0.024914965241425707,0.5485067510402762,13.384974926829267,85.26391132893414,86.30812319185368,-0.22489846165351554,-1.520079443963622,232.65674,116.89044,1.3543388000705925,1.486667375302505,1.097707143312305,1.6107382047028298,0.125,305412.7772849079,0.9272707590093743,0.7264669150180502,0.625,0.6016250773023032,0.9162331181343851,0.9953173616535077,0.0001773977590171581,-0.19655466219721235,0.00025657663507131824,-0.059858609777381576,-12,41,0,2022-07-12 01:01:04.524
N483,-1.942890293094024e-18,0.030964455536631026,0.030964455536631026,0.454710257885574,-0.3365586253964561,0.129427,0.080341,2.594620141308682,3.1769148641701928,1.2244238813963,3.7256033200774707,0.5102040816326531,0.047939875333999994,-0.03970074496170516,-0.30885034603712946,1.5625,2.4202474016075994,2.14269680040074,0.026851754155548444,0.367214515992393,-2.000000000002e-08,0.03890834266760279,0.03890834266760794,0.31350617932193764,0.10019651151498232,0.16960599999999998,0.09305,2.391517952715734,3.0319144429912104,1.2677782491861547,3.551850396076705,0.673469387755102,0.07569295645700001,-0.19233685984941767,-0.42730390542946267,3.75,2.9694788789021813,2.181736660810471,0.030474500280667265,0.587898156532145,0.7276488800000007,85.96283008485214,85.96590969151508,-0.001693231930656889,-1.5904303495777088,231.92873,116.8579,1.3593516362397546,1.4893448777452998,1.0956288557279654,1.6182001262750147,0.12244897959183673,369506.8814544863,0.9242661493491398,0.7027465838535377,0.625,0.5976363002096114,0.9357108627002558,0.9948050384054233,0.0001512817266517709,-0.0341908245393833,-0.0052694686635638465,0.04926424959183649,-1,50,0,2022-07-12 01:01:13.118
N484,0.0007012272727272721,0.046024511544918614,0.04602985316766026,0.06651433559432322,-1.0313024740621297,0.16592800000000002,0.085042,1.8475401103331992,2.128708466596352,1.1521852514544024,2.3484267531071925,0.6744186046511628,0.093224884836,-0.16631965423839712,-0.2673860337363999,3.4375,2.7876227172581367,1.866516469200512,0.021172878218477076,0.617964618057555,-0.0006963181818181817,0.05470381055772189,0.05470824205314455,0.3488021808939244,-0.446317793103463,0.2219,0.119824,2.190236708457948,2.6211559571726304,1.1967455147887072,2.9409489493439485,0.6744186046511628,0.13169163693599997,-0.3518227212678164,-0.31403385149408913,3.75,2.971512969486677,1.8960723777835515,0.05640149225979001,0.6079800987434304,12.633877886363637,83.61353011569196,84.56262347429434,-0.2192174552434295,-1.5031204319056626,231.46918,116.19915,1.374119501334093,1.5106892067175348,1.0993870658635223,1.639729382934975,0.11627906976744186,314636.84070963215,0.9236957447586044,0.7155725396899266,0.625,0.5986182226786111,0.9280262716847952,0.9952955023514339,0.0001801559665099517,0.1568865744316814,-0.011808183658730773,0.04333145382310037,5,44,0,2022-07-12 01:01:20.296
N485,-0.00028970454545454547,0.02928531489235731,0.02928674780627207,-0.019536527456692238,-0.7992175024465311,0.125749,0.065298,2.229609119863276,2.5911600964274406,1.1621589063944695,2.8807359212797756,0.627906976744186,0.037739398271,-0.38135517841584743,-0.21387899533594557,3.4375,3.098962840287464,1.831160145368255,0.02303624642599347,0.727910265655093,-0.0008655227272727276,0.03934831279881159,0.03935783085619106,0.31233131540875975,-0.9163765390079686,0.15318900000000002,0.083137,2.1123369401066063,2.4073084746744273,1.13964227437737,2.6322787791211097,0.6511627906976745,0.06815770938699997,-0.2739623594644166,-0.2754113031003066,3.75,3.000964516278539,1.8626480839742154,0.021923871243394254,0.6203804062367807,12.78772275,83.65933633202916,84.63102509509407,-0.22447789806498256,-1.4993126147547478,232.30353,116.53365,1.3769613433024015,1.5130455265601352,1.098829341810976,1.6374091629625647,0.11627906976744186,315146.05798044347,0.923139606280599,0.7142967480033331,0.625,0.5997683519805662,0.9304512763634342,0.9947950265255621,0.00020113102657517583,-0.22224213147518418,0.06142591701084204,-0.012027590825200992,3,44,0,2022-07-12 01:01:28.171
N486,-0.0002026818181818187,0.042092283580665045,0.042092771552305105,0.08223298055900012,-0.3359014142809631,0.192336,0.103299,2.4540793155337637,2.962349150235806,1.2071122279890507,3.3755504212426546,0.7209302325581395,0.07795926234600001,-0.3992269105320749,-0.14975325585981394,3.75,3.1371067532759103,1.6727640680539355,0.027292464608477687,0.7634041354864332,0.00019352272727272827,0.044220302159389026,0.044220725617222026,0.024408173940230145,-0.4643759644177159,0.18323,0.096053,2.1721262747120456,2.688227620164067,1.2376019071545186,3.1574342113801115,0.627906976744186,0.086040793261,-0.20870670506953673,-0.32109220508136505,3.4375,2.756157193241953,1.935835525157905,0.045520693830407286,0.5259076570094875,-9.52508875,85.03928989365949,85.57107070332376,0.17492354662236168,-1.5600372044518105,231.31409,116.13335,1.3571566774317472,1.4846883615658941,1.093969757696278,1.6213120114661066,0.11627906976744186,322185.95821778226,0.9272033931622796,0.7214944073612638,0.625,0.5971410739711935,0.9339309042824702,0.9951089273404959,0.00017692705487595757,-0.08975206807597189,0.049530990268680394,-0.06839400271287814,5,44,0,2022-07-12 01:01:36.160
N487,-0.0008706744186046527,0.03804594818552769,0.038055909492207246,0.07582596402078876,-0.27568530385379697,0.181947,0.092182,2.4222782014676647,3.0692857402808786,1.2671070310673604,3.7603661743530923,0.6190476190476191,0.062274846632999994,-0.14820831231516624,-0.25781085452687114,3.4375,2.7852424577202908,1.8303017101893397,0.06251011457812419,0.6408929532886519,5.783720930232577e-05,0.05384696455737562,0.053846995618939096,0.3126882445832191,-0.39189550349626767,0.225566,0.126433,2.3480047223940366,2.8841617811437823,1.228345817892171,3.3615891746696938,0.7142857142857143,0.12467845429899999,-0.37716555810755403,-0.31743229757315033,3.4375,3.1604907098388617,1.6809460021858667,0.0472272202488859,0.7943230020198716,15.057964674418601,83.42912592491543,84.77712753291087,-0.27778736827539247,-1.4547280831120963,232.49259999999998,117.01812,1.3803029591274254,1.5249479959985417,1.1047922384825977,1.6831085810350364,0.11904761904761904,309047.9381674517,0.9230372810516216,0.7251936905369468,0.625,0.6056057443052426,0.9064094570053914,0.9946254898014009,0.00020335093247663539,-0.08369077788116573,0.003902908658742154,0.052626217236711056,-5,43,0,2022-07-12 01:01:44.306
N488,0.0008757428571428577,0.041597611960539176,0.041606829323699114,0.2114047622457375,-0.7330408058921498,0.15778799999999998,0.089506,2.1512333781468342,2.644170427622112,1.2291415959248062,3.187301353125223,0.7352941176470589,0.060589488623,-0.4303278656062123,-0.28410088605297945,3.4375,2.96714189116522,1.7852835765335784,0.02131494471604661,0.7091567263839114,-0.0015094571428571433,0.04321646261212625,0.043242815606426795,0.7323597657074927,0.45617382158636177,0.191052,0.11116,2.5706004209281708,3.245219877701604,1.2624365308902608,3.787810298806389,0.6176470588235294,0.065447938555,-0.21113061797276275,-0.2861476352040092,3.4375,2.80970268616865,1.9324895202989947,0.07938109710162898,0.6147861333625817,-4.1272854,86.54936137585375,86.64771456501998,0.09050289774988925,-1.6046766580593195,231.79713,116.54891,1.3450892569421704,1.4658624389129018,1.0897882288089107,1.5801995430185214,0.11764705882352941,262773.92537694116,0.9286058292529434,0.7192714863137152,0.625,0.5962181657311302,0.9370403735834602,0.995091042618413,0.00017959030383609995,-0.19348940848169338,-0.010655821853385265,0.14415513869502192,6,35,0,2022-07-12 01:01:52.260
N489,-0.0009786086956521747,0.03296997769214887,0.0329844979346359,-0.21830896320802307,-0.808523890090342,0.124284,0.06535,1.9812337337831114,2.393978778235428,1.2083272848702162,2.7883403009097285,0.3181818181818182,0.025023473392,0.04838180481810518,-0.3660275396666323,3.478260869565217,2.599959898743521,1.7389089795223656,0.07627142658719682,0.559370634344887,0.001175434782608696,0.0370614719537174,0.03708010720459621,0.5388770890397634,-0.35408687960475715,0.152838,0.088756,2.3936284625681554,2.9360871597569314,1.2266261057936976,3.413697805249908,0.7272727272727273,0.031623490057,-0.2713334353051562,-0.3007244161219263,3.478260869565217,3.091474794710411,1.6756917993733211,0.025681728063306486,0.6999562197259952,26.83659047826087,85.48324210092626,89.596803897145,-0.5199518161384951,-1.3542414243681775,232.11506,117.26381,1.3087945652014115,1.4058363535647775,1.0741459285846227,1.4973713838576856,0.09090909090909091,184634.5071774195,0.9400287268776565,0.7724635599519319,0.4347826086956521,0.48759042044876927,1.0364512828083012,0.9927367515691548,0.00016778803349755487,0.012672182304626906,0.060374176509236994,0.06531376800820093,-1,23,0,2022-07-12 01:02:00.218
N490,-0.002406142857142859,0.03575533339941611,0.03583620222557604,0.18664299506711104,-0.6764848185431025,0.13655699999999998,0.07001,1.9536110316409132,2.32721326733645,1.1912367557536434,2.61864189310415,0.7,0.026968901189000003,-0.3343950309189101,-0.19526550256075986,3.8095238095238093,3.3691835427226375,1.3081072357905108,0.009702262326763791,0.8482370499856956,-0.0007410952380952381,0.030384639631148156,0.03039367611307765,0.0113777097900306,-1.0575796461811096,0.104654,0.055556,1.8278802403930212,2.1210092772203613,1.1603655591595612,2.367637498918159,0.5,0.019399286501000004,-0.095372065673988,-0.3508512644737496,3.333333333333333,2.729894400497916,1.878887153802336,0.18867604438372834,0.5390542407535373,-15.514256380952382,83.66050886594893,85.08685500571424,0.342931365832669,-1.4473154861170177,230.49453,115.8389,1.3614194577084853,1.488961114487988,1.0936828514219845,1.6121748210964852,0.1,152035.23079003222,0.9304524372809154,0.7332030001103746,0.47619047619047616,0.5572486202745736,0.9323452696625992,0.9942948297176238,0.00011317789736842211,0.02433462905549811,-0.022072349803585616,0.08940399265519246,-2,21,0,2022-07-12 01:02:08.325
N492,-2.0000000000297557e-08,0.04386271804641842,0.04386271804642298,-0.01003772936767003,-0.0923075986216233,0.214146,0.107962,2.461361374954837,3.011423448612891,1.2234787948064503,3.4286585998123975,0.6326530612244898,0.096196901721,-0.2135942023352699,-0.2911827539259934,3.4375,2.795917151531192,1.8984941341539618,0.04124053345411147,0.608243383846423,3.999999999920734e-08,0.049164278163707435,0.049164278163723714,0.3970720350369765,0.7841512329362024,0.244969,0.13592,2.7646088801989115,3.6518629014577364,1.320932927479777,4.387571529981546,0.6326530612244898,0.12085631236800001,-0.3163362026700325,-0.26304959534725497,3.4375,2.998361478812471,1.7889551695161034,0.08595146411804912,0.7332255323017827,0.5961061999999993,84.86332220071272,84.86541579196827,0.0017799712875708554,-1.5886021134747792,230.26136,115.96443,1.3664509732004984,1.4952460666024676,1.0942551880220817,1.613836873359647,0.10204081632653061,360106.93987718294,0.9314590462852752,0.7473156614436605,0.625,0.6040330920970891,0.9022573354439524,0.9952996911986205,0.0001979555167295466,-0.07195216800970672,0.038018303479135755,-0.022360672369662157,5,50,0,2022-07-12 01:02:33.380
N493,2.0000000000245514e-08,0.047619155189268104,0.04761915518927231,-0.08598729686758777,-0.8920618081191067,0.180767,0.094717,1.9890525067806732,2.4208038284262283,1.2170638131340004,2.919455784257746,0.5714285714285714,0.113379197047,-0.239033020564245,-0.24023371328732443,3.75,2.91684648069444,1.7822838782425923,0.02274929014119408,0.6726348498592382,-4.0000000000178784e-08,0.037761921636993,0.03776192163701418,1.1547378621250544,2.2447196315171123,0.203133,0.139031,3.6817776737220385,4.889115668266937,1.3279225693506795,5.796506724125883,0.5102040816326531,0.07129813628599999,-0.08715273209511755,-0.384041223204202,1.875,2.602156541483925,2.1559896595891175,0.10532583354371733,0.479182493641858,0.5774091600000005,85.28285884952706,85.28481350678095,-0.0017362299412060978,-1.587382275275783,230.71721,115.98624,1.3599870273595427,1.4890647657444145,1.0949110070817958,1.60879157618444,0.12244897959183673,363674.9707443203,0.9242734220117347,0.7027582941471706,0.625,0.597487927451032,0.9329743306372372,0.9950583053241361,0.00018769048808073456,-0.17656382815454952,-0.028073122908476897,0.06276573482916764,-1,50,0,2022-07-12 01:02:40.198
N494,0.0007306153846153839,0.0362556163604011,0.03626297721523731,0.2501513263388609,-0.594558251060008,0.1537,0.082376,2.2716281542759402,2.77287494260334,1.220655298440412,3.2322088978490924,0.5,0.051285137143999994,0.014823421602192754,-0.32867322667318477,1.875,2.290527758612504,1.9516000446421633,0.055859773680200266,0.3444337720606294,-0.001829282051282053,0.044936380129877586,0.04497359816603515,0.37486875893512694,0.37996253664156177,0.219776,0.124838,2.775806363972004,3.5374122673176687,1.2743728500772853,4.149439195713643,0.6842105263157895,0.078882356748,-0.31452425184769106,-0.22940378228967107,3.75,3.291245690013583,1.7118991260445857,0.016453946815041844,0.8134247955832339,-7.817367410256411,84.12818523815253,84.49060767145568,0.1407148820035055,-1.5314593115884012,230.92022,116.04012,1.3734085148402007,1.5145634256213658,1.1027770756158366,1.6470121664674393,0.13157894736842105,278407.84860298195,0.9236325620931944,0.7097916181089972,0.625,0.6015817572294369,0.9147951502524898,0.9954200588004402,0.00018838186764987247,-0.44985921003328483,-0.09362419841398412,0.04546799631731467,-5,39,0,2022-07-12 01:02:48.171
N495,-0.0028169999999999996,0.04179080837891226,0.04188564376923152,0.14452283130942256,-1.1876720908943645,0.138612,0.07135,1.703447615443182,1.9486825188576467,1.1439638655108644,2.1944003402947234,0.6923076923076923,0.04736899315700001,-0.3311027105634038,-0.2236758343334511,3.7037037037037033,3.1614645125814613,1.6695030714750687,0.014601486243005694,0.7673835539286056,0.0004556296296296299,0.045407204079388884,0.04540948998465703,0.016068981968456197,-0.7524761178714838,0.175181,0.092194,2.030280455278193,2.409572707156008,1.1868176639792576,2.696129685579024,0.6538461538461539,0.055674588078,-0.3285730302329105,-0.26803325149216517,3.7037037037037033,3.0637863034287927,1.7576534282933665,0.050955865285040876,0.7038943711812742,19.178891592592596,82.05744755737074,84.26894197953993,-0.3311471126240917,-1.4414424774308936,230.25313,115.99518,1.3764879120965237,1.5034867544261756,1.0922629550274952,1.6169714142460296,0.11538461538461539,191733.8737234788,0.9237613765147071,0.7132380412980951,0.7407407407407407,0.5391569041960611,1.0429712521461376,0.9660224684375562,9.582737712909113e-05,-0.2531972367485461,0.06677318839171566,-0.019492575549935443,-1,27,0,2022-07-12 01:02:56.132
N498,4.0000000000733895e-08,0.03995843844194114,0.03995843844196117,0.17916675408431118,-1.0434551367501357,0.140372,0.075618,1.8924162942411684,2.224006493964848,1.1752205372215114,2.5442938440481044,0.673469387755102,0.07983384013599999,-0.3971105012740879,-0.2516714197798924,3.75,3.334784830340522,1.5831013366138995,0.016949509085316283,0.8511605230718418,1.99999999993955e-08,0.0431091405497674,0.04310914054977204,0.23069369737000506,0.29160962739939,0.22871200000000003,0.127289,2.952714862246845,3.7489389850895383,1.269658317849497,4.504625687328084,0.6938775510204082,0.09291989994699999,-0.2898917875485944,-0.3544214412933516,3.4375,2.900111005034449,2.135238292633907,0.06365073969569462,0.6005825914605711,0.5555819399999989,86.44706222489746,86.44884752619522,-0.000491780282727634,-1.5883069088577553,233.68052,117.47028,1.3588414809625409,1.4878475298522746,1.0949382622602541,1.6073559277117213,0.12244897959183673,373670.16193036747,0.9287370877544922,0.7329200248693376,0.625,0.6051844507738007,0.9051911399196663,0.9947716855238844,0.00016818354067704147,-0.13224180826780466,0.039758776281573864,0.016208223919709636,-1,50,0,2022-07-12 01:03:22.041
N499,2.7755575615628914e-19,0.029579136643925225,0.029579136643925225,0.32417647824830614,-0.5092368282787723,0.126838,0.064779,2.1900233526019397,2.7117436471045266,1.2382259047067867,3.249368308011841,0.4897959183673469,0.04374626623,-0.06911906562576393,-0.33507647612175434,3.75,2.787074091602633,1.9311556115270727,0.03250201503217058,0.5423303000574987,-2.0816681711721684e-19,0.03853606323795932,0.03853606323795932,0.07711661576222958,-0.6072816621306987,0.171242,0.089729,2.328442307298632,2.782739812013333,1.1951079068142163,3.178438519621134,0.5918367346938775,0.074251408494,-0.2941767770229315,-0.33030384561897314,3.75,2.9950777669124107,1.991860411992108,0.06988343104707205,0.6428462156272591,0.7508949000000004,85.95912392491046,85.96240357905866,-0.004259512525932256,-1.578010778625634,234.21744,117.88537,1.3713596303944915,1.503707940552567,1.0965088276078272,1.6256029651088477,0.12244897959183673,369476.7414544479,0.9259943246188292,0.717597945626455,0.625,0.6004655511042227,0.9147958995498945,0.9953733759843646,0.0001827574908389025,-0.35353094179057487,0.032309938911853256,-0.02139692176893291,-5,50,0,2022-07-12 01:03:29.848
N500,1.249000902703301e-18,0.04933484223264528,0.04933484223264528,0.1583542244550632,-0.8729940251607671,0.189748,0.104676,2.121745915521242,2.5079857047977487,1.182038662806437,2.8278816588218687,0.7142857142857143,0.12169633290600002,-0.39819753043347184,-0.2523750141415159,3.75,3.1951078561572634,1.5457141160958887,0.007536905744204331,0.7875345883680307,-1.999999999946489e-08,0.046947441553503215,0.04694744155350747,0.18172528366214596,-0.6259142166389666,0.221956,0.11181,2.3815994290672187,2.8284403330886283,1.1876221914431766,3.249358210978471,0.6938775510204082,0.110203113421,-0.5001291413907193,-0.16836275062222153,3.4375,3.2564984803892134,1.522731742030805,0.052371241971211624,0.8417232042217718,0.5502369200000016,85.92040452201076,85.92216637104826,0.0006797115449126643,-1.5892393221728809,232.27456,116.82178,1.3596233071628354,1.4882523943757469,1.094606415273452,1.6064996870065773,0.12244897959183673,369130.9336947048,0.924440917765351,0.7050978851925234,0.625,0.5991777800365153,0.9270816160777435,0.9949581814084626,0.00016723358671513793,-0.2512264800676022,-0.028216371639100273,-0.00042460178533691316,-1,50,0,2022-07-12 01:03:36.502
N501,0.0012421621621621635,0.046490952040104803,0.04650754334978825,0.4214566368474491,-0.2560243850728652,0.191882,0.107892,2.3198817273260945,3.0111787636679623,1.2979880518041147,3.695382714740769,0.5555555555555556,0.08002920877200002,-0.20283583010778825,-0.30659194513249693,3.4375,2.7725853741555144,1.8796084313595367,0.0560683415680159,0.5911096843287955,0.001001162162162162,0.04056628973668568,0.040578642026017527,0.2908391959295079,-0.8435978702723386,0.15647,0.091011,2.242830106085046,2.6186733088580096,1.1675754225668986,2.9062939889502792,0.6944444444444444,0.06092516898100001,-0.21264979653361138,-0.2795711018940902,3.75,2.858771783242579,1.7932952787333143,0.18196251147041315,0.6736531822767635,11.336798405405405,87.90271041424711,88.63074802942708,-0.1820302567803506,-1.5921345736122368,233.3788,117.19574,1.3222921232830935,1.4353316495417818,1.0854875592679358,1.5375560251631502,0.1111111111111111,290650.15136146435,0.9343885866464164,0.7409089145219921,0.625,0.60426844562873,0.907864794004391,0.9949393314710894,0.00020300520630955012,-0.1328660404643064,0.03985962993849378,0.1133039925494645,-1,37,0,2022-07-12 01:03:44.460
N502,-0.0008201250000000009,0.029973227900512177,0.0299844458976928,-0.07837841978649009,-0.4386101420325512,0.11888,0.064957,2.166356524367129,2.820706837685707,1.302051073292166,3.542923500623464,0.6956521739130435,0.021577607898999998,-0.18000978588913927,-0.3849045511233803,3.333333333333333,2.731325244807752,1.866528863447555,0.03222415614631325,0.5271764343505323,0.000694875000000001,0.045407899090092706,0.04541321559900451,0.40658636436014156,-0.14915673695757903,0.19588899999999998,0.100605,2.215324298731344,2.826893019171667,1.2760628413594126,3.4073131763457254,0.6086956521739131,0.049496643625,-0.41136976690934846,-0.24524161733401356,3.7499999999999996,3.008561785252585,1.6374438866134617,0.09215119960386578,0.7297156658231682,5.752767916666667,84.31856032355033,84.51457835036051,-0.09963250109656173,-1.5579021626121112,231.88963,116.88937,1.3830675403174557,1.5188637077109384,1.0981847693152522,1.6448323608349507,0.13043478260869565,171425.1348897414,0.9215856808904864,0.6852948347583463,0.41666666666666663,0.6144484867643515,0.8058184494916878,0.9791527902101602,0.00015341107643532657,-0.4816804156531645,0.05572006386270584,-0.07689111328938214,-1,24,0,2022-07-12 01:03:52.400
N505,-4.000000000031756e-08,0.03735611411855361,0.03735611411857502,0.1582503983304801,-1.024348455050104,0.140519,0.073817,1.9760352954724243,2.3342436262629835,1.1812762816591897,2.6920764074001924,0.673469387755102,0.069773963102,-0.2841431987476199,-0.25212020928304874,3.75,3.059007196083428,1.8452060246986264,0.0092115593972928,0.7109303148620623,4.163336342344337e-19,0.0440595070430889,0.0440595070430889,0.12825865454601168,-0.38319882756094925,0.21040999999999999,0.108435,2.461103341305062,2.9484524533321443,1.198020580382721,3.33395105371738,0.7142857142857143,0.097062008044,-0.36950402457978543,-0.1965970483008807,3.4375,3.261336562717136,1.4781764204865797,0.027427391596600986,0.8306467582803346,0.5094126599999995,85.94159282997563,85.94310257031385,0.0017630823387561666,-1.5894806881636716,232.18909000000002,116.55225,1.3561559510217058,1.4860122326333778,1.0957532070805283,1.6147861076380916,0.12244897959183673,369310.8439705744,0.9284971391282292,0.7318328044500018,0.625,0.6043421277456591,0.9070013969396242,0.9947005365476499,0.00016638404632524507,-0.3028302824872203,0.02511569051825308,0.04944522823482233,-1,50,0,2022-07-12 01:04:17.855
N506,1.3877787807814457e-19,0.04123436950021183,0.04123436950021183,-0.11317073887587939,-1.246313732887219,0.137727,0.073007,1.7705375608962555,2.0324300187299698,1.1479169172221024,2.275955596727526,0.7142857142857143,0.08501366140399999,-0.44462230607278996,-0.21214671511266892,3.75,3.3648092702206776,1.3861781101288908,0.009017168133656986,0.882296805417972,2.000000000002e-08,0.04549003042535364,0.045490030425358034,0.3849868023403986,-0.7884696207971489,0.182334,0.10951,2.407340662910495,2.864388931233217,1.1898560828404514,3.3429264781512495,0.7346938775510204,0.103467143405,-0.39046743476768836,-0.322386303177199,3.75,3.1948536778500096,1.7434266598925467,0.025735467493321455,0.720343221249803,0.55596116,86.60499461462116,86.60677909384455,-0.0016531893297605919,-1.5881811544909408,233.9485,117.55671,1.3573615279309603,1.48601317094631,1.094780675868613,1.6047124733137095,0.12244897959183673,375036.7092504995,0.9242314476378302,0.7029665467087576,0.625,0.5973711181087025,0.9377100820176869,0.9945999521374727,0.000161667682779171,-0.22916681633898017,0.0017897805507475788,-0.02491625543718879,-5,50,0,2022-07-12 01:04:24.809
N507,-0.0015289473684210533,0.03479302803946682,0.034826605924357976,0.3155371189802412,-0.7933386221678642,0.13641,0.072953,2.094749059338457,2.4495365502372475,1.1693699249163698,2.74177536377395,0.7027027027027027,0.04608991424799999,-0.44895376025049066,-0.14869085011554195,3.75,3.398259433811647,1.463500922167268,0.019874082041444842,0.905387266019645,9.781578947368397e-05,0.04225476138281576,0.042254874599830114,0.16345071830089056,-0.47762503409800594,0.17926799999999998,0.090278,2.1365108961975943,2.572634221808602,1.2041287626415518,2.9049372371674624,0.6756756756756757,0.06784802824299999,-0.3275521556128999,-0.23548479341276304,3.4375,3.2152201960737705,1.550039937559049,0.02196483040505029,0.8119384134476596,-11.722167789473685,86.9106938560978,87.6976506198024,0.22175909910888378,-1.574022313573628,231.99394,116.49646,1.3283874673570188,1.4412228287618971,1.0849416033933061,1.5447123243372434,0.10810810810810811,292253.3611208513,0.9337824758692332,0.7445379295192394,0.625,0.6056995714339105,0.8998078373742486,0.9949948339414111,0.00015958326446014693,-0.37890564392353643,0.018025365732256958,-0.05783173290536343,-1,38,0,2022-07-12 01:04:32.499
N508,0.0011429259259259248,0.03580603341661221,0.035824269827921175,0.043782976169172226,-1.0907199047675586,0.13121,0.066033,1.8432476172489733,2.110921936104892,1.145218860640883,2.330037231714963,0.5,0.034651214335,0.018296167344429053,-0.2464786214573802,1.4814814814814814,2.2636549947248246,1.7321202780451488,0.012833517652533991,0.35895377677983414,0.0005288148148148138,0.05114065672968509,0.05114339073479439,0.3753324889954052,-0.26504576002094904,0.19642300000000001,0.112145,2.1927564517873153,2.8853663603340562,1.3158626704676641,3.6773556425941654,0.7307692307692307,0.07062245322800001,-0.3564718058446781,-0.2948800195987024,3.7037037037037033,3.186965021097759,1.6045033569530416,0.040880232771145095,0.7799483251371326,-8.459984444444443,87.75916905863403,88.16599736101298,0.16884357940994285,-1.5917293306772478,232.20542,116.42493,1.3205196275756432,1.4368480714050207,1.088092930540492,1.5468055862006675,0.11538461538461539,209877.56344787803,0.9351968034342006,0.7370269205694522,0.7407407407407407,0.5943542802040263,0.9154092330349433,0.9577684195901219,0.00011387618268160677,0.11762431647619939,0.09069694125542269,0.08034417008288554,-5,27,0,2022-07-12 01:04:40.439
N510,1.9999999999811833e-08,0.03919587159510042,0.03919587159510552,0.07388575649509417,-0.9259783342917793,0.152668,0.085112,2.1714531795391463,2.5920252405127275,1.1936823068240598,3.02394943260322,0.5918367346938775,0.076815817505,-0.19896117030847735,-0.23103195817080865,3.75,2.692444405151294,1.8690975843857875,0.019821862003672187,0.5667163104799031,-1.999999999871896e-08,0.04475706737555087,0.04475706737555534,0.5458479365788306,-0.0481210599954518,0.2099,0.120982,2.7030814817432813,3.334456008674183,1.233575839720419,3.890440015305975,0.6530612244897959,0.100159754003,-0.3688771759218493,-0.25145987963581323,3.4375,3.153311921633641,1.7286961320515186,0.0436591456111818,0.7652136465488197,0.5617882600000005,86.77022109840007,86.7720397104638,-0.0002477543763630582,-1.5860745373831564,234.34046,117.80371,1.3576229208519355,1.4882537424594533,1.0962202535042236,1.61274567716733,0.12244897959183673,376469.34377571533,0.9254184511029809,0.711242501847115,0.625,0.5972508556147461,0.9339610198333361,0.9951245701116553,0.00016968095350301668,-0.21469719113331426,0.0774235698771326,-0.03823397680615568,-1,50,0,2022-07-12 01:04:58.256
N511,6.000000000061511e-08,0.04886547205846271,0.048865472058499546,0.14969481935638715,-1.1293911610224565,0.17448799999999998,0.089681,1.8352631463917495,2.118230324273638,1.1541834360038348,2.376254131332578,0.673469387755102,0.11939171797499999,-0.4509641990752293,-0.2498529967551146,3.75,3.297856337967622,1.6161129845866753,0.009734755755598262,0.831560383225842,2.0000000000575113e-08,0.046915401965448404,0.046915401965452665,-0.06064205689896705,-0.7982396654551445,0.192586,0.097724,2.082983325432478,2.4659656666439567,1.1838624133642366,2.799895806187314,0.673469387755102,0.110052747079,-0.45583710642458486,-0.24754554213618216,3.75,3.232097752853077,1.8102145167103452,0.03481360952717531,0.7701344527683968,0.5680636599999994,86.41805882776747,86.41992587292177,-0.00015103924908087154,-1.5919516198653885,233.07469,117.13351,1.355399334318358,1.4829695172784587,1.0941199982396752,1.5995890581115533,0.12244897959183673,373420.1793940646,0.9242677385676352,0.7033620218165941,0.625,0.5982294168332323,0.9309772919148531,0.994842158920243,0.0001508128338926767,-0.2871147825819488,-0.0014830919202578883,0.014049391069215005,-1,50,0,2022-07-12 01:05:04.844
N512,-0.0015733421052631581,0.030370349610032408,0.030411075956233272,0.2954023598392855,-0.2858547996420824,0.132106,0.076449,2.5138538376617507,3.1085042795860693,1.2365493303610007,3.658469778059819,0.5405405405405406,0.035143674551,-0.13021386527307768,-0.20519583848134845,3.75,2.933388512603723,1.8497840489026265,0.07369490297991588,0.6504186180661548,0.0018396052631578967,0.0346566170263718,0.034705406657131135,0.5383328255900774,0.24491123835168604,0.166973,0.098294,2.832238820051484,3.591957079291566,1.2682394767918166,4.158463470537575,0.6216216216216216,0.045769679546999995,-0.19797885689921213,-0.33489857371278886,3.4375,2.6399400826267043,2.2114720375340777,0.10006450585209066,0.3914203135558762,13.653656263157893,88.3100372009136,89.35930281609865,-0.22748433591612027,-1.5822903688455332,233.96339999999998,117.55456,1.3155268259190334,1.4246055428752997,1.082916376015414,1.5226479841314442,0.10810810810810811,303433.2299916102,0.9360791808706189,0.7496673805638897,0.625,0.6040164017083535,0.9079902385996803,0.9949200676278878,0.00016045408176766635,-0.5753654087162423,-0.08841474969002973,0.08406146937716061,0,38,0,2022-07-12 01:05:12.740
N513,-0.0012475769230769244,0.03969212485752836,0.03971172652862899,-0.13016713335336372,-0.7413544336746569,0.154609,0.084939,2.1388896284518313,2.5883622887240993,1.2101429892844,2.9957063954119234,0.64,0.041002551821,-0.3616789384190799,-0.2316857426421128,3.4615384615384612,3.1631532534800377,1.579906478375824,0.011895981034591559,0.8113081615452172,0.0038684230769230788,0.05651938235356698,0.05665161320501622,0.5493250495749099,-0.6601271604558869,0.19994299999999998,0.126441,2.231904668670658,2.685546423468691,1.203253194979975,3.0627444025581902,0.72,0.08344453724699999,-0.4544182678242442,-0.32531558255696097,3.4615384615384612,3.323271016144153,1.5293201764297373,0.005013069643010657,0.8445469897901651,-24.458750692307692,81.37344669369762,84.96980823940059,0.4968399196195409,-1.2067903746796884,234.27203,117.85449,1.3870160759683903,1.5468834567277205,1.115259933557521,1.7152649720733093,0.12,187716.57611825323,0.9191897168006523,0.7215115599602056,0.3846153846153846,0.5108375594668858,1.0708681035453327,0.9766403877747605,0.0001326728483972803,-0.12584992889783306,0.02428482488377493,0.14011291622492164,6,26,0,2022-07-12 01:05:20.820
N515,1.9999999999187335e-08,0.03849455054497454,0.03849455054497974,0.06485210879688304,-1.1277318859475463,0.133038,0.072832,1.8920080626710518,2.1549930969918503,1.13899784018337,2.362191873138419,0.6938775510204082,0.07409152108299999,-0.4982230421727876,-0.17376490975188805,3.4375,3.3697849953047965,1.3809087594199985,0.015266125585445071,0.8841676939827744,5.551115123125783e-19,0.03640855659264729,0.03640855659264729,0.4608060479926562,-0.38944335775955485,0.157697,0.098538,2.706451703166386,3.2726569837805237,1.209205758207956,3.7199356312632283,0.6326530612244898,0.06627914965800001,-0.2527086931880868,-0.3054380035680684,3.4375,3.098689111031187,1.9219113902278944,0.03562238481695741,0.7219730292731449,0.5174207599999997,85.87106296577075,85.87262182508603,0.001381328140870689,-1.5901081874082401,231.75624,116.47774,1.3564013480018526,1.4842933752624716,1.0942877470956658,1.6014368738477225,0.12244897959183673,368705.3589557121,0.9277000203913782,0.728375568207947,0.625,0.6046383912471645,0.9079287298466837,0.9947933661017733,0.00016368399860394937,-0.3735931014237482,-0.03288746025774015,0.043690943347551706,-5,50,0,2022-07-12 01:05:45.204
N516,0.0,0.04182454714686102,0.04182454714686102,-0.07626136368090973,-0.54874371498985,0.170265,0.087804,2.099341319624779,2.583437097643589,1.230594126592685,3.0117408156013488,0.7142857142857143,0.08746463720200001,-0.2905553633349551,-0.21689915669476095,3.75,3.054974770885438,1.7766577992644201,0.04206908177820695,0.7251486788575604,-4.163336342344337e-19,0.04144428437167181,0.04144428437167181,0.46437901617937416,-0.2002116343779714,0.183299,0.113766,2.745034730959473,3.4254981404042937,1.247888816039489,4.069737745214425,0.6530612244897959,0.08588143535400002,-0.2598651941890173,-0.2830437298823667,3.4375,2.716533858935742,2.1268395552147035,0.07924826417804574,0.5473138025077193,0.5436897000000003,86.3282825802716,86.32999462382186,0.0006096491864436874,-1.5866174198158352,233.97436,117.64623,1.3627503454927443,1.4918999399845911,1.0947712799479414,1.6104400564655796,0.12244897959183673,372643.39858745557,0.9276465323323212,0.7283037403163243,0.625,0.604616684710915,0.9081340084873117,0.9946169108791674,0.0001683682052901928,-0.30778471521955986,0.021416941181721817,-0.034271023871730345,-1,50,0,2022-07-12 01:05:53.230
N517,0.0002791250000000002,0.03315415740913008,0.03315533236562408,-0.13183280431533217,-0.9289777333835292,0.126623,0.066458,2.0044437880195884,2.3152326232573612,1.1550499131456489,2.5507869683877096,0.717948717948718,0.043971042571,-0.39904441273846053,-0.22533608466057833,3.75,3.223278436831595,1.4898257661134757,0.0038179110415185007,0.7905889048157396,-0.00044889999999999893,0.041035196244687315,0.041037651517234756,0.48333064639273643,-0.5168419608396282,0.15697,0.086148,2.099242934596783,2.644803676715517,1.2598845198559756,3.225445062113182,0.5641025641025641,0.067363553682,-0.15199928722779907,-0.3310439599014974,3.75,2.692986531368741,1.9353199694436944,0.08953506569363791,0.5438216522709727,13.721431974999998,85.58432268043235,86.6772979742269,-0.2478938085795541,-1.51201099990326,232.81148000000002,116.92299,1.3489459493161233,1.4832885684085613,1.099590809520979,1.6291307783900308,0.10256410256410256,300518.1593645168,0.9311943014771946,0.7389526851358624,0.625,0.6011357318204612,0.9208210672717649,0.9948893383140982,0.00016954458687671375,-0.2745610677651383,0.018591131420604742,-0.0927010623728148,-5,40,0,2022-07-12 01:06:01.096
N518,3.175999999999901e-05,0.03371240039899859,0.03371241535933016,0.1493468961923682,-0.9709759765459713,0.127656,0.07454,2.2110548652625837,2.542271141027495,1.149800116210855,2.8628744094513077,0.6666666666666666,0.028413173734,-0.486916550673564,-0.07151001818813538,3.6,3.2131325860462256,1.781483889039187,0.03971078665646996,0.7587726183841433,-0.00422028,0.034195955906533744,0.03445539382506025,0.4078520483818919,-0.0481798355140004,0.152327,0.077244,2.2418550892841207,2.8185274649891623,1.257229996024938,3.3942151052799745,0.5416666666666666,0.029679354090999997,-0.1357176272890958,-0.2526298917723614,3.6,2.934377541799675,1.741914649909689,0.09702926628177687,0.7268616842279778,-17.457968960000002,83.86950916646701,85.66723555731454,0.3080765839087808,-1.4703460841387082,231.69687,115.98886,1.3539465729858784,1.4807656227356472,1.0936662142215057,1.5958797212192333,0.125,183471.88120081043,0.92599835439412,0.7206624420048109,0.4,0.5553881611732117,0.9900180830293185,0.9789802937762739,0.00015369010270623848,-0.4450166290917334,-0.03092014887876492,-0.008213211697159644,-12,25,0,2022-07-12 01:06:09.221
N520,-1.3877787807814457e-19,0.0476403292574684,0.0476403292574684,0.02185196526822989,-0.6525718246351158,0.216075,0.108108,2.269253837767133,2.6611593032758636,1.1727023477877434,2.9892410752439122,0.5510204081632653,0.113480048588,-0.03804757190582555,-0.20693575072730658,1.25,2.4307888944948655,1.841098395669786,0.03099154357779854,0.45969062942624267,-1.1102230246251566e-18,0.05403252979196884,0.05403252979196884,0.037806333546736764,-0.5928994392393228,0.243584,0.135591,2.5094327532329173,2.9803206651040193,1.1876471530326742,3.3421188682064487,0.7346938775510204,0.145975713786,-0.40657812408724814,-0.20241616916193944,3.4375,3.1102721722097955,1.7797436384606073,0.046361191484923084,0.7443389738321657,0.47439081999999916,85.46083190168287,85.46214855699449,0.0004842137705943121,-1.5885317499308373,231.60544,116.41885,1.3622270439686006,1.4932691342244209,1.096196952509512,1.6290465921495942,0.12244897959183673,365188.94179888983,0.9282614030370208,0.7307764972994464,0.625,0.604894762827064,0.9047463372200373,0.9951678355991933,0.00017310954744126665,-0.05877118821735419,0.06025114106367379,-0.034529180524289896,2,50,0,2022-07-12 01:06:26.758
N521,-5.724587470723464e-19,0.039317069848603926,0.039317069848603926,0.21105134576332807,-0.8561251581119507,0.167914,0.092029,2.3406881630388785,2.716161973909451,1.1604117185704483,3.0104167116116134,0.6938775510204082,0.077291599074,-0.3382169986322717,-0.20445985127394162,3.75,3.0761488151343253,1.6606965379589462,0.020870325477685688,0.7285352924034768,1.1999999999998122e-07,0.03155660828583452,0.03155660828606269,0.32091026074775225,-0.44274324623193806,0.144153,0.074264,2.3533581089194393,2.837653395448078,1.2057890317215707,3.2577780720120684,0.6122448979591837,0.049790976326000005,-0.17693956402084385,-0.2563675902212971,3.4375,2.5561276418680317,2.0092259554288727,0.14283274680612884,0.5033562310905306,0.5557587800000005,86.12579482157298,86.127587923204,0.0010744204579087005,-1.5895888383706749,232.27742,116.77159,1.3557977509380599,1.4848584723423577,1.0951917211213855,1.6070139787398232,0.12244897959183673,370898.07007346174,0.9246658534149828,0.7079905636094177,0.625,0.5999561911855942,0.9246363511920362,0.994839856039482,0.00014714229800881246,-0.4051175445665381,-0.026483353617702366,0.05489301399314083,-1,50,0,2022-07-12 01:06:33.408
N522,0.0004011282051282058,0.027852458148829185,0.02785534650240831,-0.0689848887384301,-0.5910204872018769,0.124761,0.062479,2.2429805349791003,2.7492361606296654,1.2257066513755022,3.2420297706115377,0.5526315789473685,0.030260892821999997,-0.2604689025783992,-0.2011069505803189,3.4375,3.2023568358778185,1.5270760157543342,0.03477872593379144,0.8528134627332307,0.0016076153846153833,0.04174130711258879,0.04177225331116707,0.04995869366696757,-0.6884455905572469,0.167563,0.085904,2.05648470433447,2.597538651910673,1.2630965095124798,3.1772860781454964,0.6578947368421053,0.06805192472100001,-0.2138744143053938,-0.2520246180091602,3.75,3.0614853223714222,1.9158476535920281,0.010006696082040358,0.6667870639934764,11.05594482051282,85.24628080100025,85.96023677420396,-0.20028861417816513,-1.5178508152441765,233.53901000000002,117.53644,1.3673349959323498,1.505508197472851,1.10105292554608,1.6384476122098808,0.13157894736842105,288177.32994481106,0.928472748622303,0.7278729859827047,0.625,0.596871802740882,0.9318252028256065,0.9952569473881487,0.00015475012627933198,-0.20620612762975943,-0.013614281460815093,0.003911031834684381,9,39,0,2022-07-12 01:06:41.133
N523,-0.0001073200000000006,0.05253498887006259,0.05253509848815361,0.0347841495544782,-1.2248253720244107,0.17365999999999998,0.090566,1.7239141565599645,1.983644775886645,1.1506633136797064,2.2411084880018746,0.7083333333333334,0.068998414329,-0.4969931208918427,-0.19195733903288617,3.6,3.3119443614598847,1.2610874720691636,0.008390305914820257,0.8941582703486444,0.0027137999999999997,0.050448072083678276,0.05052101233546296,0.14917091345060762,-1.175345353364253,0.17194500000000001,0.091092,1.8030517558742276,2.043295652041277,1.1332429284874104,2.226623691921526,0.7083333333333334,0.063809317185,-0.3679647378712348,-0.2991036362258993,3.6,3.300982666361501,1.47267682917657,0.007282698032891679,0.8242231467269774,-25.300220279999998,81.89586209840361,85.71483754320056,0.5313470837421109,-1.2286127292198599,231.48658999999998,116.69876,1.3614767681404452,1.4929081857896538,1.0965359238767787,1.6213213123920682,0.08333333333333333,183675.83437643162,0.9260792970996993,0.7415233616947793,0.4,0.49851423046529436,1.0645555177573245,0.9840475644081251,9.877181566761767e-05,-0.07934421609394739,0.024034154650605703,0.12257385014156091,5,25,0,2022-07-12 01:06:49.173
N525,-3.999999999976245e-08,0.03962421085798934,0.03962421085800953,-0.0808243361144523,-0.24645718396691185,0.17006,0.091799,2.316740144780549,2.9746728796313695,1.2839907342794126,3.6152061678336413,0.5306122448979592,0.07850390430600002,-0.09932034338781631,-0.157152138076356,3.4375,2.603941891296702,1.9761266969822477,0.02868085838429527,0.531760530623874,2.000000000071389e-08,0.032589583983530686,0.03258958398353683,0.44253992041514195,-0.19630736844040975,0.156811,0.089409,2.743483931711631,3.392113939274373,1.2364256630284214,3.985737676241883,0.5918367346938775,0.053104049211,-0.13518374589627158,-0.28843584323484583,3.75,2.8964949490777108,2.0174451019834465,0.05799216675990934,0.5862074831866563,0.6660294600000001,86.26366653966382,86.26623766055815,0.0010049608598605311,-1.583780878797137,234.10406,117.82874,1.3658731758261502,1.4964960865594152,1.095633264526377,1.6169220492663032,0.12244897959183673,372093.18800539506,0.9247674275848209,0.7053064318545134,0.625,0.596165095717743,0.9355860415850287,0.995196810752912,0.0001646391279930621,-0.29337507330805046,-0.03362413897958655,0.0278658721526155,-5,50,0,2022-07-12 01:07:07.819
N526,-6.00000000001641e-08,0.03421330166085115,0.03421330166090376,-0.0027656133453218307,-0.9816155654647885,0.13446799999999998,0.069502,2.031432122186014,2.3458136026272354,1.1547585454654115,2.592714094839605,0.6938775510204082,0.058527500526999995,-0.40221624101768993,-0.22537249515116067,3.75,3.302887960530867,1.5209543612028582,0.008684578131977264,0.8489626864007944,-2.7755575615628914e-19,0.04415142268194763,0.04415142268194763,0.2536780489356925,-0.9970965857318164,0.16245300000000001,0.088078,1.9949074038788064,2.3131379132122882,1.1595214438097372,2.5712931701779747,0.673469387755102,0.097467406242,-0.3491084020520284,-0.3041134936706382,3.75,3.1790990301896933,1.611428693093187,0.024388147404547634,0.7694802114286488,0.5438114200000004,86.16164546922096,86.1633615919449,2.5289484311750326e-05,-1.5892753033729086,232.94809,117.20766,1.360295812912635,1.491269622257818,1.0962833290391043,1.6264416712125191,0.12244897959183673,371206.24404121237,0.9290863115496497,0.737356903227157,0.625,0.6030052857996984,0.9170654245361491,0.9947906205536594,0.00016667573497168675,-0.2730155896857204,0.003509077540521168,0.022030637395463966,-1,50,0,2022-07-12 01:07:14.504
N527,-0.0009509999999999995,0.045534966822772804,0.04554489658074789,0.095352233720157,-0.8536705087970393,0.175522,0.089902,1.9739203895349744,2.3455821707560314,1.1882861047443838,2.6613251569884184,0.6875,0.10164254262300002,-0.4495351122908762,-0.2209438418674294,3.75,3.234266897122647,1.5621421475083384,0.00855268055620734,0.8256371660996618,0.0007028367346938773,0.049255040700646305,0.04926005495224259,0.1746003428201762,-1.0160613948948862,0.181561,0.102651,2.0838588202859234,2.373085275677369,1.1387936901367248,2.5999027641733923,0.6875,0.11890109768100002,-0.4304805340782034,-0.2319616092938788,3.75,3.24897764931805,1.7511769080341613,0.029472283083449395,0.7862842818391328,2.6978257142857145,85.82797314517734,85.87036297695464,-0.03595640101985527,-1.5710196020027827,233.7723,117.57351,1.3691977758560734,1.5035447877129506,1.098120968515946,1.631700126586156,0.125,361312.2426519032,0.9244867597566776,0.7144566918175503,0.625,0.6008304234593906,0.9233097370555309,0.9949396669264517,0.00015912282226615207,-0.1609666692668324,0.029812773236788232,-0.03809015768881549,6,49,0,2022-07-12 01:07:21.267
N528,-0.0012077777777777783,0.03439207856155179,0.034413279340168156,0.0942098672516415,-0.24830365318894154,0.137579,0.068929,2.002976796214365,2.601961660176034,1.2990473305001602,3.2022606745537288,0.6285714285714286,0.042633856617999996,-0.1997468388407782,-0.2653402871429998,3.4375,2.9278173287793345,1.6903510395832366,0.005087937670383871,0.6903852958759078,-0.00046841666666666754,0.043662562524925806,0.04366507506482345,0.415612682105109,-0.33130649778633403,0.190871,0.113394,2.596903814585449,3.0660630955626713,1.1806610157612307,3.392352287016323,0.6571428571428571,0.068638996095,-0.41067898697234934,-0.2661990141003739,3.4375,3.031747254529661,1.7121712211351108,0.025647093792169465,0.689655466970273,7.4158291388888875,86.40844627997072,86.72608667716871,-0.13528661320817084,-1.5876771338654712,232.52346999999997,116.75419,1.3462407272520969,1.466562487174254,1.0893761104433037,1.5772853649893384,0.11428571428571428,270770.907972088,0.9281179182255733,0.723295084404988,0.625,0.606365587126333,0.9026693450767929,0.9946723510229073,0.00016788599806025797,-0.28831903932678293,-0.03190081700156273,-0.045978943068768666,-1,36,0,2022-07-12 01:07:29.260
N529,-0.0018937199999999976,0.045954518017291834,0.0459935202136127,0.0011198990332044203,-0.9776909515480794,0.168914,0.091237,1.9836924761631225,2.3327183454234364,1.1759475692197026,2.6720990469374124,0.5416666666666666,0.052885097541,-0.237297712203726,-0.27762903319852944,3.6,2.909781301546305,1.664612089397329,0.023366423949756427,0.6979272031699254,0.0017893199999999992,0.05165801585947335,0.051688995623826936,0.4468887472532867,-0.6411090365312511,0.189361,0.111952,2.1658768689325005,2.6366040298930677,1.217337914132014,3.0890926541634025,0.5833333333333334,0.066793806715,-0.3220432940554032,-0.18976357442473082,3.6,3.0603753291150184,1.709181572186735,0.08443470243398031,0.7132804654783487,16.28189748,84.41945662560798,85.97525715292822,-0.23369164777280024,-1.5186589102652213,232.60072,116.95065,1.3602826426209391,1.4921998334152324,1.0969777799561717,1.6218284220260428,0.125,184793.6210628034,0.926049612614545,0.7129842345650572,0.4,0.5486307803827898,1.0027140901958003,0.9792621033896015,0.0001516580065853756,-0.05208284764671359,0.07207865783756448,0.01508554968083509,5,25,0,2022-07-12 01:07:37.255
N532,1.3877787807814457e-19,0.03742973229025289,0.03742973229025289,0.03516362092161674,-1.1319921639990287,0.141167,0.071225,1.9028989961156564,2.2137247515717524,1.1633432757548232,2.527619359447023,0.7142857142857143,0.070049242966,-0.38544187698322063,-0.2276388111276003,3.4375,3.2892097337055066,1.4919996488144094,0.024821457843873556,0.8417892217656021,-1.999999999870161e-08,0.04299195529653891,0.042991955296543566,0.32011934439015716,-0.7465821278499218,0.179961,0.105008,2.4425034701420607,2.8782484040643257,1.1784009477361854,3.2566915004132726,0.6530612244897959,0.09241541101100001,-0.28247190140001244,-0.23643618406937267,3.4375,2.8314934820446,1.940420934309248,0.07309924459337591,0.6260942510360598,0.5467231000000004,85.15197138680217,85.15372650217283,0.0021330398987057637,-1.589084489101287,230.68491,116.13764,1.3638585740230238,1.4951055356002574,1.0962320903919602,1.6325734751469576,0.12244897959183673,362557.85686034255,0.9246998021433885,0.7048854972164061,0.625,0.5960109354729067,0.9348566965498657,0.9952816384937223,0.00018013310323059995,-0.054305212531675036,0.01911419900354075,-0.022062617243422882,-2,50,0,2022-07-12 01:07:54.616
N533,-2.000000000022817e-08,0.022874660887969463,0.02287466088797821,-0.3343176517793247,-0.7436064857244791,0.08502399999999999,0.048114,2.103375443930027,2.5681701480778485,1.22097562538782,3.054294750438432,0.5102040816326531,0.026162505537000003,-0.05999459889714989,-0.20278947187595509,3.75,2.875623467771074,2.0629853499424193,0.05146728945183304,0.6166031472165037,-2.0000000000991446e-08,0.03975561503057902,0.03975561503058404,0.9360708774390286,0.7481005801865064,0.177804,0.116492,2.9302024358164895,3.6595441496991428,1.2489048896307484,4.172703803734693,0.5510204081632653,0.079025446323,-0.19109880956588426,-0.4136553576610049,3.4375,2.865846170851428,2.046746799778478,0.031527322508669145,0.5665914437578624,0.5423330199999993,85.36609337993039,85.36781609046571,0.0012822352197692567,-1.5911996479686619,231.15185000000002,116.40085,1.3635214689883606,1.4942922352186405,1.0959066426194983,1.6333398236336967,0.12244897959183673,364383.20120277884,0.9251144526634172,0.7087160180310563,0.625,0.5972618804925386,0.9358575246380711,0.9950116666249579,0.00018350330576612638,-0.19281871068375211,-0.08761277140019437,0.027384175181432505,-8,50,0,2022-07-12 01:08:01.324
N534,-0.0007395789473684209,0.037459793876854136,0.037467094020163745,-0.17413009009959743,0.09050077496448194,0.176634,0.098859,2.638555313278282,3.4048526266178447,1.2904230620003467,4.1219884837316725,0.4594594594594595,0.05334375910400001,-0.05339001443494221,-0.17478930168661785,3.75,2.488884632532039,1.7338483673322325,0.039797221337628114,0.4726428964595282,0.0006620789473684219,0.04628179195820089,0.046286527363745236,0.40799473048338886,-0.6526792320723573,0.183832,0.115411,2.4934037304858987,2.978119845471961,1.1943993702502418,3.398958246436692,0.6216216216216216,0.08141281938499999,-0.27541307823998074,-0.36749058533842793,3.4375,3.188364627008774,1.6314177827247174,0.019348540880701717,0.8115145780230941,12.153780763157894,87.07984080956831,87.92390495342359,-0.21900413775939406,-1.5638371528872856,232.86834,117.265,1.333710099228639,1.4528458446239043,1.0893265676432744,1.5744456356006806,0.10810810810810811,293763.2963658293,0.9334500761156437,0.7415135107202947,0.625,0.5979842220926084,0.9295555065392692,0.9951429614035079,0.00015329063891636048,-0.059634452776854675,-0.05346280212043707,0.01639006218718334,-12,38,0,2022-07-12 01:08:09.198
N535,0.0025549600000000002,0.029490125828799035,0.029600596987223077,0.08214274091154988,-1.0119078440463574,0.102486,0.057683,1.948710697453113,2.3220697872888585,1.1915928774464628,2.6640569516915518,0.6666666666666666,0.02190488355,-0.44047012072438263,-0.27628928394175284,3.6,3.348750073554929,1.3965408084108457,0.010100667888706788,0.8789366170193469,0.0013754000000000006,0.05041397049707551,0.0504327289212075,-0.014015035650998505,-1.067785623825013,0.164588,0.087258,1.730185969835693,2.0807599454783565,1.2026221352817674,2.4310474196739333,0.7083333333333334,0.063586503661,-0.3698826592153455,-0.3784405637044808,3.6,3.101509302828739,1.695059511173998,0.03314085869336885,0.6285474161154303,22.235023839999993,83.56661324425141,86.47412985557973,-0.3856679436958266,-1.4038325050518383,232.57294000000002,116.96209,1.3525674117257744,1.4813291593668434,1.0951980260094973,1.6079134197229166,0.125,186944.37835699166,0.9276422743151153,0.7332379511145986,0.4,0.5339024414726202,1.0250617275580143,0.9808194831556439,0.0001072522577477993,-0.35754807775131203,-0.08598691270155076,-0.040661930820696524,-5,25,0,2022-07-12 01:08:17.218
N537,5.999999999978245e-08,0.03097815702226974,0.030978157022327847,0.1966493167213341,0.021155034181957078,0.14554899999999998,0.084868,2.7396077803734564,3.520515043535615,1.2850434535763027,4.2761292845575865,0.5918367346938775,0.047982310625,-0.12813877373926852,-0.13781559726442166,3.75,2.822917916317955,2.082118271057403,0.030677862104727102,0.5857632628058654,-4.0000000001150225e-08,0.03988674807499854,0.039886748075018595,0.375741703063664,-0.34130508838436047,0.17258099999999998,0.096338,2.415288401521439,2.9483233931701776,1.2206920677932163,3.3451012870229446,0.6122448979591837,0.07954763359999999,-0.2710545583552265,-0.20641983555404153,3.75,2.8635747432651693,2.0236670741700356,0.07694171435544647,0.6183566816939422,0.5696086999999997,86.75999143577424,86.76186125254998,0.0009972537078690262,-1.5832247448563503,234.95569999999998,118.20938,1.3624578621695458,1.4954846141158902,1.0976373329700748,1.6345688602240076,0.12244897959183673,376381.0284003366,0.9246574210322105,0.7045250578278759,0.625,0.5962115396353185,0.9362350058546203,0.9951248177011643,0.0001496375819320722,-0.14508980354864004,0.01281323347566473,0.023539661672333442,-1,50,0,2022-07-12 01:08:34.704
N538,-1.9999999999187335e-08,0.03706663323771934,0.03706663323772473,0.10949791212994599,-0.5878140126682387,0.154336,0.077981,2.1038058541727627,2.591469594987541,1.2318007338212928,3.0271807093664527,0.673469387755102,0.06869676497899999,-0.38730383290019843,-0.24383882062011003,3.4375,3.1120698536267093,1.5917225641694137,0.022372407871084604,0.7994601115895988,-4.000000000101145e-08,0.04774402113310525,0.047744021133122,0.1164498725852544,-0.5777566613499081,0.20069199999999998,0.102921,2.1556835297351915,2.6704316654281577,1.2387865048800548,3.196316097068584,0.6530612244897959,0.113974577698,-0.3347141031545703,-0.2628902383992065,3.4375,3.108470900104951,1.675560059024752,0.04665661803969748,0.7410669916217144,0.5607654199999998,86.78266318550901,86.78447492164581,0.0007367802079759777,-1.589462210655059,234.09847000000002,117.59283,1.3549984614894521,1.4837230476034577,1.0949998024149106,1.6033427316260154,0.12244897959183673,376577.25437128847,0.924327796213569,0.7056890836052115,0.625,0.599875195565841,0.9282932316918507,0.9946473910458961,0.00015959011693483249,-0.10857520479788167,-0.008571537825831489,0.005039798083275389,5,50,0,2022-07-12 01:08:41.601
N539,-0.003287599999999999,0.0372324343413489,0.037377299002775165,0.18320431178451327,-1.098212355158762,0.137022,0.072437,1.9379945028832004,2.243750973506464,1.1577695242006012,2.5305897951196603,0.7058823529411765,0.048897186826,-0.5281192682434325,-0.17120275063024143,3.75,3.5032455750984295,1.3418874453400138,0.029957172440344952,0.9117723581297297,-0.0016833428571428576,0.042402595438718035,0.042435995842141916,0.05072517585839424,-0.0019503778239400305,0.19817200000000001,0.112259,2.6453721132783916,3.274982266710344,1.238004381414485,3.848531698128165,0.6176470588235294,0.063028481009,-0.32804878924809167,-0.380602756747043,3.75,2.8792730597481424,2.038266154315215,0.08249833721576369,0.5939079643943869,-2.5800673142857145,85.7825903279639,85.82138166402083,0.0818695316942734,-1.5672763736127862,234.70929,118.09899,1.3761021753569718,1.5051454687233818,1.093774499944334,1.618903882260299,0.11764705882352941,257785.8342752536,0.924509080966559,0.7260173008770094,0.625,0.6057771229308723,0.9016420369252275,0.9947792755770953,0.00016517352957484831,-0.1689534191709863,0.09356304000196194,0.01125423039112412,2,35,0,2022-07-12 01:08:49.676
N540,-0.000496956521739131,0.03407201873203832,0.0340756427123667,-0.05399809578473704,-1.439338165036693,0.104632,0.053776,1.578136044385853,1.7638062968635468,1.117651613837861,1.9335924375151299,0.5909090909090909,0.026706436804,-0.4240359474867897,-0.1611584981769686,3.478260869565217,3.32206375512169,1.4968116585330122,0.00939431734997616,0.8710531519364506,0.004603130434782609,0.04489874103619344,0.045134086414092646,0.2363740070333584,-1.0835725213471266,0.147082,0.084493,1.8720440960031917,2.1977456397682986,1.173981769158365,2.482748696535157,0.6363636363636364,0.046852972398,-0.4083448427459559,-0.3223753094052283,3.478260869565217,2.9458417232948064,1.7745164380447283,0.029194722709283357,0.6133763540292249,5.115712652173912,83.227157933583,83.38423312378174,-0.09612772282236125,-1.5386091213542548,232.26967,116.26114,1.3942820560262674,1.5386180113267722,1.1035199116826226,1.693038401348119,0.13636363636363635,159917.39767374712,0.9159266655151871,0.6719270310997958,0.4347826086956521,0.6216920010270527,0.7724580156817511,0.9832921517269979,0.00016880008765073363,-0.18416284431284735,-0.25089805622946654,-0.06937203442862368,5,23,0,2022-07-12 01:08:57.709
N543,-5.99999999994355e-08,0.027323792278825424,0.027323792278891305,-0.02508964538842086,-0.6258186165990489,0.119039,0.064995,2.378696168401601,2.9182564904772206,1.2268302817497643,3.4252228231169255,0.5714285714285714,0.037329481225,-0.21934476959383878,-0.21740962483050952,3.4375,2.854877007760047,2.0011773143029075,0.04252242489542404,0.6494475963818797,4.000000000038695e-08,0.039497011795810576,0.03949701179583084,0.4822100775966311,-0.21385455317106272,0.182209,0.107401,2.7192183691055045,3.33729620620694,1.2272998167869666,3.8670443611836465,0.5918367346938775,0.07800069704000001,-0.1999883548946136,-0.3066848903848657,3.4375,2.8219481571221556,2.0455244902902083,0.06391851488558373,0.5943641941996141,0.5356572399999999,86.12454445870617,86.12621022022518,0.001241283004127631,-1.5889098577943266,232.95119,117.21219,1.3609351868645772,1.4912882499561209,1.0957819772386521,1.6194400894403327,0.12244897959183673,370886.20434492093,0.924358461617998,0.7032268828609328,0.625,0.5964689983871173,0.9361753302721392,0.9949099371382755,0.00016260307042150783,-0.3643302387177776,-0.014780749027361302,-0.04648154878126377,6,50,0,2022-07-12 01:09:23.128
N544,-1.1999999999984247e-07,0.036508978238038926,0.03650897823823614,0.01557199575640942,-0.45932215847885294,0.17241,0.089697,2.456847721530033,2.9901511726985066,1.217068175001238,3.4604865278683277,0.673469387755102,0.0666452746,-0.387005978005095,-0.20399115122758205,3.4375,3.0302559461964305,1.7327198937409016,0.03552753619563693,0.7343819063614093,3.4694469519536144e-19,0.04265532563748634,0.04265532563748634,0.04690736103160404,-0.8793068762093963,0.16754,0.084408,1.9788384858987123,2.329761371138869,1.1773378109132444,2.63576799328187,0.673469387755102,0.09097384026199999,-0.32828428475638394,-0.233038429385932,3.75,3.1350667000290295,1.7222701186514622,0.0702595669342276,0.7573059514901013,0.5994228200000005,86.03513110569115,86.03721922569675,0.0014195602897973762,-1.5881785668242259,233.06027,117.29361,1.363289179445817,1.4916615935052513,1.0941637445634376,1.6088799507840297,0.12244897959183673,370120.15460453014,0.9298631447849489,0.7382561689553747,0.625,0.6059751084174696,0.9035176843063478,0.9945336096447722,0.00015633951886788756,-0.326166017515571,0.003916753935057208,0.05529769772559345,6,50,0,2022-07-12 01:09:29.681
N545,0.00010844444444444496,0.039048922307254846,0.039049072889833836,0.11338822192601081,-0.7571242172469619,0.16068300000000002,0.08987,2.3014630911607905,2.735643730118868,1.1886541829089639,3.155828254339839,0.7142857142857143,0.054893883368,-0.43567606949352006,-0.2310531659696006,3.75,3.3125756997383897,1.4720221046479682,0.026163875748748386,0.8439683976619443,-0.0001641388888888897,0.04092140370009643,0.04092173288560873,0.2163664989224855,-0.5891779304731224,0.159933,0.088537,2.163569178448367,2.6160645912691476,1.2091430296420165,3.00852682781392,0.6857142857142857,0.060285176004999996,-0.22635433621255205,-0.22641733929598393,3.4375,2.645957509767378,2.0677982026681354,0.15804741838125663,0.5577661379065095,8.528518194444445,87.40608973651719,87.82118278422959,-0.1342006266259571,-1.6033455878492229,232.54612,116.83108,1.3303291563158022,1.4451674430111476,1.0863232126802191,1.547178953846374,0.11428571428571428,277652.16524235834,0.9317443099292065,0.7296494428196086,0.625,0.5969869789819532,0.9338535635138961,0.9950171106027446,0.0001603602591434683,-0.34862011747751737,-0.031126381647216896,0.07597109980756049,-5,36,0,2022-07-12 01:09:37.774
N546,0.001323590909090909,0.029433956747049655,0.029463701442314038,0.326997799313771,-1.1312487444993078,0.09304000000000001,0.057485,1.9510447495046708,2.289770474350595,1.1736124837382225,2.633972139267544,0.6190476190476191,0.019098413459000003,-0.4160376546999877,-0.3352770541946341,3.6363636363636362,3.148042170962814,1.4449063212625737,0.003954665646816963,0.7888591034744075,-0.0010951363636363643,0.052004348466166715,0.052015878182007605,0.33561719372602467,-0.9541710179248053,0.180483,0.105989,2.03762781105293,2.314714755257042,1.135985061992715,2.5285576527593046,0.7619047619047619,0.059524334827,-0.4832064550185621,-0.1793160903335306,3.6363636363636362,3.06269281365067,1.70586933840174,0.023846952934890853,0.7054008063637831,-22.297287136363636,86.32362927140365,89.15681681300754,0.4398681745746745,-1.4128393742249086,233.27783,117.41437,1.3169421497658251,1.4184220743700564,1.0770572379525374,1.5017827430073156,0.09523809523809523,174876.63565302006,0.9381081188506681,0.7604819018836394,0.45454545454545453,0.5063281738769664,1.0047811183783568,0.9944246090797175,0.0001296609649577418,-0.06259998689841684,-0.00024706637701629107,0.06295657641150836,-1,22,0,2022-07-12 01:09:45.835
N549,7.99999999994555e-08,0.030233793962941534,0.030233793963047376,-0.16674095192962082,-0.39027185883832294,0.137466,0.081247,2.687290920196865,3.2676402784413847,1.2159607483814983,3.782724462285126,0.6122448979591837,0.04570411487,-0.36663202258074484,-0.15101358634229564,3.4375,2.9282681277429004,1.9525089712197023,0.022114632493046564,0.6809567273742119,1.999999999960367e-08,0.03802640324274175,0.03802640324274701,0.022241497507470634,-0.691448121140493,0.152429,0.077159,2.029090143168273,2.463948794163086,1.2143121400786139,2.8877260264159355,0.5714285714285714,0.07230036717900001,-0.1491235841516664,-0.38749183074689497,3.4375,2.753330662728408,2.0676611626861625,0.041598517976857464,0.5300402193645357,0.6092142799999999,86.07320685428432,86.07536279458468,0.0010330625438615653,-1.5885687539806446,232.7036,117.13244,1.3608126204420627,1.4912848017479923,1.095878138801759,1.6187672983820265,0.12244897959183673,370448.4040109686,0.9251403698681808,0.7090861029424148,0.625,0.596887002493725,0.9360645984512205,0.9949554276802977,0.00016734363512038348,-0.393477747011302,0.027525649692326522,-0.07054092171393345,3,50,0,2022-07-12 01:10:11.168
N550,0.00011624489795918342,0.04796957792164573,0.04796971876983586,0.07383124819781921,-1.134713799823386,0.18170999999999998,0.095986,2.0009706636086753,2.330329821473871,1.1645996934663743,2.6530201018109016,0.6666666666666666,0.11275360202399999,-0.3337312500512842,-0.21491483849783685,3.75,3.1487942243297558,1.6016548957051158,0.02006895874548459,0.787044661265077,-0.0009548163265306138,0.05394621486510788,0.05395466404760385,0.7480485191839139,0.16363830129253865,0.237578,0.147532,2.734369726958794,3.3257736986175326,1.2162852981540675,3.7949994983838597,0.625,0.142644182852,-0.37706939517921023,-0.2981646575769947,3.75,3.2490243761046256,1.690917891805064,0.015700888423248578,0.8010867002925028,2.746093122448978,85.37412022413547,85.41827340494713,-0.034687028341076384,-1.5725612466090473,232.3437,116.94313,1.3690645495209348,1.504252519326555,1.0987447741985032,1.6360091463387776,0.125,357517.7901426327,0.923016081782961,0.7065390044107493,0.625,0.5975468497188412,0.9274155608327611,0.9953466377754167,0.00018151462354593927,0.017086574037813752,0.011260205569127347,0.003095877601989962,5,49,0,2022-07-12 01:10:18.055
N551,-0.0007463260869565218,0.03010375477379232,0.030113004733979893,-0.32367026325354353,1.1193913979716488,0.168448,0.092123,3.0592430351544175,4.02456913785784,1.3155441040841325,4.720957376499852,0.6444444444444445,0.041712480488999996,-0.23937464959726773,-0.22629028948899416,3.4375,2.8088934269325803,1.8142821439731267,0.008828784270053486,0.626045143738731,-0.0002908478260869567,0.04145101781829362,0.04145203819633522,0.656484233734789,-0.5304720298458436,0.169004,0.092785,2.2383700304561414,2.739211104429411,1.2237525820836723,3.1928590151917966,0.6444444444444445,0.07904048764899999,-0.26722622215904085,-0.3897287324391026,3.4375,3.1965534863083196,1.6970003451167948,0.013992747377901904,0.7726108320671866,8.504783413043478,83.21924823361582,83.65270239191887,-0.14706577674580518,-1.524358208418385,230.58429,116.41265,1.3916185212355536,1.535367309971468,1.1032961163870443,1.672257327454311,0.13333333333333333,321897.6324036636,0.9192805815998527,0.6955999652108387,0.625,0.6081553052422339,0.9091701391136282,0.9954239642071577,0.00017300250117218853,-0.31613983575428867,0.00040955153053696806,0.04280615917720748,6,46,0,2022-07-12 01:10:26.247
N552,-0.0010074888888888889,0.03879370204019217,0.03880678229181652,-0.03121000474346412,-0.7549456957898633,0.162931,0.088498,2.280477658119628,2.73937295316237,1.2012277092076948,3.176239266310233,0.6818181818181818,0.06776848583299999,-0.4442226785315891,-0.13721954813904022,3.75,3.314065097379726,1.34833349534349,0.040272798474330296,0.8623046462729208,0.0006258222222222213,0.04091964044171828,0.04092442580334309,0.15350477586045735,-0.1027173508584025,0.19535599999999997,0.0991,2.4215367242099357,3.0919793660038266,1.2768666009030414,3.7210838621969486,0.6363636363636364,0.07536638823,-0.23689479653767712,-0.2730245290621656,3.4375,3.1012912866837765,1.7220202744424304,0.057036942794031084,0.7779855628495222,-4.238081511111112,86.85608185155105,86.95941748596385,0.08610485641461983,-1.6117661878914031,231.84111000000001,116.70674,1.3420828171812176,1.4591331988310356,1.087215468487749,1.5678185113628271,0.11363636363636363,340287.31302741705,0.9326904099096848,0.7365044099263769,0.625,0.5965123418346493,0.933706003096964,0.9951961736439364,0.00017927904285218547,-0.40809972233715397,-0.0830657409557922,0.05652001093135206,-1,45,0,2022-07-12 01:10:34.272
N553,0.0014583548387096777,0.025830284601916893,0.02587142055341401,-0.10573084497259394,-1.128205674528756,0.095583,0.050206,1.940596957030053,2.280896949837109,1.1753584079240549,2.650409990913953,0.6333333333333333,0.020749242445000003,-0.23789677915402196,-0.11454874957224462,3.5483870967741935,2.9914450819767526,2.1136207699826697,0.07237459800690678,0.637516127196124,0.00018529032258064512,0.040552051879348724,0.04055247519115242,0.41564242039709415,-0.6858739024258136,0.15246300000000002,0.091758,2.2626978887843427,2.7429379784113417,1.2122422493994605,3.2214645154752084,0.6666666666666666,0.050979600568,-0.2994932034244768,-0.27447987538781654,3.5483870967741935,2.8857451241632512,1.9328065315723013,0.047052422613637325,0.6268214937573726,-1.3333980322580605,88.95591864886846,88.96591152220346,0.056843500116366324,-1.6542036056348537,232.59702,117.157,1.3168751715735618,1.420889036122344,1.0789853638325444,1.5146887791038661,0.1,245362.93580227255,0.9399639153656688,0.7731828600723395,0.6451612903225806,0.6057432373232107,0.9019644798518438,0.9945368418594188,0.00014698006143062792,-0.377613225461011,0.037870358940215565,-0.09127421219892509,-5,31,0,2022-07-12 01:10:42.242
N554,0.003932705882352942,0.047693529712560655,0.04785539626834157,0.44460529030557294,-0.40437899249372844,0.17517,0.10891,2.275814401145158,2.805793227191858,1.2328743617142164,3.278569823376166,0.6875,0.038932362184,-0.418384336168598,-0.1835750535861972,3.529411764705882,3.3080066126213863,1.401148652074633,0.022612587490089504,0.7573662753813872,-0.005044764705882353,0.05262028135562025,0.052861551820603536,0.505222034574089,-1.2473516042339172,0.159195,0.087547,1.6561564499110546,1.8144832017243877,1.0955989102489903,1.934041340793793,0.75,0.047503842235,-0.2921982165536625,-0.20903802747053954,3.529411764705882,2.523694673190131,1.6879548703008331,0.1038841145766914,0.49237580572859035,2.8376021764705883,86.69005176735241,86.73648056924002,-0.03151277579320398,-1.5939198201414184,231.26056,116.69756,1.3454265060575366,1.4770963500238161,1.0978647613774966,1.6178579161753273,0.125,127894.69004614858,0.9217452133692486,0.6664396592916133,0.588235294117647,0.5160009274349054,0.9530943303880364,0.8611833433481257,7.524480872195263e-05,0.07703007319161854,0.14179281900812923,-0.20954173212124869,-2,17,0,2022-07-12 01:10:50.426
N556,6.938893903907229e-19,0.03381703703283302,0.03381703703283302,0.23188577086490422,-0.4920489805221595,0.15317799999999998,0.083436,2.4672770686264394,2.9478268980195197,1.1947693007419746,3.342366452919377,0.6326530612244898,0.057179599684,-0.34840847408283104,-0.17092307247967267,3.75,3.156591473411471,1.8199275306190763,0.026211654092591876,0.7708578231473843,-5.999999999894978e-08,0.04580465372313604,0.04580465372317533,0.21671564451891143,-0.7039095976454832,0.18481999999999998,0.094314,2.0590484226776473,2.5093507998665427,1.2186944086547071,2.937046047718963,0.6938775510204082,0.104903315135,-0.3735808048638305,-0.23380430378885136,3.4375,3.0597750852778183,1.7172801200115875,0.05477112913471636,0.717578644054162,0.5612443399999996,85.98325366584709,85.98508537051404,-0.0003623756099182976,-1.5842392558727982,232.93176,117.02908,1.3610392953116905,1.491553878555409,1.0958933248241223,1.6119058772831762,0.12244897959183673,369671.7453087294,0.9279344084629169,0.727856540509704,0.625,0.5989883316491854,0.9231648736527281,0.9954601867716919,0.00016449727940546604,-0.21280218655312097,-0.004922073527421198,0.036424014845994945,-5,50,0,2022-07-12 01:11:00.537
N557,5.999999999922734e-08,0.03652649098142881,0.03652649098147809,-0.07215331211689649,-0.6460421046395664,0.155767,0.078508,2.1493441579102126,2.627740353493802,1.222577754159543,3.0587396426304174,0.7142857142857143,0.066709227171,-0.3806588299651244,-0.25178993949519246,3.75,3.263663810466036,1.6422324631127156,0.02468416365935718,0.8244150446696602,1.9999999999187335e-08,0.03953364774896949,0.03953364774897454,0.25435080197930937,-0.5961623493022494,0.16597299999999998,0.089719,2.2694338900798043,2.781275594251636,1.2255371731290363,3.251464216320001,0.6122448979591837,0.078145465217,-0.21999802139466698,-0.2942591712846554,1.875,2.4007750624644704,2.32328586450579,0.12016917203844947,0.3456175996997132,0.49331270000000044,86.08325167867935,86.08466516746657,0.0020842628354455213,-1.587168373119889,232.91233,117.05567,1.359773773555178,1.490365447624311,1.0960392652137245,1.6156765322182238,0.12244897959183673,370528.47884974163,0.9243037269864602,0.7030403252591555,0.625,0.5969005583102686,0.932672972786368,0.9951032259845343,0.00017675738445952548,-0.40724770256272913,0.005427932739277122,-0.018906766668843847,6,50,0,2022-07-12 01:11:07.348
N558,0.00013506666666666681,0.029185394200524347,0.02918570673539437,-0.012372993119940221,-0.9543435949783001,0.11319199999999999,0.057446,1.9682922370467575,2.2886609438412338,1.1627648073617158,2.568386969452742,0.6363636363636364,0.03833124649399999,-0.2534200543248137,-0.19488212117214782,3.75,2.991433990944578,1.9073489422902437,0.046346725477691426,0.6908831100449089,0.0005713777777777777,0.0443206146193288,0.044324297544349196,0.009941218726467766,-0.6704066770936361,0.187068,0.098854,2.2302440304009434,2.7694678254806253,1.2417779344903088,3.366500213177353,0.6136363636363636,0.088408950876,-0.2572491987381969,-0.3274518713985544,3.75,2.8950590382599484,2.081986940908472,0.0918592064441485,0.608790975322636,11.71293406666667,83.05822101860056,83.88003876504101,-0.1919037687757238,-1.4875626137945834,232.69036,116.96519,1.3944341433560237,1.5428977017483954,1.106468676989693,1.6869881643505262,0.13636363636363635,316613.74064511515,0.920465629948328,0.7052221355160245,0.625,0.5983213495754887,0.9277126052361244,0.9954550491423048,0.0001671303835350907,-0.334079443207863,0.06925181405064801,-0.011905871127469297,-1,45,0,2022-07-12 01:11:14.704
N559,0.0005703999999999999,0.043997011041357496,0.04400070836626762,0.04399066803835988,-1.122783732074107,0.15461999999999998,0.079386,1.8041982265190053,2.0837642463790185,1.1549530510288795,2.3407988361785144,0.7241379310344828,0.058081870102,-0.4921898838754977,-0.24386800735075082,3.6666666666666665,3.2590972138221384,1.4528669301169748,0.004293446676663571,0.8385985575463893,0.0042613666666666645,0.05320676925635393,0.05337714436504323,-0.04805955792358526,-0.5887803533647151,0.222921,0.127148,2.38206823374518,2.867877090981816,1.2039441399513684,3.3147868171145025,0.6896551724137931,0.085473586217,-0.40797090954627385,-0.2872870831646002,3.6666666666666665,3.307442674845462,1.6577126859939098,0.01057337834334062,0.7871979623864828,9.3519383,84.73279534137103,85.24731876328823,-0.19965250820050673,-1.5202339128949685,230.31094000000002,115.49176,1.3547846627375282,1.4948598489073808,1.1033929524171109,1.6341440864416141,0.13793103448275862,218013.16068989024,0.9255002661718854,0.720566495340504,0.6666666666666666,0.5887930655746275,0.959388833654548,0.9952227271017796,0.00011262115681673639,-0.15634428550118334,-0.02660818221021898,-0.08909639897620557,6,30,0,2022-07-12 01:11:22.827
N560,-0.000885842105263158,0.03921387184908067,0.03922387616785953,0.08790405642609994,-1.1811648252062328,0.127441,0.065576,1.6718388493622076,1.908144590565133,1.1413448080196689,2.0969447740684943,0.5555555555555556,0.029231736771,-0.2921217232399435,-0.1265243516282717,3.6842105263157894,2.681332345851624,1.6917962459711806,0.017455393700381735,0.5870007614732459,-0.0006117368421052624,0.03397348341968468,0.03397899053285102,0.1737757445117192,-0.6657399210263213,0.127441,0.065038,1.9140651025851108,2.338677290233447,1.221837902522156,2.695115953887944,0.4444444444444444,0.021936864155000003,-0.07400200039582334,-0.23287777565287962,3.6842105263157894,2.8973971487109464,1.6332662305972683,0.029391818202479165,0.7091007673684445,12.929510157894736,85.79150324764441,86.7603265462601,-0.23047497968572628,-1.5727584280540299,229.62763,115.83973,1.3351693638247768,1.4473368650598202,1.084009942314527,1.5486959863430827,0.1111111111111111,143019.73098586002,0.9331294787761553,0.7286485068448515,0.5263157894736842,0.5128276294851382,0.9873537294991945,0.8073462078400054,0.0001469901626538146,-0.24844533568131694,0.04555768582043532,-0.11573660982194305,-5,19,0,2022-07-12 01:11:30.788
N562,3.9999999998791e-08,0.061403473844713376,0.06140347384472641,0.10385349588025526,-0.998197934139494,0.235512,0.126291,2.056740312760764,2.4224882780040806,1.1778289475701347,2.780179713139449,0.5918367346938775,0.18851933001,-0.17875980267025088,-0.17802923269395796,3.4375,3.000954228963926,1.6857717650083932,0.06101774709286059,0.7434649974504293,-1.9999999999326113e-08,0.04458868654871547,0.044588686548719954,-0.33649714535336994,-0.17529799240777422,0.192143,0.107875,2.419335673459008,3.091376356695112,1.2777790162021065,3.786814827778872,0.6326530612244898,0.09940754840699999,-0.20187929000532803,-0.29194565050625126,3.4375,2.927579648202195,2.014449579410142,0.03775390607439743,0.6097368517958095,0.8952432000000001,87.65212727193294,87.65669897778649,5.380708965734305e-06,-1.5150423660946288,247.96024,125.47757,1.4314658373320432,1.5872884574279484,1.1088552838860104,1.7341491014930446,0.12244897959183673,384184.8437841138,0.9243794428024501,0.7122223758020911,0.625,0.6015967580281458,0.9351973375405321,0.9949995981320516,0.0010917249133408128,0.6605125845352968,-0.04857113546632909,0.02867031864101852,0,50,0,2022-07-12 01:11:47.790
N563,4.0000000001150225e-08,0.060278623243056904,0.06027862324307018,0.07347188140898754,-0.5438066423480272,0.263158,0.133575,2.2159597020218307,2.6882791632251863,1.2131444271177014,3.120153742111646,0.4897959183673469,0.181675621004,0.044919587708826,0.01270550330761887,3.4375,2.4386703390687723,2.1538005276835714,0.1465025719318334,0.49683287870628473,2.7755575615628914e-19,0.05086989533034249,0.05086989533034249,-0.5182764079200358,-0.08913838095377313,0.22221799999999997,0.127375,2.503936742406158,3.149640761680191,1.257875531892848,3.697282912431808,0.42857142857142855,0.129387312546,0.028692669370223457,-0.3287426778935579,1.875,2.597098129347734,2.072756828916327,0.033795993949466294,0.44849219914487176,-0.07780296000000049,82.51162499039427,82.51166167188757,0.012227278497699947,-1.5550166248025032,225.90294,113.33419,1.3735536008313591,1.5206379027068322,1.1070830448745856,1.670080206195986,0.12244897959183673,340408.715592802,0.9292628563074476,0.7372236190127083,0.625,0.5963867785275763,0.9295146832211383,0.9952634497331431,0.0009306896076832532,0.219280962127644,-0.05590077619791282,0.02521753630087444,-24,50,0,2022-07-12 01:11:55.696
N564,0.0002851363636363643,0.0637847066917622,0.06378534401020347,0.14480270962726624,-0.3464438053414822,0.301429,0.167657,2.6284564675731876,3.1465248743635,1.1970998619081703,3.5263027502665767,0.3488372093023256,0.179017084862,0.48333368979141655,-0.05558805045740598,1.5625,1.8290613481013294,1.8238260388848486,0.046295705497635294,0.1639286982261015,-0.0024779090909090914,0.12540487122041918,0.12542934967252573,0.2411486242596525,-1.1523103754360895,0.44701199999999996,0.254224,2.026830248771398,2.3043684268208375,1.1369321275018835,2.5330913316613524,0.37209302325581395,0.692230957408,0.40120816732349407,-0.6117283702273778,1.875,1.7907510003198943,1.1483482227945037,0.010817560184268585,0.01981462131659923,21.626496818181813,131.91516595866483,133.67616232720368,-0.22326148434094115,-1.2892427277343033,405.39459999999997,205.93586,1.5405578407908194,1.7487622222729784,1.1351486948229614,1.948389448119821,0.13953488372093023,786249.9204792721,0.9240475313110339,0.7180649533642692,0.625,0.5939538372908695,0.9084261265346428,0.9982532451943579,0.00017924582443953728,0.2828475492207945,0.05314546863423066,0.07212268465028876,0,44,0,2022-07-12 01:12:03.184
N565,-0.0018693000000000004,0.05913441885802775,0.05916395673183688,-0.25411768948963726,1.3782173528687638,0.308389,0.159843,2.7016955732777497,3.7423586749963897,1.38518888360767,4.667721991924144,0.4827586206896552,0.105011213285,0.0077710075821778015,-0.38722383992936754,3.333333333333333,2.5594196316923137,1.975417086855245,0.034094383408394484,0.43656960269808737,0.0018918999999999995,0.14753473972827552,0.1475468695442231,0.29166287497468785,-1.3374006102579767,0.46604,0.259264,1.7571636782323785,1.9749229434424294,1.1239265686558613,2.160661662294058,0.3793103448275862,0.6531023613689998,0.344804720401639,-0.6158506656969538,1.6666666666666665,1.8880959572400502,1.1528542918388713,0.003541160859805676,0.05316019138171777,-21.088987200000002,145.20825429595556,146.7316683500895,0.1675259875194045,-1.3427680224915761,453.56994,227.65484,1.551504474527166,1.7553044925770718,1.1313563843327075,1.9650915618631566,0.13793103448275862,645905.4749040199,0.9158302182086134,0.6857276029292892,0.6666666666666666,0.5670749518731275,0.9846055768975868,0.9985511070408551,0.0003147677794134848,0.4493084703653999,0.047913975042843525,0.007692934630858359,-2,30,0,2022-07-12 01:12:11.247
N566,-0.0072572222222222205,0.07297078221799581,0.07333077343031975,0.1535375432076119,-1.339431750570972,0.22899599999999998,0.116295,1.585896269190528,1.7930802320979788,1.1306415601905675,2.0108308078807795,0.5882352941176471,0.096793241974,-0.3222839750249337,-0.29589806796505874,3.3333333333333335,3.1062293465520563,1.4906841273068177,0.02518485238248141,0.7472709603169356,-0.0029272777777777765,0.04969494046324094,0.04978108137468825,-0.19892287401732728,-0.08025232098798973,0.2084,0.11889,2.388256677374047,3.0648115659751807,1.2832839933038624,3.7064262286313356,0.5294117647058824,0.044606809131,-0.15121135498388924,-0.44944653270096496,3.3333333333333335,2.7224647927110066,1.7631773585491304,0.0679621116489138,0.5355181257290467,-5.318960111111112,83.52866392524736,83.69784366278805,0.14630704142685075,-1.5539312102991978,223.85493000000002,112.54908,1.3447070447053726,1.4779391108329307,1.0990788786688848,1.604927789243759,0.11764705882352941,126095.92260840918,0.925892011853763,0.7223827230664833,0.5555555555555556,0.6238143535129426,0.8274863125264219,0.7928848016600546,0.0010175241223610893,0.752878400914334,-0.1293403836045429,0.03329354985254139,0,18,0,2022-07-12 01:12:19.195
N568,4.000000000210432e-08,0.0698794448194775,0.06987944481948895,-0.6538087678426378,0.5260843469008263,0.35146299999999997,0.211745,3.030147141938163,3.9911764173675968,1.317155976397481,4.932560530559178,0.46938775510204084,0.244156840414,0.06324131115457818,-0.37452867674797125,3.4375,2.4528119486342903,2.030416943688183,0.03698062923873529,0.4428753593644344,4.000000000226045e-08,0.14244304888367984,0.14244304888368545,0.4684899423738867,-1.259632938875039,0.460364,0.272816,1.915263694073082,2.1417073996361196,1.1182310854968867,2.33408260115626,0.3673469387755102,1.0145011087640001,0.32408975498889653,-0.5846301758568512,1.875,1.9441911439691817,1.2693208635776274,0.00641067439419947,0.08448381132823493,0.6517340600000017,159.07296682576066,159.07430192219772,0.008716287971172609,-1.4317204814884126,481.15402,240.99031,1.5149543772184328,1.6973616184791787,1.1204044451791737,1.875128188721806,0.12244897959183673,1265231.6766017256,0.9275074512107342,0.7185620668555117,0.625,0.5971843825435963,0.9008372243782095,0.9984097170393706,0.0005577612818944373,0.40704498916104465,0.04410889697046284,-0.007240039928215984,-2,50,0,2022-07-12 01:12:29.385
N569,-2.0000000000297557e-08,0.04855763641673264,0.048557636416736764,0.058039104578912606,-0.13008362141772256,0.21406599999999998,0.126744,2.6101764697161842,3.2610658928590723,1.2493660603773897,3.775983612639618,0.42857142857142855,0.117892202719,0.3642018539135373,-0.22347806581727003,1.25,1.7176889089278424,1.860422638981792,0.07560261953174689,0.11803617887365697,0.0,0.04156228364996322,0.04156228364996322,-0.005383523127191131,-0.5609150325113874,0.179586,0.095011,2.2859908468981365,2.7487568378259217,1.202435627227341,3.11308413900948,0.42857142857142855,0.08637117111,0.14994031436884583,-0.5927362721712657,1.875,2.301982231627491,2.0927055897693188,0.02282211622295023,0.1859462205086034,0.5640078399999993,82.75793894490118,82.75986082184752,-0.0009512731270801088,-1.5627532312976822,223.457,112.36442,1.3577163963806143,1.500967541241133,1.1055088862758056,1.6403031438762026,0.12244897959183673,342459.72816257866,0.9242962521888032,0.7167241390842313,0.625,0.6047344166975375,0.9162977105554672,0.9952537457932497,0.0009464059674241103,0.18135014442279312,-0.015006099514315618,-0.06666763024264002,9,50,0,2022-07-12 01:12:36.055
N570,0.003421613636363638,0.11556603023266432,0.1156166717373132,0.4833797053646173,-0.41557294316583127,0.49502500000000005,0.300395,2.598197954379039,3.142388645977789,1.209449280291197,3.600797511642132,0.2558139534883721,0.588157450479,0.6169231220045633,0.33707640521177784,0.9375,1.3952357448202168,1.7914051789361987,0.5368955386006171,0.16770676601272233,-0.006356227272727274,0.12261602279323108,0.12278066081746232,0.5012168226795112,-0.2715933814643998,0.537044,0.337095,2.745505666410757,3.2405714977367395,1.1803186339706924,3.6599907893270838,0.3488372093023256,0.663303989514,0.5438248888286598,-0.18718073501531268,1.875,1.5118841944384571,1.8064513309066164,0.3037848237870841,0.05956926713514788,-15.904249568181818,121.39593391448963,122.43332032293394,0.18648301427531244,-1.3521112215292659,367.24644,184.48236,1.5067986354809588,1.6966540573436186,1.1259991994896248,1.8818936225828586,0.11627906976744186,659556.3887131185,0.924694195168812,0.7177083662552224,0.625,0.6026544824531751,0.8840511243341553,0.998054096634375,0.00016868985761384086,0.03074060544863688,0.06413481864459164,-0.035840846757508545,-5,44,0,2022-07-12 01:12:43.312
N571,-0.00744752380952381,0.050882038091966106,0.05142419091522699,-0.21762630336538005,0.1520270850013028,0.230721,0.136219,2.64892840462104,3.371169338682078,1.2726540033324771,4.088432841321673,0.4878048780487805,0.111066791274,0.17708369282931313,0.010235147523001677,3.75,2.633897413213543,1.8727353728363547,0.013825309999728454,0.5064231434459069,-0.002478547619047619,0.052296950166562516,0.05235565103237481,-0.16956877014224173,-0.8587607481464099,0.21010299999999998,0.124843,2.384518147292289,2.7417233086999966,1.1498018213085641,3.0128028672412315,0.4878048780487805,0.115126796191,0.003853659251276282,-0.48222351526079804,1.875,2.3825127205475045,2.199499444404289,0.06439482549570964,0.31058156324829955,11.151783309523811,80.94801111832761,81.71256191673021,-0.1752001932345581,-1.516297683173452,220.84608,111.2497,1.3614760985388004,1.5095236140394166,1.1087404440368125,1.6612235759782146,0.12195121951219512,280431.5965498096,0.9254433003081386,0.7219620188355025,0.625,0.6003640244111863,0.9288221763374245,0.995274168160342,0.001067118713651586,0.08602147523772173,-0.09695758203034023,0.04016827435613969,9,42,0,2022-07-12 01:12:51.468
N572,0.004753699999999999,0.06651827185024678,0.06668791609904551,0.5927210336273077,0.3694294215292797,0.29470799999999997,0.186993,2.8040012484762045,3.57761515281963,1.275896419362807,4.201533446423209,0.41379310344827586,0.13341834460899998,0.2822265876490147,-0.4588618920656662,1.6666666666666665,2.0587381481824725,1.853465596636483,0.018549289874879915,0.16414808378326373,-0.0088328,0.17203830509964926,0.17226490291815105,0.006009806234694005,-1.2830215057431122,0.5875090000000001,0.31244,1.8137182601173898,2.1001084872326974,1.1579022681818132,2.415775716068073,0.3448275862068966,0.8902559033220002,0.39208516140974764,-0.6125712852281394,1.6666666666666665,1.9062286836921667,1.2673787796262495,0.011092334169096517,0.07417777951224422,23.5315868,152.35853292228325,154.1650353729937,-0.15383663363053077,-1.3289864914962455,482.14835,242.23748,1.5712867668983432,1.7738040937305406,1.1288862931315577,1.9526660648253618,0.13793103448275862,713005.743946692,0.9142499075108372,0.6752678984901722,0.6666666666666666,0.5700919938993845,0.9838752934113344,0.9981922023339174,0.0003487540825077679,0.43633234908787655,0.12179205569093302,0.09199703050016027,-2,30,0,2022-07-12 01:12:59.519
N573,0.0060002999999999975,0.08684134795194048,0.08704839639074347,-0.3029127902302224,-0.769443724416214,0.322898,0.167167,1.9203914940560143,2.3450054989451004,1.2211080429190346,2.8096183558305,0.5789473684210527,0.151548466284,-0.21009300537249243,-0.23657946240881822,3.5,2.833846737673979,1.6214188593040908,0.11389743986168192,0.5632299142620918,-0.014789449999999999,0.09483291476458741,0.09597921417708107,0.9986780263451799,-0.41382193535958,0.29615,0.176731,1.841346603171103,2.069555065158471,1.123935635797386,2.208622888892567,0.3157894736842105,0.18424019108099998,0.2040353245304271,-0.4343639694447583,2.0,2.236076834593369,1.4972612647742416,0.0231724326954736,0.23474854739214568,-22.67154665,117.54257948748432,119.70905153777927,0.2756237134938119,-1.4108095942180434,344.45480999999995,173.25892,1.4473334954568642,1.5937877039164372,1.1011889857584918,1.7321036028300114,0.10526315789473684,286605.1404014939,0.9333906351984915,0.7418663333574358,0.5,0.4969336090581502,1.0117535991007711,0.9956500375194902,0.0006405816500971475,0.4016435132429046,-0.05156010448410561,0.1492444746419519,4,20,0,2022-07-12 01:13:07.457
N575,-4.000000000142778e-08,0.07405576580225473,0.07405576580226553,-0.32802784226263465,-0.9514179481832046,0.282333,0.15975,2.1571581668137028,2.5325562282969045,1.1740243563306696,2.8456670480653705,0.7142857142857143,0.274212822428,-0.35358637357121125,-0.24872147026173339,3.4375,3.080637559770503,1.7669590174371608,0.024918636407749724,0.7482518712723524,-2.000000000002e-08,0.1107480673276947,0.11074806732769653,0.6268769577178319,-1.1172429388204388,0.34443599999999996,0.217887,1.9674113080031108,2.2179254492355898,1.1273318599997,2.42506110199754,0.3673469387755102,0.6132567208410001,0.3072174844222543,-0.5709879477673976,1.875,1.9884536293435167,1.2875985513021528,0.006890891521583798,0.1170781314862853,0.10174950000000138,121.75380131506174,121.75384383101948,-0.0032298467682448776,-1.4443044341040108,364.88811,184.29448,1.5136645727241254,1.6836253977833735,1.112284338367893,1.8303884436451214,0.12244897959183673,741199.924381414,0.9288647001595615,0.7362239750444195,0.625,0.5966275610956389,0.9102376447739698,0.9977736002912645,0.0008703633978327503,0.3950809829846223,0.0012690232060888968,-0.02295028401286441,-7,50,0,2022-07-12 01:13:24.740
N576,-1.999999999946489e-08,0.09572787963085572,0.0957278796308578,0.32099814584974307,0.10631716421989479,0.47414599999999996,0.262679,2.7440177408392703,3.506956932941676,1.2780372665772408,4.257283201649391,0.3673469387755102,0.45819134693099994,0.29463862303182353,-0.26487812025228014,1.875,2.0876809349375014,1.9290483364241078,0.07525277852251698,0.2598162403857473,-1.9999999997244443e-08,0.1760304514936538,0.17603045149365493,-0.04158025756520521,-1.2452824515794063,0.591198,0.307006,1.7440505173678211,1.9886721746411293,1.1402606488959388,2.2163446521248495,0.3673469387755102,1.5493359926530001,0.3499966379307515,-0.5955907358864981,1.875,1.871036652269638,1.164240460445062,0.00667252933493406,0.054186544034296416,0.9824183000000007,181.42395258345982,181.42661248207676,0.0041671027324392635,-1.4645970239520036,528.8117500000001,265.03816,1.4608560253319136,1.6304326746517792,1.1160803298746274,1.7855031074614485,0.10204081632653061,1645780.7858360824,0.9319347989249691,0.7453585016080995,0.625,0.5971139652840527,0.8840062152833684,0.9994219054298299,6.232434614875278e-05,0.540535853055998,-0.027305869891894013,0.00018814550381098842,-2,50,0,2022-07-12 01:13:32.840
N577,-0.0011537551020408157,0.07027341159561676,0.07028288218423066,-0.16356782867561692,-0.4496837332256156,0.298773,0.158471,2.254759552754313,2.7419277268396858,1.2160621399697675,3.1443729231563107,0.6875,0.242044492878,-0.3059954774201253,-0.3016478733862578,3.4375,3.0837508592045104,1.6668508795238195,0.014887935916163837,0.7446996207197751,-0.002743755102040816,0.10074673697587909,0.10078409201529248,0.6726870808139187,-0.8262922694818777,0.337272,0.191995,1.905012945603237,2.20955398634306,1.159862977016877,2.445693095255522,0.3541666666666667,0.4977142269640001,0.1989586383403963,-0.5309814365709854,1.875,2.1802606216821077,1.463555017200196,0.0029222140854043167,0.21775532433084116,-2.700562530612245,107.50925619173081,107.54316902937607,0.0512938594234284,-1.405683736998979,328.46133,165.01727,1.5344281881346133,1.7167404000166893,1.1188144308686812,1.8811285006114598,0.125,566711.1270391667,0.9259137745263943,0.7172176099900989,0.625,0.5957853477916816,0.9191205894723262,0.9966752328658701,0.0009481554105784689,0.23414360618478477,0.007548914911749688,-0.015146079737573008,-1,49,0,2022-07-12 01:13:39.456
N578,-0.024806057142857142,0.057411820476743966,0.06254164693569056,-0.1571579556264463,-0.6239054781301308,0.216337,0.149044,2.3831160083337246,2.8866242940510487,1.2112814835520227,3.3042447722099477,0.23529411764705882,0.13690101605000002,0.4273144878300877,0.12434027756589737,1.5625,1.7913093560163271,2.009370990701045,0.17529844508901013,0.14584688470576673,-0.0076327428571428555,0.05702580787545375,0.05753435084687606,0.23159490615163023,-0.7254808368191501,0.236466,0.123488,2.1463351577330783,2.5092629684461087,1.169091863125584,2.8108768004004396,0.4117647058823529,0.11585705345799999,0.32431127881924615,-0.2538516763647269,1.875,1.9403958171736289,2.4043815124429377,0.3028313553373376,0.15763261407099197,4.208122485714286,82.09706285364126,82.2048418528343,-0.09397918553846715,-1.565427431376534,222.90543,112.10789,1.3637626138944354,1.4985886429188349,1.0988632681749375,1.6215274379234237,0.11764705882352941,236517.26084173244,0.9269676539024748,0.7235450348270118,0.625,0.596629054952905,0.934405293966093,0.9955929131916782,0.0008939859014864001,0.14107534001612443,0.1576839552202108,-0.23345383548821877,9,35,0,2022-07-12 01:13:47.379
N579,4.954285714285832e-05,0.10372191605947204,0.10372192789156426,-0.09823200974714352,-0.8256925254849645,0.38761199999999996,0.193992,1.8703084674901944,2.259812617530079,1.2082566361700582,2.64211572843753,0.6764705882352942,0.376538341394,-0.3682000175501406,-0.22466535869870416,3.4375,2.8592235138509103,1.650020785453769,0.022989593115940024,0.6463481764531445,0.004923000000000001,0.09769089973819026,0.09781486502908003,0.6701793377571617,-1.101080453350893,0.30563,0.191494,1.9577187980893238,2.2597638173588344,1.154284169700111,2.5144636776627265,0.35294117647058826,0.334871173723,0.16647286056680774,-0.505117402821802,1.875,2.131707481908461,1.4855866675281915,0.005698924469610428,0.19092699860654538,-1.342800714285715,104.61663428219205,104.62525164744984,0.06671142117988323,-1.405445673957402,315.79224,158.69679,1.5168115488481895,1.6958888059734627,1.1180616387456028,1.8496573504321703,0.11764705882352941,383125.5148802272,0.9258203643960242,0.730486657181701,0.625,0.5977320970150385,0.9176236740865236,0.996872642461413,0.0010280121987947123,0.3291422775790322,0.011768691931014003,0.01782291794730556,4,35,0,2022-07-12 01:13:55.330
N580,-0.007458666666666668,0.06256139610059509,0.06300444421229347,0.0615165526269795,-0.42233964763839626,0.24593399999999999,0.135262,2.146864426646392,2.715781759529908,1.2649991894328512,3.2473012462206734,0.7391304347826086,0.095269439772,-0.42125235398920635,-0.12358883851327876,3.7499999999999996,2.9830556682738827,1.5528058290835218,0.13688137727819819,0.753976311403086,-0.011451125,0.06917967591491528,0.07012100843155589,0.6822319695599396,-0.5440585310337696,0.263861,0.133295,1.900928166629368,2.170932758413596,1.1420382929371744,2.3506269852105603,0.34782608695652173,0.11800693976299999,0.039854235662674174,-0.4137145612784663,1.6666666666666665,2.5227045031176343,1.7793270448351797,0.028238218250763683,0.4289967085871337,21.150442208333335,91.12290179110444,93.54530686485192,-0.2940559906232811,-1.3235325334338603,271.817,138.41285,1.4796343572849648,1.6504278856500618,1.1154295502292149,1.8009561345211786,0.13043478260869565,210017.3864745435,0.9283850970061173,0.7277476519322424,0.41666666666666663,0.5553098263096147,0.9751498209637105,0.9858088966262997,0.0007120976222790962,0.4852741864206855,-0.16192312367465606,0.017110767591882656,-3,24,0,2022-07-12 01:14:03.369
N582,-2.000000000071389e-08,0.06023942026629738,0.0602394202663007,-0.05696090476312263,-0.5613087556423206,0.27369299999999996,0.139714,2.3193118290708252,2.8108245130840124,1.211921776904876,3.2752391836685,0.7142857142857143,0.181439387701,-0.429821243054726,-0.22213319832984701,3.75,3.2350551945575434,1.6023450742927992,0.04483797448846534,0.8415830990628281,4.163336342344337e-19,0.05964628345370732,0.05964628345370732,0.45707209125728193,-0.4233510277147303,0.253019,0.135954,2.279337322090095,2.7884430792858512,1.223356917057331,3.2275959277544604,0.5102040816326531,0.177883956492,-0.03403466780864812,-0.44417811137461444,1.875,2.552544662985497,1.8385681907052713,0.01904503593424793,0.40298943189363573,1.2470248800000006,92.60808478849935,92.61648038683626,-0.002483990467706041,-1.4888516249035946,265.95034999999996,136.39332,1.472667925085456,1.6387809143039345,1.1127973159385809,1.7923714931235761,0.10204081632653061,428890.6219622613,0.9301674632581205,0.7440048746036613,0.625,0.6021981110841924,0.9166284037481435,0.9954241561839425,0.0012159251255818976,0.5565576690164858,0.019741413311712,-0.02269331794404945,-3,50,0,2022-07-12 01:14:28.769
N583,1.3877787807814458e-18,0.07838578121037003,0.07838578121037003,0.14430710981681366,-0.7493723229534752,0.32310300000000003,0.162513,2.0732459062167305,2.5335635235947094,1.2220275057568877,2.991901226484282,0.5510204081632653,0.307216534798,-0.07782305069541835,-0.04291370501735303,3.4375,2.8228298158508776,1.8975500852753462,0.09801413787353996,0.6655165387559597,-3.999999999990123e-08,0.05417992979802023,0.054179929798034994,0.06123318588278351,-0.07233390755556579,0.255301,0.139774,2.5798113899562374,3.204632036140667,1.242196250709254,3.7364848972160143,0.5918367346938775,0.146773239646,-0.07705645007031944,-0.4234667198261005,2.8125,2.60600433876078,2.1080878997338206,0.14458444805400517,0.32002933708511405,0.6158112399999988,82.23936867910403,82.24167425472872,0.0004454765601675906,-1.5552236015788838,222.68167,112.10765,1.3631489268174044,1.5090284568200447,1.1070165754692929,1.6501879731410376,0.12244897959183673,338184.6492110455,0.923661826605817,0.7107169261833739,0.625,0.6014470028472702,0.9228914907533643,0.995446487421072,0.0010198695986811943,0.2966720219630255,0.10027216226125539,0.153606010902857,5,50,0,2022-07-12 01:14:35.252
N584,0.003663621621621622,0.07646307831547491,0.07655079665728413,-0.017124505222247604,-0.3799333663596727,0.33352499999999996,0.167701,2.190715280871509,2.742292995657366,1.2517797358707556,3.357934629447652,0.5277777777777778,0.216820905348,0.12763915465039685,-0.498101512903997,3.4375,2.7928226974766988,2.0606986022389817,0.04231266162393331,0.6152546469785352,0.00229708108108108,0.18617323086314116,0.18618740148440097,0.1694707158854135,-1.3581038299665988,0.612724,0.335395,1.8013839675833268,2.009821546279318,1.1157096890207274,2.1790337922617513,0.3611111111111111,1.282632693446,0.3638789520057655,-0.6238032465787228,1.875,1.925769904790893,1.1939782321745531,0.0007287466820837643,0.07798498968266387,-2.854087216216216,162.9722228846476,162.99721238659586,0.05747399140955841,-1.357594847034706,493.8311,250.37578,1.536073999880195,1.744475486937503,1.1356715152222887,1.9429165237853678,0.1388888888888889,983019.3760946383,0.9219165018353683,0.7089669200431383,0.625,0.5977175421928372,0.8918654584221584,0.9991664212075937,6.344435982383347e-05,0.3270618157456964,0.0229534119469876,0.017463194336081605,-2,37,0,2022-07-12 01:14:43.335
N585,-0.0049270799999999995,0.07549299153745068,0.07565360459753388,-0.26152132431427755,-0.5795069154934862,0.287601,0.160112,2.116382964853723,2.5391951941284123,1.1997805861681148,2.853234284264543,0.7083333333333334,0.143086697215,-0.44300126768342235,-0.22635995823120986,3.6,3.2036975584139364,1.4395366241342296,0.014781756646213945,0.8147771969873486,0.00922108,0.09356203171027017,0.09401532903798189,0.4808806514444658,-1.2868877660518858,0.28072,0.175438,1.8660573950565404,2.136970349563807,1.1451793257940268,2.3579334711520894,0.3333333333333333,0.22097205235300002,0.3317575020261716,-0.5748572164792116,1.6,1.9841203102562224,1.312821227087017,0.010249026606883222,0.10805004135934049,28.36710792,100.3658584384801,104.29764307901668,-0.4046037765070119,-1.2216436236775998,304.48858,152.33328,1.4605630146847246,1.6274637324893533,1.1142714940242793,1.7740717770973429,0.125,271949.9587959489,0.9266838769347068,0.7406470586953702,0.4,0.5205589388091709,1.032098506274429,0.9835977182179427,0.0006036763812392303,0.16607029214482685,-0.012327854971842508,-0.014835355200629372,-1,25,0,2022-07-12 01:14:51.439
N587,-7.99999999995249e-08,0.07595339273418666,0.07595339273422878,-0.1838295291334173,-0.6449445055614111,0.33055,0.1677,2.207932969983382,2.5955252340151547,1.1755453038208357,2.8734803971944483,0.3673469387755102,0.28844589339199994,0.39721737741797675,-0.4276493792529722,1.875,1.8679834381415072,1.6171874770306964,0.03911117728010806,0.10495534038732145,-6.000000000061511e-08,0.17296870591900837,0.17296870591901878,0.0503861386950071,-1.3144738056766117,0.570513,0.288593,1.668469440565247,1.9089891491906574,1.1441558968823107,2.1539887989442996,0.3673469387755102,1.4959086613650001,0.39678794516213184,-0.6158575952792817,1.875,1.8368676214617656,1.0471679141044756,0.0018986396837819756,0.03296816777194016,0.6969741000000039,181.45284783067027,181.45418639082553,0.0001522022627544764,-1.457224327505745,525.01709,263.41716,1.4517006481880685,1.623449453054149,1.1183086920023406,1.781920296776611,0.12244897959183673,1646281.0879378226,0.9302312305948643,0.7319605184385622,0.625,0.5924254334304266,0.9025705388831355,0.9994501938666233,4.667596180625599e-05,0.502653967979105,-0.022305244067263974,0.020820902139456397,-2,50,0,2022-07-12 01:15:17.019
N588,7.999999999785956e-08,0.07547686914117199,0.07547686914121439,-0.1508894007972764,-0.8180975895435902,0.287374,0.159412,2.1120642895473862,2.5353845605749066,1.2004296332846183,2.9174519924619973,0.6326530612244898,0.28483788876800004,-0.3446684991459906,-0.2711536318224983,3.75,3.1142083559657947,1.6985298489093354,0.01628911373365351,0.7445898973894142,-2.0000000000575113e-08,0.10124274006910125,0.10124274006910322,0.728335984928473,-0.7610700727634745,0.36769799999999997,0.232562,2.2970733490743616,2.6585168173520004,1.1573495545639791,2.9173428150138947,0.3469387755102041,0.5125046208349999,0.18280725370522863,-0.5182345040531607,1.875,2.208864913266794,1.5342513707926226,0.00862526138382338,0.23248313339217835,0.24152307999999903,115.37506028502999,115.37531308374629,-0.009622619381489016,-1.4373451770813912,346.16724999999997,174.58131,1.5131600108705965,1.6908741118167314,1.1174456763788565,1.8591091414914678,0.12244897959183673,665573.1434586239,0.931588378997696,0.7459793198167752,0.625,0.6006981836912081,0.8908766145866845,0.9975329355245066,0.000564139885675632,0.40173549165771827,0.022471010748753965,0.031676672945608386,4,50,0,2022-07-12 01:15:23.633
N589,0.0008457857142857143,0.06384917364440303,0.0638547752994842,-0.08876575963918348,-0.9259530057793213,0.23874800000000002,0.121254,1.8989026181880473,2.201936775692631,1.1595838325789143,2.4292331007308707,0.6829268292682927,0.171252157799,-0.31243268982574013,-0.11430971900752308,3.4375,3.1957958104182294,1.5754203304667374,0.030812488471319757,0.820629960974446,-0.0011207142857142856,0.03998604921677042,0.040001751617600334,-0.27984044118730245,-0.4806497304897839,0.177894,0.106129,2.6531088191974175,3.0477196552304138,1.1487352622620164,3.3000357962843574,0.5609756097560976,0.067205885564,-0.10595854581999348,-0.41475246894494716,3.4375,2.5361230123270175,2.3614982659117776,0.09479891768585598,0.3962220496751969,-14.290774238095237,82.45092882390284,83.6802359715154,0.300752203471684,-1.4135977955594665,227.02148,114.13158,1.3639012686203489,1.5167723987856176,1.1120837216611033,1.6749474697891416,0.12195121951219512,294100.039474437,0.9258627326956833,0.7355604048280765,0.625,0.6075853153556194,0.9002409019884834,0.9956202261249387,0.0008233629424733253,0.34668501047176686,0.030879630310135936,0.04941476477460216,-8,42,0,2022-07-12 01:15:31.236
N590,0.0011933793103448276,0.07115336225240267,0.071163369186682,0.8814735040033249,0.9546324690994017,0.33488799999999996,0.213772,3.0039612014323622,3.9562750163372,1.317019345806048,4.8369962505356945,0.5357142857142857,0.14686252830600002,0.2656042044362809,-0.459213519085009,1.7241379310344827,2.017424124497202,1.807952417691224,0.015389508214397688,0.20867752700653364,-0.010970689655172415,0.18851006387643285,0.18882902376013835,-0.04583942246930509,-1.3906173220151867,0.574919,0.308312,1.6327574747811855,1.8044948047135791,1.1051823878224223,1.9283577226716864,0.35714285714285715,1.034035606212,0.4138010851480113,-0.6468440824245106,1.7241379310344827,1.8437814319562669,1.1347009750072767,0.005268486195512194,0.04039931154507098,-1.7509216551724165,180.10059759019413,180.1091085397615,0.02230292213624406,-1.5433192418335824,501.67422999999997,251.04573,1.393853603714763,1.5381741437266339,1.1035406728706958,1.6713382368303102,0.10714285714285714,940739.4383906401,0.9433540194697595,0.7742689657295114,0.689655172413793,0.5991466725264178,0.8684353576362474,0.9326137906079544,4.591414936905668e-05,0.4813389374492045,-0.015272368590158885,-0.03137853203798473,-2,29,0,2022-07-12 01:15:39.216
N591,-0.006099722222222224,0.10348171501811085,0.10366133297559789,0.03474763529755284,-0.9727994740907819,0.370821,0.188863,1.8219233206701941,2.1540755309731994,1.1823085563122508,2.466899338412485,0.7058823529411765,0.19342209517700001,-0.44895326325109897,-0.25417355693226906,3.3333333333333335,3.1970277264335243,1.3712330114718851,0.007834696246770854,0.7925241419963948,0.001178611111111111,0.08835853167140423,0.08836639204628521,0.44910518244736797,-1.139416194420329,0.268698,0.151308,1.712279934669583,1.9472955301227133,1.1372530219473027,2.136226962432332,0.35294117647058826,0.14055514637900002,0.2636349194500879,-0.5423184253943345,1.6666666666666667,2.078201596106026,1.3171076371230357,0.0008032059161211836,0.14342654355492854,4.38848527777778,99.51574721434935,99.61246280794161,-0.11163057832541591,-1.3816083505762393,297.68029,150.03635,1.5062005874634228,1.680152008556611,1.1154902092995052,1.817956391997346,0.11764705882352941,178607.5694399439,0.9261972795586454,0.7375312351275736,0.5555555555555556,0.6730669860516396,0.6369029047056665,0.7769637075502176,0.0007174215159571898,0.07766640132529619,-0.04051168598511423,-0.01579023040264162,-3,18,0,2022-07-12 01:15:47.224
N593,-1.6653345369377347e-18,0.09305263186777685,0.09305263186777685,-0.13426024566942305,-0.747914903416059,0.398432,0.216875,2.3306702416345253,2.72840474719152,1.1706524151087367,3.0750417963786765,0.6326530612244898,0.43293961487599997,-0.417619154418958,-0.223376137398793,3.4375,3.2338995961906076,1.5263886827714728,0.024641634549351494,0.8391609038319561,-6.000000000168956e-08,0.0978391271662641,0.0978391271662825,0.7892164367572927,-0.7732203253665597,0.336885,0.21388,2.1860374902619504,2.568186997826863,1.174813794030184,2.9001054602045246,0.3469387755102041,0.478624740233,0.11200226157631711,-0.4867774616514161,1.875,2.349249983434359,1.627572769477323,0.010233485320858613,0.31698800412555905,-0.3251548999999994,112.3706842754556,112.3711547072607,-0.0010069758255963055,-1.451081353825805,330.42112999999995,165.3644,1.47159117863292,1.6445596266169762,1.1175383832789352,1.8034050027476924,0.12244897959183673,631363.8205121559,0.9283946433687779,0.7237792418816099,0.625,0.5884102194946776,0.9214748246039818,0.9982355169216769,0.00015909723052999315,0.3616285597893929,0.0032787692514454118,0.016810605621599393,-3,50,0,2022-07-12 01:16:04.244
N594,0.0037454130434782596,0.07469229975694662,0.0747861468578762,-0.11330031368606333,-0.14731441762850883,0.345616,0.180497,2.4135084849740553,3.0308621582740125,1.255790968684576,3.5636983754199045,0.4666666666666667,0.25727651704500004,0.2570587461271559,0.22828536469630198,0.9375,1.696930406407634,2.1423730963265126,0.414968838926344,0.2588011213861092,0.002959217391304349,0.056376261425745894,0.05645387338272763,0.05892776301399656,-0.4244880505063815,0.24231199999999997,0.130066,2.30393402979138,2.7954010486311818,1.2133164459072223,3.199653716164104,0.5333333333333333,0.14660383171599997,0.15518192872896464,-0.25575905675042643,3.4375,2.3789406086162015,2.1566886882830336,0.27144168512544053,0.48504659270139666,9.307950847826087,81.48756866019323,82.01744811401566,-0.14673776445205935,-1.5065572196440806,229.07725,115.31164,1.405940353565997,1.5529117953665197,1.1045360433874363,1.6863464476679606,0.13333333333333333,309435.64257622155,0.9218644031711608,0.7068946273296525,0.625,0.594585273617427,0.9308673509609382,0.9961648685747867,0.00017532041714764563,-0.0844197169790352,-0.1844859688034444,0.09682347988061095,5,46,0,2022-07-12 01:16:11.294
N595,-0.0023851428571428543,0.09295547538292355,0.09298607051657944,0.32958842405572086,-0.7226411192571058,0.372024,0.190123,2.044639578205437,2.4660973481959476,1.2061281481993127,2.835667331518782,0.4117647058823529,0.30262432585399995,0.40651697444595025,-0.4241483913934594,1.875,1.8771324386587203,1.70732982348579,0.028373401703349,0.13181426432255625,-0.0136228,0.1903020535944746,0.190789025580913,0.13207853915189274,-1.3678931035669952,0.582831,0.30611,1.6044423890103665,1.7848396787043688,1.1124361279218462,1.9281030248037347,0.35294117647058826,1.2740158298739999,0.40305793640302295,-0.6411374589919526,1.875,1.8782447085126077,1.1343131700716453,0.0012581823242240142,0.057907444853688074,-10.689474914285714,180.81839903960088,181.13408929626547,0.08471222298242789,-1.480151975768627,520.12152,260.98815,1.4408560587020376,1.6021305657271039,1.1119296449156388,1.7537317895706204,0.11764705882352941,1148334.5406815617,0.9307880925360266,0.7240649414033303,0.625,0.5965721150523425,0.8894057644106232,0.9990682887163511,0.00017853808272307232,0.513874567422997,-0.08843974602656891,0.09708266807837759,-2,35,0,2022-07-12 01:16:19.392
N596,-0.0009526363636363645,0.06791279740462997,0.06791947855632902,0.15639737280653163,-1.3414426953156613,0.212783,0.118111,1.7389856711288594,1.9397293201651251,1.1154372070851815,2.129510398036987,0.7619047619047619,0.101487222482,-0.4628635266476653,-0.18662867281780898,3.6363636363636362,3.444372700856467,1.1961487264350399,0.01632097813767741,0.9035598043488225,-0.0010895454545454535,0.09125749195482143,0.091263995897516,0.670484550054081,-1.2557569707324818,0.253904,0.158604,1.737859475034413,1.877671384583594,1.0804506414688175,1.9531734157900322,0.3333333333333333,0.18324057283800002,0.24733557038895987,-0.492551693522045,1.8181818181818181,2.158149745633019,1.3468581284569574,0.003273184030740894,0.16848918696787976,-6.981330772727275,99.24872322610803,99.49395982355323,0.08497119313018377,-1.332024217137507,298.56816000000003,149.78017,1.5054197286511306,1.7077827728007906,1.1344230052910087,1.8889283830595325,0.14285714285714285,217779.05691015813,0.9162183927197397,0.6806078290888108,0.45454545454545453,0.6026574017329857,0.8298823172439613,0.9920320945915749,0.00018177195472269086,0.10405688834342557,-0.0010707439846112713,0.17203349815904925,3,22,0,2022-07-12 01:16:27.377
N598,-2.000000000140778e-08,0.07109877739468942,0.07109877739469224,-0.48920891937509436,-0.29958516653409983,0.30677699999999997,0.188886,2.6566701555419567,3.4069449109024186,1.2824117076767503,4.248285944136924,0.5510204081632653,0.252751807351,-0.01606756560383099,-0.3863787021836272,3.4375,2.431436767324498,2.051665735885171,0.0375269005900087,0.4629246668417423,1.9999999999256722e-08,0.13308369270913548,0.13308369270913697,0.49661706692958946,-1.1850209020068414,0.439814,0.25636,1.9263066329267806,2.1632619789914824,1.1230101905970589,2.360849191335755,0.3469387755102041,0.8855634632549999,0.3399906354827484,-0.5907811580370549,1.875,1.9851591534572914,1.3225064316724957,0.0036550792789264036,0.1150437748898241,0.6586935999999998,148.15569725909862,148.15716151299728,0.00020823569575245698,-1.4417286542585357,430.00119,216.3774,1.4604585953883709,1.6365101858522437,1.1205454170489897,1.798596144478214,0.12244897959183673,1097527.2253794183,0.9309497356038887,0.7398280757377463,0.625,0.5965879978154944,0.8941119585214189,0.9989924804422429,5.841888964038169e-05,0.34188274790593365,0.015605179200238826,-0.002012864256381195,-2,50,0,2022-07-12 01:16:44.524
N599,-0.002507295454545453,0.06720720875991704,0.06725396226093637,-0.2192399035810955,-0.7161619626588207,0.260637,0.150149,2.232567345511064,2.70580068126704,1.211968224254237,3.137183188041272,0.4883720930232558,0.19901619935099998,0.2135382367929469,0.25761483105099126,3.75,2.1114334281725613,2.1011999209185053,0.24342048168228414,0.3972111110556351,-0.0039013636363636364,0.04409616615941433,0.04426841434004406,0.5171123321988793,-0.2736036891738638,0.180868,0.093624,2.1149165018840566,2.736885464820398,1.294086770036673,3.4672490522734125,0.4418604651162791,0.08622647036000002,0.07901443526337629,-0.2980904295558,0.3125,1.899998014566944,2.3241879926788513,0.33349705193965434,0.2567506249215229,0.8061095454545456,84.38260385950184,84.38645416599093,0.009121480075418806,-1.5883278662003355,227.44516,114.39969,1.3556641421971831,1.4884721223993909,1.0979652526524455,1.6211932790720662,0.11627906976744186,313327.24045519106,0.9331335987422797,0.7347666912241031,0.625,0.5969172030710225,0.9223570033620369,0.9963536626451311,0.0003465823247194231,0.35413827956303023,0.11431728654858109,0.039960069842352744,-3,44,0,2022-07-12 01:16:51.528
O2,0.01524429860199999,0.3909587925443286,0.39125588316035104,0.03240119606541033,1.1182649050522668,2.0225514,1.0141485,2.592033867473795,3.784455616233206,1.4600332440569344,4.993901020186132,0.20408163265306123,7.654058305379314,0.6712543189172844,0.12380242280312809,1.25,1.2421828770372292,1.3896878497632255,0.3619674850593411,0.025968767477713654,0.003417280539999992,0.25304317022867545,0.25306624390792914,-0.5201680113681302,-0.4566881180156317,1.00951762,0.63460179,2.5076508830268236,2.8784589128827416,1.1478706754459933,3.124320768866011,0.14285714285714285,3.2021261902833738,0.566395193189133,0.21719982945050784,0.9375,1.4015569397085255,2.3376160332854004,0.4846425058719007,0.08767614905171607,43.988233092,88.74498170780127,99.04865687566948,-0.7973762300504633,0.18259257574847298,369.54884000000004,185.96651,1.877526822331714,2.1757321725488863,1.1588288096181918,2.4230754867758235,0.20408163265306123,490531.82144370535,0.3800930688148291,0.42460832156857187,0.3125,1.58698344949772,2.407645814995263,0.5550458633509493,0.226658368168375,-0.4359027455633889,0.06794093595479123,0.08405699107668686,1,50,1,2022-07-17 10:51:16.724
O3,0.06324106327659573,0.5113190837390996,0.5152151370836717,-0.028583145219942516,-0.21480721826437632,2.09169278,1.1848827,2.29978239130729,3.1737539705110795,1.380023598105292,4.277321901356922,0.17391304347826086,12.475991961566894,0.726975950113585,0.16634140590660662,0.9375,1.1466743594589492,1.484480091687744,0.551395319435963,0.02418756520782619,-0.07527769804042553,0.28047886029014407,0.2904051013531333,-0.1478939279215817,-0.44407006089774237,1.0727448499999999,0.67001737,2.3071818190454487,2.8431728527333058,1.232314171888548,3.296567498510524,0.15217391304347827,3.9637507759204107,0.6641094221101,0.06900737252192668,1.25,1.2956363587805257,1.6931310380108997,0.36796464339286017,0.010968887004022496,-9.257743742553195,101.61030894206276,102.0311751500698,0.10970328143467432,-1.3641806162500965,331.40186,165.70093,1.6240225573829103,1.815226422250026,1.117734734654941,1.9858905232653967,0.13043478260869565,489286.95301769837,0.5832780492655134,0.6086918395833725,0.3125,1.9387008782870945,2.0027836398366263,0.5467870344447096,0.28353128598835564,-0.356744752412393,0.10602037084479753,-0.1481853630132733,2,47,1,2022-07-17 10:51:23.615
O4,0.03575772703225807,0.028662365700065074,0.04582735264051095,0.7856949079070912,0.40298812224627456,0.1208208353,0.11274956,2.4603114407339874,3.050089470989985,1.2397168181602443,3.5126595317426057,0.2,0.06510453375117012,0.061375775545459345,0.1711212950059803,2.903225806451613,2.444423030417598,2.3710805714451926,0.09210376011096562,0.2933843214510049,-0.07924100206451613,0.06426847119939567,0.10202731398256157,2.8645573215314935,8.771680349031989,0.33448047000000003,0.19192376,1.881101760973571,1.9736749812643681,1.0492122341339394,2.0237335590920016,0.03333333333333333,0.3226967567533823,0.629424880135943,0.5235923885183488,0.0,1.3892783369830088,2.2594340343913464,0.6032265591664704,0.20076727383458529,73.4483128387097,66.56994616079444,99.12725352144099,0.3424518147754996,1.2046228728207726,352.85954,258.68419,2.6096172425885604,3.1881516728515726,1.221693212637247,3.661870898168866,0.2,304612.5841118251,-0.24268962026254293,0.10506512385076769,4.193548387096774,3.4553863231998885,2.182666094359309,0.08778498659048838,0.6944770464257738,0.18428705520688785,0.18131369099768765,0.13666892190242116,3,31,1,2022-07-17 10:51:31.734
O5,-0.12240121394999998,0.6884447808500122,0.6992412126412851,0.40076445381412507,-0.803902068002115,2.3208175,1.214663,1.7371158593638691,2.073326102930065,1.1935450889782997,2.4476206328935346,0.35294117647058826,8.800888922208989,0.7154550033343594,0.17496387303406186,1.1111111111111112,1.0440091116843189,1.1484840149699909,0.290959139099964,0.001201473900937721,-0.0485118863888889,0.293955780059281,0.29793187770238494,-0.48372197736991007,-0.783694554773275,1.00665891,0.64508758,2.1652183880920646,2.6078291824166744,1.2044185458422174,2.9118524028129475,0.23529411764705882,1.5977412675228395,0.7089851161597305,0.05787003239758087,1.1111111111111112,1.1805153997851732,1.1727147229726087,0.20009523615410396,0.001999977607698608,-120.26894155555556,95.49888717753245,153.57296557350423,0.6955845060944938,-0.39732399558187614,345.70697900000005,259.87628,1.692200701012159,1.8956521639052117,1.1202289201105768,2.0552163200032796,0.11764705882352941,424523.8035907328,0.43883464814791706,-0.016600654546997523,0.5555555555555556,1.70377126214319,1.9861048937961203,0.34312923541513335,0.16210776972136198,-0.34837108665508165,-0.1629336403217474,-0.16616182833836599,-2,18,1,2022-07-17 10:51:39.999
O7,-0.0576908245316,0.5566765561339263,0.559657948558103,0.8191793911550457,1.610920752228953,2.7005654,1.5525772,2.774153755879004,4.116920225848981,1.4840274145311438,5.758921884877581,0.24489795918367346,15.660850969213215,0.7666138612929984,0.41591067496090994,0.625,1.1190794862878848,1.9554246851370611,0.6314560882212554,0.0462400619060088,0.045848385889999996,0.25067369721357835,0.2548320563889934,-0.8134888286881953,0.9364642272865233,1.18503307,0.70039838,2.748470462958016,3.460283620007617,1.2589851943628014,4.020840713370168,0.20408163265306123,3.2469688481721564,0.5035119594317856,-0.04501483215098177,0.3125,1.6946246996940755,2.4892284416817434,0.3613822255713147,0.13476900399562028,-74.3866053,129.71506117343574,149.53047897765245,-0.6273913505404586,-0.696306482567354,535.24978,399.35117,2.670700801136895,3.7572902839317557,1.4068555647762222,5.076851253122167,0.2857142857142857,1117968.207164308,0.6954906816864295,0.5873020637078109,0.3125,1.178354011449402,2.084166099339643,0.7086609117955327,0.14943041706924232,-0.5896400827187592,-0.20275323393623323,0.039759271386230005,1,50,1,2022-07-17 10:51:56.684
O8,-0.04456449908749999,0.3344606392143484,0.33741652858535304,0.42821311628238096,1.517954201407015,1.69003471,0.9826353,2.9122322611751725,4.150671414052539,1.4252542523437397,5.220731252248959,0.1282051282051282,4.553996550503614,0.7342623995383747,0.15106618949282155,0.9375,1.1637623012954972,1.81732074705539,0.4910833752722794,0.024757916249868502,0.03319483895,0.22782970850554718,0.2302352566629165,-0.1197568126966182,-0.830339428125221,0.92335129,0.50135357,2.1775707911409206,2.463029104533941,1.1310902564244338,2.640891978999117,0.07692307692307693,2.1203309364255616,0.7618915598849554,0.3818857788183187,0.3125,0.8652334147974253,1.9052182399759143,0.7516096023105923,0.07260965540110677,-81.41995397999999,132.9023885164746,155.85972468694172,-0.6942023750143458,-0.7845694490638215,458.95582,349.28326000000004,2.241010374563197,3.1021704720201537,1.3842731418076581,3.923633808483254,0.48717948717948717,971690.1511795708,0.689094499474431,0.7226299189359144,0.3125,0.9989773692137247,1.9277688670589253,0.7570669877419341,0.1404963556515916,-0.6306751558505177,0.1769449765153384,-0.13971523088512733,1,40,1,2022-07-17 10:52:04.407
O9,0.0770861112,0.3222742829829103,0.33136533012988506,-0.1947561171155196,1.1601619070899174,1.46808465,0.74485689,2.2478419504781595,3.275390944531527,1.4571268873395606,4.223408939859943,0.125,2.7450745503021925,0.7954965140367259,0.3664202959904551,0.4,1.221192384459557,2.138736347556847,0.5042927994578303,0.06541929763573823,-0.08592789264,0.2456932092789633,0.26028591168049764,0.0623961440084935,1.216580785108091,1.1902180900000001,0.7512533,2.8862618616184172,3.526941467394358,1.2219755644128187,3.8995998428815493,0.041666666666666664,1.6937188954836955,0.6897194251277977,0.27662970085638927,1.2000000000000002,1.590961353694099,2.3265641283571927,0.32202267239698634,0.12011956534261214,-26.226046148000002,91.18381908945669,94.8804213749907,-0.15682154989122749,-1.0107352485591707,306.36791,185.96651,1.9600093180975107,2.440550637097916,1.2451729767626027,3.029756936995627,0.4166666666666667,225057.3590073948,0.4676829322642351,0.27305271486565824,0.4,2.2143110188295725,2.3186379732359352,0.36238075320140256,0.3833150678372179,-0.6440840288533191,0.01228706111237444,-0.25291902114831877,1,25,1,2022-07-17 10:52:12.567
O12,0.071463405734,0.3488645426831894,0.35610881412940787,-0.05293850137049013,3.3347166808842745,2.00192157,1.0064882,2.8263501493513945,4.740666120235231,1.677310265793905,6.650513885984034,0.08163265306122448,6.340674375032658,0.7556568352076546,0.2652760800608002,0.3125,0.9398279422125851,2.0655440673708645,0.7210312320631891,0.06836978656080178,-0.06327557934,0.20293660585373335,0.21257249336695977,-0.29563554845237283,1.1210372428744027,1.10803312,0.70132428,3.2992240383110976,3.8834534645943948,1.1770808588623067,4.161083481092671,0.12244897959183673,2.259353246812308,0.7173980711831872,0.19732903791484788,0.3125,0.8865731150091062,1.8415800981647579,0.7769649733051874,0.05434342522430382,-9.799004639999998,62.8097478370635,63.56952819779493,0.28794953012508234,-0.3816385472835444,275.3735,151.39582,2.381578474657478,2.866817228899249,1.20374669968058,3.2643546350846937,0.4897959183673469,202054.24576451225,0.18423105904861503,0.19099180320467912,3.125,2.592193037966043,2.701181016909193,0.2037642828154259,0.4744932907367702,-0.08801474737255562,0.007901673407216625,-0.22189832691032615,2,50,1,2022-07-17 10:52:38.172
O13,-0.0930270871190476,0.4569042097361198,0.46627834585410777,-0.25461115032245635,2.4042355679287164,2.5016624,1.3702583,2.938713136013259,4.92771525865742,1.6768275876503203,7.327543029117352,0.21951219512195122,9.131450824122604,0.6935628081289683,0.06954776407028727,1.25,1.3451535886432466,1.9168201111003709,0.3635277575280731,0.03423258657661645,0.011373197976190477,0.2142663241638236,0.21456795497669814,-0.5668220624493853,0.812214822654834,1.09034848,0.67905645,3.1647617188398187,3.8160562094140933,1.205795743387921,4.203346928812102,0.12195121951219512,1.9336551067210592,0.7254293279321228,0.2724603277898972,0.9375,1.1274103841076935,2.05486132330689,0.6993902970595818,0.1024527559282922,1.9016723523809533,72.71909933842119,72.74396034260836,-0.2577072774914199,-0.11850682088400033,344.51489000000004,187.15861,2.572840537118454,3.305263197313775,1.2846747202668163,4.139543069343615,0.3170731707317073,222250.71818573313,0.38459687886450716,0.4342254663410503,0.3125,1.5823116158051544,2.005400269575007,0.5612025383468706,0.2032376210328312,-0.270391771899207,0.11972517608036878,-0.11358746965176218,2,42,1,2022-07-17 10:52:45.655
O14,0.07802512475,0.8349037704876967,0.8385417258949167,0.2975536126421849,-0.8515733202954894,2.9479688,1.7322521,2.065791178311716,2.5501750710099036,1.2344786335538784,3.0745990868206383,0.2222222222222222,19.688262329871115,0.7296544316949397,0.1868258655125216,1.0714285714285712,1.1346476057833759,1.5425693540991028,0.3924866449790431,0.015376414441895863,-0.011075544928571423,0.3156796879653958,0.31587391960938227,-0.5638468314485665,-0.8768962311538853,1.02120708,0.60066765,1.9016057126299029,2.2263637515134382,1.170780954604095,2.4643242816472637,0.3333333333333333,2.7937373265030456,0.5448638451398942,-0.022962372215319427,1.0714285714285712,1.3965496101746486,1.7828083164102162,0.24882667031701175,0.0429846810569897,97.24073165357143,56.81137572227914,112.62012388547554,-1.8242036591999766,4.824768724130175,301.59954,184.77442,1.6406874155803526,1.7499999962707902,1.0666260859030061,1.8343140981304207,0.07407407407407407,355132.184511436,0.1694086711463338,-0.24475972414654254,2.1428571428571423,2.045251719269082,2.2186649699643355,0.22940583796664274,0.14380624582756146,-0.49315634114238266,-0.01784173452286056,0.22007273810562736,1,28,1,2022-07-17 10:52:53.769
O16,0.0062038172999999966,0.34740609500177816,0.3474614830358558,1.1079535278036046,2.1248680319665816,1.8582964,1.1404441,3.2822173267542105,5.2124593474823895,1.588090863147383,7.397619090893486,0.20408163265306123,6.036474109673814,0.7884852917884162,0.30625383286551294,0.9375,0.9599973002042159,1.7242510297154132,0.7013134687828884,0.008326678409787763,0.04105941207200001,0.2266357466458357,0.2303250680612376,-1.2570971716018946,1.8832110459161484,1.07761739,0.65263365,2.8335328650656524,4.026024560458595,1.4208497844140275,5.300378627791269,0.16326530612244897,2.652481848870686,0.7213963752325802,0.14154721803485182,0.9375,1.1368357687500728,1.8041717107603106,0.543987474445495,0.013161393521550893,155.353564158,125.50683362502977,199.71653707986908,0.4347287233974416,-1.1297052603948121,426.769306,385.04605,1.9279627797973253,2.4220155977897213,1.256256408665904,2.878539118452009,0.12244897959183673,1994334.759158736,0.7706719648516338,0.7648005395468738,0.3125,1.758745196814827,2.199127738997944,0.5557709588112747,0.2850753580230404,-0.6805527662811471,0.20307109420783084,-0.08997412257022039,1,50,1,2022-07-17 10:53:11.764
O17,-0.036062723542,0.21864284662872518,0.22159696390334177,-0.5411256471664425,3.03391344933181,1.28214022,0.67080878,3.0271569076758635,5.300628592949049,1.7510253860671765,8.293012458974376,0.40816326530612246,2.455260720558948,0.5677612007657287,-0.13735937729263678,1.875,2.291383769472381,2.465645407035706,0.10437052585876702,0.2534808465180767,0.015219464678,0.19408956570764596,0.19468536571007977,-0.6207212656370221,2.2747135608624713,1.16361012,0.66757532,3.4289958958401385,4.769729758283387,1.3909989697187302,5.828486147873586,0.12244897959183673,1.8951195810833754,0.6687565605655129,0.3452164072901351,0.3125,1.1058880459143998,2.1043492913020168,0.7265107718543475,0.12119714351255158,231.88593722,110.23844228166581,256.7559191860744,0.6650975085697309,0.09750053630406308,507.831631,538.82605,2.0985925142761976,2.323668509008345,1.1072509280391556,2.468136398833307,0.0,3296180.1018542973,0.577610896753393,0.40123118314348116,2.8125,2.0653337296731613,2.642838029544918,0.26115790658364385,0.2171408125197652,-0.2561022959666463,-0.302890957800841,0.3335886269193042,1,50,1,2022-07-17 10:53:18.444
O18,0.039494095138888886,0.3711429724219915,0.37323838163976486,0.4348945857949373,0.4617889287630721,1.65968049,0.90092174,2.4137971449826257,3.3132034486528905,1.3726105590686408,4.049515161567444,0.17142857142857143,5.015048023046548,0.6918074918683847,0.06372941721924495,1.25,1.3514315003078143,1.6675759769339915,0.2903195138421953,0.008227830925801757,0.027299506944444434,0.26366814170375796,0.26507763396583045,-1.2005880552220132,1.0928111466151291,1.12857647,0.67675328,2.5530380284261787,3.464227805007982,1.3569041144065948,4.2708165046690825,0.14285714285714285,2.5295814730412203,0.6868685857010366,0.03077398356896889,0.9375,1.3914263453842652,2.125455406492294,0.3692171540374362,0.016838286334652012,272.4263723333334,118.03510023530916,296.8979845506861,0.3173233838476533,-1.2604226929700095,394.58279600000003,474.45303,1.598033852328162,1.7415826005988597,1.089828352548078,1.829704077465971,0.0,3173342.8762893397,0.8221298588530095,0.7913487288753316,0.3125,0.796838072220605,1.6378778035381325,0.819872544615584,0.05353717911464951,-0.1534405319034599,0.20741441246252618,-0.18303604060973724,2,36,1,2022-07-17 10:53:26.553
O19,-0.013310141958333336,0.6656818846393837,0.6658149378137987,0.2759724036839674,2.001755288531723,3.3059389,1.8032037,2.708265611944385,4.809529843518257,1.7758708090914619,7.994602148274428,0.17391304347826086,10.639428753983825,0.6118013043874719,-0.04850749457008723,1.25,1.37257501176628,1.6751975370790684,0.29261114394758914,0.017363363759627708,0.06329586282083333,0.20612526347488297,0.2156246518671362,-0.9506910071540373,0.7006139781156775,0.88312104,0.50931629,2.3620503759181997,2.8863428161404308,1.2219649697430448,3.355410219366861,0.17391304347826086,1.1158557718277682,0.6453012535754212,0.2607824066002361,0.8333333333333333,1.2867467729744952,1.9948409314231217,0.512748720756332,0.040841802853529806,225.553936375,87.91432260531023,242.08161089477264,0.19031219918991799,-0.9722208200880509,307.560003,385.04605,1.590562986493719,1.7071129690232167,1.0732759302958657,1.7789402100748446,0.0,1406484.1520017944,0.7359401883338168,0.6112159314217777,0.41666666666666663,0.8105222128990078,1.5057659749107597,0.8707967986343025,0.05766810094435503,-0.012655117337623832,0.1722882672324942,-0.2533968188497257,-2,24,1,2022-07-17 10:53:34.639
