seg,AI0_Vibration_std,AI0_Vibration_rms,AI0_Vibration_p2p,AI0_Vibration_peak,AI0_Vibration_kurt,AI0_Vibration_skew,AI0_Vibration_crest,AI0_Vibration_zcr,AI0_Vibration_acf1,AI0_Vibration_centroid,AI0_Vibration_spec_entropy,AI0_Vibration_bandhigh,AI1_Vibration_std,AI1_Vibration_rms,AI1_Vibration_p2p,AI1_Vibration_peak,AI1_Vibration_kurt,AI1_Vibration_skew,AI1_Vibration_crest,AI1_Vibration_zcr,AI1_Vibration_acf1,AI1_Vibration_centroid,AI1_Vibration_spec_entropy,AI1_Vibration_bandhigh,AI2_Current_std,AI2_Current_rms,AI2_Current_p2p,AI2_Current_peak,AI2_Current_kurt,AI2_Current_skew,AI2_Current_crest,AI2_Current_zcr,AI2_Current_acf1,AI2_Current_centroid,AI2_Current_spec_entropy,AI2_Current_bandhigh,corr_AI0_AI1,n,y
N1,0.06873169866191155,0.06908231216207616,0.321,0.192,0.17334440865960188,0.5222739733598114,2.7792931937417324,0.475,0.004882520393525195,2.543270974630066,2.218544785665337,0.513943311661293,0.1629530795269153,0.16322481877280376,0.543,0.276,-1.3407198131954114,0.17798355869317317,1.6909193226562593,0.35,0.40072663582176915,1.833882414418267,1.096509919098463,0.04426907109411724,148.11275991290702,149.32335187315527,440.0,220.0,-1.4000950147396023,-0.15102914237196313,1.4733127621383824,0.125,0.9288423603284436,0.5966177726881824,0.8972432629499376,8.82716076725621e-05,0.25889674192755446,41,0
N2,0.07307659309744126,0.07341367425464801,0.245,0.137,-0.9419134376951424,-0.48739510609951203,1.8661373564384183,0.5,-0.10637977925583667,2.9361940285020967,1.9283636833922724,0.6933224954936829,0.13227880775195086,0.13245264324543585,0.426,0.245,-1.3104945695264762,0.3939009656079321,1.849717710397164,0.3611111111111111,0.3328547303699262,1.9414745529022808,1.2008646915911205,0.08385522616237259,139.74274600883268,139.8601618219601,434.0,218.0,-1.3591170820182799,0.08475275472360733,1.5586997552420305,0.1388888888888889,0.9228961046653217,0.5978263178659844,0.900224600851347,0.0008045620491946496,0.2771521429960747,37,0
N3,0.039416556553757406,0.04086716285723784,0.139,0.08600000000000001,-0.7955351634261745,-0.20400990337581895,2.104379016973253,0.5652173913043478,-0.222785852001977,3.086396783831279,1.8824669344483307,0.6853506893181925,0.04936047606356955,0.049759839897920356,0.179,0.093,-0.9527948284827552,0.1579880827447639,1.8689770744999283,0.5217391304347826,-0.04752057166498956,2.446765463206068,1.606795465389063,0.0614093401077167,79.98940902116702,80.22676195218983,220.0,110.0,-1.5144751042957028,0.12154141118199197,1.371113545197713,0.13043478260869565,0.9204807308176445,0.6122055890256008,0.8229018905109059,0.0009306736142286521,0.13323641361169436,24,0
N5,0.039284093473058536,0.039284093473058536,0.162,0.083,-0.8207730218055009,0.13731413778751056,2.1128144412170875,0.40816326530612246,0.34596212834268314,2.0611869824860154,2.1149703979682903,0.254280582434135,0.04828207120660836,0.04828208777590298,0.2,0.10400000000000001,-0.4707069902909784,0.04934327150076237,2.154007931113227,0.5102040816326531,-0.0882982366933329,2.651165148074483,2.3182166402289894,0.4764798594221641,81.50343305652837,81.50484648166635,222.0,112.0,-1.5503849887887051,0.0029250999339950597,1.3741514135014439,0.12244897959183673,0.9258386048142784,0.6002833038057823,0.9313288778713298,0.0011388046117604465,0.12051347248591332,50,0
N6,0.0703931814879822,0.0703931814879822,0.30200000000000005,0.161,-0.7744557655710431,-0.03674044825975844,2.2871533378198934,0.3469387755102041,0.3846845698510048,1.6653083945481026,2.152124020303352,0.14674743205451043,0.14617173598202904,0.14617174829631066,0.483,0.256,-1.3931865056530348,0.18685362672544806,1.751364425641623,0.3673469387755102,0.384454854413416,1.8110179912227613,1.0962511007291047,0.02442795844949376,151.5125658155125,151.51290374090254,450.0,226.0,-1.4385072510470867,-0.00035350249819413347,1.4916221286767462,0.12244897959183673,0.9309972685463525,0.6014603109123355,0.8798392133978135,0.00013538323932753407,0.3285953761528232,50,0
N7,0.07716384904863158,0.07716385164051882,0.322,0.162,-0.7753039602111951,-0.263343672763646,2.099428638615722,0.3469387755102041,0.2524393699751286,3.0950096747833937,1.7520775139136238,0.7938917230536863,0.04939917408216458,0.049399190276764655,0.266,0.134,0.7899585615344722,-0.10360106072483907,2.712595069863485,0.42857142857142855,0.39907444777247136,1.972550826449583,2.442754103756548,0.15861818601395555,81.1946402171966,81.19605901766415,220.0,110.0,-1.5604071838655158,-0.0007639549582281277,1.354745554535714,0.12244897959183673,0.9251222053939463,0.6043115431138291,0.9117273160961852,0.0008746430297112139,0.5194667616284099,50,0
N8,0.08509165719931444,0.08516211226744942,0.399,0.217,0.19826504219238084,-0.327940014552242,2.5480814674783674,0.4,0.34355421184654755,2.0732352548512836,1.8340960014222512,0.23983007959190353,0.17808989167873612,0.17811725378963425,0.547,0.28400000000000003,-1.409744001411582,0.07299066079279393,1.5944553037821863,0.375,0.37483531908210144,1.8446949003115896,1.0932025064917534,0.03757710016090615,174.65463839437828,175.02724526588955,508.0,256.0,-1.441962820725808,-0.05561313120744949,1.4626294301273046,0.125,0.9271538407341784,0.5906132923015311,0.9078219769295178,4.066080957817249e-05,0.479732294376638,41,0
N9,0.06853981048486912,0.06905544038056557,0.265,0.137,-0.9024760328260903,-0.017976130178649772,1.9839132043035415,0.6,-0.34188732041476944,3.3132067383277306,1.3536385294020798,0.9081247810159517,0.10368640847177198,0.10385326186499873,0.308,0.2,-0.8797472157581456,0.818984189398747,1.9257941099624263,0.36,0.16776904607040938,2.1829640357418096,1.452845849631115,0.22458422202224482,125.93245113361651,127.55933762521902,374.0,192.0,-1.415496998966276,-0.17276821651644164,1.5051818516345197,0.16,0.9326883858893669,0.5728390650299763,0.9308665697618895,0.0003015152161616568,0.24627144893498107,26,0
N11,0.07070457128078778,0.07070459673882597,0.366,0.184,0.44080197700365353,-0.24047279153005505,2.6023767687930284,0.5918367346938775,-0.07284551545821039,2.674424764632036,2.0018621839914936,0.559873651325633,0.12368579708276936,0.12368581163577333,0.381,0.223,-1.2479092106805,0.5285254805783492,1.8029553838938652,0.3673469387755102,0.3102646672524858,1.96560592101466,1.3129699173536082,0.10536957597076502,150.88445910696038,150.8845916586581,464.0,234.0,-1.4321281089067517,0.007977517202347125,1.5508541821776707,0.12244897959183673,0.9257299670184577,0.5929626235965288,0.9102308764873079,0.0005836522224751834,0.4264896387389863,50,0
N12,0.04484919174299577,0.04484930322758649,0.211,0.106,0.16188816645821724,0.13957297275050914,2.3634703857517265,0.2857142857142857,0.5562161627470374,1.6530555210310651,2.2396316620954555,0.15444162200120126,0.0492231490256363,0.049223165278149274,0.217,0.111,-0.5231283108651632,0.09683862144261099,2.2550358022033614,0.5306122448979592,0.055592547057935496,2.3443309983145704,2.292989554183396,0.33625506635967056,81.84692052850858,81.85255035733462,222.0,112.0,-1.5571736150732485,-0.003963497799656113,1.3683141149671452,0.12244897959183673,0.9239338098444737,0.5954307656954365,0.9388147320394082,0.0010234020422356775,0.16480927679798324,50,0
N13,0.06757510173873214,0.0685341155921633,0.30000000000000004,0.163,-0.4317204747232859,-0.3178808816024442,2.3783775217876837,0.5641025641025641,-0.10146437622874424,2.9017288025151413,1.9319545397104252,0.7221918920944467,0.12569842630279823,0.1259175325361802,0.488,0.25,-0.9083663179599526,0.3187066964803573,1.9854264530490768,0.38461538461538464,0.31909507014519745,1.939561317416517,1.388454313718292,0.0866900859490345,135.43263085386772,137.38012956756154,400.0,202.0,-1.3721634366508872,-0.26202477588390377,1.4703727579515737,0.10256410256410256,0.9327935009756085,0.6026948141498046,0.8830550922848295,0.0001822110772886849,0.22097078236739603,40,0
N14,0.06706111839210557,0.06709336777953541,0.33699999999999997,0.18,1.2181670055078628,0.09110519432674663,2.6828285113287005,0.5416666666666666,0.3171831348729172,2.0259443167039515,2.1961097674706047,0.2392762840184361,0.16825742182738923,0.16825742182738923,0.493,0.277,-1.3715300822241727,0.25604287847118085,1.6462869631044679,0.375,0.34067429889169637,1.836541008176708,1.0110364798203073,0.018656175705472566,160.72336482291553,168.20273481724368,494.0,250.0,-1.099692961078474,0.49850967889341824,1.4863016363653718,0.08333333333333333,0.9281494213435085,0.5004264937276302,1.0458724839875955,0.00025455447448560206,0.3758291658015608,25,0
N16,0.07907716737466006,0.07907717749135967,0.329,0.171,-0.28371617373185165,-0.13771027698152213,2.1624444046284306,0.3673469387755102,0.3134718638675485,1.9845959070770935,2.018838266167457,0.21118430620892759,0.18731107388512833,0.18731107815609838,0.618,0.315,-1.3121342567410252,0.07067176511609184,1.6816944470176518,0.3673469387755102,0.39738320779730096,1.8503601208472842,1.0774759050088931,0.03528339482322767,178.79359720079464,178.7939596295132,522.0,262.0,-1.452220836089303,0.0016326752339493984,1.4653738892684163,0.12244897959183673,0.9297235605036762,0.5986561620813938,0.8809369672433874,0.00013355667921340994,0.4752206151579022,50,0
N17,0.09161231576594929,0.0916123354139605,0.354,0.195,-0.7901730204671806,-0.005287541051575036,2.128534319301772,0.673469387755102,-0.4687102398309863,3.3428121882554636,1.5358753471870914,0.8578707867261752,0.11983195066425316,0.11983196568528785,0.41800000000000004,0.248,-0.8358436275276944,0.7252890967825938,2.069564648979531,0.3673469387755102,0.20607750435219302,2.154101420470842,1.4606121157755008,0.20402820433655328,112.05148102546437,112.05462953399115,334.0,168.0,-1.431535704945009,0.001623082968440433,1.4992687111516274,0.12244897959183673,0.9241458158682816,0.5942378730910894,0.9245882675146088,0.000845591309846856,0.2760169090679962,50,0
N18,0.04726196856712071,0.04915988653815675,0.214,0.124,0.08815364840298923,0.6663600176816339,2.522381737064306,0.3142857142857143,0.4432849246210739,1.8078373988673913,2.203229390553115,0.19378775705831158,0.05405029522195274,0.054762872662253784,0.21200000000000002,0.111,-0.8423009280098319,0.06617517210495472,2.02692069651979,0.5428571428571428,-0.025609488815062587,2.615746872925419,2.140717264837115,0.3115748409706071,83.36508654299465,83.78610332931775,222.0,112.0,-1.5804206960638554,-0.1266463621446042,1.336737186115324,0.11428571428571428,0.9316289976807764,0.6007208053355023,0.9278758237814352,0.0009954129906651198,-0.0635616028024965,36,0
N19,0.08796511303415183,0.0879842157561356,0.32699999999999996,0.179,-0.9724473026254419,0.010124555060876757,2.0344558221230424,0.6857142857142857,-0.3556129820762423,2.9156866267157837,1.6011120241429058,0.6587125602419047,0.09044799337836545,0.09066176457336111,0.28200000000000003,0.17200000000000001,-1.322152087458837,0.47523209852951387,1.8971613977447146,0.34285714285714286,0.3073541379861044,1.9936563246759318,1.379703116241773,0.1059030083989288,101.1089743363962,101.32127121192272,300.0,150.0,-1.436199023919935,-0.12720777907779007,1.4804393806534588,0.11428571428571428,0.9265864058715279,0.5930728565559175,0.9240248895035031,0.0007530526045104239,0.04828012725325007,36,0
N20,0.08191475120531316,0.08629071187863582,0.33799999999999997,0.214,-0.4564557514143299,0.0962041759593767,2.4799888115534587,0.5454545454545454,-0.21359205397673237,3.0430233841198664,1.5370463360841116,0.7171881384383624,0.03864403005123992,0.039499036862225875,0.156,0.094,0.05586241219562815,-0.6226663775548918,2.379804862783757,0.5909090909090909,0.021378303295670725,2.2154353375863947,2.0906730793799655,0.2569899460286466,81.2143189066013,83.37761142510934,224.0,112.0,-1.3630604408404927,0.3417948152102582,1.3432862621712256,0.13636363636363635,0.9260838320817367,0.5234302449197251,1.0293199764750818,0.0009548234970159178,0.3523084854037698,23,0
N21,0.06871410407750038,0.06874590896918885,0.248,0.126,-0.7960561589701269,-0.0727182886052847,1.8328363373080396,0.5714285714285714,-0.1236243095057243,2.4723406963446024,1.8828707197613497,0.47731230947401554,0.0746176064349604,0.07461994615139014,0.281,0.14100000000000001,-0.49526289458561124,0.15744588049881156,1.8895752043821763,0.5238095238095238,-0.2579523650929159,2.871102950149911,1.7269496991928597,0.3975754008137956,79.17466829215992,80.24961059095551,226.0,114.0,-1.3574582255731777,-0.2572135742131679,1.4205676408957966,0.19047619047619047,0.9228577710029998,0.5941052976130304,0.8659195140441517,0.0010127821113055766,0.3279499243208711,22,0
N23,0.07988604133389011,0.07988604383745636,0.32699999999999996,0.179,-0.8407456507253657,0.1282680831564448,2.2406917579272068,0.7142857142857143,-0.47966287451652173,3.256620450115949,1.4620980296238224,0.8413422724331433,0.07534571255220832,0.0753457364420841,0.261,0.168,-0.7046722351684842,0.7559526506256011,2.2297213874754056,0.40816326530612246,-0.05654932569216892,2.597077428213553,1.6747830564490749,0.4507096778734961,99.38612377993218,99.38651820040785,294.0,148.0,-1.4567992948330117,0.006315034303668367,1.489135575728345,0.14285714285714285,0.9254161552753956,0.5923837486660833,0.935841588621448,0.0009628115284375698,0.4633636877912148,50,0
N24,0.06431997823382717,0.06431998134328087,0.28900000000000003,0.162,-0.36862653444245463,0.07721735231981014,2.518657446982036,0.673469387755102,-0.13221766664483503,2.9186188190538114,1.756779756550724,0.6926754413507554,0.03592269477642233,0.03592269477642233,0.20600000000000002,0.11,1.2771773332310463,0.043577453099334335,3.062131075762109,0.3469387755102041,0.24931628559501198,2.1818902236801074,2.1811666656561854,0.13903664550018383,82.14645457961043,82.15254104408457,222.0,112.0,-1.5502186823772974,-0.004597137464609343,1.3633175380405913,0.12244897959183673,0.9234161570828789,0.6012589667442758,0.9286823862456325,0.001121693238367737,0.22147137103590592,50,0
N25,0.06896744512923703,0.06903883770104412,0.28,0.15,-0.5960399576485274,0.2504644642090219,2.1726901117533073,0.4857142857142857,0.14180383104192457,2.097939286647101,1.7117323197157563,0.22488259119834222,0.18542148349964704,0.18590424655959015,0.577,0.303,-1.4022396953775003,0.20159797449990055,1.6298713214325404,0.34285714285714286,0.4425558988038673,1.8432814138158202,1.073325792071535,0.03782943410970631,170.60830707924057,171.28112044887558,494.0,248.0,-1.4619948894493038,-0.1303911943324973,1.4479120603021958,0.11428571428571428,0.931431319458136,0.6000563720615082,0.8829518859156607,9.619337042744072e-05,0.3691771218519637,36,0
N26,0.06700521043062302,0.0673309849806279,0.246,0.133,-0.9886454285400337,0.16651375850426975,1.9753164169255217,0.76,-0.44343300490845317,3.3486346637677507,1.3765952190806994,0.854988157812144,0.043164694235015344,0.04345776021698453,0.182,0.101,-0.3212268233204769,0.28458351709837465,2.3240958460746057,0.56,-0.17656131843843756,2.7394559252619355,1.9761098432170108,0.5607957040713518,82.51537421746642,84.34270749562351,230.0,116.0,-1.4171766854951022,0.3111692749073723,1.3753411936179445,0.12,0.9279653072477927,0.547826036451472,1.0137795933011446,0.000980664295051697,0.3701442709081931,26,0
N28,0.06874457360403075,0.06874459978791062,0.28500000000000003,0.159,-0.5036131325571249,0.21928083399425868,2.31290894834712,0.673469387755102,-0.24343254817123197,3.066080451130155,1.7849381290451185,0.7509030944972839,0.039412099664950614,0.03941218085820677,0.21500000000000002,0.128,0.8954126821275454,-0.33228310392700744,3.2477269009930128,0.5510204081632653,-0.007433287992884408,2.5544991059699145,2.2493149007881295,0.3040791468112223,83.74461176696683,83.74676113140137,224.0,112.0,-1.5534696884981833,-0.0054110442525223176,1.337365152835802,0.12244897959183673,0.9289289030732111,0.608677357638338,0.9047990035178898,0.0010591984034485418,0.507880511969808,50,0
N29,0.06571817404645384,0.06571818621964547,0.257,0.139,-1.0425158745822087,-0.054546453349205874,2.1150918489355393,0.6938775510204082,-0.437595169499015,3.284775503858776,1.5723570425459434,0.8291611677414393,0.046423050309086764,0.04642305461729118,0.17099999999999999,0.091,-0.9805974508840829,-0.20599668923988884,1.9602329219866814,0.5102040816326531,-0.15051313276239953,2.8192489963416567,2.1391713250327675,0.4767640416760477,89.52582644131246,89.52586218518088,254.0,128.0,-1.4880253977635411,-0.0024957141219378374,1.429754451682764,0.12244897959183673,0.9241411458060844,0.5961874140805379,0.9409055137268761,0.0012391865954807005,0.45028964336359745,50,0
N30,0.08722090246990338,0.08774191049403277,0.356,0.181,-0.9001363170351668,-0.11934112501054543,2.0628682345856784,0.6585365853658537,-0.19724470144987166,2.9948961803809926,1.6066828941747922,0.7488324651350267,0.07088389551929923,0.07103268865207664,0.251,0.134,-0.882622644906252,0.3837442327485569,1.886455412892252,0.36585365853658536,0.3593257505288116,1.9261366785544265,1.5339315870151253,0.11678627669853747,97.95872378009959,98.16943564693695,288.0,146.0,-1.4454000853291418,0.08386350258142525,1.4872246034405663,0.12195121951219512,0.9266850238750709,0.601401689834711,0.9099235464317337,0.0007721247701150646,0.15436788853766428,42,0
N31,0.07185290186327091,0.07224905484451632,0.251,0.168,-0.5855057493876616,-0.7054971828220081,2.325289934401836,0.34615384615384615,0.25594063770848696,2.1470132849834815,1.5765669182404467,0.20873340326621612,0.1843107949519031,0.18431133081464815,0.5690000000000001,0.28800000000000003,-1.3982750533868926,0.002600640888538322,1.562573493051417,0.38461538461538464,0.36510745411149115,1.8212994226173187,1.0323287161028256,0.019169596739514072,183.45610554347786,183.49810777104912,514.0,258.0,-1.4995879667901935,-0.028886224025749235,1.4060090489974262,0.11538461538461539,0.9400278490568785,0.6021321449031831,0.8328909717961029,6.3185794102034e-05,0.3601588313716369,27,0
N34,0.08186287314772187,0.08186293422544785,0.439,0.22,0.5871906292841134,0.252432298793201,2.6874189409596188,0.3673469387755102,0.3162623678124788,1.9611808283366001,2.0156794490823957,0.19761748151512257,0.14500383994915444,0.14500386201753387,0.537,0.28500000000000003,-1.2310461797697236,0.029348168213784855,1.9654648920008615,0.3673469387755102,0.3645309244363614,1.8169551430071076,1.2320887444273452,0.025655069026661106,139.16163264348404,139.1617763611833,418.0,210.0,-1.4261150455039644,-0.00820966063105237,1.5090350632990033,0.12244897959183673,0.930283105020935,0.6036794949548696,0.8819408672921243,0.00018997897409307298,0.28152204519567886,50,0
N35,0.0743437529319041,0.07434379597518545,0.319,0.167,-0.46081895345936186,-0.3956314704497183,2.2463205948717153,0.46938775510204084,-0.05471218312662197,2.4794585717013007,2.103142815440467,0.4673523200216539,0.13500947522303758,0.13500948114854747,0.443,0.26,-1.112103282402274,0.5499819785459985,1.9257906762409425,0.3673469387755102,0.28280408162405096,2.04323272533601,1.343260454767594,0.14418135690691256,157.7116406610495,157.71188921574682,472.0,238.0,-1.4546938183673084,0.0025824219970248395,1.5090809017855376,0.12244897959183673,0.9263365398348639,0.5924360807200175,0.9210139361517667,0.0006939101528698063,0.29318428177580913,50,0
N36,0.04035805809482904,0.041407474535021103,0.163,0.093,-0.6433129874711723,0.27537418621850757,2.2459713142211464,0.2972972972972973,0.6824804900344021,1.5042722060933882,1.954096201668984,0.12434449980758762,0.03966058385043444,0.03966205929308791,0.157,0.08,-0.8318816162639644,-0.22122199639804108,2.0170410065909508,0.4594594594594595,0.22258877353772025,2.158441169891978,2.2825406576683553,0.24729806954146713,79.92089232779445,80.10453696330354,222.0,112.0,-1.4855432528543144,0.1389126892606042,1.3981729905174782,0.13513513513513514,0.9225660023297438,0.598045752590674,0.9382878273870491,0.00103813800072403,0.2769080814961661,38,0
N37,0.07928855494467967,0.07929520622162306,0.32599999999999996,0.177,-0.4668331405503032,-0.28134474426246464,2.2321652018320086,0.5833333333333334,-0.24942533720333748,3.0716740025004388,1.8114594244610922,0.7375443163603755,0.12663642072217454,0.12667259350761692,0.402,0.252,-1.1859140543464506,0.481396491745708,1.9893805994020881,0.3888888888888889,0.3084969180898421,2.100737938046874,1.429702120419587,0.1704169313258128,141.4195380986174,141.50694758991946,436.0,220.0,-1.364540198674507,0.08227396298981232,1.554693983206745,0.1388888888888889,0.9215515431099301,0.6004905330298158,0.8955096512341509,0.0006575309265751641,0.35647187846320566,37,0
N38,0.0534200954437768,0.05584912711940985,0.224,0.121,-0.24633659670735764,0.24125526686838095,2.1665513185424086,0.391304347826087,0.3077213070075321,1.9320123602425008,1.9692737895989778,0.3358257489262461,0.041320373472282276,0.04191608680844782,0.16,0.08600000000000001,-0.7881823205608312,0.09232026368339008,2.0517182434756163,0.5652173913043478,0.2274657157481933,2.0478033371292397,2.015306141727421,0.2590515031377314,80.28473633816635,80.30566605165541,220.0,110.0,-1.5420552215546868,0.07082667537993134,1.3697663615571554,0.13043478260869565,0.9205242971931237,0.6181788215266802,0.7866133432806591,0.0007947728288265097,-0.06263750015670365,24,0
N42,0.05825391317327961,0.058253926906261,0.218,0.11,-1.0045542072060094,0.10948882421236308,1.8882847190199885,0.6326530612244898,-0.22528074016890165,2.7997166263214757,2.0435895502520935,0.5794980756405732,0.0567663597564614,0.0567663632796747,0.261,0.165,-0.007230263769339107,0.5268125692040252,2.90665088385323,0.5510204081632653,-0.24769870858426185,2.85729307272322,1.90314091493844,0.5633837285216409,90.00177776021982,90.00977724669693,254.0,128.0,-1.501529149470089,-0.005940059515630447,1.422067734366015,0.12244897959183673,0.9259045027500403,0.5957169171559936,0.937397211669003,0.0012248555789634308,0.47294399337510434,50,0
N43,0.06618745802642673,0.06618746104814718,0.28800000000000003,0.152,-0.18549163642485,0.40142092304450205,2.296507489378232,0.6122448979591837,0.025804234813609207,2.546844767640544,2.0619628195851907,0.5794763229619743,0.05258231261555544,0.05258231641911566,0.246,0.13,-0.2918000293277774,-0.14633050891015506,2.4723140563799904,0.46938775510204084,0.016400135264490245,2.7623878063005796,2.086556815225094,0.5504355062644373,81.77589864990784,81.77872583991511,222.0,112.0,-1.5643367042091172,-0.0023277659173684333,1.3695493399988177,0.12244897959183673,0.9292537077745854,0.6078037970020468,0.9036354476089633,0.0010719669101770764,0.5731708058839216,50,0
N44,0.07065427064217963,0.0706646189552666,0.36,0.203,0.40346287211601206,-0.26947163400734975,2.872724752517335,0.4523809523809524,0.3274375014372464,2.036323382762435,1.7239312571347492,0.2207440100785001,0.17849660309784302,0.1785547925805644,0.577,0.294,-1.4321900695577134,0.09225413042812741,1.6465533954645681,0.35714285714285715,0.4221376988612226,1.8280479277760782,1.0062515200085402,0.026833979305204713,164.77216680953998,167.37369413492698,494.0,248.0,-1.301394916955092,-0.26951051500504625,1.4817143236384374,0.14285714285714285,0.9259945980860648,0.599104901689407,0.8836941629037414,8.558271538971586e-05,0.4112343759048391,43,0
N45,0.06678447775112038,0.06686992004553731,0.21600000000000003,0.131,-0.8619684488707566,-0.5086388729880976,1.9590273161802971,0.5714285714285714,-0.2928863313193621,2.642847151225485,1.9522395831753554,0.5527634723770688,0.10712588303344622,0.10734764665040082,0.33,0.202,-1.0179274961937301,0.6457909837770652,1.8817366407468028,0.35714285714285715,0.3227149777725734,2.026639096611556,1.3305267071642353,0.11927623907544643,130.99734500944808,131.16454525150644,370.0,186.0,-1.5105640399029192,-0.10337084798627999,1.418066137029235,0.10714285714285714,0.9415982750449035,0.5939673809962025,0.8911897032800418,0.0003652464169525322,0.25216954368499184,29,0
N46,0.04896273563608204,0.0607381070421101,0.18,0.113,-0.5696167400301104,0.46753564497529726,1.8604465220105793,0.1875,0.558382405325818,1.9641767612559722,1.7758369019844973,0.2559665806101917,0.04187086755935457,0.041936927430999776,0.161,0.091,-0.14117391304138982,0.5735760346538081,2.169925303891787,0.5,-0.018275516382573187,2.202172017053663,1.6157769566748672,0.20100581020858396,81.35768349922374,81.37205764085041,218.0,110.0,-1.5699470333017573,0.03237201922708438,1.351815392029337,0.125,0.919947017324657,0.5177171437275125,0.961197232892448,0.0007245709871782111,-0.2235070493161848,17,0
N48,0.0759428627324517,0.07594287326668644,0.32,0.163,-0.6534757193871896,-0.08914983259410358,2.1463501838756813,0.46938775510204084,-0.08871571772684779,2.77708713420904,2.0020382244167694,0.6325518940096959,0.13417160504369022,0.1341716065343186,0.444,0.243,-1.2351482769069142,0.3056363866354954,1.8111134410382508,0.3469387755102041,0.363408248762038,1.9080175039662348,1.2047645901479067,0.07019190504780634,147.25772781080116,147.26085698514729,450.0,228.0,-1.428925431134582,-0.00662638780568512,1.548272940058987,0.14285714285714285,0.926054917084083,0.5947971463593545,0.9086026145916689,0.0006137613579091453,0.3317750637057833,50,0
N49,0.0399464441471328,0.039946464173941605,0.203,0.132,0.8180560256637865,0.7681608067645098,3.304422624871714,0.2857142857142857,0.6135669012878742,1.4974725400873752,2.0995881389005957,0.09982186555189146,0.05293259487310253,0.052932598651492635,0.239,0.146,0.3174737494940909,0.6717689550303159,2.758224680432971,0.5306122448979592,-0.09972591113370514,2.8545291467133165,2.0487557872849504,0.6044561293704295,81.03632765618146,81.03826256775253,220.0,110.0,-1.5608895056979637,0.002839645170648507,1.357383494099887,0.10204081632653061,0.9294286318178983,0.604821530576675,0.9019538011753896,0.0010177678924970048,-0.015843599918828718,50,0
N50,0.08424561932231255,0.08760436632953862,0.424,0.241,1.4876823776747674,1.0068618665023437,2.751004431599194,0.28205128205128205,0.6983228911299467,1.7393058224304658,1.927372009058324,0.362874450506896,0.1067282735501704,0.10767207158776133,0.352,0.178,-1.1515642890382858,0.25853989425081264,1.6531677841353296,0.38461538461538464,0.3902997644762299,1.9127204777374178,1.4072168166923027,0.09402999677459059,125.82920964545553,127.75523472640954,370.0,186.0,-1.3752674359246468,0.28742193275059175,1.4559090310336231,0.10256410256410256,0.933539304939271,0.601761031943853,0.8815827192779875,0.00014143036565530262,0.15723869756755615,40,0
N51,0.061164863245721145,0.06134033227523604,0.21200000000000002,0.113,-0.9907018733143906,-0.042107442589820625,1.8421810871999418,0.5714285714285714,-0.1811790930116538,2.6370251882523825,1.7757756156601208,0.49776358984969804,0.15555331790336008,0.15561198832060114,0.508,0.276,-1.2545103278384682,0.33647528136029625,1.7736422686879902,0.3333333333333333,0.38400925903523336,1.8318623091260786,0.9929530500961737,0.027672880240223015,159.50193656691144,162.5562839589582,490.0,246.0,-1.2783167614754092,-0.27870291251637824,1.5133219953656756,0.14285714285714285,0.9281465784645776,0.562667700115579,0.9090968349170797,0.00043080895573112957,0.29905482413461904,22,0
N52,0.057114765166286025,0.057114796681770656,0.23299999999999998,0.122,-0.743410921520383,0.22315076418435315,2.1360489240599674,0.3877551020408163,0.5137182973156856,1.8894543784098867,2.309363076790577,0.30586981067696756,0.05025713481685958,0.05025713879639389,0.23500000000000001,0.11800000000000001,-0.1927102012624844,0.12943527945974487,2.3479251470731732,0.5714285714285714,-0.039167082851105955,2.7761859793946884,2.1316580009463593,0.5601620831966422,82.18524441771771,82.19343039440561,226.0,114.0,-1.5406329620886834,-0.007075823488950065,1.3869721637480075,0.14285714285714285,0.9247836851184568,0.5942960880987053,0.9206675263826393,0.0009459909244997002,0.2033841369316656,50,0
N53,0.09398743745841782,0.09398744597019326,0.42700000000000005,0.23,-0.3337270463501616,0.4250085107941092,2.4471353341481494,0.30612244897959184,0.5716904456856141,1.387491494387654,1.9787311522642228,0.14534840494109,0.1344509442138656,0.13445095760164746,0.5409999999999999,0.291,-0.7441142974119597,-0.07151375144235483,2.164357957659011,0.3469387755102041,0.5036515260557823,1.5953260297543075,1.8378059703941798,0.03749136954500456,122.38054747385306,122.38431272021754,366.0,184.0,-1.4231744375389488,0.00903074947120633,1.5034606634646217,0.14285714285714285,0.9304329204275852,0.5986540252190073,0.8992899026747356,0.00012787610886566772,-0.06553312328140581,50,0
N54,0.07781115858281511,0.07781118171574058,0.34500000000000003,0.20400000000000001,-0.2819827629300353,-0.3575199747800982,2.6217311638480414,0.4489795918367347,0.2187407960899816,2.1185628147167654,2.025341262114868,0.2723182940249178,0.16343781692129886,0.16343781692129886,0.531,0.3,-1.258668571295942,0.44248170834299944,1.8355604942059445,0.3673469387755102,0.33183621922808404,1.890443547456465,1.1535688621402975,0.05968451652382924,166.94779543318327,166.94837525414854,502.0,252.0,-1.4502911241889287,0.0020217433777853996,1.5094486521140191,0.12244897959183673,0.9272657965575479,0.5939305445266627,0.9157130472553513,0.0007139152299558854,0.3984482257829048,50,0
N55,0.034464451250527696,0.03446447446284362,0.16399999999999998,0.089,-0.11736051916611823,0.39801371604345104,2.582369276976833,0.40816326530612246,0.23724781579817236,2.3480120923828482,2.285111530260777,0.4194726254912591,0.04559144217942661,0.04559144656621459,0.188,0.094,-0.48882766465869487,0.20808076101297895,2.0617902497013207,0.5918367346938775,-0.20938962600915872,2.8243760188679636,2.215933426009033,0.5570769139542934,81.86169800340083,81.8623234461373,224.0,112.0,-1.5557870414226924,0.009349987707125003,1.3681507595333804,0.12244897959183673,0.9258460471651313,0.6063159474652844,0.924454923628715,0.0010429527442500953,0.07458918774862469,50,0
N56,0.07009835661411756,0.07009835946725144,0.274,0.154,-0.6673365955388046,-0.21919401673330902,2.196913040054036,0.6530612244897959,-0.235925815482965,3.0650651573110816,1.8063147827745427,0.7449662464107136,0.13100182594147305,0.13100183204825802,0.438,0.257,-1.0075591769208065,0.6084342763901338,1.9618046250324743,0.3469387755102041,0.22714520771854446,2.128067090863833,1.4814027741251932,0.18586351745739046,136.02581519696915,136.0279383068052,420.0,210.0,-1.4330196582631316,0.01015159307421044,1.5438005060868745,0.12244897959183673,0.9279367245913624,0.6027825842429113,0.8926554175254575,0.0013151196142328042,0.4285324787671021,50,0
N57,0.05262165333776582,0.052621668540630676,0.238,0.133,-0.2029552153152001,-0.25599157038020354,2.5274759179729727,0.3877551020408163,0.05857283516386171,2.6320237461984064,2.1011505868655336,0.5608756143056333,0.04663967838654122,0.046639682674735256,0.184,0.098,-0.900664523870526,-0.12582075505015375,2.10121498217411,0.4897959183673469,0.08999355576937695,2.555569693826692,2.3331406334900042,0.35865307791811646,84.16836460333538,84.1684026223618,226.0,114.0,-1.5437308650296206,0.009969499519944516,1.354427510184357,0.12244897959183673,0.9232413617876473,0.6028054051692827,0.9241917263941357,0.0010823077012243497,0.19382680882916947,50,0
N58,0.06830680493186606,0.06830680785983195,0.28400000000000003,0.162,-0.7893600175881827,0.06563807552241084,2.371652329771139,0.7142857142857143,-0.5005493648591632,3.385283714384433,1.3098694856915352,0.9111895556726656,0.0664662320280005,0.0664662320280005,0.244,0.137,-0.6601073914932414,0.6226208533718117,2.061197029226592,0.4897959183673469,-0.0341960727495978,2.651420021410748,1.7502593807673967,0.4812340415920081,96.5291748643901,96.53186002558948,282.0,144.0,-1.4614244737298967,0.007601870132966581,1.4917354742965407,0.12244897959183673,0.9236777944096921,0.5948174046645464,0.9371509476613586,0.0012736219463483365,0.5357155507489761,50,0
N59,0.06792834165501171,0.0679283445992908,0.28300000000000003,0.151,-0.7531111146738767,-0.1163384394228256,2.222930661578002,0.5714285714285714,-0.12468241480750601,2.77199173235139,1.7937324809819601,0.6174666694557072,0.05009849897951036,0.050098502971645774,0.28800000000000003,0.14400000000000002,0.710767187586899,0.07503735232132101,2.874337384522241,0.5306122448979592,-0.11196845212914827,2.7932800592450673,2.2236460934457236,0.5569929842409416,83.58017946857976,83.58133762988004,228.0,114.0,-1.5278309576248819,-0.0006157939560147973,1.3639408417321788,0.12244897959183673,0.9245385842504924,0.6005476041372136,0.9332349636977338,0.0012159047831536093,0.5344760213330951,50,0
N60,0.06963662542082293,0.06963662829287472,0.339,0.17400000000000002,-0.10090354648531674,0.10818729936703415,2.4986850205928746,0.3673469387755102,0.22969519554064907,2.2695056429047766,1.9306898583399765,0.329243636549889,0.16902347884243776,0.16902348949184548,0.529,0.28800000000000003,-1.3855835411556834,0.19427562295204956,1.7039051842193482,0.3469387755102041,0.3994186821429412,1.8428478498475342,1.0697084302382285,0.0363841751044881,167.66645460556504,167.6665738899677,492.0,246.0,-1.4466872615419664,-0.0006609584469821446,1.4671976309448485,0.12244897959183673,0.9299094514239006,0.5933332712318725,0.9035499635873533,5.795334539442505e-05,0.5054481932152424,50,0
N61,0.08545302569248207,0.0854530280329492,0.337,0.17500000000000002,-1.0242930218931103,-0.03706787390642312,2.0479087052658107,0.7142857142857143,-0.3720470074814871,3.148603152311968,1.5779687371157516,0.773254005458861,0.1095404947953039,0.1095404947953039,0.378,0.214,-1.2430138775951718,0.41748573197207783,1.953615422313889,0.3673469387755102,0.3497574667421814,1.8955063490192192,1.156247266448157,0.06355207161896252,107.81739377299007,107.81799478751216,324.0,162.0,-1.4352629920777846,-0.0077600797017955215,1.5025321173823516,0.14285714285714285,0.929298460007175,0.6031386424801857,0.8951197167498918,0.0008810790955792199,0.015526837680656434,50,0
N62,0.05738620391696945,0.057386235283384816,0.196,0.105,-1.2025599421696769,0.09102047146850074,1.8297070627039533,0.7142857142857143,-0.33681929098933505,3.131227632139867,1.7013752812679943,0.7875738907576807,0.03489837245488678,0.03489842403318522,0.131,0.068,-0.8783859381297043,-0.09341172927037533,1.9485120570298016,0.3673469387755102,0.21494828908201125,2.2873792223134988,2.347802733783331,0.3014332748222177,81.36589949112589,81.3673153053485,220.0,110.0,-1.5527165689500466,0.0004834441965661597,1.351894179956671,0.12244897959183673,0.9227407751352303,0.6013630642154976,0.93663282055475,0.0011422125539767348,0.2665639221983165,50,0
N63,0.0831321742768707,0.08313218390009973,0.391,0.234,0.8246140654459664,0.6178880849471069,2.814794331413195,0.3877551020408163,0.3017990197571953,2.0096613993056294,1.9442616848180267,0.2184716661117729,0.20346811445531215,0.2034681301825915,0.646,0.327,-1.3842409534791866,-0.035678418114748436,1.6071312972038987,0.3673469387755102,0.3784868400020975,1.872188995815601,1.0998143154039444,0.042269299702097245,178.6159410579022,178.61601272002463,522.0,262.0,-1.447113465933367,0.0015439571564659703,1.4668337738043526,0.12244897959183673,0.9264786298141875,0.59195887668106,0.9069470710419432,5.18179619248234e-05,0.3981376073352777,50,0
N64,0.07182310491756813,0.07182311605604424,0.33,0.2,0.06922915928527607,-0.6070546241475053,2.7846188105224807,0.6122448979591837,-0.0870450579550132,2.5513646796554768,2.179643304769744,0.47588167808494375,0.12430711805846036,0.12430711966737867,0.42100000000000004,0.228,-1.267577752732548,0.27081976335855923,1.8341668651810372,0.3673469387755102,0.3638829423362891,1.8852841289434454,1.1734053752195432,0.05198955513101663,143.65664064010406,143.6570917149585,436.0,220.0,-1.4533783667928915,0.0028882271868762325,1.5314245706471599,0.12244897959183673,0.9277360243502225,0.5936963079271718,0.9178532783964881,0.0009025325201340642,0.2632155439628574,50,0
N65,0.08681370629111512,0.08681370859489877,0.33499999999999996,0.179,-0.8047217906730233,0.00238560356140073,2.061886341421868,0.2857142857142857,0.3603958495451391,2.472955051199085,2.1606337155652273,0.5451542425709632,0.05928636942839391,0.05928642340367649,0.256,0.14200000000000002,-0.5519416897396336,-0.17198112082439504,2.395152074415645,0.46938775510204084,0.2525966856385899,2.0699118365319684,2.431551388024055,0.25856689614803247,82.30534369043119,82.30674334463733,224.0,112.0,-1.5582731826079599,0.0030659207049069078,1.3607633524148823,0.12244897959183673,0.9248649900218123,0.5978648632770637,0.9355286841211482,0.0010590548437815449,0.26827989519210876,50,0
N66,0.06929242382829454,0.06929242382829454,0.31,0.184,-0.13731385890974046,-0.5262629473000595,2.655412956197764,0.46938775510204084,0.15288456239242768,2.518726829626768,2.277056891260835,0.5301423742944169,0.14627439420486416,0.14627439967403727,0.469,0.253,-1.2369077061231266,0.23533365510433935,1.7296259671124516,0.3469387755102041,0.38139682501748584,1.9273195663439906,1.2850512724096992,0.07840569498037003,145.03539430083953,145.03544394388567,432.0,216.0,-1.4359694683101811,0.0008926201441798398,1.4892911286124693,0.12244897959183673,0.9269964669359241,0.5935010467346002,0.9122446575989233,0.00017622989006149835,0.30175891073989175,50,0
N67,0.07533591175528441,0.07533591441006075,0.354,0.199,0.27591053425864764,-0.5250048602076188,2.6415024169856562,0.5510204081632653,-0.19472314433031548,2.7202208005777018,2.037089520508459,0.5568526255918574,0.1277530430165951,0.1277530430165951,0.421,0.241,-1.2545545282964756,0.36815531300209225,1.8864521291183187,0.3673469387755102,0.3036715122398906,2.008420859430308,1.3474135145323969,0.11781258260523289,156.8138208194673,156.8160706050244,474.0,238.0,-1.4402079716303333,0.0014376130110825582,1.517701591946243,0.12244897959183673,0.9301140659421544,0.600612675410741,0.8938604272367927,0.0007481320953237199,0.3209678084569404,50,0
N68,0.09134900108922922,0.09134900108922922,0.403,0.242,0.1607205480506293,0.639485988062199,2.649180583415638,0.30612244897959184,0.5996598534759302,1.5957840861406987,2.094922548432411,0.22153751208059194,0.12133713199181857,0.12133713364011861,0.511,0.323,-0.3794912544980069,0.46163563305429156,2.6620045348854697,0.3469387755102041,0.5175783525016867,1.7711987664602469,1.7968594982711512,0.08187267838516045,126.05776453673926,126.06030302993881,376.0,188.0,-1.4272825638016897,-0.0010162982702501266,1.4913497388257964,0.12244897959183673,0.9267061624381508,0.5887163580523993,0.9221207970297223,0.00017826102870452759,-0.024666128072231185,50,0
N69,0.0860567254780241,0.0860567254780241,0.359,0.186,-0.6333713177677622,-0.04396303238536769,2.1613650643434945,0.4897959183673469,0.1863306059967191,2.180612189581538,2.0216602439570894,0.3217058932449885,0.15909650027577601,0.1590965115896637,0.511,0.259,-1.3366268449636138,0.293731461372738,1.6279426708487736,0.3673469387755102,0.37121560287751904,1.9176628105393014,1.1694198306917702,0.07022177100694092,166.7253358071292,166.7256428987455,498.0,250.0,-1.4397861811803474,-0.0029387197711115967,1.499469401667433,0.12244897959183673,0.9309891521757566,0.6014786705813461,0.8817053592659938,0.0004408485065768539,0.419578125786996,50,0
N70,0.0394869548078856,0.03948695987284916,0.184,0.096,-0.33400143402928073,0.10558805119793786,2.4311823525823937,0.30612244897959184,0.5086134874600634,1.681214648425404,1.9498314802069854,0.1022445271687305,0.042783403324186356,0.042783407998896024,0.193,0.105,-0.7347111458306927,-0.1332723102265828,2.4542224406879742,0.3877551020408163,0.14609899562219902,2.285188137348253,2.3769873879547982,0.24654970187470535,81.71368551228123,81.71560438496432,222.0,112.0,-1.549519630054847,0.004659445182223762,1.3706072523476067,0.10204081632653061,0.9283285260323586,0.6058976011556015,0.9052628290101774,0.0012281763954221081,0.15663699763124153,50,0
N71,0.057623429262757354,0.05762343273356769,0.265,0.153,-0.21663966015102654,0.32733403229021285,2.655169828347836,0.4897959183673469,0.07418145435378658,2.5441800373222527,1.9788660770544504,0.5232219205332668,0.10312332228938322,0.1031233242288087,0.454,0.233,-0.8374521026657691,0.318687371592788,2.2594306549216996,0.3673469387755102,0.3579607735294986,1.8912473402028884,1.262984048812308,0.06307271681224243,115.92842619478624,115.932739120578,348.0,174.0,-1.4257141167757175,-0.007833384779661438,1.5008702573569668,0.12244897959183673,0.925380103905646,0.5988624376780692,0.9098560054757869,0.00026703550656539574,0.26543163972993705,50,0
N72,0.07118833893272128,0.0711883417421701,0.331,0.17500000000000002,-0.19088386917642453,-0.3201687889175121,2.458267684248285,0.4489795918367347,0.17688317533756084,2.23733708213749,2.0495391210444183,0.3540438266126359,0.14792490121679988,0.14792491338513603,0.517,0.298,-1.244031657837358,0.4674598596204283,2.0145355720042217,0.3469387755102041,0.3589276312476728,1.9013930120683538,1.2156588679890923,0.063662053785999,165.28920109916436,165.29029009594,498.0,252.0,-1.440980903943248,0.004582175453879901,1.5245904635640168,0.12244897959183673,0.9281941893830162,0.5972438248771286,0.9116453434240298,0.000982201758760879,0.40497126053069,50,0
N73,0.0318474425974834,0.03184744887742188,0.138,0.076,-0.4304128846947428,0.07568189669296332,2.3863763873997423,0.3673469387755102,0.3314072192201782,1.7726196696365708,2.2868062758208807,0.21337907179524063,0.05138170880770705,0.05138170880770705,0.213,0.12,-0.41245643293202106,0.29245018221496494,2.335461446973139,0.5510204081632653,-0.1362681487164559,2.543005643673103,2.280189872499059,0.32155619375615324,81.12702139238195,81.12706083669,220.0,110.0,-1.5426555395939714,0.008533130289700557,1.355897759212942,0.12244897959183673,0.9266109231725135,0.605085856121442,0.920449627864513,0.001206686697478861,0.07115723919672004,50,0
N74,0.08230856334549887,0.08230856577537966,0.362,0.20600000000000002,-0.40330372394255587,0.3159183452199674,2.5027771782851214,0.4897959183673469,0.34589978912005026,2.783588183179979,2.0441643805131133,0.6657553369148632,0.09025253459044792,0.09025253459044792,0.31400000000000006,0.17,-1.0541783174507582,0.023050522776177588,1.8836036103743101,0.40816326530612246,0.26373774716757004,1.9252285294405116,1.7829633892842938,0.11767291163602911,101.63108973143996,101.63109760304667,304.0,154.0,-1.4343293898462275,-0.0046429476909190534,1.5152842351609457,0.12244897959183673,0.9279585528467345,0.6007720219967027,0.9117723002356137,0.0007990121274513287,0.19405385254574925,50,0
N75,0.0782467890715012,0.0782467890715012,0.354,0.181,-0.2368972413214938,-0.26426114210959273,2.3131939616666424,0.42857142857142855,0.09854568994399078,2.4044660237740922,1.9889941690303985,0.39814278470212866,0.16817139947089696,0.16817140066015981,0.551,0.28200000000000003,-1.2873389851398858,0.15705160337162186,1.676860624892247,0.3469387755102041,0.36887128180016815,1.9073693557480669,1.1846589374269094,0.06792988438849792,177.94663919276476,177.94718317523322,520.0,260.0,-1.4523851723718062,-0.0013303846319225304,1.4611077026376158,0.12244897959183673,0.9267983919130588,0.5935065673463712,0.9014482601891101,0.0001553936913784071,0.39730761049705116,50,0
N76,0.09612093216360316,0.09612096545499323,0.339,0.17400000000000002,-1.1754015389803043,0.005715027942168383,1.8102190211715272,0.7142857142857143,-0.49644241675299305,3.3374568756916227,1.3989192156680574,0.8779069104121686,0.10115235241950629,0.10115236032836801,0.332,0.198,-1.1221726573625335,0.47270791432290804,1.9574432011001848,0.3469387755102041,0.3239723597958995,1.9851713520773855,1.3101705991982384,0.11524917906762339,106.685039251059,106.69320503199818,324.0,164.0,-1.4334115758027248,0.0036491270500355185,1.5371175694910941,0.12244897959183673,0.9252332047645148,0.593103013908735,0.9339979648106959,0.00103499155851799,0.10343287519975128,50,0
N77,0.08666048695916727,0.08666048695916727,0.371,0.197,-0.6930837888399264,-0.07638787310019138,2.2732390148329373,0.40816326530612246,0.2094053843239865,2.1854974217966405,2.121233116657588,0.3353432097011212,0.16608594040435812,0.166085941608554,0.556,0.28200000000000003,-1.2629683616000886,0.1723152505009195,1.6979161346758807,0.3673469387755102,0.3615330997990789,1.8795343533568545,1.1495223452139323,0.04956971598199142,173.19327469621908,173.19445718613514,514.0,258.0,-1.439955545515885,0.0019099091611745119,1.4896550628218017,0.12244897959183673,0.9271070722918417,0.5905429724208459,0.91663089721275,0.00018903531814602463,0.42780116385437433,50,0
N79,0.05078680537304941,0.05078680931107998,0.234,0.136,-0.08894300189746351,-0.2542794298425045,2.677860685576271,0.5510204081632653,-0.07947963890408158,2.42412916918971,2.2024674994314766,0.5133679063510849,0.09314107364637794,0.09314107579365831,0.31,0.183,-1.2101000117737732,0.3890774126341144,1.9647615022765272,0.3673469387755102,0.36193456023474074,1.9123707625546218,1.4152842226221816,0.09494163852220779,104.47124771916913,104.47162294135188,314.0,158.0,-1.4221384497279608,-0.0018681101941622731,1.5123724084261407,0.10204081632653061,0.929578831222074,0.604738783921851,0.8987629519679039,0.0006667151209417383,0.021309345962223093,50,0
N80,0.0922437987075554,0.09224380738022472,0.44,0.225,0.08904054868172873,0.20660750717011822,2.439188129698077,0.40816326530612246,0.33201334227095053,1.8795994946647496,2.0232031191080497,0.17222209784271628,0.15874476243328467,0.1587447636931688,0.554,0.29,-1.1811839119056389,0.17747988192335204,1.8268319108813502,0.3469387755102041,0.3759751744867513,1.889190024046135,1.215006130355152,0.06273091426963492,170.7025670574406,170.70348561174725,504.0,252.0,-1.4509478648458594,0.003641907760987164,1.4762440210105363,0.12244897959183673,0.9284804912002803,0.5925677275084457,0.9081670464739487,0.00010715900829946331,0.45103872234338244,50,0
N81,0.05519966335465389,0.05520459780713577,0.21600000000000003,0.116,-0.7741943935485187,0.2129730359372022,2.1012742526494015,0.5609756097560976,-0.2423141398821445,2.9138826068957018,1.8296395307362143,0.6491833678524155,0.05027128783861003,0.05029366143911558,0.185,0.111,-0.67981990251443,0.6191235803974726,2.207037563458652,0.4634146341463415,-0.07414722133197854,2.431515817806096,2.1383373320769046,0.3596667413555207,85.71514549833334,87.00136835267648,240.0,120.0,-1.4107036102653117,-0.26529945125390697,1.3792886511112945,0.12195121951219512,0.9283787375794014,0.6047021612592157,0.9021965706047962,0.0012397428612174967,0.27334174413963264,42,0
N82,0.07557117917399582,0.07557393303804368,0.367,0.20700000000000002,0.5038362728740817,-0.4710222149340248,2.739039661940009,0.3333333333333333,0.1653303467564197,2.6211090137831654,1.869450729638984,0.59515454972342,0.10373511452459984,0.10413886510715609,0.32,0.194,-1.3029956135124459,0.37743221700487817,1.8628971978941697,0.36666666666666664,0.3613847297021784,1.889590348403875,1.2662361899761638,0.07455756473303404,110.30046939332169,110.75284894027375,334.0,168.0,-1.3489724813036224,0.1338310166930715,1.5168910019696036,0.13333333333333333,0.920425620106998,0.5856030880137975,0.9482266787415322,0.0004265460274418819,0.2947267685651815,31,0
N83,0.08877673452966155,0.09080026156349992,0.29000000000000004,0.17400000000000002,-0.9099318555292717,-0.417275411848264,1.916294039288813,0.3333333333333333,0.3094938258931687,1.9153217068394284,1.4792836703939694,0.12166690159720316,0.17714091098261295,0.17714489126136268,0.554,0.28200000000000003,-1.3002636458088603,0.20033263617657435,1.5919172040018488,0.4,0.30567344198338803,1.9524955918637354,1.188773701322482,0.07949982825031512,179.93779307027194,179.94513052594672,512.0,258.0,-1.5134410678800392,-0.016788943109102672,1.4337703901512264,0.06666666666666667,0.9421659440728417,0.7336466485731578,0.49032905196848175,0.00024004994829904058,0.4240956231085248,16,0
N85,0.07879781976679304,0.07879784261006136,0.323,0.166,-0.7796069192939195,-0.10600767883852938,2.1066566609122392,0.3469387755102041,0.3420914097080508,1.9811338142549721,1.8629534764887512,0.1990199903842649,0.18898449566035835,0.1889844967186462,0.555,0.28200000000000003,-1.4570914853955987,-0.0015994779181579635,1.49218589300387,0.3469387755102041,0.4366462596281434,1.8214523318574152,1.0473787966347534,0.02420646437997741,171.5895614540698,171.5909088500903,500.0,250.0,-1.4467257365732107,0.0018726780952262952,1.4569536444288635,0.12244897959183673,0.9312417436536038,0.5960148808917732,0.8943871304596253,8.855193040224998e-05,0.4529168454709338,50,0
N86,0.07463339512106351,0.0746426268236216,0.28400000000000003,0.145,-0.9633087663795714,-0.014244669282849958,1.9425897261444303,0.6444444444444445,-0.33836906402134054,3.1492922485356347,1.6501235888241017,0.7756211538114768,0.09503950029465165,0.09510154755747188,0.281,0.163,-1.2776717644507056,0.4551845121605667,1.7139573875124972,0.35555555555555557,0.3641596709389089,1.9150027565762004,1.3242128278461769,0.08045703277089881,108.0969686502816,108.38939463603079,326.0,164.0,-1.4205635701487613,0.13632173100650583,1.5130631603830653,0.1111111111111111,0.9291220985420303,0.6020598540539721,0.8950964993808725,0.0008009542324652419,-0.008340971427286578,46,0
N87,0.07056651252925698,0.0720195680479839,0.28200000000000003,0.161,-0.6522750948878331,0.17464361790518612,2.2355035494343958,0.65625,-0.12968867820370084,3.031142123166059,1.7064335024931154,0.7395512248437628,0.04166033009668697,0.04177936274663786,0.16699999999999998,0.105,0.06910097312094443,0.6402549292988335,2.5132025262508275,0.53125,-0.15368713311197346,2.721326984604697,2.1078140818748583,0.33114622013751444,82.43097120484572,82.43417943665078,222.0,112.0,-1.5686168105491622,-0.013279434214800451,1.3586597302890608,0.125,0.9298640787546745,0.6074802051026092,0.9101351456426443,0.0011014051775902842,0.5838220694473324,33,0
N88,0.07868943045306882,0.10742479674880348,0.316,0.20500000000000002,-0.25733908868966404,0.6741368593294821,1.9083117325263486,0.2727272727272727,0.1677536978115988,2.2032034973796564,1.9877941690384557,0.3731786910825417,0.1843240653268073,0.1864125858785105,0.64,0.334,-1.1748982451641525,0.23651120332528455,1.791724514876242,0.36363636363636365,0.39482277524825143,1.8240318407259222,1.016621254712006,0.020055125004571673,177.9801819854787,179.66151749766897,538.0,272.0,-1.3548880245662658,-0.15164983011402688,1.5139580461549262,0.13636363636363635,0.9231546319063753,0.5966567565637846,0.8232718270276368,5.3224754852171625e-05,0.40699175015495337,23,0
N90,0.08812581006719881,0.0881258191451291,0.39,0.2,-0.35933545316731363,0.08478139077155084,2.2694824506610494,0.3877551020408163,0.29020924533086206,2.168401143076945,1.9448053989677894,0.27384099206993145,0.1881204933015008,0.1881204933015008,0.627,0.314,-1.3172747181765978,0.037116428186488554,1.6691429758094036,0.3673469387755102,0.3912855810038288,1.853925334397569,1.132216593662747,0.04410291450991459,171.78563851498183,171.78568042767708,500.0,250.0,-1.4618294523692315,0.002816143285105614,1.4553017421335748,0.16326530612244897,0.9287143398562937,0.5964106291720497,0.8879555886692339,7.479267531266795e-05,0.4647179469999343,50,0
N91,0.07690785932197944,0.07692349764406138,0.33299999999999996,0.185,-0.5169581819572242,-0.009651475021803526,2.4049868462303636,0.7083333333333334,-0.4057711628394293,3.1812447131337867,1.745190132389161,0.8030079835964321,0.12593759982783406,0.12595480238918227,0.405,0.25,-1.0419628169749506,0.5971084900182388,1.9848389680890122,0.375,0.26487846000247656,2.0710957964927124,1.3816494865874036,0.15194089635186225,128.60152546990324,128.65996951306198,392.0,196.0,-1.410535378612959,0.03094723714822516,1.5233953555390936,0.125,0.9234106325134307,0.5886486686841591,0.9252955571961663,0.00039185569255392294,0.3800347575730283,49,0
N92,0.04635453651537847,0.05099319126663437,0.185,0.10400000000000001,-0.8877094330268585,0.09279905750371581,2.03948796725042,0.2857142857142857,0.3517308976315903,1.8526515391981542,1.8912645795838843,0.14404941463936127,0.05715038640872577,0.05801867515435584,0.244,0.157,0.5161860939165179,0.9267581506360824,2.706025251047343,0.37142857142857144,0.1369603015545784,2.432006792001979,2.258606740367975,0.25933924403317365,81.44088214128465,81.64557550780079,220.0,110.0,-1.5673124075843303,0.13837555807502178,1.3472867245511682,0.14285714285714285,0.9281804944794627,0.5981533928292807,0.9379256252289699,0.0010707197616452167,-0.20587085667058566,36,0
N93,0.07450101177932866,0.07627353521315926,0.313,0.179,-0.23738897435372674,-0.2139912593818928,2.3468166186312764,0.36363636363636365,0.3252802969765385,1.8336656474782802,1.596001385158406,0.15816424559478257,0.1811352459232879,0.18143306347449223,0.529,0.268,-1.4549508139514833,0.14302020864505252,1.4771287816439163,0.36363636363636365,0.40916191790539136,1.8657591571849301,1.0566232423559312,0.04485049531121604,169.03690271698434,172.18645101471682,498.0,252.0,-1.324104994827971,-0.24085861761983404,1.4635297871286137,0.13636363636363635,0.9275100135817734,0.5662695891802595,0.9037993352172387,6.204812329644573e-05,0.4683392064629773,23,0
N95,0.09186533622645704,0.09186533622645704,0.4,0.201,-0.17519377705935435,-0.07521530268603356,2.1879852429268354,0.5102040816326531,0.1796885270395642,1.9717802354731324,2.158398625499075,0.22838808626333149,0.1551444281951498,0.1551444488210906,0.622,0.327,-0.9962629240170022,0.1054435699367003,2.1077131826810622,0.3469387755102041,0.362351684365611,2.007865460429146,1.5273871212404289,0.12184881673057466,148.37733519645107,148.37735676308566,446.0,224.0,-1.4362038692775871,-0.004753676440784655,1.5096643105569074,0.12244897959183673,0.9302864276357564,0.6023538284238776,0.880104070611553,0.0001515310126911968,0.3746093184755995,50,0
N96,0.07959748739753034,0.07959748739753034,0.334,0.17500000000000002,-0.6017434098804784,-0.3654395693746865,2.198561860703027,0.5510204081632653,-0.06062891251415702,2.458830867253439,2.1664483088341275,0.4551112157457498,0.13787965187075285,0.13787965767291419,0.441,0.246,-1.3689563221574197,0.27194097670285966,1.7841645689574812,0.3673469387755102,0.3707237892682748,1.8468466273516229,1.1065488856621044,0.03394361866353125,143.71650427143015,143.7205622031865,442.0,224.0,-1.4258977112006044,0.009175896598466751,1.5585800428703973,0.12244897959183673,0.9289781940082881,0.6017846356474138,0.8900637001354973,0.0008974089087353223,0.29452548097984554,50,0
N97,0.03209866196156768,0.03313211194755419,0.11800000000000001,0.067,-1.0230701324261318,-0.2907862836133711,2.022207340904085,0.35135135135135137,0.21427872429163633,1.6691779821491177,2.0698723048609198,0.16620991938214638,0.04518904581307117,0.045198975302777084,0.182,0.107,-0.5444158817111999,0.29814270303036994,2.3673103047852897,0.5135135135135135,-0.11522725343826547,2.5799505567092287,2.1308115261653215,0.42648030566197714,81.96940514302507,82.60941707501442,220.0,110.0,-1.5319872234624436,0.21019536235771502,1.331567318773273,0.10810810810810811,0.9290166230932562,0.6073858580356675,0.9027784627305425,0.001041516208938975,0.03571201081029677,38,0
N98,0.07346622625397332,0.07394944218856557,0.31,0.158,-0.16588760011679593,0.3795266875786469,2.136594885964275,0.5,0.13189123888013168,2.2008543333506836,2.012899543010739,0.3200928697504523,0.15676019903023855,0.1567603266135919,0.522,0.292,-1.255439559115927,0.2218049412470006,1.8627162006351812,0.375,0.3374521089995164,1.814781433099433,1.0715567165711737,0.017515192733967882,144.2381142416941,145.1316643603318,426.0,214.0,-1.426719482870296,0.11839729814295384,1.4745231575976585,0.125,0.9301704717092532,0.5942755312214146,0.8578123418423892,8.484515368175897e-05,0.4965494857044763,25,0
N99,0.06634054347330397,0.06864188468663528,0.33,0.197,1.0045721009189208,0.310072506203077,2.869967817744904,0.17391304347826086,0.3806450947438481,1.9250700327899624,2.0708185385000086,0.3319431783511239,0.04809098725910662,0.049427556416773565,0.176,0.113,-0.41806883414352924,0.5998260904777035,2.286174114034347,0.6086956521739131,-0.07387359526807455,2.530246750573708,2.0861380321958025,0.42981810049104496,78.9197465080121,79.67119931317715,216.0,108.0,-1.5053146437457998,0.15777215730707222,1.355571410133617,0.13043478260869565,0.922907075770208,0.57068192418619,0.9551774254411292,0.000497199486759912,0.2584950193959958,24,0
N101,0.06976559610581709,0.06976560757278617,0.34199999999999997,0.182,0.08250395918335274,0.1206114104403297,2.6087352541167244,0.42857142857142855,0.0939689835029893,2.174994059414437,1.7859667435723987,0.3766000619857705,0.06093603203360061,0.06093603203360061,0.271,0.152,-0.6481857266863589,0.3204950962320586,2.4944190641784156,0.42857142857142855,0.32353257360412774,1.9788095877268714,2.0441125999769416,0.1815440731517801,91.09405249520958,91.0951151269924,264.0,132.0,-1.4734353846488166,0.0006423886342014856,1.4490348885994995,0.12244897959183673,0.9239862569089674,0.5967432974220628,0.9305989719731347,0.0007845822233689458,0.07942155965269082,50,0
N102,0.07214402262142028,0.07214402262142028,0.271,0.14100000000000001,-0.7710488631568624,0.0134437901613044,1.9544238715368736,0.42857142857142855,0.3210737282131723,2.147362588482972,1.876773247525522,0.2552711179556214,0.1820622410056517,0.18206224210417712,0.599,0.306,-1.3493081581972388,0.08152309896555669,1.6807438844178626,0.3469387755102041,0.4099010905661709,1.845510388483958,1.0675212036592325,0.034290385173227834,172.40742443410028,172.40788845061584,500.0,252.0,-1.462673555386965,0.002864286836086159,1.4616500571096684,0.12244897959183673,0.9280540296658233,0.595560312917557,0.8937028274560576,6.741543430551266e-05,0.5543498253423506,50,0
N103,0.0821703920724085,0.08218867183364005,0.28800000000000003,0.151,-1.1773985820148427,0.05417086915628376,1.837236162005909,0.7272727272727273,-0.5253158147067255,3.4559075412304345,1.174490162789299,0.9364695124927992,0.08900768728071598,0.08901835016819099,0.278,0.16,-1.166867184830021,0.5580289082895811,1.7973822217295257,0.36363636363636365,0.28247555149726405,2.0262837582814592,1.2738839538729219,0.12592421556151492,105.38802143378723,105.39702715605091,304.0,154.0,-1.4830924782418045,-0.019301501686960713,1.4611417812761218,0.11363636363636363,0.9349202424092462,0.5973168377249652,0.9143662569670867,0.0008873388543066509,0.127061130490647,45,0
N104,0.07534478993428952,0.07536031097725271,0.275,0.148,-0.983162234759313,-0.2567427768108251,1.9638984776041246,0.5454545454545454,-0.05492451748735621,2.0522808752995285,1.9674210069379219,0.3923597590438291,0.07236893653894982,0.072369151699098,0.272,0.16,-0.7047407028309207,0.5704599595700324,2.210886769341449,0.36363636363636365,0.3427076257975882,1.8805736719536805,1.96735131543921,0.13161515707062474,90.58273474514905,90.58762413850373,264.0,134.0,-1.4640373838114609,0.03927929715306825,1.4792307588851323,0.15151515151515152,0.92657037845915,0.6037677950050638,0.9128657624591591,0.000950499779882787,0.07375201230086192,34,0
N105,0.03424832984082309,0.03470124595152507,0.157,0.094,-0.2702244316653304,-0.16542758139076383,2.7088364530573528,0.45454545454545453,0.26423371325291395,2.5428043824511364,2.1573104734227284,0.5106289897322431,0.052885174628639835,0.053056850752421274,0.22100000000000003,0.11800000000000001,-0.5466380442267322,0.14003853652344497,2.224029476431279,0.5151515151515151,-0.2147901383511704,2.904707244248808,2.0348812978661406,0.48036149824462676,82.33150981641549,82.37218262610403,222.0,112.0,-1.5680558310760329,0.04887723083317295,1.3596823154289808,0.12121212121212122,0.9252145395563162,0.6056824653261651,0.9241469708922144,0.0008208977997937816,0.12085888959620426,34,0
N106,0.059622434626101964,0.05985512813148398,0.201,0.112,-1.018802564686659,-0.055955545666802935,1.8711847003980877,0.5238095238095238,0.10115700238785763,2.900315923572071,1.6032442859943359,0.717846027657584,0.07188398883784669,0.07225554398358396,0.21300000000000002,0.131,-1.1844104702944742,0.5329073430522995,1.8130096706456524,0.38095238095238093,0.28106886194592834,1.918881769618244,1.3471356823957512,0.10168521683535357,100.71500581688021,102.91832595889723,302.0,152.0,-1.2794830385853613,-0.27829137636786905,1.4768992653524569,0.14285714285714285,0.92573312898909,0.5303498707763621,1.001967723713201,0.0005866787454063896,0.05956011312435852,22,0
N108,0.07223517148868687,0.07223517148868687,0.311,0.176,-0.2839569300294964,0.3386741452731503,2.4364862209479807,0.4489795918367347,0.11195540179703682,2.82687332722646,1.895768795217105,0.7076723904744336,0.08278623073917546,0.08278623073917546,0.30700000000000005,0.17,-1.0601246290542117,0.2769314557324572,2.0534815812015697,0.3469387755102041,0.44311432982789395,1.7583585911996442,1.5934600870776945,0.04896251738089777,102.717507757928,102.71903426337302,310.0,156.0,-1.4337823606375197,0.004724968315495276,1.5187058671133322,0.12244897959183673,0.9238668433734344,0.5983732826011038,0.9231364197220254,0.0007444396632728989,0.27230750433500794,50,0
N109,0.09508605786339025,0.09508606627682102,0.42300000000000004,0.219,-0.2898647670218746,0.006146368636466122,2.3031765701867646,0.42857142857142855,0.22662860569740648,2.2983997541400414,1.9179104205786064,0.33486249569006754,0.20057341897669292,0.20057342795096267,0.67,0.342,-1.2050057668425929,0.19662329922834218,1.7051112078695396,0.3673469387755102,0.3633311061187584,1.8830493676440203,1.1677929552411015,0.05985376215216051,177.25850501456907,177.2598093195409,514.0,258.0,-1.4644231228115374,0.003971949120772695,1.455490677725548,0.12244897959183673,0.928334166657746,0.5960603092029066,0.889771919359377,5.2626736509342874e-05,0.4934161492606766,50,0
N110,0.08546242537205927,0.08546249374923387,0.30400000000000005,0.17200000000000001,-1.268010914827904,0.09343015124453441,2.012578763553128,0.7222222222222222,-0.533813775015571,3.335380329682109,1.3840537662518548,0.8973284958263373,0.09698885042816853,0.09699428793435154,0.337,0.201,-0.8239314163745006,0.7026326804419931,2.072286979786299,0.3611111111111111,0.2027741698392074,2.176429206306671,1.4677706813514202,0.2122100807561163,103.16436777623638,103.57762463159852,304.0,154.0,-1.4241458429001723,0.17321210507905427,1.4868076049025272,0.1388888888888889,0.9290410269458101,0.593974607911465,0.9338506244839075,0.0010876865042915265,0.21618906418052805,37,0
N111,0.05906582147520377,0.06516300630959523,0.25,0.127,0.09352019939924938,-0.573523717776127,1.9489585762297663,0.45454545454545453,-0.03602706802202944,2.708106097173774,1.7676559484120704,0.5816406377148565,0.05203990035283945,0.052318423058272195,0.22999999999999998,0.125,-0.1216081930705144,0.09252680257254409,2.3892157426223486,0.5,0.22380520538146564,2.865595830734849,1.6772373489085022,0.4440364721779933,80.70099307662747,83.92646885168614,220.0,110.0,-1.3462123493070306,0.475321340514026,1.3106711327792273,0.09090909090909091,0.9366806480216328,0.5004675354365541,1.0259970461254015,0.0007567825080359257,0.41143661128250103,23,0
N113,0.06092930001239142,0.060929303294884316,0.28200000000000003,0.14400000000000002,-0.5198320734234434,-0.1990435550093779,2.3633948233918245,0.3673469387755102,0.3619160813027576,2.2970077634555963,2.085979137107569,0.4878929466872014,0.04379063370174038,0.043790638268926846,0.183,0.112,0.038948188854914356,-0.6883015021657825,2.5576242874603965,0.3877551020408163,0.26325441885752726,2.087707283648395,2.3649378733978956,0.1972253030560508,82.61320959749717,82.61670533251734,222.0,112.0,-1.5451745359622633,-0.0033482899434033445,1.3556580300463472,0.14285714285714285,0.9234485818428314,0.6012360899230409,0.9332165095030104,0.001251145666346975,0.26753557313337484,50,0
N114,0.07341021454811313,0.07341021727252958,0.29800000000000004,0.155,-0.5373042492494924,-0.09563865993116388,2.111422711426869,0.42857142857142855,0.16303166112798775,2.2479089479403367,1.886797076571271,0.31160316311556124,0.183014697770425,0.1830146988632334,0.567,0.3,-1.4174327051033362,0.14597820025100977,1.639212598023012,0.3673469387755102,0.38262665930379647,1.8399521250762372,1.0574788507791522,0.028428564985998897,169.6763790278423,169.67639788727246,500.0,250.0,-1.4463890705163627,0.0016026582361294962,1.473392900326019,0.10204081632653061,0.9314784170986921,0.6001090723937068,0.8786162726170299,7.278363230152642e-05,0.5067498686328756,50,0
N115,0.07501279474196386,0.0750128322355582,0.33199999999999996,0.186,-0.11103575724042525,-0.4766206979414105,2.479575753331318,0.5641025641025641,0.010010941168055123,2.257802255783764,1.8723474152628699,0.32103168842018026,0.1266668760963181,0.1266905679204257,0.382,0.229,-1.2470538470710824,0.534960931643426,1.8075536621150423,0.358974358974359,0.3298294424057786,1.9824094742850995,1.2569403562564068,0.10421972140993288,138.43546330330244,138.52039561017722,428.0,214.0,-1.4111999221014804,-0.033691889776113634,1.5448988508684076,0.1282051282051282,0.9219525041578592,0.5943381558367372,0.9248918487767306,0.0009258588680333633,0.4897534030198349,40,0
N116,0.035162448794312094,0.03519522273979387,0.174,0.095,0.5579180157385881,0.39274331282543173,2.69922996942955,0.5,0.2154287756907567,1.977378052292923,1.678287513245929,0.1710550169707074,0.05089737920440053,0.05090950577031541,0.19,0.111,-0.6942179367501313,0.3283140452168786,2.1803393751412625,0.6923076923076923,-0.39224233306820155,3.1457846146983672,1.509233101506664,0.7677075219807604,79.29095939277448,81.0084586347029,220.0,110.0,-1.4640747323058512,-0.2845612896981534,1.3578828909216836,0.11538461538461539,0.9254448787245368,0.5469612164427005,1.0272938101055327,0.0005640488060161667,-0.062385691706134984,27,0
N117,0.06778769407321701,0.06779134654708274,0.332,0.191,0.6580881256212545,-0.49994955872553176,2.8174687438513386,0.6538461538461539,-0.1260581626183966,2.538717361745725,1.8547941439756963,0.5026381329970124,0.11748017373519024,0.11754699611770732,0.359,0.20500000000000002,-1.1653661296519484,0.5890464048126478,1.7439833153602702,0.34615384615384615,0.2995732258053347,2.0690913746136976,1.4081726794263367,0.1597756883625441,123.24505794258134,127.9479060659715,394.0,198.0,-1.11541389871459,-0.38521749071162215,1.5475048094801083,0.15384615384615385,0.9156292803762934,0.5217547462652532,1.0489905149514749,0.00038472586016603355,0.30925143280645045,27,0
N118,0.07048413893090026,0.07078592415744482,0.273,0.14100000000000001,-0.504651680868474,0.027131302464877827,1.9919214402906191,0.75,-0.12209052750782406,2.5632741807966704,1.7658367461307123,0.5513152630895429,0.0489633009946292,0.049077969179903216,0.20900000000000002,0.112,0.4260394900605635,0.648901244610819,2.282083017523523,0.625,-0.14624717402225942,2.8629177221783433,1.741387120974816,0.4566104537409938,82.13618533372772,82.16053152929616,220.0,110.0,-1.5659773398418815,-0.03347758324751094,1.3388423608332798,0.125,0.9238922797104888,0.6055406833914594,0.864749277804639,0.0005610584507412268,0.6071968663242894,17,0
N120,0.07318961674991885,0.07318961674991885,0.34700000000000003,0.20700000000000002,0.33543688926268533,-0.5466494705880256,2.8282700359983717,0.5510204081632653,-0.06033200722163166,2.6659587400628957,1.8649408129061813,0.554980604313139,0.15521900527963706,0.15521900656813908,0.477,0.256,-1.4057844839843285,0.29705374976862076,1.649282556692691,0.3673469387755102,0.3656820409899197,1.8683635682617252,1.1134775570018434,0.04412122688054861,159.31113708714784,159.3140295140387,478.0,240.0,-1.4452994316345675,0.003938217538132126,1.5064586636348387,0.12244897959183673,0.9283328418172864,0.5930091877930173,0.9123494170403295,0.0004965795012876129,0.48652076587113796,50,0
N121,0.04398636152263563,0.04398636152263563,0.199,0.114,0.10431136291821153,0.25320260305167747,2.591712432075905,0.5102040816326531,0.3881338704018987,2.033150993408911,1.9855239229158397,0.29448970463537966,0.052954882683280496,0.05295488646008034,0.246,0.129,0.02890451134483696,0.24749171453157404,2.4360358150752663,0.46938775510204084,-0.07125031639736017,2.674320157817161,2.1643329400286158,0.4372923013261054,80.8085243028234,80.81138533647348,218.0,110.0,-1.5568809845322382,-0.0014877742578555174,1.361194335946528,0.12244897959183673,0.9302440415996951,0.6061751899379532,0.8986973348121283,0.0010382856789565905,0.18219265258125902,50,0
N122,0.05716342883672989,0.057467589209256105,0.245,0.124,-0.13767471803866194,0.22870337582840733,2.1577379825083693,0.4878048780487805,-0.05026143373339654,2.3860560418212446,2.164680915908794,0.47679996355519566,0.10291583697922195,0.10295225430589983,0.355,0.18,-1.239624099098106,0.3962830080336801,1.7483832793517067,0.36585365853658536,0.36234786355993,1.8265083612608743,1.1365034229333053,0.04178390774926155,110.10344548415817,111.32235474812175,336.0,170.0,-1.3710938473326209,-0.1910985963736865,1.5270966948609956,0.12195121951219512,0.9261657088011919,0.6046784379265132,0.8949666838291916,0.0006310893020531859,0.4655808899431096,42,0
N123,0.10023501515923197,0.10723306875438547,0.363,0.27,-0.36909468151080826,0.7405984199447614,2.517880007877308,0.39285714285714285,0.5070360980041327,1.7231940192478459,1.8627568352097545,0.1385983408480027,0.19022008656224484,0.19025790119077116,0.6160000000000001,0.329,-1.1986180886549678,0.3275031423630255,1.7292317319852724,0.35714285714285715,0.386767021152162,1.8758839928661433,1.213375149938308,0.062189746053182594,169.59662572642281,171.55716851523727,500.0,250.0,-1.3492852325549909,0.2287715394947485,1.457240185086149,0.14285714285714285,0.9229907979602662,0.5708266561756066,0.9703953588143321,5.626357598597932e-05,0.5262748545596214,29,0
N124,0.04448720165520766,0.045388446890272764,0.165,0.08700000000000001,-0.5229930061758892,-0.019758809614014924,1.9167873315939579,0.47058823529411764,0.3937295814662946,1.8982732724552935,1.6554780676967449,0.21774888352976643,0.0433904182402259,0.04340762861781581,0.156,0.082,-0.6243589846981057,0.24394026487917178,1.8890688713261041,0.5294117647058824,0.08276435389110373,2.4292558884315847,1.9440104878587454,0.3511728527591554,83.38435475125985,83.69654181094408,222.0,112.0,-1.5649487108251008,0.1261018959227771,1.3381675942237674,0.11764705882352941,0.9286710352572409,0.4999914312993347,0.9852395916040184,0.0007958814144972725,-0.01977221421999616,18,0
N126,0.09487855184392309,0.09487855395188104,0.453,0.233,-0.056417213846187586,-0.14631558538278305,2.4557709861194676,0.3877551020408163,0.23888018657674745,2.3237072611579914,2.126872549790862,0.38571514007178104,0.17243954998781458,0.17243955462712146,0.5609999999999999,0.293,-1.2624831643773518,0.20995050689132244,1.6991461189607866,0.3673469387755102,0.34006017118912335,1.8928173948174936,1.2004690781560436,0.06383135945306788,178.7196060873009,178.71989256934998,528.0,264.0,-1.4603227826029808,-0.005808606563418975,1.4771718816782422,0.12244897959183673,0.9275409076763056,0.5886000105407114,0.9145098546570097,0.0001023298594277575,0.47425026825945904,50,0
N127,0.040172373591810584,0.04017237857035603,0.21800000000000003,0.11800000000000001,1.2068896379683407,0.11633837802945349,2.9373416312240592,0.4489795918367347,0.35806704502785797,1.689774561571059,2.1969944266500643,0.13469844962348002,0.04762728629682779,0.04762730309391872,0.195,0.10200000000000001,-0.6705081818148928,0.2710457935347079,2.1416287165968853,0.6326530612244898,-0.14214386309379706,2.7164310688852016,2.261490288696551,0.438571872224847,81.44451853869603,81.44593298624554,222.0,112.0,-1.5396061275836943,0.017702526721486034,1.3751453988367275,0.14285714285714285,0.927868849977395,0.6120168299449145,0.903978413754203,0.0013570879832908557,0.15972436010500685,50,0
N128,0.0838642152364298,0.08392878926010232,0.366,0.189,-0.5954855688636509,-0.03529077446256128,2.251909048923287,0.574468085106383,0.08758734335902185,2.7942120239736328,2.0913330052755397,0.596109849095465,0.13001233748881508,0.1301141325913523,0.516,0.265,-0.9737570943179912,0.13140859373864114,2.0366734552370414,0.3617021276595745,0.34057762022519256,1.9496263819264015,1.3474394703892736,0.060448763650433286,107.9150820346978,108.09833486229101,328.0,166.0,-1.3914865106954764,-0.06927575712305543,1.5356388256254943,0.1276595744680851,0.9231610219501921,0.5954026806710021,0.9184507048018041,0.0007148374889823997,0.3022914297672576,48,0
N129,0.07619886972202133,0.0768271870282042,0.31100000000000005,0.168,-0.6050647132749085,-0.3223199809024386,2.1867259039215527,0.42857142857142855,0.13676641311858723,2.0172135281907484,2.158014469687045,0.2508609427199137,0.15052897213034203,0.15062840590893428,0.482,0.255,-1.2984435891852812,0.2758288193861534,1.6929077783254631,0.37142857142857144,0.38650715207270747,1.8645747664803578,1.189915043640176,0.05498746767794662,159.31764218413198,159.37656317316197,490.0,246.0,-1.3761416336146641,-0.04526765146403284,1.5435142727523998,0.17142857142857143,0.9215409665714734,0.6008453261740669,0.8930674753492054,0.0009097322387593646,0.4413118990765596,36,0
N130,0.06953085645956046,0.06953200701835091,0.229,0.136,-1.1849411649225372,0.3745260205727273,1.9559337610390974,0.7368421052631579,-0.3983757318374015,3.237009204225302,1.505517442531749,0.7215140462353822,0.0698423045152435,0.06985019685011633,0.273,0.137,-0.43914154285156304,0.3111081807838146,1.9613402134567048,0.6842105263157895,-0.348680797645113,3.1056549161829006,1.6282006930662378,0.6378333034274313,82.15564496734233,82.82390959137344,226.0,114.0,-1.4324743788592702,-0.20574002713351897,1.3764141364786977,0.10526315789473684,0.9170002428484807,0.5728028196840428,0.94792075738238,0.00077331374198172,0.522719921521198,20,0
N132,0.033995858571302474,0.03399588210357249,0.153,0.077,-0.4152132757694891,0.0541559126345235,2.264980204526253,0.2653061224489796,0.46693116937546864,1.7998591121595091,2.305349772893433,0.17934726803991,0.04293802044808307,0.04293809497404374,0.174,0.099,-0.5206181059383157,0.3509537789578242,2.305644907158688,0.3877551020408163,0.16061923453383548,2.5472957167643737,2.197971036286551,0.3364315601779043,81.82166950142242,81.82175749762406,226.0,114.0,-1.5433528256614957,0.009115005841392708,1.3932724434978108,0.14285714285714285,0.9260034619145416,0.6112945548637734,0.9147030981274507,0.001017323352211547,0.034611690968951246,50,0
N133,0.05290598169198044,0.052931800556981635,0.23299999999999998,0.125,-0.19899894784961836,-0.21448058908285955,2.3615293393512315,0.5625,-0.2649567071437576,2.930463469827777,1.952043276937305,0.7214895312419726,0.0966145857298995,0.09663089884837509,0.347,0.199,-1.1941994101237663,0.2927046181140099,2.059382685783082,0.3541666666666667,0.37744843711006687,1.8605201919402032,1.318970533678454,0.0720501535872405,118.83854137912442,118.84443613396463,360.0,180.0,-1.4271627063446364,0.006619070771078483,1.5145849974591925,0.10416666666666667,0.9309933189815192,0.6049347156547882,0.8901798903683903,0.00016789649621997836,0.26319584167644444,49,0
N134,0.09321489764440631,0.0955952778271874,0.403,0.228,-0.5218838413113374,0.14890615900327422,2.385055048557603,0.4117647058823529,0.20321420811612903,1.9418862931453262,1.944587508572143,0.1999092963203697,0.1832565637658453,0.18389772002004656,0.571,0.317,-1.3544289015364956,0.18498432438895268,1.7237842859902996,0.35294117647058826,0.3803013137840638,1.9105899896910779,1.1232810776406703,0.06913015568053356,180.52073429444076,180.74069823921783,528.0,264.0,-1.4675173098178937,0.0919881294871533,1.4606560811809248,0.11764705882352941,0.9297646977970229,0.5992490908805657,0.8824259053699268,7.471925655963285e-05,0.5585677023013478,35,0
N135,0.044828967907329334,0.044840120022546365,0.16,0.094,-0.7664832395967776,0.34052642760229207,2.096336940060268,0.6190476190476191,-0.3863074146106764,3.1886891834745636,1.55873335259955,0.7825881217333801,0.038936905945748945,0.03894751713407533,0.14600000000000002,0.075,-0.7572682635182431,0.14867585498406863,1.925668322882185,0.5238095238095238,-0.10622715706480848,2.8908619660498425,1.6582543364368105,0.6603297357330398,81.08117552671143,83.89495596496631,220.0,110.0,-1.3888196207406431,-0.40107188554107676,1.3111634511845371,0.09523809523809523,0.9303744963172852,0.49807351037937797,1.0279091719778257,0.0008257504473546085,-0.0008593519775317768,22,0
N137,0.0797453045639679,0.07974534469171227,0.29900000000000004,0.167,-1.0098402746975421,-0.12341609352349368,2.094166131522859,0.7142857142857143,-0.4781951345849162,3.2446489588196816,1.4935555054141663,0.8425858293152142,0.10883886989490475,0.10883887173248352,0.377,0.197,-1.0955153411173886,0.46317571889779996,1.8100150880303947,0.3469387755102041,0.2844145613919259,2.067726333619189,1.379932492548986,0.15813980230967692,118.53886451286768,118.53910747091021,360.0,182.0,-1.4182754024907667,0.013222350028126018,1.535358278656377,0.12244897959183673,0.9277986293003698,0.6023860238214606,0.901895870860679,0.0010657239239617827,0.3102359455612249,50,0
N138,0.07742298760973168,0.0776698407792025,0.326,0.168,-0.3547143391159775,0.4110356821015571,2.163001730331666,0.574468085106383,0.028900687345259624,2.6404500364752543,1.9414720324044101,0.6274506507157809,0.05306244683284864,0.05308483775994799,0.247,0.145,-0.3219792208310164,0.244343553101781,2.7314767477616955,0.5957446808510638,0.03790300106861145,2.814197513705541,2.047613449250606,0.6610417697501357,83.1028374799695,83.1058561915665,220.0,110.0,-1.5957472289457337,0.04152521963875372,1.323613100699427,0.10638297872340426,0.9323924922017347,0.6061538142429058,0.9034345720436171,0.0010618121197876532,0.19333478184554448,48,0
N139,0.05931421962148331,0.05931466232447646,0.25,0.132,-0.5386832605611742,-0.012498469097169358,2.2254193959312083,0.5531914893617021,-0.15455808706458588,2.889618404778969,2.056250919332822,0.6197698696932272,0.05568568397088749,0.055702146876639026,0.248,0.162,0.03072361461266393,0.6944072634081598,2.908325963786888,0.5319148936170213,-0.135573181190222,2.7024852137197994,2.1591765821195765,0.3915680035988155,85.61720361910656,85.81569398037479,242.0,122.0,-1.4883758294355836,-0.06880575388772071,1.4216513826468642,0.14893617021276595,0.9188152188774695,0.5940790364175573,0.9454865634206623,0.0012974650760006398,0.287508542235869,48,0
N140,0.06382028338568055,0.06401584625253791,0.21400000000000002,0.11,-1.170648617293392,0.16156273519766456,1.7183245468013952,0.5882352941176471,-0.3642804831050461,3.1947495214376374,1.6268802314604205,0.7695295372069,0.044499942673661766,0.045115724214829706,0.196,0.106,-0.10243484956537463,0.2840875999550956,2.349513431176561,0.47058823529411764,0.2423070809005599,2.2623227138930853,2.0168471088833124,0.2189729958370945,84.36836625471538,84.3699337103314,242.0,122.0,-1.4483213676660094,0.026009625176421115,1.4460127516380954,0.14705882352941177,0.9216717068655387,0.6077165322054157,0.9137999560076534,0.0008910303415289244,0.3939136262339428,35,0
N141,0.07645508460653755,0.09330222048711428,0.296,0.185,-0.6427059358104024,-0.3872939876315571,1.982803828613595,0.36363636363636365,0.12050371804587504,2.424525044373972,1.948348840343766,0.45818212335792663,0.18688867322947766,0.18779567990586032,0.614,0.315,-1.2742731506366647,0.19989269697469003,1.6773548792917157,0.36363636363636365,0.3809461742916371,1.815536463780886,0.9644449933555768,0.01628890406783191,178.93691530742154,178.9724292587621,546.0,274.0,-1.3918432851031772,-0.015099844672641282,1.530962065692504,0.13636363636363635,0.9192165804710803,0.6170178017979054,0.7305483422879514,6.5141564649118e-05,0.475701012486472,23,0
N145,0.07001668658255687,0.07001671229070956,0.301,0.155,-0.43478530221882394,-0.033652194240171296,2.2137571863762986,0.2653061224489796,0.4714063117324683,1.8197766676670253,2.1773735465181048,0.19246549410512595,0.14443282175461367,0.14443282175461367,0.45799999999999996,0.243,-1.3182874899576789,0.31608340041746613,1.6824430697120114,0.3469387755102041,0.3957998267692364,1.8805353629319734,1.265024732833546,0.06327807492332568,143.88629399633587,143.8863440358396,428.0,216.0,-1.4359143396381449,-0.008072339521463674,1.5011848514699777,0.12244897959183673,0.9299339502573523,0.60210613371188,0.8813224352798706,0.0001210361447354327,0.25033849458267915,50,0
N146,0.09006885366207344,0.09006886254416673,0.41500000000000004,0.21,-0.3512368502252605,0.05689170271103978,2.331549373092428,0.5918367346938775,-0.23665902791046395,3.0183320791602424,1.947350803993118,0.7104019151872082,0.15693629280698587,0.15693629280698587,0.512,0.28300000000000003,-1.1357319533650048,0.4141701451761822,1.8032795023905557,0.3877551020408163,0.30887950488850585,1.961613302358966,1.29216718464408,0.09570619275491873,150.12496661115367,150.12501457118998,450.0,226.0,-1.4547743014131698,-0.0024208433531820307,1.5054120104203537,0.12244897959183673,0.9287476360838807,0.60141728788203,0.885068962745754,0.0005913239661833311,0.4177382332200057,50,0
N147,0.04071842334865141,0.041904653679513924,0.164,0.08700000000000001,-0.5257001229421365,0.2585026075682052,2.0761417255795624,0.358974358974359,0.0813348438173652,2.4143036820637054,2.047440762417255,0.3977284205489695,0.05635587258662579,0.0565453357935029,0.26,0.159,0.2787782608568192,0.6389921106332743,2.811903011428738,0.6666666666666666,-0.18003062394761377,3.1369718532143436,1.6790574553140363,0.7487229083708976,81.95960895465522,83.08850702714545,222.0,112.0,-1.4959808382368895,-0.2541995953451041,1.3479601933804035,0.1282051282051282,0.9288676167449511,0.6059631434682377,0.9083184088362113,0.0008733201442704285,0.15461021291157168,40,0
N148,0.08571420276834534,0.09191655915097044,0.34500000000000003,0.20700000000000002,-0.5831442897349626,0.023264155726727798,2.2520425254388403,0.32,0.5196193969534287,1.4685542770952282,1.5563718067484273,0.11613616578287701,0.12358512865093697,0.12876484231103075,0.42700000000000005,0.23700000000000002,-0.9520316440053076,0.5660189573526967,1.8405645185937312,0.32,0.39966980685688874,1.8160115939789134,1.094291950499817,0.03840932975018776,133.66087972638354,133.6758421302472,390.0,198.0,-1.4526491917447915,0.03385864373751174,1.4811950824074742,0.12,0.9356424457234409,0.6066811835811564,0.818284641964413,0.0001365586396012775,0.318378698352397,26,0
N149,0.03831016365213355,0.0383275357934736,0.14500000000000002,0.077,-0.897176402468407,0.13597316470788154,2.0089994935993647,0.44,0.09527507125583531,2.5484353580627754,2.038882946773004,0.5748471541730695,0.05849079480502104,0.05885085451310862,0.251,0.149,-0.36527927094189216,0.1557100535526848,2.531823900140843,0.68,-0.28778132071856183,3.123162885244499,1.561002072909055,0.7067504968631679,77.28912903801944,80.66073298795298,222.0,112.0,-1.1912879707655135,0.4859557422515867,1.3885318896956673,0.12,0.9199062910390865,0.5131715321726419,1.0631593982769878,0.0007051429288161723,-0.04768231839776192,26,0
N153,0.06223020488476637,0.062230217740258637,0.255,0.129,-0.711944068155812,-0.04347506305803998,2.072947913157404,0.6530612244897959,-0.14220039925246986,2.8504608472484723,1.9590220502949613,0.6762689402405815,0.051182219568908886,0.05118222347651575,0.242,0.145,0.11535778965429877,0.4457051973535429,2.8330148663144974,0.4489795918367347,-0.006073905835776698,2.480357822364211,2.3196745956417164,0.3184817422598531,80.79801977771484,80.79900989492383,218.0,110.0,-1.5598310093112961,0.00785362229542511,1.36140282093866,0.10204081632653061,0.9283920607574638,0.6052154479988177,0.9099730386884956,0.0010418893770287349,0.21303678332116305,50,0
N154,0.08613510550292489,0.0861351264003252,0.332,0.169,-1.0678124257189698,0.0613807507368992,1.962033459085537,0.7142857142857143,-0.4812972424650629,3.257184323812122,1.471000958562056,0.8498663689414486,0.0674961954483362,0.0674962221165007,0.20900000000000002,0.127,-1.0073117302469499,0.6758082962950841,1.881586791343578,0.3877551020408163,0.21027337520339312,2.1545003474077973,1.4461964903733446,0.2002165754926599,98.08636194701076,98.08649244416888,288.0,146.0,-1.4586524166515231,0.0001853456014688497,1.4884822197419652,0.12244897959183673,0.9276086584026267,0.5980465201268076,0.9230809875005734,0.0009514002445124406,0.26428940392146044,50,0
N155,0.05403735944216852,0.054039386739201035,0.24400000000000002,0.14300000000000002,-0.18088255426110544,-0.3951251899515376,2.646218038893205,0.32608695652173914,0.17279662931407996,2.2834011910972776,2.2354566770499855,0.3939313069927905,0.04755496688579733,0.04755668510180604,0.21100000000000002,0.108,-0.5697910980207443,0.026942700838151683,2.270974096886718,0.391304347826087,0.2050613304799172,2.1422215617300386,1.9983499550099697,0.12091236227791427,83.16452738251935,83.38375779388807,238.0,120.0,-1.4738445052060407,0.08496174748786668,1.4391291922417517,0.13043478260869565,0.917971569016363,0.6014798402444897,0.9265286258148744,0.0008684961701207353,0.2529756390917206,47,0
N156,0.08150838473437515,0.08325633697838757,0.39,0.253,0.5256036605690086,0.7031321213294693,3.0388077254188595,0.48484848484848486,0.23116093462844012,2.1493036441168947,1.9658139015282245,0.2903681239102703,0.19028152744967472,0.1902825298772081,0.624,0.315,-1.2617766426473016,0.05786828254774382,1.6554331088790641,0.3939393939393939,0.36681353271099787,1.8708424559390255,1.116638560983894,0.05152730279035137,175.1913338616029,175.19300281487875,514.0,258.0,-1.4248085905491694,0.023049571781233163,1.472661555282667,0.12121212121212122,0.9306741645895081,0.6003855138917749,0.8764915258971258,6.346176370398027e-05,0.5575915716235966,34,0
N157,0.07678444123331539,0.07678849968719619,0.30400000000000005,0.169,-0.4723197485433248,0.08974379256497518,2.2008503967187067,0.5555555555555556,-0.26593471054854817,2.9173930557376404,1.6386637068494123,0.6849277700688244,0.10912860592703891,0.11029529741371093,0.315,0.179,-1.5547572925886224,0.17101766128363605,1.6229159737298855,0.3333333333333333,0.4284551973614653,1.9108697720491512,1.1766178313145428,0.05912059654106715,109.1151009858759,109.27993989364148,342.0,172.0,-1.2866225125341906,-0.1161011410992081,1.5739393722892039,0.1111111111111111,0.9182154017085482,0.6311050276875133,0.8003822666455918,0.0013777743799800253,0.28034359767210704,19,0
N159,0.08811322034745978,0.0881132226172667,0.346,0.189,-0.9455639176368242,-0.05568363957377867,2.1449675132295467,0.7142857142857143,-0.43147760747421887,3.3128276331219526,1.4089813968885212,0.8695093612309436,0.10987537667739757,0.10987538395837351,0.365,0.217,-0.9363399127070631,0.6411825408017178,1.9749646570719683,0.3673469387755102,0.2268237378723437,2.1253612469803613,1.3848093045664116,0.18721797779384267,112.33325420373079,112.33770515726232,344.0,172.0,-1.4339408972538645,-0.010054727268405674,1.5310976822894506,0.12244897959183673,0.9243804789407825,0.5967565509821475,0.9165119148942366,0.0012086208696947362,0.30118754830918915,50,0
N160,0.05981302868104908,0.05981304205605998,0.248,0.149,-0.874077506038315,0.25140279179062874,2.4910955015521403,0.5918367346938775,-0.160134766421875,2.9196701355939827,1.8375317268223739,0.7054996448618861,0.043620403482773976,0.043620408067784056,0.181,0.101,-0.858827809987917,0.08747574734925813,2.3154299667039053,0.46938775510204084,0.05245211134451812,2.5681539914553766,2.3166296431806392,0.3569784411487103,83.84534334117787,83.84843469021948,226.0,114.0,-1.5502161443696625,0.004436538961861601,1.3595960428024252,0.14285714285714285,0.9281537223183348,0.6070374050206436,0.9128413611149728,0.0011171494043973051,0.5393262882449663,50,0
N161,0.08916292783904657,0.08921883209278185,0.313,0.167,-0.9893755277738197,0.1079857515747965,1.8718021305897699,0.40540540540540543,0.23823534689152173,2.0669329075149037,1.8438829583631904,0.17958137971958843,0.19550826579574543,0.19568059366437468,0.628,0.322,-1.3334603605276325,0.11189515126420879,1.6455387525667695,0.35135135135135137,0.38697252527305265,1.8867692619143572,1.1420664136639944,0.053769929513251165,168.536416081826,169.29917461794014,494.0,248.0,-1.4012587931045515,-0.14343717943499218,1.4648624280636047,0.13513513513513514,0.9267472181164724,0.598820464705344,0.8828949806556985,6.563372025891637e-05,0.642577404528582,38,0
N162,0.08989533690705617,0.08996495044011478,0.33399999999999996,0.18,-0.9427678477443524,-0.17415784174532756,2.0007791825530665,0.6,-0.2714841596596061,2.9500744301101482,1.6911667436113607,0.6929914746404768,0.11487269130259198,0.11520399966347322,0.383,0.231,-1.0771774813915738,0.6166924592970714,2.0051387163187293,0.36,0.2718308512699235,2.0393520578685327,1.3771981242979094,0.16552858858733396,113.20745997540462,113.23766701398095,328.0,166.0,-1.4587838600563168,0.01985377602330932,1.4659433064750858,0.12,0.9336003412261624,0.6013472951716042,0.8475108583054843,0.0008807855778517815,0.3095829400616066,26,0
N165,0.07482232019925605,0.07482232287225518,0.328,0.169,-0.6036504393207687,-0.06243650452375833,2.2586842203300104,0.3673469387755102,0.32466898332333366,2.3957137739859586,2.102251185334435,0.5460477278660476,0.05646733569064509,0.05646733569064509,0.251,0.134,-0.24335420641954597,0.002352686502831642,2.373053347764019,0.4489795918367347,0.25215448028186693,2.237079802794516,2.3663209805795122,0.35730574123264036,81.57530018332756,81.57695753091065,222.0,112.0,-1.5606842076021086,0.004023970398952459,1.3729367138699875,0.12244897959183673,0.9304236308564707,0.6057083138607374,0.900204137092163,0.00103283464239769,0.1924347253927397,50,0
N166,0.08128202077352398,0.08130605400955486,0.374,0.202,-0.368774073961637,-0.3345447670375286,2.484439842281136,0.40476190476190477,0.2723614814224049,2.183038562704897,2.2935253750653932,0.36030874121061657,0.16603369437861185,0.16616872904258462,0.525,0.29,-1.2836462240407878,0.18480022358434503,1.7452140464147181,0.35714285714285715,0.4004389337771458,1.8477870828205099,1.0543616499611195,0.022375983436021332,147.49892520531313,149.6377020020861,446.0,224.0,-1.3061429675013352,-0.250864767371062,1.496948944036024,0.11904761904761904,0.9258361953333736,0.6011014848414817,0.8801871180870926,0.00011265156169374768,0.3933055740562558,43,0
N167,0.08593872726396407,0.08598073912220108,0.359,0.20800000000000002,-0.5524485047438041,-0.19110182578187382,2.419146452141772,0.7419354838709677,-0.4981299878121315,3.3428222877187554,1.5850933342501805,0.8278386722057844,0.11501107283648822,0.11508502291784106,0.352,0.224,-1.058193624568175,0.6894847716014169,1.9463870651519364,0.3548387096774194,0.2618856475857234,2.0989616975512937,1.3070035370184037,0.16342175710186788,135.11378306819773,135.13049248781712,398.0,200.0,-1.47747385160198,-0.031135717508215324,1.4800508480203407,0.0967741935483871,0.9359728721351646,0.6038803409967508,0.8931860727045339,0.000867863436868177,0.3869619575508723,32,0
N168,0.06427343768808207,0.08435451505714626,0.17900000000000002,0.137,-1.5997039100368131,-0.17419816662747326,1.624098009539725,0.16666666666666666,0.5608218518526868,1.7706825862778715,1.9820922723869543,0.2509314221848294,0.08776176515899572,0.09135471641095667,0.33999999999999997,0.244,0.1498034895964535,0.7689878802601506,2.67090753040459,0.5,0.18975421987421248,1.5268423228722323,1.83453177220797,0.11070207239374869,79.92184548070416,80.24174002416238,220.0,110.0,-1.4723990017549509,-0.17036689295137472,1.3708576106011263,0.1111111111111111,0.9150957218262893,0.5989700869784392,0.91000115284103,0.0010620548132804152,-0.36576340547864494,19,0
N170,0.07704165366864862,0.07704167703262955,0.352,0.185,-0.29316376525363275,0.06459596682434308,2.401297675823525,0.6326530612244898,-0.04681978951606033,3.1098660283352673,1.6906644230765544,0.7976149852173869,0.058298185220468056,0.058298198943020525,0.258,0.135,-0.5780301672929373,-0.025115586313497213,2.3156804575034347,0.5714285714285714,-0.17222003552690437,2.8274297982276972,2.1110402583089174,0.575420189641866,82.10670130994181,82.10919558733967,222.0,112.0,-1.5619648891925724,-0.0018412275174171106,1.364037233574715,0.12244897959183673,0.923609886178035,0.6005500942719745,0.9276226355811743,0.0008930055046789909,0.4734977512837621,50,0
N171,0.08538315669212528,0.08543752939178091,0.41200000000000003,0.23,0.06598669896776066,-0.13753882321184338,2.6920254089431337,0.4878048780487805,0.10991744008702223,2.317730142304924,1.8666291785898002,0.3927522805077182,0.19516059437389477,0.19518221035251967,0.7050000000000001,0.367,-1.2089718527512996,0.12166550510003958,1.8802943123615583,0.36585365853658536,0.3558987164495971,1.8251366823780746,1.0529743566278584,0.038318796603516,162.69251634689118,164.25734744746183,480.0,242.0,-1.4220418661486207,-0.17477497340858344,1.4732978692317211,0.12195121951219512,0.9288971397181249,0.5990215642043879,0.8836871357333738,4.688013893215709e-05,0.5083185162534737,42,0
N172,0.08276663277363573,0.08302877680526058,0.312,0.161,-0.7733567209405439,0.24960180783541117,1.9390867382957675,0.6538461538461539,-0.41449103695462836,2.989168933488449,1.6322207861519364,0.6604499509833972,0.11690805128569366,0.11693207905066562,0.378,0.227,-1.0663219817266707,0.630809820242847,1.9412979042444198,0.38461538461538464,0.19265837264842206,2.153195584002611,1.4091000494469936,0.19756418189867284,127.17614670530526,130.68367236277922,402.0,202.0,-1.2662338381014067,-0.3101991953498786,1.5457171990028404,0.15384615384615385,0.9217231216833698,0.5363275388500803,1.0341100662480973,0.0006707329429756168,0.2902953999471442,27,0
N173,0.05912518061070529,0.06259085703691382,0.29000000000000004,0.152,1.212001327860813,0.5858085100388934,2.4284697030167823,0.36,0.25681192549500076,2.074709400027715,1.7847409449680243,0.27370174493318883,0.1868603923067105,0.1870332138335945,0.5980000000000001,0.31,-1.4100079610356506,0.1429343499019342,1.6574596225235716,0.36,0.4153846575337891,1.7901428362175478,0.8918457990095553,0.00678842714584879,165.77535237670676,167.70762103686926,486.0,244.0,-1.4418218103701932,-0.16765048155800288,1.4549130116535278,0.12,0.9323336521852439,0.5636121308600837,0.9543197824175927,7.839650244043806e-05,0.5505982655585434,26,0
N176,0.07395214668959922,0.07395214668959922,0.30200000000000005,0.163,-0.9478006345979986,0.046534159977043146,2.2041280381509827,0.46938775510204084,0.10017071793848883,2.5904172255975637,2.350365189292346,0.5320441151422957,0.14714509845727108,0.14714509845727108,0.531,0.274,-1.1193035348030906,0.19036769973720438,1.8621075582722577,0.3469387755102041,0.36178564489748305,1.9466722101601304,1.3810032654370752,0.0937658191886603,134.62557855028888,134.6262975796334,396.0,200.0,-1.4407494547205144,0.009693081573700352,1.4855938519864378,0.12244897959183673,0.9297943478414639,0.6023050075223866,0.8813551784265943,0.00015921405764045705,0.44050119039435326,50,0
N177,0.0817668612580916,0.08176686370407026,0.374,0.2,-0.35961416945868585,-0.3455625133838579,2.445978614562469,0.46938775510204084,-0.07236058215306775,2.569165450833943,2.0209956844683514,0.49581747859946274,0.14242401482896064,0.14242401482896064,0.488,0.259,-1.2109320127812737,0.2764378132726165,1.8185135442996563,0.3673469387755102,0.3403068989964648,1.9090353744904818,1.1864969520718243,0.07639286865659635,155.87254280340716,155.87328186703454,466.0,234.0,-1.4541232879293657,0.0027456893128514443,1.501219434127334,0.12244897959183673,0.9293910937230484,0.601301521148139,0.8833286454433763,0.0006346220000351794,0.43779242558867454,50,0
N178,0.06550281383297826,0.06570173050464005,0.29300000000000004,0.171,-0.14702065599709035,0.18769137827940158,2.6026711729902376,0.24444444444444444,0.4687839476002044,1.9681835903256542,2.1079217807629966,0.35769261461091434,0.065598495187683,0.06564529189382957,0.266,0.136,-0.7511078396654054,0.030553293362364852,2.0717403499394527,0.5111111111111111,0.07311849185172056,2.642191310376613,2.013080103532311,0.5627848677769411,80.39031673388699,80.75782368883229,222.0,112.0,-1.4983120551427422,0.14802729649384191,1.3868625339824268,0.15555555555555556,0.9220412185683271,0.5999377442525845,0.9346640999299886,0.0008536892044692772,0.013809842574853112,46,0
N179,0.14663938548357328,0.1477861630870766,0.596,0.352,-0.2750144565886705,0.27775491940086455,2.3818197363483833,0.45161290322580644,0.31072339232035967,1.8580422165340376,2.2056722238038544,0.23034145265641554,0.1816365597663367,0.1825078765423564,0.5900000000000001,0.34,-1.3384713155748602,0.0835004924175147,1.862933296038283,0.3870967741935484,0.3788962609741738,1.8263542061595293,1.4038373778918218,0.03676462742663181,121.9769285305627,122.23491726998468,370.0,186.0,-1.3936293361541927,-0.05175756179673596,1.5216601291525815,0.12903225806451613,0.9178584754543619,0.5925218970899979,0.9197224149299156,0.0002586350686314796,0.31936655105336853,32,0
N180,0.09126521790912462,0.09165096835276756,0.34199999999999997,0.188,-0.5653331846290368,-0.2111738441017077,2.0512603781378704,0.631578947368421,-0.12135513542279897,2.7563268351793906,1.69055772670969,0.48707669162319794,0.15553535771650123,0.15608186954287806,0.47500000000000003,0.28300000000000003,-1.2460694854429546,0.3558141654609914,1.813151013816218,0.3684210526315789,0.29625815200081845,1.9408270846580709,1.2887436226271183,0.08269683521807528,152.38408709573318,152.63223774812448,482.0,242.0,-1.2643592307612022,-0.13674365994833418,1.585510397871197,0.15789473684210525,0.9178665928451539,0.6448019446785384,0.64382597921847,0.000230418352642362,0.5500061590124394,20,0
N182,0.08994587038880662,0.08994587261236614,0.383,0.197,-0.4204732082829965,0.17479403647329014,2.19020611261395,0.3673469387755102,0.36770493090415274,2.023017172608246,1.7328210719266872,0.17217875756383175,0.19988241443408672,0.199882415434675,0.686,0.35000000000000003,-1.2272925115408402,0.2252123321465616,1.7510294701956213,0.3673469387755102,0.36834086389919324,1.8828022139976854,1.1674098924907974,0.054943111395198155,177.0817890128739,177.0828054894094,512.0,258.0,-1.4588784899432208,-0.002646631740118976,1.4569455192838017,0.12244897959183673,0.927478853783785,0.5906374672031728,0.9111201915732465,6.932554998759596e-05,0.5856162839433025,50,0
N183,0.06540438682692797,0.06540690964865435,0.254,0.133,-1.038212318168916,0.047447154359439074,2.033424308141675,0.717391304347826,-0.47219781861500704,3.324060824218826,1.405866141835413,0.8660933429866291,0.06261317141742574,0.06267902020986038,0.236,0.147,-0.38000391495061203,0.7959475386859912,2.3452823529758144,0.43478260869565216,-0.06552680218841862,2.5532560593156672,1.8236085719973774,0.42384855539799565,93.07671937900277,93.52528387235323,278.0,142.0,-1.3926111675027135,-0.10592933293460234,1.5183060036878033,0.13043478260869565,0.9170472602191675,0.5956801409846091,0.9290751799149405,0.001141712534632626,0.48563912436475715,47,0
N184,0.04601999395643159,0.046952768821444384,0.176,0.109,-0.8473230885300311,-0.07833417753886829,2.321481836662575,0.5483870967741935,-0.18959462541919755,2.957436986133629,1.882877227372431,0.687100814013981,0.044543474199370665,0.04563852539247955,0.175,0.093,-0.4901665939337123,0.5324385057231507,2.0377520789776615,0.5161290322580645,0.04348307719841948,2.6269467475158663,2.103667727109898,0.2662777113330807,82.35572137835962,82.49621203425039,226.0,114.0,-1.522543508275613,-0.06363793245343738,1.3818816305489277,0.12903225806451613,0.914993446096191,0.5998542159677082,0.9358415083438771,0.0010329772815777648,0.17640615267856227,32,0
N185,0.03765234131158727,0.0380629462704594,0.14500000000000002,0.08,-0.6886564728795612,0.11131243588919833,2.1017815970301776,0.53125,0.04307326824055285,2.529795668049291,2.2158388960569564,0.4539061350212577,0.05120543259172231,0.051488745460449015,0.215,0.12,-0.5530268886472296,-0.018559386449590282,2.330606405863545,0.5625,-0.23951321750679966,2.8405400446638716,2.133956646819236,0.43707101419445676,82.11371988633863,82.13661937542987,222.0,112.0,-1.5445821346927406,-0.012350973498711837,1.3635818085970968,0.125,0.9200356116709159,0.5936190495999056,0.941207493041734,0.0011808758849706006,0.07442952789927831,33,0
N186,0.06227599526925972,0.06227614456449742,0.20400000000000001,0.10400000000000001,-1.0216530633962215,0.1673955021592477,1.669981350439742,0.7142857142857143,-0.07993893753202688,2.7105757699621074,1.663201241980913,0.6258152988172823,0.1049761582534477,0.10547317625392207,0.345,0.195,-0.8203511527090113,0.5736114173056283,1.8488112990031325,0.38095238095238093,0.27490005826472313,2.0150808372569475,1.399217595239432,0.129560947294445,110.07559386002133,111.09291770241866,338.0,170.0,-1.2791704179883017,-0.17538354443126536,1.5302505642652577,0.19047619047619047,0.9206733514328493,0.5720689679558506,0.9120728413981086,8.552819688537203e-05,0.49090032109561527,22,0
N188,0.05804911368832431,0.05804911713368258,0.274,0.152,-0.11131727885645715,-0.18528763694140846,2.618472209490385,0.673469387755102,-0.04030845918404677,2.65059114212089,1.927012819039398,0.5672858233816439,0.04513710668618449,0.04513712440995771,0.202,0.11,-0.22928075711420037,0.3067109045251637,2.4370183399572722,0.46938775510204084,0.1945383461421709,2.2646503966042655,2.3761147900196304,0.32098748061546967,83.75679076946537,83.76061126806562,228.0,116.0,-1.5393509223527797,-0.0015116344174501974,1.3848991577766327,0.12244897959183673,0.9232778596306291,0.6007020808873775,0.9320231760847036,0.0009677685087892936,0.19331607722004515,50,0
N189,0.08258183819702732,0.08258183819702732,0.387,0.196,0.23562166701175036,-0.043732086164725015,2.373403211640491,0.40816326530612246,0.13747209051988746,2.339150984443338,1.9560187841744097,0.3772098915480094,0.19741503590152398,0.1974150450193703,0.685,0.38,-1.2137323602167998,0.23895676367630964,1.9248786229170858,0.3673469387755102,0.35034706276609956,1.8995225478148419,1.1645866796353062,0.06306304671659893,169.76320449378895,169.76689901155643,494.0,248.0,-1.4600343621925398,0.0031425992525204345,1.4608265889519374,0.12244897959183673,0.9312940646559977,0.5964977652288022,0.8906016505924378,4.923695511209347e-05,0.5492422755168548,50,0
N190,0.07911658747431065,0.07923365586808565,0.303,0.182,-0.53009983056109,-0.5059001796248382,2.297003691247161,0.7142857142857143,-0.3737343657130829,3.2336665875918875,1.4970184113323335,0.8526580840892053,0.13594124036999714,0.13608483873427388,0.42600000000000005,0.267,-0.9390968851219812,0.7216523946994585,1.962011363524174,0.34285714285714286,0.2769011302405843,2.1044296450077624,1.397430429389677,0.17919001610827145,129.93825694261082,129.95041789509995,408.0,206.0,-1.3459373817545408,0.020216734959284232,1.5852199887982634,0.17142857142857143,0.921401670639335,0.600686188552058,0.908391068854199,0.0014002073114174963,0.3453140045552706,36,0
N191,0.0460118970979921,0.052624212035029025,0.168,0.14300000000000002,-0.26434631965001865,-0.8145283227167743,2.7173803553545435,0.52,-0.025965984356521296,2.8110211091126054,2.040370240615072,0.6171505086274682,0.04824555042793765,0.05097661605692736,0.226,0.124,0.14156724988722091,0.14372526890287113,2.4324878658388167,0.6,0.10815094855778874,2.3464562260949897,2.141213847646982,0.3281651357717158,79.29500756574824,82.18833905684599,222.0,112.0,-1.3194858738412472,-0.3982065761432415,1.362723730461746,0.12,0.9208170773425349,0.522821234340054,1.0609700896101781,0.0009871654138482709,0.038247893863733944,26,0
N193,0.06308771354233722,0.06308771671252654,0.28700000000000003,0.166,-0.2785558298894526,0.18745807267410533,2.631257060014021,0.20408163265306123,0.5839300642829591,1.463698010626198,2.2031931865181607,0.16276214593751803,0.059170925292748304,0.05917093881290038,0.254,0.137,-0.39678946146015504,0.14890912224452163,2.3153257789807355,0.46938775510204084,0.20903028843965596,2.1689112658698724,2.4102375032639154,0.25158256172928145,82.03968795650066,82.04047781430823,222.0,112.0,-1.560107394823196,0.005564604789878072,1.3651797622815245,0.12244897959183673,0.9285280845484079,0.602684090266857,0.9184165849591408,0.0009237054260531199,0.03320712079226402,50,0
N194,0.09114120034320373,0.09114120912079235,0.44000000000000006,0.23600000000000002,0.6813360273157096,0.2732435972899538,2.589388513457416,0.46938775510204084,0.13293111454656487,2.3270698711948574,2.0171445589121633,0.33933438460914683,0.1939364844478728,0.1939364844478728,0.604,0.304,-1.4140666752894606,0.023984272685967912,1.5675235160907055,0.3673469387755102,0.38150550712888015,1.848834333917758,1.0633485816830421,0.029718979147766948,173.05520044193992,173.05536686274715,506.0,254.0,-1.4466608297001646,-0.0033921802957732365,1.467738357987194,0.12244897959183673,0.9315412263897345,0.6004992215191856,0.8764849809177349,6.277850839312751e-05,0.5922298332840662,50,0
N195,0.05984026355938903,0.05987367654367939,0.23,0.126,-0.6689461946050872,-0.4864309202666651,2.1044306492199416,0.5121951219512195,-0.2856821295176299,3.3330442428938043,1.6925420093606331,0.869841792013851,0.1171117772358824,0.11718757857140223,0.376,0.214,-1.2200370317933882,0.4188299025859611,1.826132108955644,0.36585365853658536,0.3673958903309671,1.9371746423371636,1.2798217534266478,0.08732869472936555,141.58106257162913,141.77581229667123,428.0,216.0,-1.43398039170783,-0.03896802481298412,1.5235320926817324,0.12195121951219512,0.9279789331660468,0.5962187371918612,0.9156635626225847,0.0008380679712341116,0.13859671340581112,42,0
N196,0.050331575960270415,0.05674565151196382,0.197,0.132,-0.7001530477877145,0.25562518232606657,2.326169432950649,0.35714285714285715,0.21546132857813938,1.9939274671956633,2.3221992311015414,0.31220387524741844,0.07645660446443248,0.07689580949077382,0.349,0.217,0.4017560312439876,0.7406143897294035,2.822000333139562,0.5357142857142857,0.044660806471873885,2.084615576076482,2.2956146947329077,0.26416508237202707,80.83247013607615,81.47434544393248,222.0,112.0,-1.5083056017605545,0.21302622600293133,1.3746658459143328,0.10714285714285714,0.9286341512363198,0.5754631531207741,0.9915787598326812,0.000789198812675758,-0.045119757944172514,29,0
N197,0.09135916436559743,0.09141024741971401,0.313,0.183,-0.9962525306675594,0.2152722184611885,2.001963731262511,0.47058823529411764,0.14199465694525457,2.4138436308014954,1.5168936059544205,0.33356231534674197,0.19039257688611005,0.19047688690348877,0.601,0.328,-1.1236571202341614,0.2706203332980997,1.7219937039720297,0.4117647058823529,0.37037889715192845,1.9198573558720873,1.1368018936745052,0.06684180907345305,168.23165245841489,168.27160584404407,502.0,254.0,-1.349375253428877,0.07149307250214779,1.5094644086026605,0.11764705882352941,0.9272821324320298,0.6424187810356032,0.742873101417275,4.870936416442046e-05,0.6724414597973057,18,0
N199,0.08373804153429909,0.08373804392269979,0.365,0.192,-0.14289273775132028,0.27964245442274893,2.292864640798619,0.46938775510204084,0.04739838506801781,2.4484436686368563,1.9618461503597442,0.4247592698202041,0.19843421983115717,0.19843422083904783,0.67,0.34600000000000003,-1.2655548423069045,0.1217519444290971,1.7436508609099457,0.3469387755102041,0.362398660840773,1.891238140781692,1.1321280167280736,0.0598065550226439,162.06942216223268,162.0747975473053,478.0,242.0,-1.4562257164983312,0.005272405487501098,1.4931377589989996,0.12244897959183673,0.9302187922883072,0.5968080670651096,0.8979995482358197,0.00035417157681026857,0.6318661607246557,50,0
N200,0.06920981987416051,0.06922029311980582,0.305,0.177,-0.23136252355432907,-0.3981235193597209,2.5570536041164993,0.6041666666666666,-0.3058468320246288,3.021925548476316,1.8739146652834764,0.7257995427617981,0.12087066138924307,0.12089546842505837,0.379,0.242,-1.1618006035944883,0.5531939452943987,2.001729288554871,0.3541666666666667,0.29606241441145015,1.9854644138031756,1.2645709719813285,0.10865745532484665,124.33871059369761,124.366148028755,374.0,188.0,-1.4249766189294966,-0.04120056275532902,1.5116653766307215,0.14583333333333334,0.9290635092619353,0.5977901567567664,0.8963643714171746,0.0005456047514917874,0.35895143466053,49,0
N201,0.033596071964194334,0.03383695308297415,0.14,0.076,-0.6349964899448164,0.04120750536117645,2.246065117436391,0.53125,0.2283246087295658,1.9831792579063874,2.1920729824925966,0.2610117861410697,0.0439975790301493,0.04399862256797124,0.14900000000000002,0.078,-1.0736808907028759,0.2384592479161076,1.772782770176538,0.4375,-0.02579516497391276,2.603279492759667,2.040819532240569,0.4277429790424129,81.84313873018586,81.84316117002709,220.0,110.0,-1.557392593238359,0.009411448282639774,1.3440341065452959,0.125,0.9263311949165756,0.6036513167652482,0.919486127638625,0.001050218396061853,0.08063548155437392,33,0
N202,0.08939258987168312,0.08940230828828039,0.393,0.28,1.9047214059049038,1.2561701707098782,3.1319101862239593,0.5714285714285714,-0.2259798265742864,2.5180346489067698,2.2059627023590247,0.4047128574391771,0.1789305696641314,0.17893244027235022,0.5670000000000001,0.28500000000000003,-1.3172864898650483,0.1630566812801265,1.5927799317228672,0.38095238095238093,0.35379309405035814,1.8283600399052107,1.0815620423301933,0.027122385925620125,153.7068154766305,159.93066679601563,446.0,226.0,-1.3114726664841942,-0.44699939098373914,1.4131123475415308,0.14285714285714285,0.9396859737468756,0.4805450567827325,1.0246802511408544,6.844317366978447e-05,0.5379093865846688,22,0
N204,0.07031841863978455,0.07031841863978455,0.328,0.17200000000000001,0.213758856212646,0.11115723032550152,2.446016325837657,0.6530612244897959,-0.17564566433710613,2.7077385980349438,1.7918160893532675,0.6014822969901774,0.06581200194493403,0.06581200498389332,0.276,0.17,-0.5977976092056863,0.5916031640324388,2.5831153456212954,0.3673469387755102,0.30683631349681534,1.8780579575160965,1.454662019971626,0.06281525375230883,93.24549104380328,93.2459114385183,280.0,140.0,-1.4607305665683428,0.009976337837061368,1.5014063119787189,0.12244897959183673,0.9240042543783523,0.6000886400235731,0.923704826625559,0.0006509915465272452,0.12728737657907999,50,0
N205,0.09240083836500379,0.0924136984795364,0.369,0.191,-0.5531839362890034,-0.24351318005970327,2.0667931609975985,0.3404255319148936,0.339266973285311,2.018938124668459,2.033014582619763,0.2519248303837463,0.19099606871317767,0.1910152698957163,0.611,0.314,-1.2825665100448713,0.3482148130825808,1.643847636743526,0.3617021276595745,0.3421149446129871,1.9104979424098645,1.192100378814776,0.07264056318415923,176.54751780092144,176.56703165275977,522.0,262.0,-1.4724162295997465,0.061261321379586973,1.4838557206718772,0.10638297872340426,0.9334472400552878,0.6018659520120639,0.8780781892082548,7.999459259834333e-05,0.5376663736184655,48,0
N206,0.07305736955992605,0.07317869370329873,0.253,0.133,-1.2737038497532878,-0.11581434111552405,1.817468900705516,0.71875,-0.5859493389439975,3.5027414904745,1.0528811152327902,0.9594951062668786,0.05877028790237937,0.058789815650692634,0.23,0.131,-0.7416406797493744,0.5589932099637266,2.2282771012304856,0.34375,0.16310695278934645,2.2845743263987184,1.702445856550279,0.2507101071561125,93.54109108218061,93.56378475768184,272.0,138.0,-1.457408947921075,-0.014372699611925305,1.4749296467367394,0.125,0.9201987291954451,0.5933932213062061,0.9380972814190641,0.0009755995302174864,0.35333324249128084,33,0
N207,0.06904328502187285,0.06912965420793808,0.246,0.135,-0.7291424699491058,0.2703109062899193,1.9528522389816627,0.7142857142857143,-0.4138768486543829,3.237147541245151,1.4204383095104283,0.8335579765866652,0.0568647990579482,0.058466385058580296,0.224,0.131,-0.7343116385487947,-0.07860777708085738,2.240603722442302,0.38095238095238093,0.37037794999475365,1.941110978000258,1.4306011337785913,0.07967421820413986,93.31259116229432,96.81848057999146,266.0,134.0,-1.332197460978068,0.4438624271206441,1.3840332878317498,0.09523809523809523,0.9362522587457244,0.48330771875201756,1.0324514409623284,0.0004441799170462963,0.14718498785164674,22,0
N210,0.07938977516028119,0.07938979783322288,0.316,0.169,-0.6025272357471314,-0.2401076689210709,2.128736999116998,0.5918367346938775,0.05330218386034141,2.5491949182264797,2.087862120392544,0.5159862509888672,0.15220702874703257,0.15220703006103237,0.533,0.302,-1.286019820887232,0.31889441731732787,1.98413962797187,0.3673469387755102,0.3674279027927082,1.878636190213763,1.161112219691879,0.05226525786864094,163.49794371795628,163.4982568714419,492.0,246.0,-1.4443598073334851,0.0012721608486251643,1.5046031970446567,0.12244897959183673,0.931092824668277,0.6034528227752911,0.8847353872852183,0.0007576815780168478,0.4541396318895626,50,0
N211,0.04396657366682103,0.04396657821573109,0.19,0.112,-0.30848197753939655,0.2911688605340805,2.547389506876084,0.5102040816326531,0.09145088576617687,2.2128431607218615,2.0348356829844843,0.3149386484712056,0.06353613145289852,0.06353613145289852,0.271,0.138,-0.6975319929660411,-0.03950263064957584,2.1719924843441887,0.5918367346938775,-0.3091445640543168,2.943013428010725,1.9631701068386347,0.6683017483802022,82.11883097073411,82.1223477501709,222.0,112.0,-1.557001855245285,-0.005140242311700879,1.3638187785463904,0.14285714285714285,0.9270711360319799,0.6035665488091763,0.9211375018171892,0.0010602781678062906,0.0911412559282341,50,0
N212,0.06634136266312292,0.06634138979551153,0.29700000000000004,0.169,-0.3344590221804613,0.34850330227255916,2.5474292974705524,0.40816326530612246,0.21460159101649304,2.101911232105752,2.258369432352399,0.3929815875031366,0.1358060381573662,0.1358060381573662,0.46599999999999997,0.243,-1.1800903277226042,0.3276514076684542,1.789316611374982,0.3469387755102041,0.38585407779494946,1.8682431933795693,1.3944988038169337,0.07485982614754715,127.07855838023974,127.08422404059444,378.0,192.0,-1.422718199068451,0.008056156469076549,1.5108090831059373,0.10204081632653061,0.9304481558221004,0.6024204367653386,0.8812851087692876,0.0001501496950189421,0.2512620589331892,50,0
N213,0.08900545051628382,0.08965386656175897,0.377,0.20500000000000002,-0.19096561578203275,-0.1527176376022428,2.2865717660797564,0.40540540540540543,0.2619692126508997,1.8311043206167756,2.1169963289856604,0.19018079853808287,0.17528785190346405,0.17551338230579755,0.567,0.305,-1.3165363741116656,0.12338449274965285,1.7377592294848347,0.35135135135135137,0.3871267872353117,1.843301993951346,1.063717925329976,0.030184569006087472,177.77361962280852,179.32358285630212,520.0,260.0,-1.427947407331532,0.20007227432964364,1.449892958074268,0.13513513513513514,0.9338431764810177,0.6007489188829905,0.8794415902006808,0.0001961495502754263,0.43304680747723096,38,0
N214,0.06019235078170315,0.061682919910585075,0.21700000000000003,0.115,-0.6242022066612201,0.48158025927756354,1.8643734791852076,0.6363636363636364,-0.09398128438269256,2.629769400412404,1.8253906278724779,0.5808076093772649,0.05799080821500173,0.058366160535469294,0.2,0.101,-1.2500981120368,0.2576776620701658,1.730454754491209,0.5454545454545454,-0.06159061659804874,2.5198805397306097,1.7382423348845457,0.3004289481198194,88.44696594286914,90.10718255403444,252.0,126.0,-1.3632498843528524,0.2565230358408155,1.398334699061773,0.13636363636363635,0.923196617023053,0.5381224573956191,1.0055156454010878,0.0011625077928389743,0.22302492656117273,23,0
N217,0.08757214168900976,0.08757214168900976,0.374,0.221,-0.15518293314130105,0.5828206567374773,2.5236336092455685,0.3877551020408163,0.18663691317080838,2.107938724977715,2.0586549206411124,0.26866929322012334,0.17214010688970774,0.172140117346306,0.56,0.295,-1.3423322399330724,0.13687733397436047,1.7137202213388085,0.3673469387755102,0.3593031816381553,1.8615117480757764,1.1902163374722208,0.04657237474684648,176.17927687443833,176.18058916918173,518.0,260.0,-1.4498528081389108,-0.0015163621984555639,1.475758488639907,0.12244897959183673,0.9262916796969775,0.5935221908144942,0.9051720530230511,0.00014246297183337475,0.5604776496567938,50,0
N218,0.08923261511353346,0.08923261735486639,0.31100000000000005,0.17500000000000002,-1.1306743119799434,0.19805856516715206,1.961166277394375,0.7346938775510204,-0.565008565129395,3.444229851603274,1.3125726144522403,0.9171498630179258,0.08595510456046226,0.08595510456046226,0.298,0.182,-0.5970571198716903,0.763955641603102,2.1173844291234403,0.4897959183673469,0.007253984896411541,2.555843485951787,1.7483779543070963,0.42768247548096094,97.18311787548288,97.18312610736496,286.0,144.0,-1.46878779702757,0.0023202737753323863,1.481738710904537,0.14285714285714285,0.9286785067757654,0.5977183750700678,0.9201239425065231,0.0010525452899828214,0.4054811606087615,50,0
N219,0.05823212695255329,0.05834200436807267,0.273,0.159,0.27347192181104507,-0.42023298754150484,2.7253091785617816,0.7027027027027027,-0.14148792243406627,2.620248220869249,2.023784584737658,0.5977945819847293,0.045540863206648255,0.04554147906897046,0.193,0.112,-0.10143001220249204,-0.43026169691243066,2.459296498262193,0.5135135135135135,0.12801083162219148,1.983927079579926,2.0389213958158736,0.11800582481319857,86.4269662698799,87.38360679693935,236.0,120.0,-1.5135494774487614,-0.21277364971154128,1.3732552866449437,0.13513513513513514,0.9306838512525224,0.6096351706760293,0.904236723946215,0.0010669037845119605,0.47195029332836286,38,0
N220,0.07793048005897452,0.07891345470408284,0.314,0.19,-0.5015726464398313,0.1457002727073275,2.407700951789274,0.4782608695652174,0.09988064955529252,2.3171338746957115,1.6994002661803331,0.293108193351298,0.1962283958384549,0.19734888733745962,0.617,0.35000000000000003,-1.3289323564452495,0.15782385420671213,1.7735088589656571,0.34782608695652173,0.3760513706566228,1.8740291125794486,1.1448870523154808,0.04876704072447341,163.0592087419645,167.16758058906038,482.0,242.0,-1.3181996461748466,0.2957346219222153,1.4476491144230674,0.13043478260869565,0.9298751949617198,0.5248222606215162,1.0034048872254382,4.756029540800088e-05,0.5426196319580027,24,0
N222,0.09658219297572405,0.09658219297572405,0.41800000000000004,0.219,-0.38330023156211057,0.21027451619321724,2.2674987309000705,0.46938775510204084,0.19912982066975776,2.185329525134225,1.9988123283535597,0.27392370172835884,0.18700026630997083,0.187000267379488,0.628,0.32,-1.310203991667059,0.08833536718257899,1.7112274997479533,0.3673469387755102,0.3591286567559696,1.8903106505759915,1.2077975250608355,0.0653885924700149,176.94546504502455,176.94677165746765,512.0,256.0,-1.4624851802681869,-0.0009209236738713335,1.4467627614905745,0.12244897959183673,0.9273503947477939,0.5941609749052723,0.8967300112305558,4.925216400917618e-05,0.6633624449116787,50,0
N223,0.08341485718983159,0.08341486678044867,0.344,0.199,-0.7696311742197026,-0.28847226922701186,2.3856658612639894,0.673469387755102,-0.3300881233882644,3.1756482475103285,1.6196995115532997,0.7975542797968096,0.10474807874133062,0.10474807874133062,0.334,0.201,-1.152873712192464,0.5553447476091082,1.918889610341761,0.3673469387755102,0.31143200910195684,1.9770890393349998,1.2468421386212811,0.10067038232514502,111.1741048985779,111.1744574981142,334.0,168.0,-1.4321335735431449,-0.0014612828612029427,1.5111384735369606,0.12244897959183673,0.9299907815072034,0.6042529005260953,0.8945413900359939,0.0008817178198191912,0.1905340463388871,50,0
N224,0.051614532837176784,0.052732343016406925,0.21200000000000002,0.108,-0.26862998626426604,0.4706758061721413,2.0480789174567366,0.38461538461538464,0.5666656904837665,1.8579614651364358,2.077500677682886,0.21671579508188815,0.06710569554814255,0.06767699018130166,0.33299999999999996,0.176,0.23830199181138312,0.45410762958151396,2.6005884648313846,0.46153846153846156,0.2905627678333225,2.1831551124627726,2.4348170052092812,0.293271171544594,80.25085669324658,80.27577467704687,220.0,112.0,-1.5395982324507465,0.030868857496633772,1.3951905223036607,0.1282051282051282,0.9204223878527987,0.5982258462765977,0.9349424655221904,0.0009801166478488935,-0.04054850992222424,40,0
N225,0.0812603016427319,0.08186490132508265,0.385,0.20700000000000002,0.3662933201020877,0.20824188782396358,2.5285561534852437,0.35714285714285715,0.235571514770218,2.3236640022732384,1.897262315417228,0.3891033019882736,0.18072547025938437,0.18073213175380815,0.5750000000000001,0.28800000000000003,-1.4386450167871045,0.13668625155123304,1.593518524931202,0.35714285714285715,0.3784711316088767,1.8299653490955614,1.1221855637938514,0.02860311138171482,157.2282813661573,160.54862836214303,490.0,246.0,-1.263693245545369,-0.22037187780237485,1.532246039779971,0.14285714285714285,0.9125433192364525,0.5492193648000679,1.0118553035016935,6.154476046795805e-05,0.5385798415660074,29,0
N228,0.09070656205589538,0.09070667009652598,0.426,0.24,0.7131581819920592,-0.7554974060038206,2.645891418399581,0.46938775510204084,0.050773547090797455,2.4000205842268336,1.9825681960808035,0.4324867422028296,0.18322657121716818,0.18322658104107056,0.593,0.332,-1.3065366261787525,0.3258198090517328,1.8119641708840357,0.3469387755102041,0.35910330761350384,1.9570755527300936,1.3092482303366173,0.10633501344852504,170.89964774685757,170.90043885256702,508.0,254.0,-1.447431279379483,-0.0014151376442401622,1.4862454520618382,0.12244897959183673,0.9303373171648776,0.5993148545440946,0.8945144466942487,0.0005107669819656459,0.516290290554923,50,0
N229,0.0826240860766399,0.08262408849724154,0.331,0.17200000000000001,-0.6496441671560547,-0.05837773641700293,2.081717367517372,0.3877551020408163,0.2380125724375078,2.1043127706438716,1.7638704514521575,0.2358124117121389,0.1924042088936726,0.1924042099331509,0.5860000000000001,0.307,-1.3943555446081048,0.16046300401225744,1.595599182089957,0.3469387755102041,0.40213434236575146,1.8501264517714542,1.0899744742449877,0.03918650603719117,168.33120209871967,168.3346666613862,494.0,248.0,-1.4477220258964203,0.005573996891525346,1.473255657427146,0.12244897959183673,0.9310188061047002,0.6007983610373163,0.8765771842897334,8.585976208755247e-05,0.6155503427583359,50,0
N230,0.06934607640379811,0.0693591931499971,0.319,0.17,0.0977262693580001,-0.3773537953145374,2.4510089042177263,0.6666666666666666,-0.304187203457444,3.072113459100009,1.7858885052817581,0.7684702641933358,0.1341215918715756,0.134134174408262,0.444,0.265,-1.1666333489657779,0.5138489525286548,1.9756337351689648,0.35714285714285715,0.308890154236546,2.1253213527520076,1.4385326008060588,0.19747909329455504,135.58481785939128,135.84019338743187,412.0,208.0,-1.4406590848744432,0.06896696972624027,1.5312110120953675,0.11904761904761904,0.9292170463657757,0.6008868649697068,0.9063418999601004,0.0014031178932588687,0.4765639456946377,43,0
N231,0.052544475209102624,0.056266664198262185,0.20800000000000002,0.132,-0.6297018500851173,0.19406913010591367,2.3459716668982282,0.6451612903225806,-0.06612432933201222,2.5592221503289223,2.132378805386763,0.5026868353093246,0.05257732400950053,0.05274881515257001,0.237,0.123,0.07723581831738935,0.039544805893380525,2.3318059305073744,0.4838709677419355,-0.14017468275641393,2.802921968148312,2.1072804395179663,0.5538519102773964,82.09367267792324,82.11957744655047,220.0,110.0,-1.5604296120625105,0.07707479945895805,1.3395100586287867,0.12903225806451613,0.9299936799391654,0.6043997405572827,0.909079681533941,0.0009030876353410993,0.04805172606221484,32,0
N232,0.10340528199154046,0.10340847402413401,0.40800000000000003,0.221,-0.17169389058721718,0.004163006090699199,2.1371556063038106,0.5333333333333333,-0.07112163141802239,2.781670052815964,1.6362814724734542,0.5764009289770495,0.16926661661414516,0.16946754851593268,0.519,0.28300000000000003,-1.402582916427433,0.24045017766474427,1.669936235452143,0.4,0.30525979472009385,1.8430412387332475,1.1804141609754726,0.05091250501954738,149.62823722479658,149.64708483629076,428.0,216.0,-1.457884256859174,0.07071134032996802,1.4433959755133037,0.13333333333333333,0.9386977401775842,0.7174881991398913,0.575143483630093,9.748795977482125e-05,0.6060591278261257,16,0
N234,0.041595427633334896,0.04159543244155541,0.234,0.11800000000000001,0.8225796738144244,-0.2846883945757326,2.836849939372515,0.3673469387755102,0.2355072767913948,2.0480956933156267,2.1716804862855357,0.35176877171753135,0.06687479644828835,0.06687480841094051,0.256,0.136,-0.8497295363382782,0.08862413326470314,2.033650685984632,0.6326530612244898,-0.2813525548918148,3.180405018709043,1.6863229301209817,0.7926489783497591,80.88031651767938,80.88510369653982,218.0,110.0,-1.5532289288851377,-0.003549977313461971,1.359953748871879,0.14285714285714285,0.930566787118101,0.60500682767758,0.9027906792968005,0.0008062359253542954,0.08007345887537629,50,0
N235,0.06631948130074601,0.06631952955201055,0.28400000000000003,0.15,-0.6890333598967824,0.06705880939144128,2.261777202179393,0.40816326530612246,0.09478860636396927,2.387259969639727,2.0841741555699187,0.47958742499083884,0.09291361364192009,0.09291361579445717,0.321,0.171,-1.28259208550684,0.08989304694548707,1.8404191736363482,0.3469387755102041,0.4456756722632669,1.775624090322378,1.1322195873115855,0.0065809824572815685,103.09852375276768,103.10460707456286,312.0,156.0,-1.4282811233678439,0.0013855422557723957,1.5130264730768472,0.14285714285714285,0.929397803661144,0.6052164137031301,0.895525192621228,0.0005908727266566352,0.09973387360191986,50,0
N236,0.09209606886968226,0.09222387924197846,0.38,0.201,-0.8087020328544501,-0.20996021357543349,2.1794789121005533,0.325,0.29878688131093345,2.067238093347502,2.1022787140603647,0.29133603622282733,0.17333027689918012,0.17361430479447335,0.614,0.312,-1.1974012655660005,0.27310690372049223,1.7970869414784068,0.35,0.37859477746156545,1.855713778645595,1.197211599968094,0.050535506291147295,171.04065427097845,173.98149607245523,508.0,256.0,-1.3580805816740515,-0.30108790075016345,1.471420845199468,0.1,0.9315407643403492,0.6022189927441411,0.8782038248711259,0.00024322378558714372,0.4959316074484977,41,0
N237,0.07457585193819574,0.07459093572484322,0.261,0.137,-1.1207788729721704,-0.021370854430892722,1.8366842923834088,0.72,-0.5212530120403556,3.3887949280658782,1.200528237354707,0.9276223922628771,0.061669919686041755,0.06174855962194273,0.22799999999999998,0.121,-0.8792891961717566,-0.0931868973573376,1.9595598786566983,0.56,-0.06187350255744416,2.606487998761178,1.843339063494264,0.4915544978397006,87.96556615177536,91.85942437308131,266.0,134.0,-1.1548792023771637,-0.4530855227348975,1.4587507042910195,0.12,0.9214236262091483,0.5085674396651464,1.0678698291521576,0.0010634191517223052,0.5096036758194161,26,0
N240,0.07525103587326888,0.07525104650435102,0.297,0.15,-0.8705305834573345,0.20787636920905123,1.9933277604495105,0.7551020408163265,-0.4230064442390251,3.1634317786967494,1.610421419939197,0.7953275788287916,0.08712794270496693,0.08712795188686578,0.298,0.176,-0.8708418836567828,0.6795865322478514,2.0200176428860983,0.3673469387755102,0.1615495243791097,2.278973429748642,1.6339050087943368,0.27123638936026584,100.1439044575355,100.14429589347563,298.0,150.0,-1.4647589026892125,-0.004899831612652823,1.497838680293447,0.12244897959183673,0.9307907152747793,0.6016577590154003,0.9031372276812802,0.001048668074715778,0.15628256083240272,50,0
N241,0.06456065675006722,0.0645606691415137,0.263,0.135,-0.9617190860749014,-0.1854078943669977,2.091056393856248,0.5714285714285714,-0.22239125770285018,2.83769002999762,1.8639932664620211,0.6375074425769987,0.047354581615721196,0.04735461962681149,0.20800000000000002,0.107,-0.6526741918507142,-0.16590870492072657,2.2595472383314883,0.5102040816326531,0.049210085830011,2.6200776333643665,2.075729409917423,0.4552270382841202,86.58244625788764,86.59376420967043,244.0,124.0,-1.5174512868877066,-0.00958909883915383,1.4319737816196263,0.12244897959183673,0.9235800054338446,0.6021964536088592,0.9321397082361409,0.0009724598528243576,0.5065732936865918,50,0
N242,0.0838241676144621,0.08384329236390116,0.328,0.17400000000000002,-0.6532225525769793,-0.19373043007169674,2.0753001831654685,0.38095238095238093,0.31149128332511267,2.0980474666088527,1.6868198089199509,0.19499391099039068,0.20384470329423357,0.20392759773085906,0.632,0.331,-1.3739518572597682,0.1826294738164523,1.6231250879385606,0.38095238095238093,0.34836876923689347,1.8547285952510435,1.0688117203343397,0.03754264559356045,173.09955806929673,173.09978302620985,496.0,250.0,-1.4742032989911813,0.011857261096276606,1.444253687840535,0.11904761904761904,0.932784510003274,0.5926414766834364,0.9046268114070094,7.28402985967083e-05,0.5035827425563887,43,0
N243,0.07535411447539535,0.07539848164573847,0.34099999999999997,0.191,0.24135904046126644,-0.56154371885538,2.533207510695215,0.6428571428571429,-0.09331626831291123,2.7169719960303955,1.8863174386701043,0.5949786841405484,0.1285850463694035,0.12881890523066708,0.43600000000000005,0.265,-1.2029068452415195,0.49365393216721654,2.0571514679889793,0.35714285714285715,0.28589498418433457,2.0203932061660934,1.3990916807048144,0.14843273558640943,134.35042118214318,134.46650653344997,384.0,192.0,-1.506424091590754,0.1086089797718518,1.4278648635244937,0.10714285714285714,0.9413958020218901,0.5934884111711207,0.8967711430141652,0.00045630066846971625,0.2782742469233128,29,0
N244,0.057291469696631105,0.05753151310368953,0.193,0.10400000000000001,-1.1625722436505055,0.00793079946643718,1.8077049322961476,0.26666666666666666,0.3986859164265135,1.7650826115167018,1.4071131023410126,0.1406800251478369,0.05573710613227063,0.0560591205781896,0.223,0.125,-0.2266319917579378,0.31891861211702355,2.2297888142154085,0.6,-0.09523825588753987,2.7524152071760786,1.6420776572669342,0.5156220744775489,80.5,80.53881052014613,216.0,108.0,-1.5374062722096038,0.08684677595397962,1.340968401476263,0.13333333333333333,0.9270160305909124,0.6802684515528854,0.7549852022761765,0.0010259875308292854,-0.17388182409066502,16,0
N246,0.04367626815560139,0.04367630936789417,0.174,0.092,-0.692682014570245,-0.03942015289656143,2.106405081644281,0.42857142857142855,0.14670154595718224,2.192272598304101,1.9665157718758375,0.3171615941303171,0.053282627562837026,0.05328264257710948,0.241,0.126,-0.16464892543527165,0.3494177111247704,2.364747578306679,0.5918367346938775,-0.22789599262876642,2.754665056853367,2.034040434317685,0.5086324463951339,81.47735881826313,81.47834068020776,220.0,110.0,-1.5631152588102746,0.0014685066664329707,1.3500520393724775,0.12244897959183673,0.9281359762196203,0.6046962274827524,0.918347669649445,0.0010169643497577746,-0.032512394491956156,50,0
N247,0.0931294776104752,0.09312947975802291,0.354,0.193,-0.986737245817364,-0.09380870862322921,2.072383529914151,0.7346938775510204,-0.3501287223483578,3.1710955111149133,1.538843567380923,0.8021237673729509,0.10492511615433171,0.10492511615433171,0.325,0.2,-1.1849062196625282,0.5632799980108054,1.9061213113724367,0.3673469387755102,0.289998853749382,1.9963336730104138,1.2935814421777005,0.11260881720570634,110.17713737432099,110.17948992439564,334.0,170.0,-1.432856865427841,0.008591113961662854,1.5429368943044912,0.12244897959183673,0.9286508567861538,0.6049453088887626,0.8953406147742358,0.0011959830078446126,0.17736258443235467,50,0
N248,0.08428036307468069,0.08428036544771267,0.29600000000000004,0.162,-0.9199700142003744,-0.12122895184293082,1.9221558798354335,0.5714285714285714,-0.30568084889969016,2.7733057166628896,1.90195681202944,0.647035839312336,0.061444609202109826,0.061444609202109826,0.254,0.157,-0.5395650339053604,0.6779128582627011,2.5551468556595376,0.4489795918367347,0.15298196940100248,2.202416102812361,1.9088651329253947,0.25599805732418224,91.4229205396546,91.42516065066552,266.0,134.0,-1.4693833404566936,-0.007865805930884415,1.4656796777422405,0.12244897959183673,0.9255530239420213,0.6041411237142472,0.9146317471633967,0.0009548012558630526,0.3897907050677148,50,0
N249,0.07180065374041535,0.07180111419748304,0.349,0.218,0.9203195061035401,0.7650416453465329,3.036164583747391,0.47058823529411764,0.20213849471770426,2.2311612081327334,1.8192493419114006,0.2992462926724635,0.18565869497658374,0.18565874993808246,0.6000000000000001,0.314,-1.2799976585092245,0.11819462493735827,1.691274987603437,0.38235294117647056,0.372875959155812,1.89393342455032,1.1642297178900116,0.06646011189857873,166.326062851477,166.54677592625012,480.0,242.0,-1.4655090227383476,0.0875721705490704,1.453045240018107,0.14705882352941177,0.9300682448150949,0.5975297093629199,0.8868353859499625,5.6839495470356565e-05,0.5121526838544969,35,0
N250,0.07584171657824586,0.07588807547961669,0.28900000000000003,0.158,-1.0925315782145273,-0.17373406884837073,2.0820135311303067,0.7272727272727273,-0.3916046022056172,3.030159111571675,1.6023301912165762,0.7573131912921468,0.11498726813716549,0.1149880901205217,0.347,0.215,-1.136604772330617,0.6196186541894461,1.8697588574143067,0.36363636363636365,0.2410383858232356,2.159256730373408,1.3987905290673395,0.20221652009226707,114.31095454470886,114.50688226895588,354.0,180.0,-1.3832876300873571,-0.04511583006681833,1.5719579158326282,0.13636363636363635,0.9172503125613449,0.6072244272269124,0.817790167829754,0.0011821606136681114,0.35091148937836797,23,0
N252,0.0782651799972376,0.07826519021889618,0.34400000000000003,0.17300000000000001,-0.3211171104978314,-0.24191336459904159,2.210433521162404,0.6326530612244898,-0.22362471531050365,2.900376450908228,1.9963559312217516,0.6282072908230255,0.15658835716616995,0.1565883776019153,0.543,0.333,-1.0234824866516405,0.4910020008767037,2.126594611297173,0.3673469387755102,0.32101001217602154,1.9921401950303093,1.3251893338565233,0.11084816937586865,149.13856107660422,149.14476189259884,450.0,228.0,-1.4472254933529805,0.003590675201359188,1.5287161084757765,0.12244897959183673,0.929291091562035,0.5950446578539603,0.9084798488429947,0.0006184761847585449,0.4502012186629424,50,0
N253,0.04086,0.04086000489476231,0.175,0.088,-0.4084360970000964,0.3311993177670892,2.1536952877673388,0.4489795918367347,0.1633579559846581,2.418420719275921,2.1358504767584954,0.3975356587098642,0.05105232218028873,0.051052326097838094,0.21500000000000002,0.13,0.20079568000344095,0.7229732846088914,2.5464069893870143,0.5306122448979592,-0.1888727852495072,2.7306438638660335,2.064227634442641,0.4693517538393932,80.19380524703888,80.19576048644966,218.0,110.0,-1.5552301015236667,0.00021000603933618876,1.3716435798197368,0.12244897959183673,0.9288132384050007,0.6050338883460127,0.9105988817855639,0.0007921308383299911,-0.038734650983422915,50,0
N254,0.07147246336450551,0.07153762352040617,0.29100000000000004,0.156,-0.470983986809014,-0.09145217644611929,2.180670706170451,0.4594594594594595,0.039401094913383804,2.212855907626264,2.0548852564315885,0.32884840469387017,0.1578057051621311,0.1580150725655459,0.518,0.28,-1.3233478507287273,0.1487109116773694,1.7719828586849133,0.35135135135135137,0.380125060722316,1.9266694473064632,1.2737997096487064,0.08075065477546789,139.7046052616088,139.7866795852655,424.0,214.0,-1.3712070671298597,0.07575886428597733,1.530904093543954,0.13513513513513514,0.9220585152270159,0.5955603888429869,0.8959722770888743,0.00012805953033184327,0.5919748535013125,38,0
N255,0.091485020174473,0.09148628717321926,0.375,0.229,-0.0261177713541616,-0.5625826469581109,2.5031073735281617,0.5769230769230769,-0.22376031784190434,2.4188949497337857,2.0372953922132715,0.3605319209264458,0.1394297714969734,0.13952206781512166,0.43500000000000005,0.279,-0.8715696976111853,0.7261967937255779,1.9996836655954542,0.34615384615384615,0.2627579790305327,1.9173059829072931,1.1632339876725217,0.048736275782746405,137.39696476242088,137.47619322524065,396.0,198.0,-1.482063822502061,-0.04127383161887473,1.4402493650344048,0.11538461538461539,0.9384037320569313,0.6018758627821522,0.8674135004285702,0.00045142090546348794,0.4481672068725443,27,0
N258,0.046079479163723194,0.04607949652502726,0.20600000000000002,0.112,-0.05157640678504327,0.3508391762303786,2.4305821123537923,0.30612244897959184,0.3717434083797132,1.8696024138880938,1.8550721134343366,0.20251149819570896,0.0539451573359463,0.0539451573359463,0.22000000000000003,0.116,-0.41101213369233713,0.15218245109090672,2.1503320358786593,0.6326530612244898,-0.21720135465066015,2.866067146866231,1.9945444026150978,0.5507244402675399,81.32420058014712,81.32896163114343,220.0,110.0,-1.5617760950245483,-0.0036349558406626905,1.3525317155638874,0.12244897959183673,0.9244659404079137,0.59998773753107,0.9323645919294982,0.0009811008272460377,-0.1345340501495413,50,0
N259,0.07484253758457662,0.07492485123998134,0.329,0.202,-0.20927531329711657,0.20366759892750447,2.696034715544539,0.4090909090909091,0.21081522567522357,2.268930455193488,2.2187100566969793,0.41378575158215136,0.12958508144587222,0.12958592173191927,0.459,0.269,-1.1414584443747815,0.4830498236930429,2.075842779869973,0.36363636363636365,0.3494082314711869,1.8637065604852276,1.1809815887254145,0.03554330922980232,132.3942932640561,133.54150416006752,406.0,204.0,-1.3157178491912946,0.17992575085569804,1.5276149634759129,0.13636363636363635,0.9218556843328539,0.5990020421806449,0.8919322802627543,0.00016840899004473355,0.3135790010207484,45,0
N260,0.08664330614652237,0.08708401116163633,0.32,0.17300000000000001,-0.6189038629481547,0.07136820380650546,1.9865874078640602,0.41935483870967744,0.20414718387879655,2.367239436116118,1.9780669459242042,0.405159847893212,0.1886261907682759,0.18902761041710284,0.625,0.325,-1.2472513955473434,0.1717688016604619,1.719325548700872,0.3548387096774194,0.3807484693370398,1.9008947162131087,1.1603643466998084,0.0609000632956792,180.34740779950235,180.35589815694968,522.0,262.0,-1.495681646487292,-0.03415296430726387,1.452683292741565,0.0967741935483871,0.9377123086651125,0.5998904031849004,0.8793284607076134,0.00023271066640380861,0.46841451654159133,32,0
N261,0.05896949772594186,0.05921815155578745,0.202,0.113,-0.6729562738558053,0.5911702322237004,1.908198703121398,0.3888888888888889,0.20693460443689696,2.260214220819574,1.5885645469364653,0.31925778238209446,0.05171721531666997,0.05183374231237084,0.182,0.11800000000000001,-0.7913544606032512,0.41741092642498806,2.2765093689142657,0.5,0.10115940216885502,2.4771927892062813,1.8539591444303207,0.4836206627349636,91.21682791728102,92.39958988289025,242.0,122.0,-1.5239368241812625,-0.20638185154870006,1.320352180725327,0.16666666666666666,0.9347294629123937,0.4943880903499788,1.0055170382057843,0.0012508278729914612,-0.04666855315395512,19,0
N262,0.08029325502631643,0.08098618341891353,0.331,0.192,-0.05164413214623176,-0.4073842779554576,2.3707747654541316,0.7,-0.20097340413292913,3.218094039184528,1.607516024990054,0.7069845969328524,0.13644740998498275,0.13654791588791582,0.41900000000000004,0.25,-1.3110834919548868,0.46707340531456815,1.8308591410886883,0.4,0.24706366906802896,1.9464939168030357,1.24447071027932,0.07170935046757483,135.9793901950701,136.3259399555415,426.0,216.0,-1.3062328819129763,0.14588443397713252,1.584438002558,0.15,0.9151543199283669,0.6311401941819084,0.7012704430323786,0.0007406949216286524,0.3332342787926912,21,0
N265,0.08031412329098787,0.0803141332518754,0.29500000000000004,0.157,-0.9075611054627499,0.25665235142869064,1.9548240595167465,0.4897959183673469,0.09938352666542849,2.289406074692199,2.023857600023285,0.35923673394756994,0.19122834099578442,0.19122834517926468,0.6000000000000001,0.313,-1.267394940238093,0.16877698949275716,1.6367866369736241,0.3673469387755102,0.3555218935531767,1.9312609085882053,1.2696454200880036,0.08675146746324398,157.69703104370734,157.7007292310343,476.0,240.0,-1.4410384890757104,0.003117082405812184,1.5218699442308592,0.12244897959183673,0.9307675080582819,0.6023110433625716,0.8840237869552846,0.0005614345133606404,0.5959318293973926,50,0
N266,0.06642073170328675,0.06642077988099808,0.29500000000000004,0.166,-0.4574468242115075,-0.29877991073299853,2.4992178697301015,0.7142857142857143,-0.2299204960513311,2.710481490461037,2.0568106598314895,0.5637521397136349,0.12914851760666865,0.1291485191552733,0.441,0.245,-1.266312596033907,0.3425834988459053,1.8970407218176477,0.3469387755102041,0.38084706752187236,1.8811596244919455,1.1675028562133605,0.042607352713314256,137.5931451780938,137.59738369605725,418.0,210.0,-1.4302449943418536,0.0059633358217645056,1.5261918094596547,0.10204081632653061,0.9299393465670933,0.6018277746053243,0.8962769497016481,0.0010329499445594858,0.3498383025462407,50,0
N267,0.05876664647291509,0.05894760820271263,0.22000000000000003,0.11900000000000001,-0.4730635608495488,-0.41664759850520544,2.0187417883143883,0.5526315789473685,-0.06345257786335862,2.1048358784777315,2.211921005281941,0.3413267893572405,0.06916553431738673,0.06937283145143885,0.257,0.14400000000000002,-0.7219050547867134,-0.361075548884328,2.075740559916462,0.5263157894736842,-0.22630619532372198,3.1971840969939023,1.7109584836815355,0.8189631158382243,79.89914747516636,80.54175537554642,220.0,110.0,-1.49568217131984,0.21363013521225702,1.365751211742245,0.10526315789473684,0.9284171791728988,0.601049017368478,0.9295380417235811,0.0011710549550855303,-0.008986951095138756,39,0
N268,0.07755491469210322,0.07783982567772402,0.385,0.198,0.6966418268177796,0.06254403696882503,2.5436850388099352,0.44,0.32269526047716424,2.1161341533227773,1.97379732682292,0.23571852482435157,0.15876282038340928,0.15911220037348586,0.508,0.27,-1.2345872861574032,0.2863135386328276,1.6969157573474942,0.36,0.37453130562919895,1.8852263141512589,1.2916228255251103,0.07476238702352139,146.48280792554286,149.2664112868717,438.0,220.0,-1.3813471632108876,0.2542831723965607,1.4738747860507415,0.12,0.929147916167303,0.5588644426626888,0.9685973452914844,0.0001724691084902514,0.544012743896555,26,0
N271,0.08861804782322842,0.08861805685073443,0.401,0.23900000000000002,-0.2773961414970154,0.43825312076895306,2.6969672828931963,0.3877551020408163,0.17588965233260326,2.0225555372351547,1.8869197643073525,0.22076301712928453,0.20088489141794613,0.20088489241354116,0.64,0.355,-1.2671459491887163,0.28232139685873214,1.7671811739291865,0.3469387755102041,0.3669450252826965,1.9170844804951375,1.204077519934943,0.07792069762957199,163.10285834405232,163.10462899623664,486.0,244.0,-1.4432509778866518,0.0017812242816454022,1.4959722572044836,0.12244897959183673,0.9256301670523889,0.5923680272933843,0.9152285709003588,0.0004317255772557062,0.5248267989257306,50,0
N272,0.07315271696936486,0.07315271696936486,0.39,0.2,0.8020919440516101,-0.12407621123907855,2.734006449599906,0.5714285714285714,-0.020289546536324646,2.4634309730872666,2.080339683084071,0.46476766683661297,0.15915062048261075,0.15915062048261075,0.524,0.281,-1.261628494765494,0.39751890536616213,1.765623025206508,0.3469387755102041,0.38042901538191926,1.9351391201497115,1.2406088645106863,0.08383426642186888,147.0692299565072,147.0692353961222,446.0,224.0,-1.4361897935884,-0.006186256563630089,1.5230921640183237,0.14285714285714285,0.9293416205061433,0.6018107527368403,0.8867434972342237,0.0006391426639416756,0.39495115941244147,50,0
N273,0.03701625795733373,0.037019479473178935,0.15000000000000002,0.079,-0.8184497735255443,0.014130906095344243,2.1340116372310547,0.5,0.17215717919229184,2.4078196330189923,2.2673410857872534,0.4894470570568142,0.0637162449474238,0.06382752923599733,0.256,0.133,-0.8532032288282223,0.22369141717752067,2.083740379613362,0.5952380952380952,-0.28493933055763493,2.6453219409672095,2.009746306011042,0.457730530629482,82.73528325767322,82.85319042010813,222.0,112.0,-1.564211091263211,-0.04781470418709697,1.3517886207169887,0.14285714285714285,0.9281678091441109,0.5961525283233635,0.9410560009199396,0.0010889736380020301,0.11250454737506517,43,0
N274,0.07459050348319511,0.07459877866143506,0.34800000000000003,0.20400000000000001,-0.22564955613261262,-0.2658588482099894,2.7346292212885897,0.7272727272727273,-0.3252511150260145,3.001428488093226,1.8722456073617884,0.7113087325061074,0.11724160977114054,0.11725508754657753,0.384,0.223,-1.1813495176040214,0.48661629000691553,1.9018364547416091,0.36363636363636365,0.29935707756912067,2.078353794906106,1.4478960966641239,0.15188441359482852,126.53789946099153,127.2809665442734,384.0,196.0,-1.408549314810993,-0.15131254445323758,1.5399003112678546,0.13636363636363635,0.9284205780424334,0.6003362462704526,0.8847679201101938,0.0005907565065447562,0.3980405463792908,45,0
N275,0.04532912970706585,0.04532924001127749,0.177,0.09,-0.8204985018969135,0.0937281751054484,1.9854733937213338,0.3877551020408163,0.10077643208441307,2.533720011226483,2.0990664727038304,0.4999036008940737,0.0658774498595688,0.06587746200332857,0.269,0.162,-0.16859391688869607,0.6343528986148339,2.459111129566811,0.6326530612244898,-0.24498306140955547,2.890417739297505,2.01464051832855,0.5647889418853331,81.92898388238439,81.93558445510718,222.0,112.0,-1.5487428798360974,-0.004367635508178471,1.3669274558157969,0.12244897959183673,0.9251674964345971,0.5918771046125937,0.9406999170053072,0.0009817313458103905,-0.003997096653851756,50,0
N276,0.059759030221998986,0.059795395823609425,0.29400000000000004,0.154,-0.23817033721974878,0.09763117744030937,2.5754491274593274,0.5,0.0900557008570163,1.9749238299783662,2.1540480570292,0.3505337561517971,0.0871136844843877,0.08718017537676442,0.301,0.179,-1.042793297246139,0.6141519543716409,2.05321908594953,0.3695652173913043,0.2572902971343975,2.0240580888701736,1.2521297229263353,0.13672847419160095,109.74741154729307,110.19055062394648,340.0,170.0,-1.369814444924004,-0.08330733876839258,1.542782017490489,0.13043478260869565,0.9197054139465037,0.5910670447843813,0.9267179486266459,0.0006175867544817433,0.44710673441606885,47,0
N277,0.10694325305974192,0.10915756959551638,0.489,0.254,0.1398707235196368,0.07421433311631602,2.326911463320387,0.41935483870967744,0.09195315108923192,1.9619995365768563,2.1528247080836627,0.2396091393089962,0.19980054263173938,0.1998006037278166,0.615,0.34600000000000003,-1.3436390801637568,0.24892374101704529,1.7317264990417507,0.3548387096774194,0.36571633638445383,1.854452473781394,1.092938209120095,0.04150736084143979,178.2992130521052,178.3185352115702,510.0,256.0,-1.4994512860791687,-0.013482690953558335,1.4356331477053845,0.0967741935483871,0.9366522831635857,0.6018845891050734,0.8772383368001757,6.806097201412529e-05,0.5634354459604052,32,0
N278,0.052011423828008975,0.05440281855443398,0.195,0.10200000000000001,-0.6139471843643474,-0.48943728179015733,1.8749028581660998,0.35,0.2398570354641613,2.0762419214695518,1.8403817901750337,0.37316757900509606,0.0594978228988693,0.05980922050271895,0.21600000000000003,0.129,-0.29779789161809367,0.5146237383333686,2.156858071643579,0.55,-0.12513575765599996,2.638530786248442,1.8771423071126956,0.3907367971111752,79.06264917349446,80.11658172105614,220.0,110.0,-1.4164419641822894,0.30970267683486663,1.372999167425661,0.1,0.927552984693127,0.5693051481195861,0.9076822505773183,0.0006104948708696578,0.2402689839118807,21,0
N281,0.08908658484867404,0.08908658709368095,0.42600000000000005,0.228,0.5044110907328876,-0.5615933092155865,2.5593078311580353,0.42857142857142855,0.17111409846683634,2.194147330728151,2.010714325601166,0.3208339647063696,0.19058090145657303,0.19058090145657303,0.5920000000000001,0.328,-1.422005963424672,0.28785332199012126,1.7210538804946316,0.3673469387755102,0.3438546841013448,1.8902695162114551,1.199333231459491,0.06385280474153747,184.71187942306256,184.7118837541321,542.0,272.0,-1.4550474862895,0.004591947341879814,1.4725636189280389,0.14285714285714285,0.9312769013281345,0.5986656919658044,0.8857163316004755,7.440928429822132e-05,0.5078005420521412,50,0
N282,0.03498985468040065,0.034992856413845384,0.164,0.082,-0.30865577003269706,0.053199914410213,2.3433354233853176,0.574468085106383,0.21168889012950676,2.130547614849381,2.3765889960079023,0.34339777387105347,0.05749374588572415,0.057498369542100934,0.238,0.122,-0.7651568140702127,-0.036681610484306966,2.1217992957290774,0.6382978723404256,-0.25674174992476767,2.9278809891051774,1.919034361207664,0.6126350434576237,81.39665183873078,81.44169693713411,222.0,112.0,-1.505743024641628,0.07509648740025537,1.375216924648,0.1276595744680851,0.9219553513999247,0.6084538951598195,0.9185345459214403,0.0011276570532986392,-0.013876735572687409,48,0
N283,0.07754139864107404,0.07828405929302555,0.28700000000000003,0.163,-1.0618324609485965,-0.27321136042930383,2.082160806070029,0.625,-0.33805061772871514,3.192593176427625,1.717504982266149,0.8158399369729648,0.046797514316351936,0.047200089881783966,0.21,0.121,0.22754661647447882,0.4483858270967431,2.563554440321051,0.40625,0.11018207241538869,2.3666462388315113,2.0575120778920613,0.3090156651174138,83.90540828234275,83.90543017064635,232.0,118.0,-1.5138005257209146,0.00958572353099006,1.406345212223003,0.15625,0.9223711905366966,0.6037303684173034,0.9227578987965779,0.0007437693628863495,0.43537229474902595,33,0
N284,0.11335991828852103,0.11402232636238795,0.488,0.315,1.0726787681403254,-1.0517288435289764,2.762616849255127,0.23809523809523808,0.39646309912478866,1.9193122358350108,1.9213058787832078,0.20245331791247703,0.21121844475556267,0.211322674427693,0.65,0.331,-1.425831886949938,0.11343511445645127,1.5663250566765672,0.42857142857142855,0.42075097570381736,1.7960790492161245,0.9773605351526098,0.01664652262397417,183.2837298284676,188.6622764239172,536.0,268.0,-1.3053193632773095,0.37944762426890366,1.420527755097229,0.09523809523809523,0.935444670931627,0.5208504504421945,0.9756426376773493,5.450847953524353e-05,0.6098132972013814,22,0
N286,0.08657491784575946,0.08657493863699818,0.41300000000000003,0.209,0.09218236121563983,-0.08326735811010685,2.414093538966517,0.5714285714285714,-0.009809955732536244,2.323894197118262,1.8954954361900809,0.42765969869555387,0.06143902342973885,0.06143907551387798,0.276,0.157,-0.6092755187593446,0.19466545071937147,2.5553769923594722,0.3673469387755102,0.29979739834664154,2.0656575481194994,2.1937986333533273,0.2550365177880302,89.16411834364763,89.16411834364763,258.0,130.0,-1.4838996572324732,0.003248860935401137,1.457985593475693,0.12244897959183673,0.9256452875391079,0.6036429747553943,0.9231395128132587,0.0010641581425223556,0.27934824166850913,50,0
N287,0.08623246720348432,0.08623247648073201,0.393,0.20400000000000001,0.16631177517361984,0.10599462587062272,2.365698033102207,0.4489795918367347,0.056471954546866744,2.4928196797216047,1.8961285955175622,0.4388622839348195,0.19628315872738547,0.19628316280312988,0.667,0.363,-1.1782193535488596,0.26196805811041585,1.8493690177801214,0.3673469387755102,0.34412137704451806,1.9314746533306453,1.2373714924577035,0.08164568989659093,177.82501061436773,177.82508259522896,520.0,262.0,-1.4465031435104763,0.0013264847906578033,1.473357954773864,0.10204081632653061,0.9315162222449186,0.5994694436540428,0.8814968955207106,5.9322548216246215e-05,0.5919374228205784,50,0
N288,0.06097455534893223,0.06097458486943556,0.217,0.11,-1.0697893622001737,0.11709988319514456,1.8040303223964906,0.7346938775510204,-0.4338672832735939,3.393359841480305,1.4345153180845538,0.8652815483279667,0.05469367787962334,0.05469369250654046,0.247,0.138,-0.5110415369492718,0.1089398501833743,2.5231428648467555,0.4897959183673469,-0.14478321885196646,2.8550197475570664,2.064880254451641,0.5641123636078132,91.09306010887987,91.09994511524143,262.0,132.0,-1.4876066522803164,-0.008001984541195207,1.4489580628508614,0.12244897959183673,0.9229064905810259,0.5943265999436728,0.9426775060092362,0.0011621989319190497,0.4877961355185807,50,0
N289,0.06710957043853318,0.0673923009120643,0.241,0.123,-1.0697119437884361,-0.11118341070495356,1.8251343007340624,0.6285714285714286,-0.11895896432007246,2.871636977714037,1.7148963559219128,0.7239579139683299,0.04338262865636201,0.04342618257840923,0.16,0.092,-0.5322784672706078,0.6311724883254418,2.118537585796014,0.6,0.05942048976642227,2.742776556151792,2.0208109436428074,0.6313567256028079,80.58260082397165,80.7176147648909,222.0,112.0,-1.5098408687356442,-0.09948397571746086,1.3875533900032406,0.11428571428571428,0.9194696794740591,0.6066647762802642,0.9049687891039807,0.0011281524474444486,0.48680139935890065,36,0
N290,0.08917911712141782,0.08918730290798124,0.316,0.168,-0.8967094169616119,-0.24837661394973526,1.883676201906605,0.43478260869565216,0.14453529509849802,2.264813319224018,1.7240185023698436,0.2931409421182546,0.19439493020366785,0.1946434775001036,0.634,0.324,-1.2808094748617576,0.17679150995712004,1.664581850680445,0.34782608695652173,0.34685404972959083,1.8412262010837253,1.0807791928314963,0.024806735665857876,166.55811047999634,173.68697897846766,496.0,250.0,-1.186062719905902,0.47454077548964957,1.439370996434874,0.08695652173913043,0.9325573358392819,0.4919330430509157,1.0388624794514658,3.10126813096985e-05,0.6309878147824156,24,0
N293,0.08565558942649336,0.08565558942649336,0.35,0.203,-0.6068563648162839,0.41402071890243053,2.369956255735156,0.4489795918367347,0.21485256604919112,2.0102118306240286,1.8902614854863855,0.20917183636779477,0.20010966993126544,0.20010966993126544,0.654,0.334,-1.3335196230295574,0.035613826379879414,1.669084757946599,0.3469387755102041,0.3948303095987735,1.847933333975172,1.0667559771408148,0.0347514367247717,170.65802061432683,170.65802061432683,504.0,254.0,-1.4405673597598025,-0.0015167944052064267,1.4883566508369344,0.12244897959183673,0.9312036516637804,0.598749762126537,0.8889811925051276,6.357459749185596e-05,0.5796921444197327,50,0
N294,0.08706272681233916,0.08706273600111589,0.28400000000000003,0.147,-1.2275209452998856,0.07869716243273248,1.688437634191922,0.7346938775510204,-0.4754050558840653,3.312907277549065,1.3949375608605097,0.8582212179098657,0.09836563627608984,0.09836564440901102,0.329,0.20600000000000002,-0.962128375755106,0.676298303545144,2.094227117990892,0.3673469387755102,0.2239975631705447,2.1068078933682117,1.4613633481642871,0.1695884265803944,104.31260710000494,104.31567475696066,306.0,156.0,-1.4505462726798537,0.0041274389219727,1.4954607767572399,0.12244897959183673,0.9240338973276607,0.5937700751167588,0.9272123264367961,0.0009673019910129553,0.18936306504140657,50,0
N295,0.05405158890392168,0.05460267741560281,0.233,0.135,-0.36140247001067305,0.30564316708906336,2.4724062333511787,0.2682926829268293,0.43399972956505317,1.705208416612411,1.8891633519114874,0.1493332259171506,0.05224575626420818,0.05271260805176545,0.23,0.115,-0.12753349074767018,0.17218866726549062,2.1816412477080696,0.43902439024390244,0.2074732368271086,2.1277316774172776,2.297565335550484,0.25526006298401127,80.89994099821544,81.40960514290565,220.0,110.0,-1.5327430903833552,0.16864742180036002,1.3511919116535087,0.12195121951219512,0.9254880134947786,0.6045220659148783,0.9123531276263609,0.001040196482542876,-0.11862748469473855,42,0
N296,0.08535426628405529,0.08656848992720079,0.377,0.2,0.274866815556261,-0.3801054779469867,2.3103094459449243,0.32142857142857145,0.180393215535809,2.2651571621464566,2.182973851960838,0.3746307012162894,0.1807703294501409,0.1807739109953417,0.591,0.31,-1.2692324604956118,0.23895579401280367,1.7148492185246147,0.35714285714285715,0.37030835733619555,1.9097787122130114,1.2133826761552242,0.07502081751413302,159.0639683166708,160.36854107186124,474.0,240.0,-1.3992985312941801,-0.21727023469854356,1.4965528675131854,0.10714285714285714,0.9296092834366618,0.5805910313901568,0.9464447778775169,0.00046542044605000496,0.6065047263793962,29,0
N297,0.08133872079151479,0.08166119029257411,0.28500000000000003,0.156,-1.097093842448093,0.14819555312126506,1.9103321840042529,0.631578947368421,-0.38908192517109397,3.1936636696352134,1.3324409466082832,0.7504775232190936,0.09018751299376206,0.090768111140422,0.28,0.171,-1.31994844952326,0.237064256168584,1.8839215430566356,0.3157894736842105,0.3662723662713247,1.9586222369901556,1.2605042323896247,0.08382936452993064,99.72542303745821,100.67571703246021,294.0,148.0,-1.3493036413714299,-0.2805777614547964,1.4700665102020711,0.10526315789473684,0.9266940605712362,0.5894547187942286,0.8466527056429684,0.0006128376171131201,0.05405898593917444,20,0
N299,0.08507478122216948,0.08507479062566066,0.328,0.185,-0.742957599561878,-0.29383288160880366,2.174557217707679,0.6530612244897959,-0.2518033599603203,2.9092548223979646,1.9512650120706936,0.6613792159803991,0.1406190541854126,0.1406190598745419,0.485,0.289,-1.1097375410524377,0.5845858111787186,2.05519792450498,0.3673469387755102,0.26645518321921674,2.025192425387931,1.3233608715629044,0.13084715943557215,145.30132002153317,145.30134204473129,440.0,222.0,-1.4367593033159758,0.0006611773720405301,1.527859253575627,0.12244897959183673,0.9259609007426497,0.5918333116917975,0.9257334179913439,0.0008247708660582283,0.3479473821772376,50,0
N300,0.03708225068644327,0.03708239699192417,0.188,0.095,0.33759943392650316,0.30396187381570794,2.561862438954234,0.46808510638297873,0.3316496706138548,2.1173023549899126,2.15136167084577,0.28483818935707533,0.047178278164379375,0.0471805044483418,0.184,0.094,-0.8743397014077248,0.13414359167210127,1.9923483459766975,0.574468085106383,0.018050013843399295,2.4011126247195165,2.049250895840018,0.3115069589280364,80.06870964296158,80.22208756529173,220.0,110.0,-1.5335215419613843,-0.06727507732479314,1.3711934373494383,0.1276595744680851,0.9175903976401509,0.598100327257645,0.9378292093973922,0.0010633612481629779,-0.07457835103220606,48,0
N301,0.08105827807475585,0.08125611088130882,0.33999999999999997,0.214,0.030224243480485136,0.704024266127285,2.633648074944059,0.45714285714285713,0.17469787057961197,2.620520014120605,2.268541242475825,0.5111872323633944,0.16481698370399803,0.1648363666724603,0.5680000000000001,0.307,-1.2450083490672494,0.11279022878270115,1.8624530872488068,0.37142857142857144,0.362169653331279,1.9269814489922072,1.2386508603640976,0.055623259432210345,139.72852868471443,139.73069335928548,422.0,212.0,-1.34278997634975,-0.00788940504965073,1.5172042369738377,0.14285714285714285,0.9235230754786022,0.5977183371083498,0.8936036810094694,0.0001362406180799414,0.48205977424674407,36,0
N302,0.10582885948549196,0.1134753277148826,0.44500000000000006,0.277,-0.12169058138717492,0.12252783402132056,2.4410592644066953,0.3684210526315789,0.25679666454097283,1.8734854204348839,1.583033226254377,0.13086066518506956,0.18276093674524654,0.18335921029498356,0.6020000000000001,0.339,-1.0717391220938184,0.3940157078579571,1.848829952172163,0.42105263157894735,0.28925411576898297,2.102319025508101,1.3608717847815113,0.13152631402838663,181.45905874328787,185.41574906139985,508.0,254.0,-1.4479372316235326,0.2897271939361621,1.3698944198957377,0.10526315789473684,0.9406817483989929,0.4818155021223354,1.0022107078565845,4.423828471857888e-05,0.49151556225838466,20,0
N304,0.10652229062501425,0.1065222981351792,0.544,0.278,0.7521729437730036,-0.10090074154221813,2.609782222753134,0.32653061224489793,0.42084724907891924,1.9923064966700947,2.201578330678482,0.28738405015259666,0.19770963456544044,0.19770963557702492,0.667,0.365,-1.2597420482113337,0.3096944073366352,1.8461416861890936,0.3673469387755102,0.3654496009207096,1.8932887966426584,1.1733166112834992,0.06599284870092363,179.87341771367997,179.87395586910296,538.0,272.0,-1.458122379357616,0.01663150417866581,1.5121700008529226,0.12244897959183673,0.9271423149395475,0.5972267338956151,0.8972656667984457,7.256015281624369e-05,0.5029068290259046,50,0
N305,0.054137543350248174,0.054137602458919444,0.264,0.145,-0.29011596120772554,0.023555195299295634,2.6783602046290933,0.6122448979591837,-0.13541984275949884,2.51395179018806,2.161546133628198,0.4516222804447452,0.0653541123419177,0.0653541123419177,0.28600000000000003,0.149,-0.6931120084763092,0.06455347663733403,2.2798871358005175,0.5102040816326531,-0.08995825193238735,2.6272018813522706,2.206512283628324,0.3534710632852227,85.84827546316815,85.86035173466273,240.0,122.0,-1.5139057397409907,-0.0015549155572572562,1.4209119522014177,0.12244897959183673,0.9249159474936082,0.591926283893322,0.9447581102761364,0.0011748510990668985,0.22117451376969194,50,0
N306,0.07463883492305035,0.07470785204979954,0.265,0.14100000000000001,-1.0353962399468315,-0.052510535869963876,1.8873518128457334,0.5675675675675675,-0.08586552107160587,2.472250979467003,1.7696397345873975,0.4917858206617233,0.07251056375422604,0.07252023311136221,0.265,0.16,-0.9690211102756221,0.6303812929198803,2.2062808286110123,0.35135135135135137,0.30246915013847653,2.106489982979637,1.6016368006851782,0.1770205026202963,93.03275865427987,93.69322842463899,274.0,138.0,-1.4139003183268457,-0.19031468044109506,1.4728919295485545,0.10810810810810811,0.9285045803863766,0.5966660079843913,0.9312523126360595,0.0007731914795787029,0.31258650851394715,38,0
N307,0.03493651385012534,0.03493708631239875,0.16299999999999998,0.089,0.05404792035602757,-0.1029210362079842,2.547436245947475,0.47058823529411764,0.14225722527610074,2.3687900834110223,2.2368237558626256,0.45454551300239887,0.06235380288878841,0.0624103929074088,0.23700000000000002,0.137,-0.43816277219521993,0.6131842530838804,2.19514721215185,0.5294117647058824,-0.014592145099446887,2.463403424005263,2.1397303406192267,0.2786349228416073,81.19829092400647,81.32052982752,220.0,110.0,-1.5734576956175,0.09089487168997068,1.3526719542200334,0.11764705882352941,0.9286600532494574,0.6033560209122787,0.9053491733646647,0.0009372016900746857,0.25144515504613774,35,0
N308,0.07798640277005495,0.07948229225814199,0.30500000000000005,0.171,-0.8366097915981094,-0.05202369708617615,2.151422601711429,0.6363636363636364,0.0034066999434104947,2.5658110626251953,1.8620464144471798,0.5530057622544197,0.10617086845330288,0.10640713444534425,0.349,0.198,-1.3271321166032266,0.12569806160564384,1.8607774848189544,0.36363636363636365,0.36567694260475675,1.8853202699362532,1.1631802232462154,0.041477463906029535,112.08766485423973,117.10567505648385,334.0,168.0,-1.2233631223103234,-0.47890468330554464,1.4346016955964618,0.09090909090909091,0.9360008717951667,0.48320733362702595,1.038532860759448,0.00023798472417170118,0.280429803756247,23,0
N310,0.07030061450656032,0.07030064011088377,0.31200000000000006,0.17200000000000001,-0.5741593173846726,0.03309784972552101,2.4466349058658343,0.7346938775510204,-0.3541948362140735,3.3746950313371205,1.62773644514564,0.8596691785774067,0.07620284509124316,0.07620288708441433,0.263,0.151,-1.1584688057278387,0.28251640240062326,1.9815522190481916,0.3673469387755102,0.34633595884567187,1.9217611854504397,1.636056591091402,0.08910132005660308,94.00064680628533,94.00340419367801,278.0,140.0,-1.4585958094141587,-0.006047855737081257,1.4893077671054746,0.14285714285714285,0.9270263722973077,0.605925406401911,0.907189824507141,0.0008187765277408544,0.2604997142011801,50,0
N311,0.09931685858906332,0.09931686664409023,0.469,0.252,-0.2927703985289605,0.32336178641770363,2.537333370605234,0.30612244897959184,0.4823773553857156,1.9562165889865615,2.120517813015123,0.28028366569975804,0.20232177243193575,0.2023217734204601,0.685,0.364,-1.3206097205011542,0.112186918476803,1.799114320946289,0.3673469387755102,0.36627874754731193,1.8747944369421938,1.1620243976026559,0.056578629657916685,183.47325036636812,183.47555695514322,536.0,272.0,-1.4512825354090082,0.0071329065857193875,1.4824863023388972,0.16326530612244897,0.930283382503483,0.5939567939106334,0.9017728244680329,7.503591810722229e-05,0.4803681218203386,50,0
N312,0.0808890351721439,0.08125819796698733,0.277,0.14100000000000001,-1.2957514982434102,0.14550698123544376,1.7352095361170072,0.7027027027027027,-0.4639211800921646,3.240735043883947,1.4844669497449154,0.8037553210902559,0.08869708246426784,0.0887724767683033,0.31,0.189,-0.8827792007264539,0.6065949155063765,2.1290382659176124,0.3783783783783784,0.28159752180572284,1.9853033266286402,1.3576566999895714,0.09568347245380197,97.66096876411065,97.76825445382242,296.0,150.0,-1.378987312536762,-0.09406053767919018,1.5342403404660099,0.16216216216216217,0.920608931573689,0.593334759980383,0.9358384796877003,0.00102775866489187,0.08136346758050655,38,0
N313,0.03797474946885394,0.04183051119298767,0.131,0.075,-0.7733845326805904,-0.37782111962888104,1.7929496403709442,0.4782608695652174,-0.04927578702648498,2.4545706697420937,1.9493298917342154,0.5188706355000895,0.044156897504492115,0.0442252755785648,0.14200000000000002,0.076,-1.339476459691484,-0.2555085491643092,1.7184743114825458,0.43478260869565216,0.1669611901890506,1.9063759908464,1.7469814013019918,0.14022116528351908,80.06438381425012,80.17273019341843,220.0,110.0,-1.5380036675393638,-0.08182667518352497,1.3720375960083016,0.13043478260869565,0.9207263032196756,0.6172391917400033,0.7937849280495183,0.0007523713126005065,0.12106156469676187,24,0
N314,0.0732948257920658,0.07609977970131213,0.272,0.154,-0.8206302744844831,0.003541058592567242,2.023658946247182,0.5,0.0010141240008807355,2.104790161038381,1.6223036969532671,0.06595068954910309,0.20441940738992243,0.20441940738992243,0.631,0.32,-1.3232796186709224,0.11995671865389963,1.565409097334931,0.375,0.2995139533698988,1.891935341960633,1.1360098307130169,0.031315063495290764,182.7196313148099,182.719972185019,532.0,268.0,-1.4225629974313345,0.006936879119437182,1.4667252670585345,0.125,0.9340873879345629,0.706701932682163,0.511360980850801,4.48551045310335e-05,0.5655472557393791,17,0
N316,0.055280723584265785,0.0552807380558545,0.243,0.122,-0.3129335570311502,0.061292501066311914,2.206916989363162,0.46938775510204084,0.23524633661482428,2.0420533960430824,2.151172886160606,0.3340577277378765,0.05383268895383176,0.0538327038146887,0.224,0.131,-0.4757199096518936,0.3799862547620947,2.4334649890696287,0.4489795918367347,0.12025555754096028,2.2896260996325677,2.3859127406829406,0.2805977021016227,80.77231208774452,80.7742533236922,220.0,110.0,-1.5653742908175188,-0.004447096141090388,1.3618200784746282,0.14285714285714285,0.9259054127914913,0.5997639577415504,0.9285850285930002,0.000859224945606176,-0.016559102941798326,50,0
N317,0.0693913078130107,0.06939135392828129,0.327,0.17,0.14055402944474293,0.3183883653395064,2.4498729362695784,0.5102040816326531,0.025113596673013706,2.467135220403637,2.0883392821951476,0.46346220795480236,0.16644416361050335,0.16644416481210747,0.52,0.269,-1.4689896427286018,0.050049258618783427,1.6161575883640256,0.3469387755102041,0.4131075649235752,1.8621254340263806,1.1395452042167364,0.04372648638998674,149.21777910155345,149.22198229483485,436.0,218.0,-1.4556377743576496,0.001807152181037452,1.460910762928163,0.10204081632653061,0.9316225080779749,0.5993215990915589,0.8801578506971184,0.00010407509102713549,0.5223131994706229,50,0
N318,0.08875440968253488,0.08886841530091126,0.374,0.22,-0.45447833474344135,-0.43563555006117877,2.4755701927965412,0.5365853658536586,-0.08058554613153683,2.433109225734899,2.094701857402813,0.4284349465337388,0.16549031799919267,0.16560078214676116,0.583,0.333,-1.0101498938640867,0.5808812284365445,2.0108600677071915,0.34146341463414637,0.3107784188326288,1.958475209483188,1.2941569519816416,0.09236951923724018,160.31216712933931,162.5305832026406,488.0,246.0,-1.357802745005307,-0.24335927298640686,1.513561295065871,0.12195121951219512,0.9283974794928787,0.5979912985486653,0.8990294056887015,0.0005823192066210472,0.3972194265671105,42,0
N319,0.03784128088505795,0.038942057867654374,0.123,0.074,-1.2218125566359819,-0.16251901566214821,1.9002591042181431,0.5666666666666667,0.11242710836389246,2.219133617576027,1.9909291970262575,0.33126050935999984,0.056367384167786555,0.05753175841052011,0.23900000000000002,0.14100000000000001,-0.36531654900333566,0.024932116613283577,2.4508202755404938,0.5333333333333333,-0.20174080375894246,2.7691411435817965,1.9963586157367088,0.49150704564729586,84.50898763229125,84.50920927101912,222.0,112.0,-1.6400480722906996,0.014262427589004397,1.3252993486286038,0.1,0.9415477111836847,0.6050336078488616,0.9014533595836236,0.0007543774122803075,-0.07504293764494308,31,0
N320,0.058546856234984984,0.05856300026467223,0.20500000000000002,0.11,-1.0266619343414418,-0.1919811709783583,1.878319066695031,0.7333333333333333,-0.3333518694312012,3.1784972371892315,1.463016252583371,0.796079975929677,0.1058217656900035,0.10777725873299988,0.373,0.20500000000000002,-1.174433651828345,-0.12706036709589305,1.9020710158146923,0.3333333333333333,0.4362518276177435,1.785445848270251,1.1243022023118308,0.015535561539575379,111.75636167574534,111.79333611624621,326.0,166.0,-1.4233125306617114,0.06371785590054235,1.4848827825246043,0.13333333333333333,0.9332140108397006,0.6328999220567899,0.8761270771400953,0.0010759534204735973,0.2288103153365046,16,0
N323,0.08916983570692502,0.08916983794983593,0.381,0.20500000000000002,-0.6792050316185612,-0.07931630911546524,2.298983655384979,0.40816326530612246,0.20841570873609205,2.19976405049254,2.0655742227316294,0.29277004036877624,0.2030882064522704,0.20308820743706416,0.7,0.362,-1.2729163915041253,0.25192607350487084,1.7824767108261648,0.3469387755102041,0.37477698332555065,1.877107641248872,1.1593087679177598,0.050158839150887265,174.483580889435,174.4846125020771,520.0,260.0,-1.4504244737420833,0.002558424662322459,1.4901027447156974,0.12244897959183673,0.9294672730878523,0.6008327857607558,0.8850042512898568,0.0004618163073772068,0.5240488803092687,50,0
N324,0.05826249565543859,0.058262509386397016,0.251,0.149,-0.761013351670488,0.07554364698596634,2.557390705776709,0.5510204081632653,-0.024252207548970735,2.729758571686134,2.0521082287532,0.545028749249638,0.06425043501798257,0.06425044746925893,0.324,0.166,0.7693789110160885,0.29113944493005384,2.583639593785302,0.5510204081632653,-0.154484814920246,2.8755888356888875,2.019856975834906,0.4227799173285948,83.42014145276907,83.43188838807377,230.0,116.0,-1.5299334199065915,-0.007402486982504282,1.3903556810369606,0.12244897959183673,0.9282983383256658,0.5928309718083887,0.9380292653294154,0.0012432189992322136,0.24500290663800878,50,0
N325,0.07771789882337699,0.07772196951605477,0.314,0.164,-0.7345365280849023,0.15734692873370087,2.1100854883267344,0.6511627906976745,-0.25185295896481075,3.274294511916132,1.3350905011455294,0.8874909895910567,0.07950571409892603,0.07950743247132193,0.299,0.178,-0.9069873481731627,0.4403069851559485,2.238784406278042,0.3488372093023256,0.44680983001100033,1.8784956158094865,1.3535710147053786,0.07260315643429648,93.02389055976981,93.88435826735318,280.0,142.0,-1.3952094811904503,-0.17993465958676982,1.5124990213559173,0.11627906976744186,0.9246516199848231,0.6000801664109694,0.9219885056394387,0.0008304127572500941,0.23480751685534854,44,0
N326,0.0917465167367859,0.09456126761699704,0.392,0.20700000000000002,-0.1735493754109867,0.2097411850226944,2.1890569491772816,0.41379310344827586,0.09043325613739227,2.333321535317487,1.8568291775031074,0.31158722020804697,0.19030767194204234,0.19030790840109615,0.632,0.34,-1.2391659875435326,0.20262418466969986,1.7865784078894413,0.3793103448275862,0.3652578154076638,1.8335937132216857,1.0260395612033226,0.027414817530466283,179.42303828289906,179.837333906691,512.0,256.0,-1.4544937027792857,0.15801661326807143,1.4235086477250947,0.10344827586206896,0.9364765658298014,0.5921201341684588,0.9046135334039151,3.555393421163613e-05,0.570715482683803,30,0
N327,0.05100909701062484,0.05143161018591378,0.17099999999999999,0.097,-1.0170751937864888,0.4621810764676068,1.885999673145886,0.5,-0.13042541823783335,2.806520763066604,1.7387224465291338,0.5648129779735575,0.050998451988890386,0.051242971276684944,0.182,0.092,-0.7241448599486584,0.2818986802191487,1.7953681784619524,0.5555555555555556,-0.30454638337251627,2.98639772270807,1.6178366216712468,0.6456083471963456,82.13845482946982,82.16030543683296,236.0,118.0,-1.3597571480072317,-0.051413056115853104,1.4362166665838598,0.16666666666666666,0.9188239716928362,0.6744283217168079,0.6366762177735594,0.0013561600529180921,0.44872857968067986,19,0
N329,0.08083064765297876,0.08083068724191327,0.42600000000000005,0.218,0.9419773192068717,0.3934835661853013,2.696995503051471,0.5102040816326531,0.1938563569518458,2.3947519865014844,2.1826646814645025,0.43735872873266596,0.1734196632449735,0.17341966439824524,0.5720000000000001,0.28800000000000003,-1.2619793638936043,0.15306669730697903,1.6607113212872426,0.3673469387755102,0.35202327134047634,1.884743932431944,1.2177142488285595,0.058956650822909996,152.75371550309342,152.75522904306746,454.0,228.0,-1.4465197162303256,0.012138852833865484,1.4925839293901892,0.12244897959183673,0.9287161447679313,0.6006938509253783,0.8849696618325249,0.0002595647328830867,0.4684375713369136,50,0
N330,0.06863890733396037,0.06863891024775962,0.30800000000000005,0.169,0.034755720301782755,-0.5453830777776691,2.462160302224731,0.46938775510204084,0.05094265861113629,2.558836487963978,2.0845101501522567,0.47533506613727805,0.14419504152362522,0.1441950761988772,0.468,0.264,-1.3065606178069382,0.34210294343283437,1.8308530843028585,0.3469387755102041,0.38837672083219593,1.8590859441447907,1.1151764941362325,0.04241740936681129,144.91304427138365,144.91349143540776,438.0,220.0,-1.438139614611945,-0.001942405995435886,1.5181471222647376,0.12244897959183673,0.9260162798037416,0.5933569529484356,0.9237186013624396,0.0008549047669632441,0.40351263943424504,50,0
N331,0.04205466289487783,0.04205466963483649,0.177,0.097,-0.28904157636336425,0.1709463749976923,2.306521507415407,0.5365853658536586,0.016820983158919604,3.040024800215433,1.9408647518045417,0.685653438535945,0.06794435498368985,0.06794675786792115,0.27,0.155,-0.540836647692367,0.48086464550786545,2.2811978799827064,0.6097560975609756,-0.28776615765444225,2.914252670955624,2.0468953406525996,0.4879989060510315,80.036839590341,81.235694711365,222.0,112.0,-1.4563302934133604,-0.2555326681692693,1.3787042801559377,0.12195121951219512,0.9261361647631104,0.6033373573655864,0.9178508555993192,0.0009325869196534945,0.108012579040649,42,0
N332,0.10491194191108826,0.1062591172558854,0.388,0.214,-1.0044272304755513,-0.05173686047919802,2.013944831525947,0.4827586206896552,0.12850564817226318,2.5386328716597006,1.9965087215568877,0.38359444569319223,0.17791936063534203,0.1779886700514015,0.639,0.33,-1.1294140649757214,0.15964524901745747,1.854050597179579,0.3448275862068966,0.37517983406191524,1.8684171073872184,1.1345970358630988,0.012902945383196487,141.43072116371636,141.44680979081855,400.0,202.0,-1.531270818740364,0.043426583169400616,1.4280986633684545,0.10344827586206896,0.9416611698438266,0.5986711231749106,0.8831741970859566,8.815485152930786e-05,0.4955603134970236,30,0
N335,0.09036226867448603,0.09036227088779919,0.399,0.233,-0.04547707401305656,-0.4116387187623328,2.5785097885522474,0.4897959183673469,0.2461453509436038,2.174461578593555,2.0240591003107387,0.31788112425385784,0.19083961433622737,0.1908396185282291,0.623,0.334,-1.2295665966642746,0.2640643065899421,1.7501606981602438,0.3673469387755102,0.36045494309804743,1.8682528430497987,1.1328261282799743,0.04688485025710486,182.3433420775214,182.34341227475153,538.0,270.0,-1.4518366281202133,-0.003977618512796602,1.480722536842566,0.16326530612244897,0.9284512931612086,0.5892323926507899,0.912353915533159,5.441236106239933e-05,0.557171798811846,50,0
N336,0.06605248941580243,0.06605267258450301,0.266,0.137,-0.7329124845245847,0.018478513591200004,2.0741022980520905,0.4772727272727273,-0.11395741478384161,2.1968825551783766,1.924668434716608,0.36385786868307457,0.05663787503860723,0.056638228158099095,0.274,0.15,0.1552368505933801,0.08440957237026839,2.648387932992753,0.5,-0.011459781541250312,2.3579418195743402,1.940017214824476,0.3211358379788615,90.32729513781304,90.3346863367309,250.0,126.0,-1.5482914481221688,0.0354366630993374,1.3948130569726378,0.13636363636363635,0.9335336477692778,0.5979059600750111,0.9320661750428625,0.0011136820808642146,0.376384030711434,45,0
N337,0.06211433953984046,0.0623573666576018,0.228,0.11900000000000001,-0.8015052044080329,-0.12037862890686825,1.9083551211105076,0.6060606060606061,-0.05013744831879506,2.8285677470003994,1.896514989963712,0.6733408654272628,0.1040937701103123,0.10422980831401576,0.451,0.256,-0.5865944428417866,0.24172957267112086,2.4561112040880126,0.3333333333333333,0.34258148446825715,1.9609111190049004,1.4562291515663324,0.09190768195800755,105.94313614805732,105.9550404097667,320.0,160.0,-1.4239845732963645,0.032083373019186436,1.5100744559317025,0.12121212121212122,0.9278388169375792,0.6007620233374021,0.9101605739105314,0.000778431421188593,0.4210284046450112,34,0
N338,0.039454470892884876,0.04470982833784983,0.169,0.115,-0.3013995751581362,-0.11678820357799528,2.572141389830497,0.2903225806451613,0.33048071482978825,1.999582222831669,2.1811668510789444,0.2608598298507317,0.05167260970523939,0.052072065447800325,0.21000000000000002,0.111,-0.42476861400761967,-0.14109087247610305,2.131661170830107,0.5806451612903226,-0.20658651074013717,2.907506568904969,1.9665600468336764,0.6365070778272721,80.26041599069868,80.32123007026225,220.0,110.0,-1.5235466076888151,0.07119075108863723,1.369500938964403,0.12903225806451613,0.9252402942623411,0.6039353098135716,0.9279266292013404,0.0011442726375167928,0.05295249848170431,32,0
N339,0.05693406273927762,0.06333679815083804,0.199,0.122,-0.9934555281612911,-0.0676399216791572,1.9262104110386857,0.631578947368421,-0.3496589057535792,3.0190570100710223,1.5126577674675286,0.6046748547501667,0.12514875149197455,0.1257517395505923,0.44000000000000006,0.266,-1.0566122362068326,0.1743803035516453,2.1152788895853263,0.3684210526315789,0.3615186876173738,1.7711171129098617,1.0649129295816437,0.014206469328270058,102.87584750562203,103.3227951615712,322.0,162.0,-1.2892096960073025,-0.20466038540338288,1.5679018337306132,0.15789473684210525,0.917716681824734,0.5913367009533141,0.8874624614772314,0.0004516262406723503,0.3999486686275046,20,0
N341,0.08392077454361346,0.0839207959924118,0.326,0.166,-1.0730558868754843,0.032148590550378914,1.9780555944084455,0.673469387755102,-0.4722445626373504,3.4024878906413285,1.2864557762630433,0.9130389992161221,0.09744319576040188,0.09744321423270068,0.333,0.192,-1.1276493056773398,0.49709146445610647,1.9703783532990982,0.3673469387755102,0.3010602287889826,1.9606667079492937,1.2930691412723225,0.09922172503804116,104.14175723503037,104.14182637154008,308.0,156.0,-1.455324230899973,-0.0036348939794553113,1.497957213112903,0.12244897959183673,0.9314740600544894,0.6008111387608603,0.8979411398680742,0.0008684840205334394,0.05951734593106104,50,0
N342,0.06350873955606426,0.06350873955606426,0.278,0.14100000000000001,-0.5213578937707877,0.14869343451115152,2.2201668775921464,0.6326530612244898,-0.2901522754141891,3.3090144889702477,1.521419233799055,0.858340797733,0.044377471762145265,0.044377471762145265,0.224,0.121,0.3012724100873747,0.15279417269905324,2.7266086866898767,0.3469387755102041,0.2581775840649116,2.260466956911729,2.065498220808928,0.276333634166889,84.80272637126708,84.80613185377577,238.0,120.0,-1.5147302510381124,-0.01192738702886483,1.4149920221205954,0.12244897959183673,0.9276319545197144,0.609453387598405,0.9029002699614525,0.001052912705564652,0.3098116768752891,50,0
N343,0.0850829370252315,0.08511195241823821,0.493,0.256,2.1655234800353327,0.11416315400129534,3.0078031666107456,0.4318181818181818,0.0719384273702535,2.2731428638014006,1.9161821851838585,0.3469307332515911,0.20092379981807365,0.20092469567809063,0.682,0.35100000000000003,-1.255583407449174,0.21668885516849715,1.7469231386188135,0.3409090909090909,0.40062408753676143,1.8889315997563674,1.1828401555391106,0.05076101140075595,179.90071335785933,180.10934950128984,508.0,254.0,-1.5010131506162607,-0.07651150131887247,1.4102543854792002,0.11363636363636363,0.9357014586267979,0.5918223191833301,0.9046177315092432,4.664737691705045e-05,0.49327074060117454,45,0
N344,0.07829073665745381,0.07838404699637173,0.334,0.169,-0.4430793054210569,-0.07083473847545406,2.1560509628677726,0.696969696969697,-0.46407760500227624,3.3373845808512446,1.4502718079757715,0.867137301297024,0.09988153883129734,0.09988169472519212,0.31,0.195,-0.9228233900247735,0.7287620680575826,1.9523096853383404,0.36363636363636365,0.2317174059560637,2.07078644710262,1.3596835439860249,0.13865790732993905,106.17736678780972,106.17743196566552,316.0,158.0,-1.4112464124715933,0.002442477679694229,1.4880751688465426,0.09090909090909091,0.929683149588959,0.6010311639792393,0.8946398149929302,0.0009386804526026778,0.3054085516223147,34,0
N345,0.04615963624359046,0.04685590881069527,0.181,0.098,-0.3366729502213004,0.32986520785611495,2.091518497612208,0.6,-0.048457366457869085,2.6966068337386253,1.6802312066292016,0.6100343970950047,0.044309824466112334,0.04539299295622409,0.158,0.096,-0.9581305680626087,-0.3384042623872686,2.114863853383276,0.55,0.0009659413222250331,2.1955212256152596,2.0902760216048315,0.2999450635600887,77.68673648019534,77.79460135510689,222.0,112.0,-1.4035088623529122,0.11204013280435211,1.4396885908413704,0.15,0.912476428040947,0.642956260581896,0.707219842574144,0.0009948169010706245,-0.13216798331378563,21,0
N348,0.06606329086565398,0.06606330297525245,0.28700000000000003,0.148,-0.16955331968919607,-0.2877626278556289,2.240275513554648,0.6326530612244898,-0.02891267030052443,2.9710116205160695,1.834277727088692,0.7515725245773174,0.08224437002008102,0.08224439190607467,0.308,0.158,-1.176568750091624,0.24262437542440513,1.9211036319709225,0.3673469387755102,0.32155845719789716,1.9263103331441351,1.3023311105679667,0.06914967339227224,104.98018098669863,104.9853323088516,314.0,160.0,-1.4325023532099466,-0.001272479985175844,1.5240224180012427,0.12244897959183673,0.9247607593861636,0.5956996421644919,0.9267356204488263,0.0007462792442522366,0.2293799092669769,50,0
N349,0.09452216671236437,0.09452216671236437,0.402,0.228,-0.234726573257944,-0.1452320881608436,2.412132602649866,0.42857142857142855,0.1923984119433237,2.292440947166941,1.9107813071670956,0.32626024575460716,0.20978770221345197,0.20978770221345197,0.702,0.366,-1.3173216087112603,0.23611125301084182,1.7446208530736813,0.3673469387755102,0.3524128973196591,1.873695260970678,1.1052534543056847,0.046769311948373984,179.5466513193716,179.54943608934002,524.0,262.0,-1.4501522127705635,0.0036587688142850436,1.4592081473852934,0.12244897959183673,0.9296283532080436,0.5989262894123013,0.8824647538658654,7.210864976422995e-05,0.6361957644511936,50,0
N350,0.0581210761118526,0.058126648940681,0.214,0.108,-0.896860769852375,-0.023223234624116407,1.858011806430049,0.675,-0.4040561092952202,3.1673321840753617,1.5138293287148352,0.8227822189748412,0.053819138812860996,0.05386795056024478,0.191,0.114,-0.9457309481628067,0.4885916561549206,2.116286192705713,0.425,-0.060273767798245066,2.5439383310449566,1.69705140184404,0.3936658718630826,93.21059037598219,93.84886656799624,270.0,136.0,-1.430485012030722,0.15388892295273954,1.4491384389971724,0.125,0.9245777488854044,0.6001152683002047,0.9300043372772134,0.0013613450905992682,0.4795928594731808,41,0
N351,0.051414085261388305,0.056382621436041794,0.198,0.138,-0.6058526286073005,-0.259337204923081,2.4475626795136107,0.5925925925925926,-0.3313828858017751,3.211158228933405,1.4984785511950032,0.8285561607117019,0.03807543197927192,0.041149986981424774,0.131,0.09,-0.9297597047527053,-0.38999249336995956,2.1871209835528322,0.5185185185185185,0.09720256291174338,2.3063975609371834,2.310801239357068,0.31684235573518216,84.41742130868583,84.5872330792301,222.0,112.0,-1.5942070152750323,-0.071226984252483,1.324076883979563,0.1111111111111111,0.9367172509730387,0.6006257099941513,0.9103044701905461,0.0009874766278781663,0.11031236702944902,28,0
N352,0.08128704283791688,0.09172694987479599,0.382,0.218,1.023802274065476,-0.1365825916143593,2.376618870436248,0.23529411764705882,0.16437303298285966,2.2367140756873716,1.6909241600386211,0.27407577737357103,0.21196013484953272,0.21199580708641913,0.6499999999999999,0.354,-1.2031062422181906,0.36813031632252363,1.66984434675962,0.35294117647058826,0.390195603013194,1.7717670269489272,1.1512425540257065,0.03063227826174895,179.86647997134972,180.03456458259464,534.0,268.0,-1.3780415159362789,0.10567684900646465,1.488603039207226,0.11764705882352941,0.9277724058754682,0.6669748554366557,0.6380386630350471,5.188998585664878e-05,0.6099189189072267,18,0
N354,0.07797678885411992,0.0779767914189857,0.383,0.20800000000000002,0.47486068239478385,-0.3157260748748566,2.667460358587625,0.5918367346938775,-0.14331395662508675,2.9664062985933493,1.6858598262769429,0.7107724612016216,0.04856973955046496,0.04856974366825503,0.217,0.111,-0.18305464815128536,-0.10640008262507489,2.2853733953829596,0.5306122448979592,-0.02328587862586517,2.6594440488036075,2.0022707033761193,0.48050883883257306,84.36431473081495,84.36492162030378,238.0,122.0,-1.5056119831192123,0.020760392163446592,1.4460986587420563,0.12244897959183673,0.9275960317222742,0.6094033609795543,0.9013101854718555,0.0011299524566906398,0.5188588188789234,50,0
N355,0.08568091736203576,0.08568091969627778,0.42100000000000004,0.246,0.49585403966277797,0.3314136214424351,2.871117640567144,0.3673469387755102,0.2120637769031944,2.034147615040835,1.7828068491399216,0.17771824825770252,0.217324918037486,0.217324918037486,0.733,0.373,-1.2707408285111912,0.16052943661896552,1.7163241259599227,0.3469387755102041,0.39718070708724534,1.8540336811650686,1.0984716832735846,0.033974167279408954,177.48378630173517,177.48577407781167,516.0,260.0,-1.4493132075263218,0.0027581896850897934,1.4649061388210933,0.12244897959183673,0.9266366006790694,0.5921490568043433,0.9035410933810513,5.687633198022838e-05,0.5714370614708929,50,0
N356,0.08519170253888861,0.0851983618948464,0.32699999999999996,0.18,-0.9526846630628181,-0.10595796958105876,2.11271667666756,0.6222222222222222,-0.23564694352049592,2.915990780848376,1.7497670147089246,0.672026941151006,0.10075537952305842,0.10075583918778495,0.32,0.194,-1.1721510087291533,0.43798870024886644,1.925446719156694,0.37777777777777777,0.3475549302861057,1.9186073803181922,1.3287367213875645,0.08214866957611584,104.10664155871689,104.82615007301581,322.0,162.0,-1.3380264280841296,0.14384594456949928,1.545415908980347,0.13333333333333333,0.9189133991169183,0.5943911655725223,0.9296658061074562,0.0009849826162540967,0.14007352128424014,46,0
N357,0.037632214839815104,0.037636418533117624,0.14300000000000002,0.08600000000000001,-0.8543073591892543,-0.328581239001946,2.28502082163651,0.3870967741935484,0.5321046242283992,1.347602837806246,2.0883158541309745,0.052815485165340105,0.044991665894918806,0.04542369976124798,0.153,0.078,-1.060728672144614,0.1952808043927255,1.7171652773767148,0.41935483870967744,0.32835778167888446,2.039067442406742,2.0528609812345624,0.19834199620726736,79.85455528647067,80.01093675242154,218.0,110.0,-1.5383492271384844,-0.06035937425316499,1.3748120502622516,0.12903225806451613,0.9156324814563599,0.5988435785299518,0.9378619189796688,0.0009981055941073284,0.11715501334216227,32,0
N358,0.1038162318715142,0.10578232366515683,0.41800000000000004,0.212,-0.40956303171048924,0.3492204820360046,2.0041155521508904,0.2631578947368421,0.36237767771069196,1.8672341630689604,1.5686628816646668,0.11678567745888337,0.19835319508392096,0.1990055275614223,0.627,0.326,-1.1867356863437886,0.09106809845113278,1.6381454525145354,0.3684210526315789,0.3588978372297685,1.9011738351201388,1.1440768269434327,0.03267315674291442,154.66644755731605,155.00903199491313,480.0,242.0,-1.281787185967711,0.15442994206862776,1.5611993500349168,0.21052631578947367,0.9194072500075542,0.64034618847004,0.6646244223784015,8.21982546121957e-05,0.45652639773642734,20,0
N360,0.10227775711267822,0.10227775906813759,0.43400000000000005,0.23,-0.22061400978421508,-0.2440324661008276,2.248778249499715,0.4489795918367347,0.2125545207829187,2.249202262471567,2.2692146659864227,0.33527631652219225,0.17504193783205213,0.17504193783205213,0.604,0.309,-1.2701057034375693,-0.0457455912752537,1.7652912429276058,0.3673469387755102,0.3535354355933705,1.8568254182677506,1.1834884130976642,0.03133596813516718,143.77562519425885,143.77704962893068,422.0,212.0,-1.448936620227301,-0.0018978323485126071,1.47450514909816,0.12244897959183673,0.9266070008015918,0.5950561928537927,0.9023593347305291,0.0001309102952783068,0.46907269213583164,50,0
N361,0.062323016615051616,0.06232302945139942,0.227,0.11900000000000001,-0.9341267946603766,0.03352310561514297,1.9094065395649336,0.5510204081632653,-0.06193766860993011,2.841321214629074,1.8755546519211344,0.6773065607828329,0.044198828038761385,0.044198868763804355,0.20900000000000002,0.111,-0.1742834880847739,0.04943785639255469,2.511376492307443,0.46938775510204084,0.21258962275638058,2.1411977592408324,2.32116991445383,0.15413906763460916,82.11037449677112,82.11552837314024,222.0,112.0,-1.5516172855283954,0.002268991168095786,1.3639320384210654,0.14285714285714285,0.9232558162380046,0.6019668834586194,0.9309542448229386,0.0010745641217647182,0.28624713961744847,50,0
N362,0.09682489142777284,0.09682489349335738,0.44000000000000006,0.23700000000000002,-0.3593542975261461,0.33057453093442213,2.4477176421191653,0.3877551020408163,0.2680359492459765,2.1423687201385144,1.8575165805847516,0.24134367744273888,0.1964998687022462,0.1964998727734957,0.637,0.33,-1.3144522436460044,0.02842816465514485,1.679390400320458,0.3469387755102041,0.3833212435523582,1.9383574783087274,1.2322805586642054,0.08835261461819328,177.4888345784038,177.48937996398544,514.0,258.0,-1.4538884913828403,0.0009704385007962643,1.4536080978611288,0.12244897959183673,0.9306461794418406,0.5997441183050267,0.8780793808355557,5.399591765188461e-05,0.7617671101302887,50,0
N363,0.07915820631051197,0.07915825548712342,0.382,0.2,0.6400841278176292,-0.5481751745699471,2.5265842301506223,0.5151515151515151,-0.03493868993972368,2.354009122484731,2.0746203432054595,0.42701267777019686,0.150044702104932,0.1500828202732627,0.47900000000000004,0.28500000000000003,-1.2689689579484695,0.4195319288898947,1.8989515221068436,0.36363636363636365,0.3654354447149403,1.9717317626108941,1.2638132975119216,0.10211657329558257,143.0610971181562,143.06230645915005,430.0,218.0,-1.4102682983855344,0.018367400484007916,1.523811585284679,0.12121212121212122,0.9292278911246139,0.5996195150189871,0.8957152618456514,0.0007257327162028097,0.37655429615799196,34,0
N364,0.03385262175962152,0.03398529093593286,0.16,0.089,0.7514020127024152,0.056686091799863676,2.618779994197423,0.5,0.0335250768334009,2.5465733449206898,1.9453943720269067,0.4617008377402773,0.05446965495262106,0.05542347792011888,0.194,0.108,-0.8617212452907128,0.09204159963283934,1.9486326743272762,0.65,-0.20554745466721297,2.918001835448087,1.7491068065993407,0.6071700793321573,83.1460753209064,85.83927395068619,218.0,110.0,-1.495174685833245,-0.3869848708582379,1.2814647065071159,0.1,0.9411586472785388,0.4809044325723192,1.0123425661541265,0.0004664239121239806,-0.06920995491167242,21,0
N366,0.054281473819342826,0.05428148855733417,0.224,0.123,-0.695815766580341,0.06973836408083312,2.265965861825671,0.30612244897959184,0.5201052793225274,1.683955168630389,2.3800621814908003,0.20046660436830702,0.06410943456309688,0.06410943768276244,0.28300000000000003,0.152,-0.2694037108962646,-0.08800641507701287,2.370945768580175,0.5714285714285714,-0.052673994743164386,2.526292750893926,2.245305614453567,0.3857548135068386,81.06889909206859,81.07083322625961,220.0,110.0,-1.55709781698197,0.005788954023865441,1.3568381577256314,0.12244897959183673,0.9290559370452051,0.6036912167201549,0.9075450802688476,0.0008684488515465613,0.1179385503276638,50,0
N367,0.09752220054941337,0.09752220260022844,0.459,0.264,-0.05597368719996387,0.06868907770748034,2.7070758551487186,0.4489795918367347,0.2171946027596159,2.2331790211553244,2.007146702288468,0.27964666748210887,0.173505384354492,0.17350538896529988,0.6180000000000001,0.33,-1.3132635890874158,0.1028206094425595,1.9019582156378911,0.3469387755102041,0.37024744238747453,1.9109302471152547,1.2406279040666583,0.0522836036714358,146.65752759405157,146.65796943910004,432.0,218.0,-1.4359719897209358,0.00565294188122131,1.486451781882367,0.12244897959183673,0.9264606303403153,0.5948725742654748,0.9053322985425025,6.994241892388437e-05,0.46647803604336263,50,0
N368,0.08982490068490653,0.08983017009590631,0.332,0.17500000000000002,-1.0008905421273924,0.03068706729180778,1.9481205458384745,0.5,0.12509716452114633,1.991419069801709,1.8640194613854764,0.1884880046024757,0.15400256133261264,0.1541379690845624,0.52,0.28200000000000003,-1.2117004924947785,0.44105229799590523,1.8295297497094347,0.3611111111111111,0.35452115695616465,1.907253726481091,1.16925611250465,0.06854193930285135,162.59037156677982,163.78958155825123,476.0,240.0,-1.4691557499729757,0.1641549619250562,1.4652946647564686,0.1111111111111111,0.934908435931482,0.5984442618641008,0.9026429052616055,0.000650226660932171,0.4366981079713993,37,0
N369,0.056792235602160956,0.06772110563294245,0.248,0.163,-0.013124374989161858,0.07598494830817008,2.4069305791237676,0.38461538461538464,0.21820335108526293,2.316229871524138,2.1845022831585688,0.3779169048593226,0.08126040716296472,0.08215252301078182,0.383,0.223,0.5218833909213374,0.5563475432376834,2.7144631939147277,0.5769230769230769,-0.07774250960492315,2.5595117671001204,2.1672050529052753,0.4992863598254813,76.10980444043719,78.96365783864915,220.0,110.0,-1.221113888596397,0.4082711022742746,1.3930459025184616,0.15384615384615385,0.9140717736257916,0.5255446316071886,1.0674843711468323,0.0005993855309954616,-0.08493133558719554,27,0
N372,0.05190451232792771,0.05190452774084357,0.223,0.12,-0.36713464090806447,-0.06207616335485333,2.3119370356118707,0.5714285714285714,0.1962116296223049,2.6967649905854563,2.0930001511831304,0.5723664007847385,0.050591303600520124,0.050591303600520124,0.232,0.135,-0.351665647999702,-0.17213562771960444,2.6684428032530887,0.40816326530612246,0.1778111853586363,2.0489450559130775,2.3101530903122014,0.09254355128734555,81.86697502656367,81.87014107719615,220.0,110.0,-1.5616474314832418,-0.005429685780844023,1.3435911866364068,0.12244897959183673,0.9288196745807817,0.6072097840908443,0.9029929561205466,0.000983103895843532,0.1773780398965237,50,0
N373,0.07404768463632067,0.07404768733728286,0.319,0.181,-0.17573914610015917,0.39101970402146075,2.444370736057639,0.42857142857142855,0.20474793829823784,2.118450384336775,1.908704829093807,0.2704220671964824,0.17470735416690392,0.17470735531167542,0.56,0.31,-1.3349679829862975,0.17210593221993972,1.7743958143431595,0.3469387755102041,0.3804303351974577,1.8779428431408896,1.1762009486976066,0.05663436958254407,157.06261681253116,157.0666100735608,476.0,238.0,-1.450903552079932,0.010197037546005209,1.5152806817982174,0.12244897959183673,0.9301678189996773,0.603405944614045,0.8823273350904928,0.000636026202270608,0.5134193729555191,50,0
N374,0.07825496734052566,0.07826431067594855,0.443,0.233,1.6604378340827735,-0.4467807562843992,2.977091320266408,0.5238095238095238,-0.1091360985791865,2.706012930388546,1.9380134558197897,0.5365331626292725,0.1566826978975135,0.1567075486821024,0.49,0.272,-1.466830355741942,0.2729554245221279,1.7357172790174924,0.35714285714285715,0.3677824812159389,1.8290598780493006,1.0407210960822526,0.022451447388371463,145.87427260228984,145.87474716504263,432.0,220.0,-1.4650326233166322,0.011046978682993704,1.5081431452360434,0.11904761904761904,0.9314726694059792,0.5953496807547117,0.9123111450021288,0.0008017784512611102,0.4570119240509068,43,0
N375,0.057550644363609585,0.05757574720893049,0.281,0.171,0.6954886138777057,0.67323514507561,2.9700005347646874,0.3448275862068966,0.36986003025597547,1.697809667835852,2.1007831175111544,0.267485220061313,0.0740997001043564,0.07410240661858876,0.29000000000000004,0.146,-0.7074141937397433,0.24332960288236108,1.9702464017325931,0.5517241379310345,-0.14368086536530938,2.805901376767351,1.8674209563893578,0.5097928761812429,76.93934118656217,77.73116063287189,216.0,108.0,-1.453298747700065,0.18054007984423315,1.3894041864380404,0.1724137931034483,0.9061270518015612,0.5740985096800854,1.0048121619024046,0.0006259069088709968,0.2003704008466827,30,0
N376,0.06611928339893143,0.06618516593977981,0.257,0.131,-0.5124625260048128,-0.24709133708361866,1.9792954832083303,0.45,0.19382932853393478,1.9487311970330594,1.424480931392654,0.10055944289556502,0.19415886381799047,0.19425008426792315,0.595,0.304,-1.2908334821451377,0.26474781017987215,1.5649928860813371,0.35,0.3630733208919764,1.8227542793032514,1.0393528319427254,0.025181383979706536,164.30821102007283,164.45928718943526,508.0,254.0,-1.3143843692142811,-0.061419334561171914,1.544455192168173,0.15,0.9145751030582022,0.6352381970632964,0.655597766375918,5.527022386846162e-05,0.6726309827059037,21,0
N378,0.04713614748788875,0.0471361856751265,0.234,0.131,0.16226757986384888,0.45821183243909147,2.779181177341805,0.2653061224489796,0.6017321540203886,1.7366461094992054,2.1022277794314586,0.17281968047980883,0.05522891996046998,0.055228977901098264,0.195,0.098,-0.8306547040428613,0.05181265108034364,1.7744308101354744,0.5510204081632653,-0.14745555423265905,2.8608044455878576,2.0423398712142937,0.5604119596280556,81.22995506584994,81.23004370305361,220.0,110.0,-1.5589412724025504,0.0033317064656276053,1.3541787617660097,0.12244897959183673,0.9240058519964154,0.5991026289631882,0.9314128938085576,0.0007816951970559298,0.18309804230095028,50,0
N379,0.07008380412049563,0.07008380697422194,0.369,0.20500000000000002,0.16589879403367913,-0.09959337118551619,2.9250694111894155,0.4897959183673469,0.05252743842313398,2.601943968347145,2.0176857303912303,0.5519111939897313,0.09253008375658156,0.09253010320971225,0.337,0.17400000000000002,-1.2922834953784883,0.030328516919588124,1.8804691010194012,0.3469387755102041,0.42323543563053145,1.7914008149010219,1.1854456019622355,0.02505692843709176,106.04243678829715,106.04678212939797,320.0,162.0,-1.4144455116194636,0.009618204887981294,1.5276276823027792,0.12244897959183673,0.9297883728045578,0.6065710542110798,0.8922264523336888,0.0006927965512469803,0.21731866876946782,50,0
N380,0.10347171018207986,0.10347632017620893,0.396,0.199,-0.6453021614917192,0.10728379283865196,1.9231453115178876,0.4523809523809524,0.0776666185781844,2.174914416929023,1.838566281946,0.2514085089289731,0.20028350646961474,0.20031150160292494,0.671,0.34400000000000003,-1.2643163621189524,0.26926850522815743,1.7173252521560498,0.35714285714285715,0.3389815332487195,1.918057452723793,1.2139475824984738,0.07617108271448966,184.66156610609312,185.3256091190552,542.0,272.0,-1.4593807731224262,-0.08614819852224267,1.4676870686838763,0.11904761904761904,0.9314543561216375,0.591192348108471,0.9100864374018489,0.00010413412280731377,0.5924471110608043,43,0
N381,0.10190211199019299,0.10190309798681464,0.387,0.213,-0.6457593077003487,-0.14935879750617734,2.09022104536567,0.75,-0.4894404957192011,3.1404776948100217,1.5151499429101027,0.7958391802073602,0.11203999625579611,0.11214845456834868,0.343,0.201,-1.0274559352581734,0.6664825655034469,1.792267229839542,0.35714285714285715,0.2564577358625774,2.1127670596258477,1.4298754663580007,0.17531898510942825,110.49472577143938,110.5721795776484,310.0,156.0,-1.528451971991675,0.0776312545256171,1.410843130666971,0.10714285714285714,0.9401919126674517,0.6000288130146676,0.8854159874722461,0.0008992955617976153,0.1453441281989942,29,0
N384,0.08164704526190768,0.08164704526190768,0.393,0.20700000000000002,0.41180361788834174,-0.11537359183307541,2.5353030147751787,0.40816326530612246,0.15647336857931793,2.2790783262093477,1.9609995647344707,0.33272343742517346,0.1936981662277679,0.1936981672603022,0.621,0.328,-1.3039490060719723,0.19268025684418352,1.693356238932378,0.3673469387755102,0.3657531751860025,1.9181120627192163,1.1872163017970205,0.0765634522732484,176.8595555801269,176.85971842112608,514.0,258.0,-1.4509881430660885,0.0019436738714291063,1.4587832792183255,0.12244897959183673,0.9314224843207796,0.5972145946042177,0.887749412184958,4.9440071610642533e-05,0.6238832139461175,50,0
N385,0.07319956557248136,0.07319959016278711,0.302,0.152,-0.7600833294706111,0.057355379270926675,2.0765143583723655,0.7142857142857143,-0.461486567883973,3.31482007206762,1.412234377439232,0.85427332823972,0.07459369678464797,0.07459369946583962,0.265,0.171,-0.868745936111877,0.6676829166521351,2.292418813177511,0.3469387755102041,0.16226013891281788,2.3625697140314346,1.6356928071864199,0.32086024492673726,97.09427171568876,97.10324402407986,288.0,146.0,-1.4560154341155547,-3.618173269907433e-05,1.50355429900771,0.14285714285714285,0.9262739839351747,0.5949250028380888,0.9341992294004782,0.0011582774717530668,0.2605457627816365,50,0
N386,0.055319955712202086,0.05613822227324268,0.245,0.147,-0.16129373843953454,-0.5743462172293313,2.6185367838066544,0.38461538461538464,0.12539226647539248,2.142434618090019,2.181313151052577,0.4329653169868476,0.046956762026357825,0.04719639816765682,0.20400000000000001,0.106,-0.3890945369674883,-0.07565884196552554,2.2459340991118397,0.41025641025641024,0.2365626755980821,2.4312285688457744,1.9847272139915038,0.22767716338690405,82.43658168555996,83.60023923410746,222.0,112.0,-1.4789356061605476,0.291078447588522,1.3397090848791007,0.10256410256410256,0.9325377609256816,0.6082057320747244,0.9073996256793516,0.0012580433692701055,0.16782021134669153,40,0
N387,0.10871480195109268,0.10873066330551444,0.426,0.246,-0.4630255060791826,0.557163117898435,2.262471252555338,0.4074074074074074,0.13848409915233956,2.3883405688699066,1.8361471116452472,0.31739987461988367,0.2163251285091258,0.21641643058827909,0.723,0.366,-1.1439835015255264,-0.009206862632035438,1.6911839780607776,0.4074074074074074,0.32826006811936675,1.8641933672803959,1.0580760592667793,0.033859929575460905,180.0590606054648,180.67097165842662,508.0,256.0,-1.4992974188073847,-0.12226798580280351,1.4169404063647209,0.1111111111111111,0.9397308020607158,0.5871274456199194,0.9093599303376704,4.556425299038612e-05,0.6801948476562554,28,0
N388,0.09790585832025378,0.09802460675469075,0.319,0.162,-1.220580440696564,-0.04205997294788117,1.6526462626410674,0.75,-0.535262004302997,3.474849052061407,1.1130856476474962,0.8465970981706061,0.09584120372877174,0.09584300888923081,0.34199999999999997,0.209,-0.5339674727556822,0.7976370148687713,2.1806494017894282,0.3125,0.2433079978176326,2.110204735139521,1.3422109361266534,0.1585967489550689,100.0817658796631,100.0917226406683,296.0,148.0,-1.4156696451789483,-0.011284869015750033,1.4786437489074253,0.125,0.93166417104389,0.6897583214592022,0.6991397069483113,0.0012328235828027655,0.11882187668870975,17,0
N390,0.0843118022580469,0.0843118022580469,0.43,0.243,0.25052255128125545,0.1041054662352572,2.8821587665303117,0.3673469387755102,0.2913263144006988,1.995407643411465,1.9227510947935837,0.22175155489409692,0.2025821798678255,0.20258218085507915,0.644,0.326,-1.392072448762184,0.14734413316414693,1.60922346982339,0.3673469387755102,0.3711538907863712,1.8604153144087412,1.0858835937783975,0.04248299320532452,167.74174912644736,167.74385234636767,492.0,246.0,-1.447144024037273,0.0006208708085761143,1.4665217029357611,0.10204081632653061,0.9317599845784259,0.5991367308006235,0.8819729911108378,7.497304806410443e-05,0.4813598908301745,50,0
N391,0.07120953868689223,0.07120954992134132,0.369,0.20400000000000001,1.5336185806928704,-0.5568965670106996,2.8647842912269517,0.5306122448979592,-0.04279157337276586,2.594596955476759,1.99951790771938,0.5252451248320364,0.14629209274598542,0.14629210505013593,0.463,0.265,-1.2146100371781152,0.4719769012999031,1.811444301175252,0.3673469387755102,0.3361491312338749,1.9622889089519102,1.2752139298165663,0.1021184526985846,139.9975371211937,139.99799998571407,422.0,212.0,-1.4368309787047298,-0.0033898370212539007,1.5143073474023434,0.10204081632653061,0.9300502212752297,0.6012886825858729,0.8972993877746346,0.0008301627150731912,0.46847063015565205,50,0
N392,0.02512315490852071,0.025364016506329065,0.119,0.081,0.5779136111272369,0.576945553670256,3.193500523853867,0.3157894736842105,0.32241306392749164,1.9991762508627433,2.2324480702837923,0.3032038041811842,0.054749240085510124,0.054804547818027495,0.22000000000000003,0.134,-0.02318837443772237,0.7350880199755004,2.4450525610562894,0.631578947368421,-0.12740063071043503,2.6588871084955996,1.914401228228009,0.4800704671621633,80.11205170511094,80.1268225521747,222.0,112.0,-1.5166908537380872,0.02970729655878557,1.3977841181343618,0.15789473684210525,0.9171377376378926,0.6024588923152366,0.9292522096524538,0.0011243684044944433,-0.10947779882771498,39,0
N393,0.059388887849495885,0.06101671902028165,0.281,0.16,1.0106017134459737,0.8029924219582097,2.6222321122644567,0.375,0.3475341601713096,2.0999920474585614,1.998260542211239,0.3871571102042434,0.1436567241725914,0.1439933331790052,0.42500000000000004,0.23800000000000002,-1.3104715447157802,0.4907697881837353,1.6528543005816145,0.375,0.3087758411253008,1.9383546037433346,1.2486038103481265,0.08780312954244228,140.6643892390679,142.27691309555462,416.0,208.0,-1.4253919122651766,-0.15575201594607593,1.4619378188245136,0.125,0.9300504396406535,0.5821796210691773,0.8933815425153665,0.00012036133552739018,0.2833602481886403,25,0
N396,0.08008156092384813,0.08008158340092933,0.402,0.244,0.9770566276202088,-0.8212382885783147,3.0468928015372936,0.6326530612244898,-0.1635644240322811,3.0832331692813346,1.823747702484932,0.7801406728418134,0.1340934733683933,0.1340934748598902,0.443,0.261,-1.2157662744136337,0.4710569417311981,1.946403434415509,0.3673469387755102,0.2845405128738648,1.9572975406375908,1.28127731761146,0.09690643748414444,137.12065344068338,137.12067677779308,420.0,214.0,-1.4372028269403336,-0.0036036275583048527,1.5606690765302411,0.10204081632653061,0.9312406468166899,0.6029965967252252,0.8916518075161114,0.0012235236050189158,0.37883606937570313,50,0
N397,0.06435360010991956,0.06479179942498335,0.272,0.137,-0.2388878660187248,-0.06508557266571577,2.1144651208309178,0.32558139534883723,0.6825893938620078,1.4415340814408735,1.9640571232223039,0.1570262671776722,0.0674410478715784,0.06766310260803486,0.34299999999999997,0.197,0.4359158802173515,0.5631831822231689,2.911483399471053,0.5813953488372093,-0.010310968189740458,2.3562555168324666,2.1762584808391225,0.3674718691480793,82.92150026749137,83.1723293147208,220.0,110.0,-1.570563046117158,0.13205219656749115,1.3225552405026961,0.11627906976744186,0.9302570433895948,0.6051707651246998,0.904645458972364,0.0009527890166398809,0.057697079454070446,44,0
N398,0.07884844417258657,0.0796513888767798,0.372,0.20400000000000001,0.05422152613294884,-0.03848150926282489,2.5611606134776475,0.41935483870967744,0.19436170292873228,2.209992663654223,1.911100930090742,0.3159445157828784,0.2016726055857612,0.2021450593014828,0.663,0.341,-1.3440453060526751,-0.03894104835905518,1.6869074177639258,0.3548387096774194,0.3883468924292956,1.8779629651220646,1.1045103609061286,0.052967130130239695,163.22755396991036,163.25287133768887,476.0,238.0,-1.5021179774473266,-0.019910428272052832,1.4578610351526164,0.0967741935483871,0.9366904655042979,0.6020784240424095,0.8830318447133796,0.0005674940638243782,0.6371809186640629,32,0
N399,0.09150632232142973,0.09164531431755601,0.318,0.167,-1.0992371619899421,0.04289861426262406,1.8222426453941323,0.7142857142857143,-0.5291810104823017,3.5334726723403307,1.1632856533377653,0.9189857760760238,0.11974697842941678,0.11975695083262296,0.366,0.224,-1.0950924035038108,0.5820211211327285,1.8704551046316404,0.38095238095238093,0.22916669427126254,2.0665377690096025,1.277655650027905,0.15404133169167145,108.84126739248907,109.8453458276681,338.0,172.0,-1.2883952740470122,-0.20533339274380732,1.5658378486954179,0.14285714285714285,0.9195871087681524,0.602486687250846,0.8170218557673693,0.0010122668084590562,0.39397066860765617,22,0
N401,0.09128569657947515,0.0912857053431697,0.43900000000000006,0.23700000000000002,0.15267482130167975,0.046623762811903904,2.596244385789074,0.3877551020408163,0.3081199926839459,2.025766584033325,1.8750661872633314,0.19958964324615197,0.2066995849052436,0.20669958877559483,0.642,0.34800000000000003,-1.32648311913255,0.18319224251207195,1.6836027689334652,0.3673469387755102,0.37034435297097396,1.8662896445464552,1.1271582424388387,0.04761151666826828,174.26216571591206,174.26233098406553,508.0,254.0,-1.4487243167171326,0.0029191652385079686,1.4575726065733945,0.12244897959183673,0.9282409332125561,0.5906868778108214,0.9117182170173408,5.051720014738071e-05,0.5116192648918594,50,0
N402,0.07428488309429249,0.07428499760762745,0.275,0.154,-0.9589445436909552,-0.36256711127208485,2.0730969234653047,0.6222222222222222,-0.1942682183940589,2.575974148877489,1.9484366331055758,0.5345826393562273,0.13944902551949398,0.1394706607763486,0.43100000000000005,0.264,-1.1040074837854157,0.6136517242974956,1.8928712213054137,0.35555555555555557,0.2896692896039643,2.077097971398425,1.4177014083012116,0.15390433137418535,136.13650993901044,136.28040147463227,406.0,204.0,-1.4677601728214584,0.09763544363550744,1.4969136999348605,0.1111111111111111,0.9332470517593039,0.604286099252659,0.8885936888901768,0.0012818613731570673,0.4110804686092723,46,0
N403,0.048552614773913906,0.05362451151566901,0.20700000000000002,0.122,-0.517748127578396,-0.12340158543647306,2.2750789993555793,0.48484848484848486,0.07788570360158442,2.757206132769219,2.0386192171897934,0.6578454249591709,0.047690249124865094,0.04954023914069902,0.189,0.12,-0.6228582197026378,-0.2070247657925522,2.4222733293472505,0.3939393939393939,0.13968725986595681,2.348993214809864,2.068212191395418,0.31429976677284893,84.41127280037037,84.4393273303382,224.0,112.0,-1.5603021441110634,0.03922850970713587,1.3263961656378511,0.12121212121212122,0.9239932818047799,0.6018715801709826,0.9385406234445559,0.0013287543014037432,0.017736003944723005,34,0
N404,0.08787506592250362,0.08814220112436277,0.351,0.216,0.22685769594898986,0.49928954470485176,2.4505854998474383,0.45,0.527328694624067,1.8882482296395613,1.7425489914612002,0.10936575530111613,0.20368975118849014,0.20372448715524277,0.627,0.339,-1.323728263265342,0.1270918377563616,1.6640120426057285,0.35,0.41236845393506405,1.85654898114001,1.038859654275967,0.030287336152544562,162.32935921045828,165.0437171522399,484.0,242.0,-1.3166963913146148,-0.2875025840424558,1.4662781726902936,0.1,0.9277614785001498,0.5329365994180492,0.967012424118066,5.946651575216042e-05,0.48864585972419844,21,0
N406,0.08570519004121045,0.08570519237479139,0.377,0.211,-0.23201392851690494,-0.09634230854578353,2.46192785003376,0.3877551020408163,0.21152639913439855,2.0690330863192132,1.8966521222399342,0.215740566012131,0.21367591909244243,0.21367592283643003,0.6970000000000001,0.365,-1.3073706466094184,0.2222766688699039,1.7081943307174074,0.3673469387755102,0.3544844782240213,1.871479281331852,1.1070856591052172,0.04485884520822125,173.2518213468476,173.25426401679124,506.0,254.0,-1.461698485043255,0.003915137826903742,1.466053383686898,0.12244897959183673,0.9291892885236863,0.5976365986641373,0.8843181817172375,8.079248860420767e-05,0.5569576513831702,50,0
N407,0.07657714802733255,0.07657715063907772,0.30000000000000004,0.171,-0.5761768816944643,-0.4026281808804915,2.233042083348787,0.7346938775510204,-0.21230324860460403,2.946179200593561,1.8654988507443406,0.6942576900141288,0.13235104835247813,0.13235104835247813,0.446,0.265,-1.1057542640478577,0.5744110616369629,2.0022508570861515,0.3673469387755102,0.2556754664607076,2.033823218302051,1.3915892767687679,0.13389463672803822,129.8408934041968,129.8426740328464,388.0,196.0,-1.4275132901815921,0.012323693233783514,1.5095191273588353,0.12244897959183673,0.9290470660411076,0.5988648361042986,0.8924701845664265,0.0005462808710280771,0.4234526026458797,50,0
N408,0.04507691180459611,0.04542083917739684,0.176,0.109,-0.599712913836993,0.20458271119823956,2.399779527945019,0.3783783783783784,0.4405090628852482,1.8811700225898158,1.789194253326011,0.15178510994199687,0.058891491373819764,0.05892725220669618,0.21900000000000003,0.117,-0.9788134322547295,0.2064566140681538,1.985498994414417,0.5135135135135135,-0.003610972373792083,2.477237669029565,2.0728336110469097,0.34611813543025105,80.69499018181497,81.08540007463216,220.0,110.0,-1.5111860518464029,0.17828396133284916,1.3565944041560432,0.13513513513513514,0.9265816870293095,0.5993960519660414,0.9392434936614096,0.0012298491321609342,-0.21615681449321555,38,0
N409,0.07082885287790562,0.0711319899904396,0.275,0.149,-0.5344246870789768,-0.07453880135989782,2.0946974774644453,0.5,-0.14862607955632764,2.740857089242103,1.7357513706419794,0.5814039514793468,0.1658006803363605,0.16605131736905915,0.51,0.277,-1.254358086345869,0.1905387788797385,1.6681590028241131,0.375,0.35136895173835037,1.942123070164797,1.2121740408105393,0.08561794246654189,150.16441122982502,150.2019973236042,442.0,222.0,-1.4367634551237594,0.01751126406888337,1.4780096400563163,0.125,0.9301497506026728,0.6027969909550159,0.8188049417083939,8.79786262166859e-05,0.5271160694934205,25,0
N411,0.0849007632474526,0.08490076560314401,0.325,0.198,-0.47707061073199997,0.5756439953328302,2.332134446531631,0.5102040816326531,-0.005825046593761043,2.461865757458965,2.1800463962778975,0.495353985305277,0.19174748916217912,0.19174749020521753,0.68,0.35000000000000003,-1.2645785560773442,-0.007087394729654178,1.8253172420948662,0.3673469387755102,0.3624034621948748,1.866432644851735,1.1851784346037482,0.05208792331460369,156.38054098896063,156.38056145186331,474.0,238.0,-1.4389708279559776,-9.680021965611965e-05,1.5219282869326478,0.12244897959183673,0.9291074059055611,0.5968071624846609,0.905563188839877,0.0005272889602151828,0.5418640601491985,50,0
N412,0.08802077254830248,0.08802079299801838,0.405,0.20700000000000002,0.021461264765380683,-0.20424265903753416,2.3517170539995047,0.5306122448979592,-0.16317225311108563,2.7248175461286626,1.9362273101226708,0.5676013245643532,0.16534539485573826,0.16534539606532744,0.537,0.323,-1.1830458695846588,0.48080094367773557,1.95348650574089,0.3469387755102041,0.3178294612595857,1.9585970908898398,1.2640271341146125,0.09823343319358753,157.74022188395705,157.74054646792626,474.0,238.0,-1.4381563111869016,0.004154244901483532,1.5088067420153959,0.12244897959183673,0.9296517187249508,0.5977649491325963,0.9045296494735124,0.0005890056192195288,0.45343384356270816,50,0
N413,0.04333690690393121,0.04393916248632875,0.179,0.09,-0.6469632397933793,0.3361090077215202,2.0482866515264746,0.28205128205128205,0.5000711726903091,1.7346265659604432,2.3346734694036972,0.20659782499447396,0.05404572138476829,0.054063851139185416,0.253,0.131,-0.2990463879610692,0.05628668083720013,2.4230608297352934,0.5128205128205128,-0.10764348113826382,2.7818718179620774,1.9472386962021477,0.5860074628788464,80.37846415551867,80.37972381141901,220.0,110.0,-1.5317610226547351,-0.018229569747789304,1.368504329003094,0.1282051282051282,0.9194917707227357,0.5981947999031024,0.9356009355623874,0.001029976539246667,-0.027709294450954342,40,0
N414,0.10533359906429066,0.10969031081054648,0.402,0.20500000000000002,-0.712035901322035,0.20635896228912962,1.8688979772704748,0.4444444444444444,-0.06746769774796968,2.74390362451888,2.0862929317272014,0.5585258129100332,0.1784901815169652,0.1794390067484134,0.538,0.271,-1.416800190197958,0.21324906911673308,1.510262483674811,0.37037037037037035,0.305310514998102,2.0617315809697514,1.4714753815625274,0.14384446324423678,144.03122889831627,144.38292340657387,408.0,204.0,-1.482854739545566,-0.11159019088838945,1.4129094714722457,0.1111111111111111,0.9393759883671491,0.5978337389210435,0.8813729410552249,0.00014216126285970058,0.48156354919005623,28,0
N418,0.06084455275536176,0.06084455604242667,0.23800000000000002,0.14100000000000001,-0.8993104296165764,-0.45725115633804003,2.3173807020907717,0.5918367346938775,-0.29224192426648615,2.9250108992893855,1.9333434231620565,0.6921843610086598,0.12181346395206073,0.12181346395206073,0.406,0.251,-1.126098606894201,0.5354865620264373,2.0605275628544657,0.3877551020408163,0.29287724811282884,1.970129872642538,1.3359580526046695,0.09697482304651184,133.87277542502807,133.87337300598654,402.0,202.0,-1.431099044299319,0.005984732346115408,1.5088885524006852,0.12244897959183673,0.9263150004369439,0.5979413828877708,0.9070906379645616,0.0007087765049732797,0.3694058407704172,50,0
N419,0.04069445171027618,0.040694471368970996,0.166,0.085,-0.6424383140801524,0.23930119965278507,2.0887358194020282,0.3877551020408163,0.37494607055352985,1.891349519151393,1.983336002364239,0.13200278906969626,0.06078287916839741,0.06078289232999694,0.24,0.122,-0.8042830264612433,0.2305973153720829,2.0071437097407068,0.5306122448979592,-0.12462683430655933,2.705360070970475,2.0312597734547784,0.45001446774983567,81.38280899551206,81.38599388101125,220.0,110.0,-1.5540013359378746,-0.0005690459416826679,1.3515839121019186,0.12244897959183673,0.9234139879728437,0.5998596749736377,0.9261641727087154,0.0012693973882956925,0.018282242061040576,50,0
N420,0.08389032874901449,0.08411990189447943,0.309,0.176,-1.0983911087426612,0.014966650306491296,2.0922516079580737,0.43243243243243246,0.16636891270243737,2.225630549637202,1.8518935367500553,0.2959465025507937,0.20229653948893114,0.20244342939513538,0.679,0.34500000000000003,-1.2926439165038652,0.11454459045313126,1.704179785092547,0.35135135135135137,0.36788305133079396,1.8321802116416932,1.1170061832179403,0.027151535724588043,158.11955923873057,158.33807933791874,484.0,246.0,-1.3786113232513368,0.1108145248563855,1.5536376406018966,0.13513513513513514,0.9225344678993136,0.6003835141746534,0.8941210370949935,0.0005747126320194472,0.5370600695781261,38,0
N421,0.07981436401559315,0.08025882045525941,0.28300000000000003,0.15,-0.732120789983242,0.05748981274677404,1.8689534576902744,0.5454545454545454,0.10759481291623103,2.1686816598798906,1.7256336377382497,0.3473279003173369,0.17565820049928357,0.17585851526526758,0.606,0.317,-1.0550875683983767,0.22220277777796604,1.8025854450200067,0.3181818181818182,0.4074237055045162,1.8844043237148056,1.125358119757249,0.06159042944652047,170.05538961983052,176.6056771946794,512.0,258.0,-1.2357290102505138,0.44440122288389755,1.4608816890727494,0.09090909090909091,0.9346124552471867,0.5038657613378534,1.0157476706553223,0.00042159161171850264,0.40353368372554327,23,0
N423,0.11762873798523897,0.11762873798523897,0.5780000000000001,0.313,-0.19375898987323792,0.20195636328464245,2.660914376546978,0.3469387755102041,0.367451260209793,2.01665205168889,2.1592642936050943,0.2874226800551891,0.19201082886129106,0.1920108330277227,0.706,0.366,-1.1557357066115483,0.1046838952452477,1.9061424515936378,0.3469387755102041,0.3651353380119678,1.900078306272161,1.3550714638887043,0.08279789822491455,178.9341599583489,178.934177842021,532.0,268.0,-1.4513636327530486,-0.010399618379180653,1.4977574616103482,0.12244897959183673,0.9301835132981322,0.5971958175404177,0.8801234927730435,7.134395614623044e-05,0.5474269310601311,50,0
N424,0.06894006837757734,0.06900354915450631,0.242,0.127,-1.0382020577196935,0.18636944257525326,1.840485041075691,0.7083333333333334,-0.4289827499115065,3.322228110883428,1.3513733089085032,0.856485674173831,0.09109334041550446,0.09110724785792236,0.303,0.18,-1.1923249300625332,0.4803483856654998,1.9756935285840471,0.375,0.2729046774246517,2.0072990566545066,1.3977667235386897,0.10238950161628324,100.09077096475912,100.16272474614212,296.0,150.0,-1.4235734023342126,-0.04062996727850844,1.497563094256553,0.125,0.9234436152749991,0.5958612710619707,0.9347450382386756,0.001147839001602439,0.07536359696486616,49,0
N425,0.06914897140893406,0.06956052520407438,0.28200000000000003,0.167,-0.595182189432617,-0.1361845684314209,2.4007869335382517,0.6571428571428571,-0.43726632915367497,3.1347032965047315,1.5209561456103209,0.765418235347397,0.06751275028183405,0.06766440882932638,0.244,0.132,-0.9916938923453511,-0.12571041828855112,1.9508040088394296,0.37142857142857144,0.42590862762354514,1.735265627049283,1.4106391647300511,0.012914160767588598,92.23083962416138,92.41512622701738,274.0,138.0,-1.44258339300856,0.13262827726549292,1.4932620409023039,0.11428571428571428,0.9260058131544312,0.5992943877917889,0.9255713492018047,0.0009349201862684798,-0.01074327840779631,36,0
N426,0.09530578528260147,0.09544348240363683,0.47500000000000003,0.271,1.09067009475796,0.5464316849391793,2.839376698913007,0.391304347826087,0.46322483605394704,1.7510116552116095,1.900023816321966,0.08665518873143158,0.18816762621544536,0.18839077295168502,0.593,0.314,-1.2482134634227795,0.27302774503949184,1.6667482970651057,0.34782608695652173,0.3967407880390422,1.8086412455873795,1.0293631599905773,0.014548131454311594,172.20336814359933,180.17491501316158,516.0,258.0,-1.1712505340647195,0.5056354754274356,1.4319418437419735,0.08695652173913043,0.9328429070224433,0.48758958028533944,1.0394995350818503,4.121967309901141e-05,0.4971513669058947,24,0
N428,0.08189745783600369,0.08189749690924626,0.401,0.233,0.6497059735500779,0.576860427186783,2.845019796614739,0.40816326530612246,0.12915188263691343,2.3126794823232912,1.980116195294048,0.3684277723271642,0.1820212526052933,0.18202126249424816,0.618,0.318,-1.2159597066831782,0.18220597735594557,1.7470486449903002,0.3469387755102041,0.37383684124528727,1.921323784330297,1.166929682049204,0.07311210320355739,173.19676671346954,173.19722861524085,508.0,254.0,-1.4458558910807457,-0.0015399086770067816,1.4665361682216245,0.12244897959183673,0.9306097436205686,0.6005128272008056,0.878695688341212,5.2169465296212606e-05,0.6051283346351485,50,0
N429,0.07602942588235162,0.07602946797130702,0.29600000000000004,0.157,-0.5690515337490987,-0.07421403084706087,2.0649888022266665,0.673469387755102,-0.26980324434698694,2.933742747373318,1.8241545828825871,0.6974776731063468,0.12113933960526614,0.12113934125625746,0.397,0.232,-1.1370142204914022,0.5800516302460752,1.915149922346272,0.3877551020408163,0.28864959362298115,2.0203790127702295,1.349633063052023,0.13224793218524653,122.19931914703945,122.2040915845292,368.0,184.0,-1.436926239278344,0.009815062159067495,1.50567790009491,0.12244897959183673,0.9311026871853422,0.601518948445341,0.8908960455554787,0.0006507038633744697,0.32065025821357834,50,0
N430,0.062293002383547125,0.06231598551962451,0.27,0.14300000000000002,-0.5842199246956983,-0.021003515029078233,2.2947562941930295,0.18421052631578946,0.5912527640854514,1.6947840685671103,2.1787964582729256,0.2972368341161939,0.05862831586727754,0.0586327116189834,0.265,0.153,0.257683419440097,0.3020670684709704,2.60946484948964,0.5,0.08085590255969571,2.7783477179755174,2.0856057986601555,0.4969490506701144,80.12193206213983,80.1536985086489,222.0,112.0,-1.519687679453645,-0.04738727923616938,1.3973154337714655,0.13157894736842105,0.9168363541741001,0.595546402322847,0.941329018106407,0.001093818785950141,0.08937791834185976,39,0
N431,0.08274616952722687,0.08277033630128955,0.34099999999999997,0.19,-0.37249815376464834,0.30474143704028855,2.2955083728110917,0.4444444444444444,0.15972563895635053,2.5031874164063543,1.8264138040125983,0.4116843961714494,0.21044143048189276,0.21044145775691903,0.6880000000000001,0.35000000000000003,-1.2922038502988478,0.1542354177205643,1.6631703834910947,0.37037037037037035,0.40187214306579216,1.812660766228876,0.9785166288449964,0.011942857897450511,170.8409571884366,171.21331723905124,480.0,240.0,-1.5018123150058014,-0.11214349418995789,1.4017601193072353,0.1111111111111111,0.9400377408575932,0.596892617286371,0.8737228712098078,8.834518345214064e-05,0.5768071678976185,28,0
N432,0.04420200900411655,0.04678162032251555,0.179,0.099,-0.5509478266971795,-0.11621987208576212,2.1162157128694457,0.3333333333333333,0.17158730126249758,2.538596295489485,1.8848487645625902,0.4955431050587312,0.03996298287165261,0.0422785997875994,0.17099999999999999,0.092,-0.43119144133021425,-0.04045922239925278,2.1760417909342453,0.4583333333333333,0.0102920386506113,2.709886616091387,1.9495530724792045,0.38839625231975694,83.82862518257113,83.83412193134725,226.0,114.0,-1.5432838026441997,-0.010288569049178053,1.3598281627301583,0.125,0.9267086265352282,0.6125772025631019,0.8337463847155892,0.001009500907484215,0.254355058670619,25,0
N434,0.03942738134849942,0.039427401638961704,0.16999999999999998,0.095,-0.45975766230218573,-0.11217085287958012,2.4094917760475014,0.32653061224489793,0.4339871916979814,1.8266158514397597,2.0636418672324135,0.20277808736816763,0.06211486456557722,0.06211489354414125,0.28600000000000003,0.148,-0.49911321264923414,0.10880843549223823,2.382681375680463,0.5714285714285714,-0.13049099757762306,2.6821895871813752,2.1224543384625782,0.4370419303229836,81.25787100336804,81.26106078559398,220.0,110.0,-1.5538858730146599,0.001213511707252389,1.353661876138108,0.12244897959183673,0.9234710390548858,0.6023494521929523,0.9243943527952744,0.0010426799115781545,0.05731354998180641,50,0
N435,0.057677267809691166,0.05767749888432247,0.23299999999999998,0.123,-0.7039353504912036,-0.0191634150595237,2.132547395071479,0.5833333333333334,0.012953989232518948,2.5584768271101623,2.106290316078162,0.5523417353703695,0.10782657261825083,0.10783083879817669,0.335,0.199,-1.2040876895166985,0.5169429210437181,1.8454831866091808,0.3541666666666667,0.3370074318378993,1.9886666428044784,1.472735966632444,0.12517848951863406,111.6068395331155,111.66202650527755,344.0,172.0,-1.4080227328371022,-0.0273888187881845,1.5403625152000144,0.125,0.9222428613122248,0.5953217827816945,0.9210442001422762,0.0004938140717957747,0.4284511360650818,49,0
N436,0.10028647130361408,0.10037558041105987,0.42500000000000004,0.218,-0.09503976524303681,0.07032030884246368,2.171842983196137,0.4117647058823529,0.09362000343407371,2.223887794494305,2.1160059101385627,0.32372333317771806,0.19666597809172665,0.1967171283122763,0.635,0.343,-1.2320077189958694,0.22434108287409416,1.74362041039715,0.35294117647058826,0.34141577611123314,1.9486938558923677,1.236188668142254,0.08985854446851813,170.4368073689555,170.4437904832139,508.0,256.0,-1.3906716819972471,-0.011335910572392062,1.5019614341727052,0.14705882352941177,0.9268432985211285,0.5984639760209064,0.882736713650291,9.352241250643296e-05,0.6260251146875494,35,0
N437,0.05398210983111147,0.05398442536341553,0.20900000000000002,0.114,-0.6026727220291588,-0.34402209679694623,2.111720171745241,0.5238095238095238,0.03933984932611124,2.41860516053896,1.8430667854239244,0.3946715062944655,0.0594936103243154,0.05950821180918876,0.281,0.17300000000000001,1.4816996099858493,0.7545762085747206,2.907161797345199,0.5714285714285714,-0.1649553233395738,2.7518492149152025,1.7747344329226795,0.4807981844015118,83.94291645600893,87.40709353364863,224.0,112.0,-1.3942659000085023,-0.45556030806339165,1.2813605334775715,0.09523809523809523,0.9382148967933213,0.48159558324345636,1.0332212617579992,0.0008441937708369193,0.17613050982137493,22,0
N439,0.07794998396407789,0.07794998396407789,0.315,0.158,-0.7385757640416917,-0.1320983882526692,2.026940763359387,0.6326530612244898,-0.3114801827082055,3.158216946975631,1.8186503370583467,0.7666803446924081,0.1223972221907017,0.1223972221907017,0.369,0.213,-1.3459402053261034,0.4608335399751033,1.7402355722430867,0.3673469387755102,0.3269939323644975,1.950760650453431,1.2507992165528499,0.08588352960188544,129.4213336355332,129.42766319454276,392.0,200.0,-1.4238392702411495,0.005102314902872661,1.545264706659966,0.14285714285714285,0.9299183234204272,0.5981470517185095,0.9043994653257124,0.0005557740124460454,0.2934451986272,50,0
N440,0.05618453708462479,0.056188821605986615,0.28,0.166,0.1614775939987383,0.09484732847810301,2.954324281154058,0.5,0.014288262521065069,2.4839562338345744,2.06548586377748,0.4727339378577569,0.05073460357586329,0.050747474049936514,0.21000000000000002,0.106,-0.5718213105009986,-0.11493394339621867,2.0887739140611,0.4375,0.12643339359046063,2.337680606623924,2.130629712144803,0.3393288555184106,84.35918130364199,84.3699337103314,230.0,116.0,-1.534972184628403,-0.032530870542747746,1.3748973704099923,0.125,0.9276561188112586,0.6073479143953089,0.9168599762047307,0.0012936718855182693,0.2019900196827974,49,0
N441,0.10087288585316681,0.1009140577859375,0.39,0.209,-0.7019265218922235,0.24551538848136645,2.071069230446944,0.3333333333333333,0.2193567197107507,1.9897634937851758,1.9222481509724503,0.22485009664777172,0.21913455323646547,0.21914009754707417,0.7290000000000001,0.4,-1.2575868894340003,0.2691425738511078,1.8253163363408413,0.3333333333333333,0.398768026103676,1.8575114147574558,1.1623745361224496,0.04966531758396267,174.59671772639498,174.60341617842553,516.0,258.0,-1.4226025340982684,-0.02106774872547039,1.4776343192297698,0.12121212121212122,0.9303270578485234,0.6006159540728759,0.8752578626635739,5.089186513195047e-05,0.5598457679062174,34,0
N442,0.07401594329326416,0.07402940592208256,0.274,0.14400000000000002,-0.8204458519792084,-0.02262096907007048,1.945172978310307,0.8125,-0.3549381043571634,3.387136241328607,1.2607521772350738,0.8348076795146068,0.1424194059713487,0.14257443876177558,0.406,0.263,-1.2333760317457156,0.5855817964116788,1.8446504316207815,0.375,0.20828356059730035,1.9629501853097726,1.2572847777746292,0.0885906756442063,130.55696498948814,130.55717701677005,396.0,198.0,-1.412763844403949,0.003713707662337672,1.5165769092461836,0.0625,0.9318930976946971,0.7096546163124403,0.543692843170828,0.0007370528555702731,0.27695823864848945,17,0
N444,0.06775101475254817,0.06775101475254817,0.28700000000000003,0.165,-0.3315763572673851,0.2942063465908313,2.4353878772538122,0.3469387755102041,0.31869941463824464,2.41364962948942,2.0773963735438072,0.5419618839631842,0.06553731456201116,0.0655373176137077,0.321,0.19,0.022184785408091656,0.3565460542521109,2.8991116346858217,0.5918367346938775,-0.07306922051501079,2.7572602178323877,2.100364065515663,0.5320248812547821,81.95675933075928,81.95754998778331,222.0,112.0,-1.561295305711208,0.007578780821811534,1.3665611040922387,0.12244897959183673,0.9263174298020351,0.6027140916033121,0.9270605846131585,0.0011354075247475119,0.13671846425904324,50,0
N445,0.0849655200654948,0.0849655224193908,0.36,0.195,-0.47114516530338557,-0.027385124622148968,2.295048561432692,0.40816326530612246,0.23783488568629801,2.2003994710134345,1.8763072841633983,0.2682135705068829,0.21145419929620693,0.2114542030795321,0.6779999999999999,0.361,-1.322423789214402,0.19191312414612646,1.7072254641550952,0.3673469387755102,0.3728980297147278,1.876939050703199,1.1155669690777446,0.05074994715233618,172.95568912296585,172.95687323723217,504.0,252.0,-1.44727213643651,-0.0028320771414284108,1.4570106135900722,0.12244897959183673,0.929452689525825,0.5981688280072895,0.8840292628525144,7.57024597388136e-05,0.6614277067845185,50,0
N446,0.08793029675132945,0.08793476404285581,0.375,0.19,-0.2060839860612207,-0.185069461326723,2.1606926687993586,0.6976744186046512,-0.195371042297711,2.7422203215902123,2.0174086314327,0.5666680788578193,0.15779464110143468,0.15782671740637808,0.494,0.321,-1.0200365317223958,0.6664396710870557,2.0338761730276462,0.3488372093023256,0.25751971681374597,1.985496652095973,1.271415534905556,0.10777224882124833,141.5372727827439,141.5977015735393,430.0,216.0,-1.4510566566939958,0.05534781181125584,1.525448489626928,0.11627906976744186,0.9313199613255085,0.5942353689502102,0.9245787785504149,0.0012439489558219157,0.4857238546900955,44,0
N447,0.03938232778716216,0.039496426951503905,0.14600000000000002,0.074,-0.8320441319376197,0.21254581826895472,1.8735872004538958,0.5333333333333333,0.002523531308466911,2.8206090474184125,1.915528882465488,0.6107042707665068,0.05759503750735358,0.05759536271655569,0.236,0.121,-0.7280629999205743,0.297670515789202,2.100863581595585,0.5666666666666667,-0.08838443283003315,2.601038694826702,1.7879385490266393,0.44492970529033554,82.00997375957259,82.30000195978518,224.0,112.0,-1.5019028278805218,-0.1434050565824346,1.3608748157105433,0.13333333333333333,0.9230990778225392,0.598395736968526,0.9481331801949748,0.001036636002297977,-0.20578816246854142,31,0
N448,0.08367372656340102,0.08689183204531066,0.348,0.19,0.15762831521616727,0.7311879085818543,2.186626700435117,0.35,0.3289810253537826,2.0642777070537788,1.764586184058841,0.22080378336227005,0.21063568617461154,0.21065024046870637,0.6200000000000001,0.337,-1.3063871405217893,0.20735575085849223,1.599808285289206,0.35,0.40816944313662357,1.8727098440448957,1.087042569104775,0.039073050615256136,161.02680724979064,161.9982363219692,496.0,250.0,-1.2946868595992487,-0.18443023381092363,1.543226677499924,0.15,0.9195152676534805,0.6149860846070075,0.7477102585943342,6.018399394390003e-05,0.5194279858858638,21,0
N450,0.08894771722759387,0.08894773746419861,0.404,0.209,-0.5098277111613294,-0.07177296088834405,2.3496943931162084,0.3673469387755102,0.19950554816631794,2.1026970776990006,2.090612250335583,0.3431690440861108,0.14200147745710254,0.1420014788655386,0.47600000000000003,0.275,-1.1242078133052793,0.41804589766070777,1.9365995495046775,0.3673469387755102,0.3103562104821601,1.9490873561592148,1.265315704877355,0.09102729143876162,133.49782919583376,133.4993632943618,398.0,200.0,-1.4380393558689668,0.009501347005140031,1.4981344859226513,0.14285714285714285,0.9258009668602488,0.5933666855691484,0.9104328039302642,0.00022281926890213658,0.388798402008796,50,0
N451,0.08666401237922618,0.08672033594645875,0.386,0.195,-0.013646847960453012,-0.22398377547749432,2.2486075252336803,0.44680851063829785,0.034453525228230204,2.3832142614957266,1.9808897682038162,0.4273767502192902,0.1965918289813242,0.19682934655855228,0.646,0.374,-1.2777670058947723,0.2869057293188395,1.9001231601850768,0.3617021276595745,0.3702368526020799,1.9222922672234393,1.2230288621529146,0.08253677415853988,168.38088746615185,168.3872026016229,496.0,250.0,-1.4892390770710708,0.024003534007461646,1.4846733964187284,0.10638297872340426,0.9351253047010636,0.6013428193138323,0.882270510795355,0.0004154474224634718,0.5412137984974552,48,0
N452,0.03452797639780096,0.037029206880004356,0.154,0.081,-0.43700720489224887,-0.08538480741390321,2.187462460713403,0.3888888888888889,0.44767291263129694,1.6440619800692988,2.1906176533366573,0.13466255700523658,0.059628359620240524,0.06001914109096612,0.233,0.14100000000000001,-0.5858057639890477,0.49533026347463993,2.349250546359832,0.6388888888888888,-0.1610411939244569,2.7704910498680935,1.9270764064902735,0.5420107621445968,81.20718122159907,81.53924606377379,220.0,110.0,-1.5304752747808175,0.17613176549518833,1.3490436239006476,0.1388888888888889,0.9278399183662254,0.597727035457488,0.9353609592115744,0.001164989060661786,-0.09049582436153432,37,0
N453,0.10157324088503275,0.10436055289236447,0.352,0.2,-1.209610207618696,-0.04594655575810122,1.9164329285058148,0.34782608695652173,0.3709140893381168,2.219629904685951,1.9717633305329638,0.4034173489502722,0.14617269443101275,0.14754024874589308,0.511,0.274,-1.13215874145919,0.23470902840053756,1.8571203609118698,0.34782608695652173,0.39754208541288943,1.8871632360234927,1.2257900029024118,0.07858724027589913,117.8140896591839,121.55314338455698,356.0,180.0,-1.236131113267946,0.3595780995439756,1.4808337735087198,0.13043478260869565,0.930192665035481,0.5299456440316396,0.9986587146338544,0.0001274324921393697,0.13398691156522205,24,0
N455,0.07626585081148705,0.07626585081148705,0.328,0.168,-0.7429930560310156,-0.08436434080419455,2.202820767256111,0.5102040816326531,-0.14443626381374716,2.6913167742307857,1.9242059121665465,0.5927381299727986,0.07155291468556679,0.07155291748070096,0.26,0.145,-1.0866814191642273,0.21012389111376578,2.0264722265043766,0.3877551020408163,0.38116908257253346,1.872097188514866,1.4042091957585825,0.03841251919031006,94.22713834135047,94.23332743780196,278.0,140.0,-1.4554223902995767,0.007324785405340916,1.4856739521631135,0.12244897959183673,0.928782600903965,0.6089411869902797,0.9010052915207465,0.0009269521307929843,0.125419551403279,50,0
N456,0.10900963076719415,0.1090096326018944,0.491,0.26,-0.25155956598594864,0.06612439839225137,2.385110322768684,0.2857142857142857,0.48198426636680264,1.8419796851420707,2.061233173762168,0.21050465860012185,0.19864893656901364,0.19864893656901364,0.681,0.366,-1.1783708853660317,0.25951702070795346,1.8424463091593046,0.3673469387755102,0.3694965171651408,1.8475501464029627,1.1971343528648037,0.04612465972255209,179.04736803427187,179.04837335200787,534.0,268.0,-1.4498721895572364,-0.0015060237976551305,1.496802204804809,0.10204081632653061,0.9325387049993916,0.5969973951567074,0.8839466478093339,6.208157071009823e-05,0.5523571856995468,50,0
N457,0.05822016071551984,0.058234274866531724,0.244,0.13,-0.6251543263084214,0.3017809434273436,2.232362303779854,0.631578947368421,-0.2496824478325955,2.974034644696577,1.9026255569402437,0.6507122506425181,0.048284740587167085,0.04828627240286936,0.193,0.108,-0.7124737140306401,0.21696439813304183,2.2366605377801374,0.5,-0.040501994154912714,2.562892948701915,2.1434867363133545,0.3979907789961657,87.35719444575396,87.39946605481447,254.0,130.0,-1.4364918938267686,0.07121508003057081,1.4874232746281046,0.13157894736842105,0.918331095527742,0.5960020055356056,0.9461482404774793,0.0013732226157283365,0.32515963772955064,39,0
N458,0.07952420238790264,0.0805619154577535,0.335,0.17400000000000002,-0.4988648461009224,0.16664597107118145,2.159829480360919,0.6538461538461539,-0.3033955302670222,3.16800390217693,1.5018963247263533,0.8097345027445825,0.0704226121872104,0.07094938206083838,0.231,0.129,-1.35089536955603,0.36712176768450955,1.8181976537777849,0.34615384615384615,0.38645229737211584,1.8577647431548645,1.5457601427460401,0.10691802387568959,93.80082801381242,94.67214381651456,274.0,138.0,-1.4725713587580376,0.17765496794178445,1.4576621425987752,0.11538461538461539,0.9309046203203224,0.5729145641572585,0.9742777566737564,0.0005323779504950912,0.1124667436503148,27,0
N459,0.08229456277135444,0.0823036383696911,0.388,0.227,1.500809339602979,0.7437725565457496,2.7580797701841866,0.5294117647058824,-0.09603155092953239,2.89303423651117,1.815768395896981,0.5535484137291445,0.16755206487669572,0.16756607320364375,0.516,0.277,-1.403241658074334,0.15667760619139923,1.6530792582539113,0.35294117647058826,0.3224767112616414,1.9093306668910737,1.131616204897586,0.05492280440836885,159.84826910480598,160.41266228768296,468.0,234.0,-1.484250171113807,-0.14409647384092444,1.458737712240858,0.11764705882352941,0.9297448358931552,0.5683068449714693,0.8991105171471736,0.0002744453479892876,0.4899879276010652,18,0
N461,0.11567852004585813,0.11567852004585813,0.6080000000000001,0.332,0.4383775824978535,0.38381184139078445,2.8700228864303083,0.42857142857142855,0.3333787422291666,2.186155636941855,2.148493348217073,0.40278648663401223,0.20388997032713507,0.20388997032713507,0.6220000000000001,0.34600000000000003,-1.3587300161398126,0.2950007202906832,1.6969937238445514,0.3673469387755102,0.35730266890987844,1.9008321369911445,1.2345958687291103,0.07095450075980166,176.3786336266386,176.38299237738315,520.0,264.0,-1.4398447186396315,0.002784482934986411,1.4967429480681134,0.12244897959183673,0.9264694844898952,0.5919300897055647,0.9108781938466904,5.9763997392646545e-05,0.5262233154792844,50,0
N462,0.04973539358444849,0.049743089972377065,0.193,0.101,-0.7788423482204583,0.09800153428175662,2.0304327707845755,0.48936170212765956,-0.06989684564304116,2.5217414421584925,2.0672162358584356,0.46635132681284797,0.05996552467297819,0.05996613627706891,0.247,0.128,-0.9606697553215522,-0.2136824262966951,2.1345380567556638,0.5106382978723404,-0.11607804503516357,2.662404176855636,2.1042204124029302,0.3629083360547262,86.68509419476659,86.90416177222662,244.0,124.0,-1.490055242293779,-0.06932759624963018,1.4268591684366112,0.1276595744680851,0.9180465051038935,0.594059966757489,0.9452788660056389,0.0012037782088533636,0.2041598005946906,48,0
N463,0.08259724791614911,0.08263331474582362,0.275,0.15,-1.1658227074312548,-0.1594376475019235,1.8152484922260868,0.48484848484848486,-0.04879789355059183,2.6932619219443805,1.8847759537910445,0.5881487733283715,0.06901536863095377,0.06950497231472427,0.246,0.134,-1.0714706431700178,0.0266753832848444,1.9279196226888187,0.36363636363636365,0.3809036391408072,1.6305899255391014,2.074089293125673,0.11454093391536783,91.93363034028002,91.9769792169886,264.0,134.0,-1.4752697701910937,-0.031763088680288404,1.4568862898168495,0.12121212121212122,0.9262140510978323,0.6049416199963431,0.9150364082145598,0.0007902422086833178,-0.13979489305787735,34,0
N464,0.03834555369125961,0.03867397665857799,0.15500000000000003,0.08600000000000001,-0.5515316974018218,-0.09582126528277182,2.223717533865889,0.36363636363636365,0.5034731631439789,1.4193009822577467,2.053731257796873,0.08103612257942587,0.05686888489502983,0.05692642310086612,0.224,0.124,-0.8833158108074111,0.24970645884578677,2.178250331665637,0.6060606060606061,-0.10953753761660912,2.735675274100344,1.968283903614327,0.4899464799616335,84.03412142703607,84.05390427296885,226.0,114.0,-1.5511927876442775,-0.02538480500516994,1.3562725132883757,0.12121212121212122,0.924214877991302,0.5913735902060852,0.9444172514778585,0.0012139641638951116,0.03748770419916603,34,0
N465,0.07114710113560496,0.07175235187783045,0.256,0.149,-0.800664053963724,-0.21022576548220284,2.0765869842663234,0.7368421052631579,-0.13927333010845572,2.730232030022233,1.6961011610843268,0.5536422010101957,0.07346718655290946,0.07349047557336938,0.249,0.132,-1.0223572848343867,0.18226517354068866,1.79615111985794,0.3684210526315789,0.3241636163998936,2.1547395605742223,1.9110716676178332,0.18049724611302373,87.46948039173435,87.72570888855786,264.0,134.0,-1.3254836892060688,0.1708655782112911,1.527488369119098,0.15789473684210525,0.9150867267182713,0.6054076512049679,0.8758078200937675,0.0006109370531951706,0.005164552700913857,20,0
N467,0.05570994884219515,0.05570996320228546,0.268,0.145,0.02734539573950734,-0.156574686605585,2.602766034389545,0.5102040816326531,-0.1497576434844555,2.5517116769794295,2.216631007018075,0.5163413237952084,0.04674569498895059,0.04674569498895059,0.21300000000000002,0.129,-0.4721175479002979,0.19112606200551954,2.7596124098805697,0.42857142857142855,0.13972121911746258,2.209627090215973,2.20757046502102,0.23226318290894885,85.22576136356894,85.22816435897232,236.0,118.0,-1.5277857819759286,0.007060112923488953,1.3845188487575075,0.12244897959183673,0.927963833624332,0.6088831334370346,0.9095564195776997,0.0010011938628235958,0.1439367023316054,50,0
N468,0.08868148903403006,0.08868149842704118,0.42700000000000005,0.225,0.515679320419645,0.04374826516699088,2.5371695786704476,0.3541666666666667,0.22987296489911146,2.1701568377112763,1.8332014598822277,0.2803822477348775,0.2039314733292634,0.20400535207064885,0.649,0.334,-1.3432395850765406,0.20105638057771355,1.6372119486567827,0.3541666666666667,0.3733854895439019,1.8684111292812944,1.1339387105143104,0.048946360578114086,164.51116486507678,164.5724206319305,484.0,244.0,-1.4374283153920928,-0.02927653100715377,1.4826299513799512,0.14583333333333334,0.9270850353920298,0.5949790308607333,0.8972263048064011,8.234276555323764e-05,0.6140691899352597,49,0
N469,0.07451975875192059,0.07458701108250834,0.262,0.145,-1.0206947767472416,-0.3719207880254091,1.9440382165146772,0.7142857142857143,-0.425808561298004,3.158368402219045,1.6250387676380664,0.7909797588026667,0.11243590766891746,0.11244035455890974,0.381,0.241,-0.7652667494206677,0.7257720551185145,2.143358591721047,0.37142857142857144,0.16716304593371956,2.2992946688120695,1.544075810085984,0.2779016264609219,131.77843357528405,132.38579984273238,392.0,198.0,-1.4537393078545988,0.11469735152738768,1.4956286870284725,0.14285714285714285,0.9316947042006782,0.6021035623633618,0.9030547594765174,0.0013408350727032944,0.41383391797334673,36,0
N470,0.11010502324222178,0.11013885584827714,0.42700000000000005,0.224,-0.7254154872883656,0.19912710912525047,2.033796322603654,0.3888888888888889,0.15085715324376342,2.0484178166301956,1.8468925276212942,0.23112975972657526,0.2060186826224296,0.20608539295444786,0.661,0.331,-1.3480152199513251,0.1610219072293123,1.6061303290581235,0.3611111111111111,0.36204202587801193,1.880417182503816,1.1224743471946563,0.05896310786371591,170.3409205634618,170.34813320517043,516.0,260.0,-1.3556490154459013,0.03723430390948887,1.5262861711953792,0.1388888888888889,0.9217867815293056,0.596329702258279,0.8938637394229846,5.034326084801783e-05,0.5985004986501012,37,0
N471,0.09126072996274648,0.09147449553472997,0.30500000000000005,0.17200000000000001,-1.1623457724551052,-0.11898373004983713,1.8803055320998963,0.782608695652174,-0.5198005995843333,3.494429317913093,1.1385356512545797,0.9254775013496188,0.10027828466323105,0.10054911735067593,0.322,0.196,-1.2574670096106817,0.3458457714858092,1.9492960770250105,0.34782608695652173,0.37012875502746945,1.8730487209409277,1.2662885453174422,0.052813757590602715,104.14199707877488,104.15533271673291,314.0,158.0,-1.4045965306823236,-0.02187582521007877,1.516965054777428,0.13043478260869565,0.9213576126924592,0.6134380631179159,0.8042527588561421,0.00085979164703693,0.2199476006871362,24,0
N473,0.028784690375267197,0.028784718167805638,0.14,0.08,0.06542422092577249,-0.08814049561256194,2.7792525024433368,0.5102040816326531,-0.15033511713274414,2.7367937541024325,2.2803585002743616,0.5292536982230074,0.04072836849175277,0.04072836849175277,0.21600000000000003,0.134,0.9918178451434749,-0.5534902239575585,3.290090051781331,0.5306122448979592,0.03238039237342505,2.552779011481439,2.2688757730721747,0.3471279262032005,85.49661045912873,85.49900584217339,232.0,116.0,-1.5821502697261731,-0.003466936922687266,1.3567409218082584,0.12244897959183673,0.9249770784017403,0.595036381870979,0.9355221443239257,0.00016020118126872982,0.16379019113688184,50,0
N474,0.03795312898826657,0.03795312898826657,0.138,0.07,-1.0423034009164833,0.11869131782278178,1.844380209643345,0.7142857142857143,-0.39871850368821865,3.300110040684448,1.6062498993299157,0.83983917330023,0.05128527663959707,0.05128528053935164,0.218,0.129,-0.3986038621933723,0.4142974362181745,2.5153416076376374,0.5714285714285714,-0.17010798921126064,2.8782130338056375,1.8620263733775606,0.567890153253028,85.89999767171126,85.9013387555747,232.0,116.0,-1.5846348647613038,-7.319897126990958e-05,1.3503864046876919,0.12244897959183673,0.9241130582515401,0.596495049084498,0.9376371921311125,0.00017029438502110534,0.08494496550719602,50,0
N475,0.048746833542371006,0.04878997374934259,0.15800000000000003,0.08600000000000001,-1.3143302497967506,0.2097204399867289,1.7626572303937507,0.7105263157894737,-0.4555355427106063,3.2918124437110343,1.5490449874922987,0.8575767103448334,0.04998332397781422,0.049983330554629245,0.219,0.123,-0.22773729788210284,-0.14832682239875988,2.4608204102279108,0.5789473684210527,-0.1327239432269463,2.5954538123230866,2.2088815142618734,0.47793187646582497,85.84486719006375,86.72266435494538,232.0,116.0,-1.5354294241987891,-0.2132552710822592,1.3375972805128082,0.10526315789473684,0.9285332963944133,0.6047186460454823,0.9070115043206964,0.0001887797101020113,0.0033996586846726886,39,0
N476,0.03963194870334654,0.039781346829331404,0.127,0.068,-1.0339747444031393,0.3036863736706029,1.7093438362389115,0.7692307692307693,-0.4348019708645096,3.337116004478255,1.3889140948463492,0.8219443392670895,0.03373242569412815,0.034038649057059084,0.14200000000000002,0.095,0.375701581864361,-0.8100022857665227,2.7909450766025183,0.6538461538461539,-0.23021617343117862,3.0176687967628033,1.9260366135051021,0.5131515683160287,87.98715456814493,88.13121530485729,232.0,116.0,-1.6082059688376642,-0.09297244752364,1.3162192260567493,0.11538461538461539,0.9365084489860962,0.604740349890888,0.8707383998389275,0.00010909302409885138,0.08766484363423833,27,0
N478,0.04245868109115025,0.042458685801611905,0.162,0.084,-0.7580486564897648,0.012134841552499857,1.9783937824286362,0.6530612244897959,-0.20664121610551187,2.8102721168759572,1.8695565858545031,0.6220418387205875,0.049980796312183745,0.049980796312183745,0.20700000000000002,0.11,-0.49994524969582566,0.0875164796248044,2.2008452869164365,0.6530612244897959,-0.20737404805965734,2.670010886685195,2.270133760153176,0.4538454746079535,85.51847519688363,85.52005612720329,232.0,116.0,-1.5863370213964252,-0.001773270678254396,1.3564069675943684,0.12244897959183673,0.9269960497748156,0.5991370446392756,0.926843334772626,0.0001755289760580847,-0.037537956913791935,50,0
N479,0.04020720830895873,0.040207213283190865,0.14400000000000002,0.08,-1.221130307364974,0.1397361627546168,1.9896927309171415,0.7142857142857143,-0.4531195138233814,3.3155621213787008,1.495388211491599,0.8525983055454543,0.05553214924708029,0.05553215284859754,0.22699999999999998,0.121,-0.6415474862616142,-0.05237062768243797,2.178917866373622,0.7142857142857143,-0.3673184937386765,3.2546116231533198,1.6461706090840633,0.7948328927775855,84.93709672457612,84.93950788649532,230.0,116.0,-1.5876115039012246,0.0004007129284909104,1.365677796897656,0.12244897959183673,0.9289087858513106,0.6003486984664286,0.9180886945388961,0.00013556513957379662,0.0008421740209980012,50,0
N480,0.04761722377459652,0.04761722377459652,0.202,0.106,-0.8396014865884531,0.04220833796515842,2.2260852606982584,0.7551020408163265,-0.41892616939759775,3.0738861839879887,1.591330515697826,0.735816003375896,0.052336969725042363,0.05233698501060221,0.203,0.10400000000000001,-1.0847422656039045,-0.03816496611378935,1.987122490508999,0.6530612244897959,-0.33245821164240524,3.098608941945398,1.86482281564183,0.7031371022548535,84.9901735496522,84.99176430690211,230.0,116.0,-1.5855180446141226,0.0029243688180313606,1.3648381222106214,0.12244897959183673,0.9288840865525714,0.6049767482432682,0.9032405484301623,0.0001444689417313947,0.1448794314435529,50,0
N481,0.038630537143560406,0.03863055785256019,0.15300000000000002,0.08600000000000001,-0.558302573721897,0.138278083580335,2.22621688064234,0.673469387755102,-0.31547614516585626,3.0534188200011405,1.8334499952140664,0.7052014562331987,0.045338059067410466,0.0453380634787151,0.20400000000000001,0.128,-0.026480992965352,0.4340207665199678,2.8232348313706046,0.6938775510204082,-0.2922760029062797,2.9768758840094764,1.8396761371207178,0.6702960771344445,85.01276139498115,85.01435172957564,230.0,116.0,-1.5848050909119855,0.0023654149177187397,1.3644754990191235,0.12244897959183673,0.9246548853801555,0.5986697542967154,0.9243622403420159,0.00019739322770287402,-0.18944526630648767,50,0
N482,0.040177787524339634,0.04027557511966169,0.14600000000000002,0.074,-0.8140372289838611,0.08816354278134533,1.8373418574443832,0.6,-0.03636346609044899,2.1270375531772285,1.94694917785319,0.259758699926159,0.044141409238017584,0.04417730352048961,0.194,0.10200000000000001,-0.37701335151292925,0.004099461803354796,2.308877904978786,0.525,-0.15878712861307712,2.9756691759731737,1.993724667120122,0.548080648507957,85.11916970785668,86.17735540944531,232.0,116.0,-1.517547354522709,-0.22636905865777174,1.34606126457306,0.125,0.9271971089141308,0.6017508762335809,0.9171105511524159,0.00023222466653660177,-0.1953656853934392,41,0
N483,0.03091374451599159,0.030913750985605094,0.129,0.08,-0.3449642516002731,0.449955417301924,2.5878451320013474,0.5306122448979592,-0.03927311972367043,2.4168363888486093,2.1448185267201025,0.36600993437685997,0.0389070687664851,0.0389070687664851,0.16999999999999998,0.093,0.10074537913816783,0.31531192644787337,2.3903111426402557,0.673469387755102,-0.19128541745644786,2.966773332285903,2.184560699343058,0.5866391977253488,86.03776845083792,86.04045560083931,232.0,116.0,-1.5892734937812627,-0.00249129149135413,1.3482029957878146,0.12244897959183673,0.9241281602079807,0.5979604925743328,0.9371392785095852,0.00015660131701624705,-0.035950551684253526,50,0
N484,0.04602152635919144,0.04602691900102887,0.166,0.085,-1.0360149284797955,0.06693887116690313,1.846745379548432,0.6744186046511628,-0.16416862661961656,2.785728563305603,1.8675324681534917,0.6170124759359725,0.054680528776455045,0.05468567204737204,0.222,0.12,-0.4484957963321654,0.3474435164157577,2.194359061657846,0.6744186046511628,-0.35366461642992403,2.976239508540238,1.8905127085108941,0.6101199767513525,83.68243543301067,84.61087400565013,232.0,116.0,-1.5043088426538855,-0.21534591288658383,1.3709821741382056,0.11627906976744186,0.9239183543575424,0.5977365202604038,0.9268147248376011,0.00013783416831537136,0.15578434620998735,44,0
N485,0.029250158931545332,0.029251651080051722,0.125,0.065,-0.8077059442012007,-0.02153299985244797,2.2220967911218867,0.627906976744186,-0.38366026216496346,3.1054424207990237,1.8249171772747554,0.7303330382031694,0.03930472050172865,0.039313714932809156,0.15300000000000002,0.083,-0.9163350507507384,0.312563696149526,2.1112225120890975,0.6511627906976745,-0.2750589892280198,3.008634329852458,1.856751746089695,0.6245419039885787,83.51409046253886,84.4920652541355,232.0,116.0,-1.498749949752603,-0.2237645451531241,1.3729099845186035,0.11627906976744186,0.9231177641786381,0.5997886253670643,0.9309243049200353,0.00021904789579166076,-0.2219004038990225,44,0
N486,0.042108772961588166,0.04210916548902172,0.192,0.10300000000000001,-0.33685250432033254,0.07749201902090745,2.4460233016693986,0.7209302325581395,-0.3993422942281208,3.1376044589670604,1.6701785802081262,0.763455301503684,0.044148106058981076,0.04414825230763028,0.183,0.096,-0.4602167905053607,0.024285089683029584,2.1744915139802266,0.627906976744186,-0.20949187233844355,2.7560851858992317,1.9359018158068506,0.5265629934846612,85.13450709037235,85.65788187477395,232.0,116.0,-1.5592055084473986,0.1760478920295553,1.3542244736985696,0.16279069767441862,0.9270528178512604,0.5975459446683752,0.933943472769973,0.00014089078512489147,-0.09002887041562126,44,0
N487,0.03801831274320197,0.038027529807441,0.182,0.092,-0.26874850210391266,0.07900159958925908,2.419299924708704,0.6190476190476191,-0.14792812537573652,2.783252696098125,1.831676977805487,0.640083154641496,0.053854018170611986,0.05385402319189801,0.225,0.126,-0.4063065467258209,0.314981357867548,2.33965807068906,0.7142857142857143,-0.376537025931003,3.158687618331048,1.6821685154372072,0.7933747891517147,83.51172828706575,84.85226559582358,234.0,118.0,-1.4536688163268945,-0.28004590933799317,1.3906523199046785,0.16666666666666666,0.9228528916207153,0.6053226380080244,0.9067000592190787,0.00023455865150459848,-0.08108640973606442,43,0
N488,0.041563288353732436,0.04157334310760751,0.158,0.09,-0.7253835655945573,0.21543813438808262,2.164848753371746,0.7941176470588235,-0.4293290491261523,2.9646237048483477,1.7878113115854228,0.7079682361634995,0.04318471006818813,0.04321540730539779,0.191,0.111,0.4535166290575914,0.7342056458121391,2.5685283772886165,0.6176470588235294,-0.20914148051239367,2.807713226274255,1.9352336117319602,0.6137005977440773,86.57744439258428,86.6862981428685,232.0,116.0,-1.6059076857267915,0.09065327472689447,1.3381584227857939,0.11764705882352941,0.9284462880860054,0.5971899894288343,0.9371330489669136,0.0002766748929224662,-0.1962687237106295,35,0
N489,0.03299802365623419,0.033013172601514554,0.124,0.065,-0.8182773402663734,-0.2230099727533919,1.968911039983415,0.4090909090909091,0.049923416213117106,2.5899697683358296,1.7349514215988362,0.556390132058576,0.03703189245233268,0.03705049433455353,0.153,0.089,-0.344934029695092,0.544879209475607,2.4021271942112263,0.7272727272727273,-0.26969712804202106,3.0942176800480845,1.6743376659490816,0.7005854459317931,85.4591070583238,89.60978207471693,232.0,118.0,-1.3570502710736685,-0.5193017430818603,1.3168205219114495,0.09090909090909091,0.9404124071737132,0.4865769844129421,1.036218153380222,0.0001501090859985317,0.010602898207489208,23,0
N490,0.0357961601203967,0.03587212739453187,0.137,0.07,-0.6790514539661157,0.1862037250824921,1.9513757639774212,0.7,-0.3376244353465864,3.3700281203633384,1.3124453497650326,0.8486999769099104,0.03042383896427706,0.030433377666477905,0.10500000000000001,0.056,-1.058586308307474,0.0033051349963151063,1.8400849427135229,0.5,-0.09865374445917055,2.7299578903026265,1.8786877893550298,0.538000531449064,83.57293445936703,84.98515276491648,230.0,116.0,-1.4503831923855683,0.34106027282217016,1.3649443017520473,0.1,0.9305863137743949,0.5575359223829907,0.9338467745614294,0.00012992629657193055,0.02320342304855334,21,0
N492,0.04384312488862992,0.043843129450348316,0.214,0.108,-0.09075659380766332,-0.007328847840579517,2.4633278088031645,0.6326530612244898,-0.212078291689986,2.791453361981613,1.9002829234079277,0.6062624691679076,0.04911008043161811,0.04911008043161811,0.245,0.136,0.7829526086673351,0.39910508704841735,2.769288887428503,0.6326530612244898,-0.31605403618221933,2.9982666963106164,1.7885451878332503,0.7331798711624515,84.89526724146641,84.89711420301634,230.0,116.0,-1.589747248000639,0.0006174599481720992,1.3663597530842644,0.10204081632653061,0.9313280836285776,0.6041216437861563,0.903237050797501,0.00021589164206006458,-0.06980504872197149,50,0
N493,0.04767053597349206,0.04767053597349206,0.181,0.095,-0.8909149686393438,-0.08751011061133045,1.992845225252475,0.5918367346938775,-0.23726638190205773,2.915144198115434,1.7822450466772228,0.6719093226459426,0.037721341439561774,0.03772134674159978,0.203,0.139,2.2486578831938804,1.1521327421522363,3.684916155093379,0.5102040816326531,-0.08842958798853451,2.607429668040195,2.1542717936925353,0.4813087381751056,85.28316129225041,85.2858722180878,230.0,116.0,-1.5860453226471327,-0.002258192404550963,1.3601314846540107,0.12244897959183673,0.9241893027267596,0.5975564218887003,0.934046026720766,0.00022556622290523625,-0.17897932096633865,50,0
N494,0.036176715807283016,0.03618435701111314,0.15300000000000002,0.082,-0.6043379569753236,0.25000726789179156,2.266172644018953,0.5263157894736842,0.01635134747590713,2.29563942883946,1.9534461851822738,0.3464080740648808,0.044914265615200635,0.04495325207140048,0.22,0.125,0.3941986676865712,0.3716303929447324,2.780666453262582,0.6842105263157895,-0.3133448709507521,3.292806615339025,1.714587907322803,0.8138633591857555,84.21315430689494,84.57313630589435,230.0,116.0,-1.5348833485145021,0.14035673096544057,1.371593925291326,0.13157894736842105,0.9234385959382326,0.6016850816902157,0.9152102006035063,0.0002444609835559724,-0.45146111289387697,39,0
N495,0.041754426097905264,0.04185424444160685,0.138,0.07100000000000001,-1.1894631026736857,0.1459919692204757,1.6963631991746022,0.7307692307692307,-0.33360492272541475,3.1647310905243304,1.6656144599033837,0.7687920954521762,0.04543392374219728,0.045435750322927515,0.175,0.092,-0.7598967135527355,0.014740798114228005,2.024837255820017,0.6538461538461539,-0.3288824303340574,3.0633180700265292,1.7599361207709407,0.703675329212824,82.01234474978767,84.20961500481556,230.0,116.0,-1.4481555717843821,-0.32799426690590505,1.3775149072153636,0.11538461538461539,0.9236396928722308,0.538771111274354,1.0432212596938064,9.556110006944285e-05,-0.25449069725838724,27,0
N498,0.03989009400841266,0.03989009902218845,0.14100000000000001,0.076,-1.0369934367368203,0.1813039204929177,1.9052346788541636,0.673469387755102,-0.3970220422169469,3.3355129916109694,1.583462515342283,0.8511757893267444,0.04312493478255938,0.04312493478255938,0.228,0.127,0.2693482615948355,0.22893535606329407,2.9449319898186013,0.7142857142857143,-0.2897333530743742,2.900887874382456,2.1355022332277365,0.6010474428596055,86.46482753119906,86.46664096632874,234.0,118.0,-1.5875084802553887,0.002672953026655958,1.364688146564532,0.12244897959183673,0.9288044957124686,0.6053642902094849,0.904262350158227,0.0001572462090991058,-0.13281730967223015,50,0
N499,0.029578343428934624,0.02957837047573784,0.127,0.065,-0.5047213217352273,0.32583829714154583,2.197551756724305,0.5510204081632653,-0.0714441106226389,2.792265817130121,1.9266524180467473,0.5455874652739687,0.03860077201300514,0.03860077719424831,0.172,0.09,-0.5981043486313227,0.0779572370089362,2.3315592726824788,0.5918367346938775,-0.2943158227230522,2.9947216323121832,1.9940415727367464,0.642817078049232,85.82203912748753,85.82540416450132,234.0,118.0,-1.5749440909199233,-0.0039048588066423265,1.3748842915301596,0.12244897959183673,0.9260729755799986,0.6005019636690343,0.9144773222850852,0.00022309832875434373,-0.35366927915834123,50,0
N500,0.0493706349969291,0.04937063904791997,0.19,0.105,-0.8715244710820897,0.1599607696936719,2.126770121368801,0.7142857142857143,-0.39815362610859334,3.1936858260432515,1.5457979215009905,0.7868402224262447,0.0469631728059338,0.04696317706458966,0.222,0.112,-0.6311598562573408,0.1824860957990879,2.3848471717738247,0.7142857142857143,-0.5016794112774421,3.260767808796723,1.5171745583704606,0.8437109972171161,85.995581281831,85.99767438716003,232.0,116.0,-1.5903182977400174,-0.002048135374925325,1.348873685557705,0.12244897959183673,0.9243564040634438,0.5995231006759894,0.9288486201460127,0.0001562509779170854,-0.25206589357360504,50,0
N501,0.046539065174216736,0.04655714303485092,0.192,0.108,-0.2526462949835562,0.42277812784812857,2.319729969666637,0.6111111111111112,-0.20036973809480615,2.7722750753028627,1.8815672926281548,0.5900272385205133,0.040623518684011976,0.04063582496111369,0.156,0.091,-0.8530656802429917,0.28799840730171467,2.2394032872983907,0.6944444444444444,-0.2139711128994903,2.85923050844004,1.794036008219964,0.673604171585594,87.94822170181341,88.68468285432932,234.0,118.0,-1.591354156451946,-0.17988703497550954,1.3305567117359274,0.1111111111111111,0.9344115721073728,0.6042954510808439,0.9065721657858994,0.0001980626996763514,-0.13296358830377147,37,0
N502,0.03000231472551558,0.030013885675355886,0.119,0.065,-0.4437144522791887,-0.08482878544608975,2.1656642762976497,0.6956521739130435,-0.1810122780731222,2.729365821882099,1.8678004983167342,0.5267696518629901,0.04545900167550244,0.04546518814800323,0.196,0.101,-0.15300269176000603,0.412788390413177,2.2214798643571827,0.6521739130434783,-0.4135631723173666,3.016097802198254,1.6329377280166797,0.7326283074704419,84.4300746179938,84.62564623091512,232.0,116.0,-1.5594707102104541,-0.09616054259801547,1.3707428559360686,0.13043478260869565,0.9217222794523008,0.6142092284097153,0.8047364248048868,9.773246592522919e-05,-0.4796076384767581,24,0
N505,0.037431799315555216,0.037431804658605496,0.14100000000000001,0.074,-1.0236923797607425,0.15855130757125252,1.976928461636101,0.6938775510204082,-0.2838575191066416,3.0569377167965817,1.8448686090784028,0.7101074208296491,0.044101015861315485,0.04410102039635818,0.21000000000000002,0.108,-0.39932584933012727,0.1288569675058843,2.4489229280717173,0.7142857142857143,-0.3712553868048673,3.2614335627529107,1.4776518185089587,0.8307283108964049,86.06770358270285,86.06927442473301,232.0,116.0,-1.5904138062295556,0.000829045927761704,1.3477515730824616,0.12244897959183673,0.9283400530723378,0.6043419137271379,0.9074429354187356,0.0001467914723858014,-0.3031048875287864,50,0
N506,0.04114800602702395,0.04114802546903071,0.138,0.073,-1.2440776333616135,-0.10996481914695906,1.7740826969921577,0.7346938775510204,-0.4447105850736408,3.364237469229283,1.387174072226249,0.8821420560780093,0.04554205089804367,0.045542068464223276,0.183,0.11,-0.7845929179493734,0.3875715579459733,2.4153492300511843,0.7755102040816326,-0.38958704930561316,3.1925474454827056,1.744629770752467,0.7194904880803729,86.52494669169118,86.52675886683842,234.0,118.0,-1.5880394920408207,-0.0007637333214720303,1.3637399753017188,0.12244897959183673,0.9241536239440011,0.5976909017291495,0.9391505651436379,0.00016394970941215875,-0.22827624569943417,50,0
N507,0.03482417251981375,0.03485534014813376,0.136,0.073,-0.7888186791697414,0.31249575870594026,2.094370609776092,0.7027027027027027,-0.4465136047984539,3.3967328482646058,1.464848122225141,0.9045239064782716,0.04227465924646149,0.04227479029796413,0.179,0.09,-0.4839777705290116,0.1687922375655597,2.1289283605112104,0.6756756756756757,-0.3271280471826672,3.2140809854368877,1.552664587268438,0.8106074691762373,86.97993846451524,87.76823547214981,232.0,116.0,-1.5737855059262773,0.22274193704937947,1.3216626650402303,0.10810810810810811,0.9338454358636393,0.606290253823912,0.9014439144070756,0.00021646472681532763,-0.37794121424735494,38,0
N508,0.03581506377024814,0.03583346253206683,0.131,0.066,-1.0944437180870135,0.042335846729622414,1.8418538242274964,0.5,0.020442918835064168,2.2599923199704444,1.7318027578989672,0.3569225121553448,0.05104120286175435,0.05104464277037851,0.196,0.112,-0.265704183322903,0.37233371119240355,2.19415777878642,0.7307692307692307,-0.3574294870702631,3.1889814852998573,1.6011139535958263,0.7810632941057251,87.73585496770167,88.14130069887152,232.0,116.0,-1.59531068566362,0.16512098739088593,1.3160686202749123,0.11538461538461539,0.9354014041121991,0.5934691885265564,0.9126346103280896,9.083099264455298e-05,0.11875939603279771,27,0
N510,0.03916196624277182,0.039161971349767365,0.15300000000000002,0.085,-0.9221614933959716,0.07343051846806914,2.170472963192772,0.6122448979591837,-0.19877428531770872,2.6924627275887962,1.8705926687038419,0.5666938288169785,0.04478861015928045,0.04478861462470122,0.21,0.121,-0.054772179290306866,0.5434397507955958,2.7015794307079926,0.7142857142857143,-0.36989286072902305,3.15472665860691,1.724078636361904,0.766073897177992,86.80391696231224,86.80599057668773,234.0,118.0,-1.5852647384750047,0.0012494989569590408,1.3593531876783813,0.12244897959183673,0.9253950869143244,0.5974461234394839,0.9337488249080813,0.0001659643098779133,-0.21343070544120643,50,0
N511,0.0488730968938945,0.04887310098612528,0.175,0.09,-1.128246946573181,0.15083703234902143,1.8415037757794486,0.6938775510204082,-0.45170028865316286,3.2998307548068255,1.6131755211344558,0.8329812061662957,0.04689797010532546,0.04689797436990216,0.193,0.098,-0.7909442934386348,-0.061487240053593996,2.08964249131608,0.673469387755102,-0.4544399006232045,3.2297077696955157,1.8149686546305959,0.7682315068259346,86.43754739695012,86.43888014082552,234.0,118.0,-1.5891305932438369,0.00242999148549412,1.3651264316214575,0.12244897959183673,0.9243352210425265,0.5982775189147659,0.9302750362748381,0.00014300465495080435,-0.28809174206845084,50,0
N512,0.030406980901342806,0.03045358850171157,0.132,0.076,-0.3038310225289602,0.2930247659730645,2.4956008056564043,0.5405405405405406,-0.12938647923351074,2.9339502504959714,1.85459098637144,0.6507797171733255,0.03469303457755528,0.03474190553208042,0.167,0.098,0.22487388996137092,0.536402857928243,2.8208009462666785,0.6216216216216216,-0.19955561684916845,2.6384067434618323,2.209716747313505,0.3900906220625537,88.37224530140777,89.4174126454715,234.0,118.0,-1.5842718869430477,-0.22607349409900315,1.3196534825700534,0.10810810810810811,0.9361700141028553,0.6040072955177291,0.9094008912389157,0.00020561781814749624,-0.5752073549267152,38,0
N513,0.03971987712787207,0.039736632972611055,0.15500000000000003,0.085,-0.7299771257186896,-0.12865268652369985,2.1390841055553764,0.64,-0.36131772428919967,3.1655093319249348,1.577626085859029,0.8118331068387598,0.05652139983274702,0.0566521097441352,0.2,0.126,-0.6626624694113286,0.5468586086909408,2.224100754041978,0.72,-0.4544816515484349,3.3242762154594754,1.5300099684364348,0.845084172926017,81.42444859133138,85.01945478717029,234.0,118.0,-1.2145407084448376,0.4905853628250561,1.387917627740499,0.12,0.9188119910043412,0.5111114628111895,1.0699500540458986,0.0001134710476405818,-0.12575878013160924,26,0
N515,0.03851752847730498,0.03851752847730498,0.133,0.073,-1.125596719150499,0.06795602109916989,1.895241021059088,0.6938775510204082,-0.49759164014693447,3.3702428781386984,1.378627072278631,0.8842993557255323,0.036385711481294415,0.036385711481294415,0.158,0.099,-0.37543374734295476,0.46197180363849194,2.7208482662458056,0.6326530612244898,-0.25201226291281725,3.0961444924725328,1.92502524055455,0.7201410183012226,85.8899854465001,85.89155953875793,232.0,116.0,-1.5884995262014936,0.0035351255764617447,1.350540153455426,0.12244897959183673,0.9278310241388867,0.6048861623786362,0.9090323659813351,0.00014950634245978258,-0.37099148862098114,50,0
N516,0.04173315708162995,0.041733200212780236,0.16999999999999998,0.088,-0.548431329864405,-0.07963260584770304,2.108632924178462,0.7142857142857143,-0.2911259660617298,3.0575446005754654,1.7747780842114251,0.7259930193689218,0.041473345657180825,0.04147336494667391,0.184,0.114,-0.19922084893061554,0.46442079904747613,2.74875212432317,0.673469387755102,-0.2591946654410932,2.714490558181155,2.125180693124491,0.5462959812405599,86.34465820188301,86.3467428453442,234.0,118.0,-1.5852590607093582,0.0027416046016194196,1.366583105645919,0.12244897959183673,0.9275326991677204,0.604894021605052,0.9085378017652581,0.00021565185236266913,-0.3074983839559219,50,0
N517,0.03310981727524331,0.03311117636086039,0.126,0.066,-0.9398129615036956,-0.13178679173114755,1.993284662577449,0.717948717948718,-0.4013742916944981,3.227862323264051,1.4855724150895842,0.7928099449629661,0.04103473376299644,0.041037482866277265,0.15700000000000003,0.08600000000000001,-0.522271041129605,0.48125894343979414,2.095645102801149,0.5641025641025641,-0.15224329633035558,2.6892687823075327,1.9381002884631409,0.5424495373566467,85.52169315442721,86.62794006554698,232.0,116.0,-1.5126631029536992,-0.2505116772764811,1.3390598912109495,0.1282051282051282,0.9309180093189389,0.601231906338951,0.9219786305104088,0.00019084466303978642,-0.272536568373581,40,0
N518,0.03374691689621438,0.03374729618799112,0.128,0.075,-0.9599155248054276,0.15255047796962581,2.2224002652600223,0.6666666666666666,-0.48536050011794274,3.2111696544829114,1.7840678129054726,0.7582340172717333,0.03416842987320313,0.03443544685349676,0.152,0.077,-0.062397189289198796,0.4048497445776933,2.23606797749979,0.5416666666666666,-0.13274780064974195,2.926872478571265,1.7470313512758706,0.7234842146797871,83.87747254179754,85.65512243876603,232.0,116.0,-1.470765383057353,0.306563942967501,1.3542681009291326,0.125,0.9259048111119182,0.5548620491614705,0.9882350458701921,0.00019514556538625857,-0.44201232332990675,25,0
N520,0.04760524760990116,0.047605251811118486,0.216,0.108,-0.6496404432680687,0.022805174149705815,2.268657257155312,0.5510204081632653,-0.03745084568104402,2.429826654604291,1.8428201011727918,0.45905774238952796,0.05401832651980251,0.05401833022224956,0.244,0.136,-0.5833535593005927,0.032853429060142644,2.5176639011322695,0.7346938775510204,-0.4070466821334268,3.111728534213075,1.7796847604154744,0.7453911721539319,85.48497879744721,85.48543735631233,232.0,116.0,-1.586283013720584,-0.0015122763291112687,1.3569562674926696,0.14285714285714285,0.9283811286813581,0.6049264877351312,0.9055925197934979,0.00018852971300249417,-0.05951245523730997,50,0
N521,0.039285870233456706,0.039285875324345264,0.16799999999999998,0.092,-0.8561644718768342,0.21046847371588276,2.341808582358048,0.6938775510204082,-0.33858316855781573,3.0743632366753055,1.6631105739869334,0.7274734233917004,0.0315254881009002,0.031525545197506104,0.14400000000000002,0.074,-0.45118685614871357,0.31725696558598354,2.3473027837074145,0.6530612244897959,-0.17922623207767902,2.5602447972905815,2.0095731592328785,0.5051597061814275,86.25769762751611,86.2600718756946,232.0,116.0,-1.591718398661635,-2.301639203068207e-05,1.3447705001586623,0.12244897959183673,0.9245753120798526,0.6004416222347744,0.9255389557504824,0.00015148857628052587,-0.4038726540365729,50,0
N522,0.02779099225456149,0.027793653582916723,0.124,0.062,-0.604995496220333,-0.07242451980108851,2.230725075961517,0.5789473684210527,-0.25888503738988583,3.1983878054745842,1.5308624674797442,0.8510726348442651,0.041816826072775884,0.04184801560715168,0.168,0.08600000000000001,-0.6867411976767825,0.047533741530941684,2.055055628140774,0.6578947368421053,-0.21353163584294294,3.059410538371019,1.9169004257290383,0.6655642413459497,85.34649183557022,86.02325267042627,234.0,118.0,-1.518307117725744,-0.20016573015535313,1.3717221371770674,0.13157894736842105,0.928368353166985,0.5965320540535606,0.9320966715975602,0.00018626003026110303,-0.20751511210116902,39,0
N523,0.05256867508317097,0.05256881204668791,0.174,0.091,-1.2216875938961833,0.03490788958397767,1.731064417418834,0.7083333333333334,-0.4953938457556036,3.311079915234112,1.2626884256271012,0.8937702141527943,0.05044750142474848,0.05051653194747241,0.172,0.091,-1.1752715684177306,0.14942700116343874,1.8013904852895029,0.7083333333333334,-0.3672514932078628,3.299444165852568,1.4742580858743461,0.8230536594347985,81.79607814559326,85.54297165752426,230.0,116.0,-1.2335603458116908,0.5297220646682544,1.3560436088707795,0.08333333333333333,0.9258767622988896,0.498103409065388,1.0655685799212888,9.936237104618138e-05,-0.07805673231334191,25,0
N525,0.03964944388008487,0.0396494640569075,0.16999999999999998,0.092,-0.24755901439766825,-0.08411420437701653,2.3203340117777023,0.5306122448979592,-0.10092923721970642,2.6049160748230897,1.9753724878792682,0.5321430973782791,0.03262757116305166,0.032627595682182896,0.156,0.089,-0.22027013666694728,0.43740521194490756,2.727752325575146,0.5918367346938775,-0.1350569091252868,2.8952923321216093,2.0210038182489507,0.5853424095167435,86.22367192366606,86.22667800628759,234.0,118.0,-1.5838387748391693,0.0030265273005913476,1.3684859805383611,0.12244897959183673,0.9247281416998483,0.5961209686921345,0.9363251768280042,0.00018458703363348537,-0.2929982528943993,50,0
N526,0.034171894884539256,0.034171918295583,0.135,0.07,-0.9784117014815767,0.004881977236177978,2.048465625912727,0.6938775510204082,-0.4024629164659705,3.3052862187942105,1.5191545761322043,0.8502293616845954,0.044117552062642826,0.04411757019601148,0.16199999999999998,0.088,-0.9949851168922947,0.2539159970699052,1.9946701418283408,0.673469387755102,-0.3489786641771848,3.1796071585079213,1.6117093742442996,0.7695970219136132,86.14447399572418,86.14685136439985,234.0,118.0,-1.5875149331593437,-0.0011478354712075806,1.3697540668185517,0.14285714285714285,0.9289587446403771,0.6030585583328547,0.9175562317604895,0.00015759545840480536,-0.2728754056461077,50,0
N527,0.0455224747802751,0.04553133032117914,0.176,0.09,-0.8478150081099058,0.09460546948970655,1.9766608918548558,0.6875,-0.44925737618575884,3.2331193966038647,1.5632096264803845,0.8253669097255253,0.049191505854465405,0.04919639940367297,0.182,0.10300000000000001,-1.0115265724523792,0.1760699471321086,2.093649154175907,0.6875,-0.43040058234746253,3.2494486281074826,1.749999304342505,0.7864637002495943,85.89890709859485,85.94777721479052,234.0,118.0,-1.5718957720569215,-0.03282785861223182,1.3729267215963987,0.125,0.9245621202895395,0.600754236500385,0.9226480776429259,0.000146181634980576,-0.16176081006886361,49,0
N528,0.03451313714808419,0.0345337998681485,0.138,0.069,-0.24730612328385915,0.09226311484277427,1.998042505123818,0.6285714285714286,-0.1988189775270666,2.9237874874232244,1.6918289027576139,0.6885777909312877,0.04362051384836109,0.0436237066029215,0.19,0.113,-0.3406157784088091,0.41824216027167593,2.590334678081489,0.6571428571428571,-0.4111644692023231,3.033079312905941,1.7083831000263585,0.690156676091599,86.26573930464967,86.57687656386985,232.0,116.0,-1.5908359947064925,-0.13767634714604393,1.339849675847615,0.11428571428571428,0.928179735276421,0.6073897255520396,0.9031818197605176,0.0001966799446554724,-0.2882928143472295,36,0
N529,0.04592020905875756,0.04595867709149166,0.16899999999999998,0.091,-0.977346091482707,0.0062645499149821555,1.9800395868410854,0.5416666666666666,-0.23627019694571638,2.9124876205607073,1.6644229193793763,0.6988342390441017,0.05158083364971915,0.051610851572125804,0.189,0.112,-0.6401032038468273,0.4454934035094769,2.170086262643444,0.5833333333333334,-0.3216682113194523,3.0559294328479494,1.711191552538382,0.7117140641525921,84.38327796429812,85.94696038836976,232.0,116.0,-1.5153434598266642,-0.2388331214650551,1.349669604088721,0.125,0.9261649769308777,0.5495500403026096,1.005515598066548,0.00014348945089987677,-0.05163010319403407,25,0
N532,0.03740614388038414,0.03740614922709901,0.14100000000000001,0.07100000000000001,-1.135109370113649,0.03448134388805768,1.8980836431183303,0.7142857142857143,-0.3844039205675952,3.2902633551927787,1.4890584997533518,0.8424580028805446,0.042944131147340726,0.04294414977619187,0.18,0.105,-0.7462291198140076,0.3168996089172915,2.4450361818133315,0.6530612244897959,-0.28285119691556704,2.8325210265663747,1.9405685671110298,0.626085674892353,85.08883828094024,85.08959983452736,230.0,116.0,-1.5901567856947194,0.0028116984814387865,1.3632688392657115,0.16326530612244897,0.9247423811820885,0.5956629373604079,0.9347715067891761,0.0001819249787931561,-0.055553177926719224,50,0
N533,0.022845533480310765,0.022845568498069818,0.08499999999999999,0.048,-0.740164772815985,-0.3368917084499106,2.1010639329923193,0.5102040816326531,-0.058905104277487366,2.8653293663565926,2.0689055818778663,0.6120003117692733,0.03976052816550605,0.03976053319562,0.177,0.116,0.707800285594312,0.9269661673529168,2.917465905934544,0.5510204081632653,-0.19107376620737046,2.867720937577629,2.0461582431324357,0.5680194710920992,85.33420416222326,85.33604162368911,230.0,116.0,-1.59524189044605,0.0020945501933752934,1.3593318578278024,0.16326530612244897,0.9249463152497961,0.5977432686755749,0.9379332415398282,0.00022802830272290064,-0.19254594383066467,50,0
N534,0.037454838919006896,0.03746261294171901,0.177,0.099,0.10255956472149208,-0.1712050509405394,2.6426346756435644,0.4594594594594595,-0.051615758173665365,2.484989170697437,1.7305722650600535,0.4710627128596712,0.04622401943036942,0.046227981956705334,0.183,0.115,-0.6632180506805705,0.40563081687188635,2.487670781469606,0.6216216216216216,-0.27467807532132055,3.1872664676391893,1.6305991986992976,0.8112725095457681,87.23833054219615,88.05978830197965,234.0,118.0,-1.5630263895823646,-0.22103040637768337,1.3399986790264322,0.10810810810810811,0.9333818544407886,0.5974833127321468,0.9302923556975949,0.00015545845642072018,-0.06149039997737835,38,0
N535,0.029517289848493885,0.029635114307186336,0.10300000000000001,0.058,-1.0112561049536464,0.08070828752213301,1.9571377184104652,0.6666666666666666,-0.43982150171926354,3.345321591686068,1.4005238237884121,0.8771281783421119,0.05037596252182185,0.050393253516715905,0.164,0.08700000000000001,-1.0715575360211254,-0.015709054754395078,1.7264215729024384,0.7083333333333334,-0.37054037480111657,3.1042535435059495,1.6952056214768654,0.6283428406432159,83.54252569799407,86.41111039675395,232.0,116.0,-1.39998269911413,-0.3904563454939707,1.342419967379074,0.125,0.9274240407376858,0.5343484520328102,1.0257622714828813,0.00012931339837978634,-0.35428265145952903,25,0
N537,0.031003490126113222,0.03100354818403855,0.14600000000000002,0.085,0.018368857639491143,0.1907717452979614,2.7416216845709376,0.5918367346938775,-0.12929355369196838,2.822230500114324,2.082907650266176,0.5854387464862055,0.03985722519192725,0.039857245263565315,0.172,0.096,-0.344198218929304,0.3745503043528946,2.408595962043479,0.6122448979591837,-0.2714587180025584,2.8651821665597024,2.022317111537136,0.6192228498102516,86.74446149466836,86.74744953023115,234.0,118.0,-1.5821056724524114,0.0018182556327842872,1.3602705398142854,0.14285714285714285,0.9245905419399228,0.5967240246562083,0.9356517215622074,0.00015706225023334774,-0.14532693858198692,50,0
N538,0.037090699642902396,0.037090699642902396,0.154,0.078,-0.5894490871732838,0.10718683160683354,2.102953051599444,0.673469387755102,-0.386534833821536,3.113152627531922,1.5903852887908385,0.800036867141167,0.04772441303986881,0.04772441723059591,0.201,0.10300000000000001,-0.5733680341203597,0.1177217237188711,2.1582243634809055,0.673469387755102,-0.3339998476625765,3.106307601072728,1.6783558720299259,0.7398087299704197,86.81290226688657,86.81382378400343,234.0,118.0,-1.5891344622043577,-0.0012339978481635098,1.359230533302958,0.12244897959183673,0.9242023928285331,0.5999060813091538,0.9277698017651846,0.0001642730457898019,-0.10841000226327839,50,0
N539,0.03721055369276906,0.0373604068500331,0.137,0.07200000000000001,-1.1007366149356894,0.18502140835754893,1.927173873909144,0.7058823529411765,-0.5272178635246152,3.502673680193962,1.3454810531611843,0.9118356236250263,0.04238266877209242,0.042413946493374766,0.198,0.112,-0.004365020894716576,0.04516986316315067,2.640640856598781,0.6470588235294118,-0.3294327344535284,2.883547892047036,2.035922562909595,0.5950856058574481,85.8388428322255,85.87565761860908,234.0,118.0,-1.5673741702949129,0.08087789051317092,1.3740797249444252,0.11764705882352941,0.9246757019741679,0.6054232875884747,0.9002861480349299,0.00016230642596053418,-0.16789668688173667,35,0
N540,0.03419238354703572,0.034196363905360266,0.10500000000000001,0.054,-1.4391773793401461,-0.05096498695829746,1.5791152576761391,0.5909090909090909,-0.4233973099522338,3.3237159484825787,1.4945679386396822,0.8722638835571221,0.0449433165367583,0.04517020949793078,0.14700000000000002,0.084,-1.0959686882365471,0.22863328682110434,1.859632729926745,0.6363636363636364,-0.4091372818735442,2.948022479237824,1.7712358787889921,0.6147751849908759,83.15062516318416,83.3087499971459,232.0,116.0,-1.540846945730311,-0.09824034304534585,1.3924107612222496,0.18181818181818182,0.9159603388022789,0.6207128840732307,0.7690919932278968,0.00012756843893840873,-0.18103897198236027,23,0
N543,0.027343006418461012,0.027343006418461012,0.119,0.065,-0.6317203921033787,-0.024977100266224066,2.377207502541284,0.5714285714285714,-0.22071220092439384,2.8563437559770315,1.9982825362204946,0.6508617319368386,0.039471756991550304,0.039471762058464026,0.182,0.107,-0.22512156035697606,0.47841959665841055,2.710798667703656,0.5918367346938775,-0.1996260202726867,2.8193993496096272,2.046223640509246,0.5934620414962164,86.17404713717465,86.17517043789354,234.0,118.0,-1.5898951213239965,0.0018167724605677538,1.3693039352332075,0.12244897959183673,0.9242317090636406,0.5965813850624807,0.9358047519463586,0.00019510385973351346,-0.36908058151943757,50,0
N544,0.0365192606715963,0.03651930996062221,0.173,0.09,-0.4548509890374728,0.015214344098987293,2.464449632182114,0.673469387755102,-0.386100250011575,3.028123232353012,1.736719020021524,0.7329585836934014,0.042672937560004,0.0426729422468149,0.167,0.084,-0.8821230395670328,0.053121890617991656,1.9684604711377676,0.673469387755102,-0.3285026743287868,3.1361315102587035,1.7187087784206334,0.7589040010623319,86.13176881964054,86.13477810965789,234.0,118.0,-1.5853187370364268,0.0009022985613829627,1.3699460611574874,0.12244897959183673,0.9297884521701119,0.606162180068288,0.9047194444103231,0.0001596154126728906,-0.3283393291975885,50,0
N545,0.039052779654788115,0.03905302662904489,0.161,0.09,-0.7523473094281212,0.11365544380763622,2.30455889769794,0.7428571428571429,-0.43609657754147824,3.311396354874724,1.4724530594998926,0.8439003604085549,0.0409284606220279,0.040928799966120026,0.16,0.089,-0.5970587066528661,0.22131298063535995,2.174507927759237,0.6857142857142857,-0.22605722507954917,2.6451239553976533,2.0686679451163164,0.5580049454372422,87.39104327357835,87.80344209906833,232.0,116.0,-1.6021663846418992,-0.13817823818390176,1.3211327167460882,0.11428571428571428,0.9316982034892258,0.5979575822298561,0.933697548188852,0.00024768930490010006,-0.3494213328079874,36,0
N546,0.02941116333852879,0.029438688211881378,0.093,0.057,-1.1324996178253428,0.32440520087351393,1.9362275788156535,0.6190476190476191,-0.41376359416676883,3.1450577138539906,1.4477798598458265,0.7874256014271599,0.05196056992033749,0.05197202044457103,0.18,0.106,-0.9526276596255872,0.3406429278007607,2.0395589606344178,0.7619047619047619,-0.4820399299358895,3.06317538859847,1.7063173163479592,0.7059831327144975,86.37191347895755,89.19743167929118,234.0,118.0,-1.403950957829121,0.4480399517805829,1.3229080454274544,0.09523809523809523,0.9380695751920523,0.5075668765432546,1.006864006058703,0.0001575557932061676,-0.06354550970010316,22,0
N549,0.030196350772899696,0.030196357396215855,0.137,0.081,-0.39586611838466856,-0.16673028960644898,2.682442750864737,0.6122448979591837,-0.367964427422391,2.930217440090949,1.9524250328095574,0.6820433959882282,0.03804468951115254,0.03804471053904866,0.152,0.077,-0.6930555293130372,0.021661205970077563,2.0239344421077425,0.5714285714285714,-0.14925873876545317,2.7534606088685893,2.068260382060953,0.5299340628069505,86.07769513642893,86.07903345182264,234.0,118.0,-1.5893048328703823,0.003997603181607754,1.3708332362496045,0.12244897959183673,0.9251045689773395,0.5972918930007611,0.9364032377129373,0.00019121818415292698,-0.39256316541607195,50,0
N550,0.04796182363554699,0.047961932183508936,0.182,0.096,-1.1330254226542773,0.07249491142652477,2.0015874179691266,0.6666666666666666,-0.3334177433759413,3.1492173800427112,1.6002803409232054,0.7871630526207574,0.05392278558733506,0.053930605448869504,0.238,0.148,0.1681627597345603,0.7489633933906797,2.744267355580047,0.6666666666666666,-0.37657557935547586,3.246865516300232,1.6944710155021514,0.7999099279778642,85.29038034615532,85.32913467561825,232.0,116.0,-1.5694092385747114,-0.03754089921994783,1.35944188864657,0.125,0.9228714863418507,0.5981015707803761,0.928870191061693,0.0002321840985940329,0.019456158537828897,49,0
N551,0.030070522025665437,0.030079604530240292,0.16799999999999998,0.092,1.115784999652746,-0.33040143575090913,3.0585508498793104,0.6444444444444445,-0.2408080148241648,2.8070587554333195,1.8079399987228648,0.6259424095736372,0.041430858886256874,0.04143197672875594,0.16899999999999998,0.093,-0.5278470378830473,0.6599996629249543,2.2446430835015696,0.6444444444444445,-0.26647344968604736,3.1920337352508357,1.6996594569877692,0.7704535363042007,83.21122370493411,83.63325737486514,230.0,116.0,-1.523597134722699,-0.14943436078357183,1.3870080353328704,0.13333333333333333,0.9190411773142625,0.6085891470696391,0.9097987427553859,0.0003170509414618688,-0.3168324657842717,46,0
N552,0.03871032018582239,0.03872323448381978,0.16199999999999998,0.088,-0.7671146353282281,-0.029520582897642537,2.2725374358066643,0.7045454545454546,-0.4456066011933965,3.320099241204221,1.343544957793679,0.8646287345056596,0.04091313290918265,0.040917532237959374,0.195,0.099,-0.11243492328018778,0.16064601482362517,2.4195007515178855,0.6363636363636364,-0.237821833769005,3.1005412969504436,1.722425280731785,0.7772471961443157,86.87969260796403,86.98658900466593,232.0,116.0,-1.6121490482133478,0.08330245118046782,1.3335388975164644,0.11363636363636363,0.9326906849620125,0.5960041120324644,0.9321592663739663,0.0001659726922675495,-0.410261252207728,45,0
N553,0.025707754815391465,0.025746907111465867,0.095,0.05,-1.1336373012406868,-0.10430435664058617,1.9419808283587394,0.6333333333333333,-0.2442517944143654,3.0030964086215626,2.1127063606984735,0.6413174667828284,0.04067523209181731,0.04067534721385599,0.153,0.092,-0.6841699055079116,0.4129196096363767,2.2618122843868522,0.6666666666666666,-0.29921205274804313,2.8856784042465535,1.9308878439711235,0.6275671038051598,89.02706857246068,89.03641879010938,234.0,118.0,-1.6517279573856183,0.05545349227691335,1.3253003838594195,0.1,0.939999166898993,0.6053676858587609,0.9015293914147919,0.00013194409903329244,-0.3762449871848067,31,0
N554,0.04771114064006928,0.04787852275474329,0.175,0.109,-0.4082261708219588,0.4430475028984441,2.2765948848996485,0.6875,-0.4177142052850573,3.3060617556365206,1.4023309088639957,0.7564196168806901,0.05272012675161055,0.052956697071342,0.16,0.088,-1.2448256897623247,0.5049485655900691,1.6617350565018905,0.75,-0.2890370659461795,2.516488870519741,1.6892465419076463,0.48974807534389964,86.65534483762289,86.69758121329161,230.0,116.0,-1.591665315466388,-0.03283006888369941,1.337984271033112,0.125,0.9216978690902679,0.5168992824804133,0.9539710323971351,0.00015020881805038149,0.0751857975043581,17,0
N556,0.03384846229889919,0.033848485933642584,0.15300000000000002,0.083,-0.4909106712800768,0.22752302406065655,2.452103770984477,0.6326530612244898,-0.34924322216377773,3.1562089310085146,1.8222180249888387,0.7706788231172098,0.04577726946859107,0.04577728694450994,0.185,0.094,-0.7036852214669431,0.21291037656639006,2.0534200751989604,0.6938775510204082,-0.37318414820427825,3.0586715455683975,1.7183005593182694,0.7170118225597324,85.96002791995824,85.96185200424662,234.0,118.0,-1.5814081297131588,-0.0005287218007814269,1.3727019282247508,0.12244897959183673,0.9279370959802545,0.5986591445135134,0.9217268395002616,0.00017161114997176613,-0.21043153694057865,50,0
N557,0.03657647331277306,0.03657649518474945,0.156,0.079,-0.644356168138311,-0.07310221447746955,2.1598570229588043,0.7142857142857143,-0.3801040464064997,3.2608015714483405,1.6450543697910494,0.8231013368557848,0.0395211133446415,0.03952113358698103,0.16599999999999998,0.09,-0.5958590304193452,0.25786701764098513,2.2772626144926065,0.6122448979591837,-0.22227473271325304,2.404600124219562,2.3243030136017055,0.34792665138161355,86.09878047916823,86.10087107573302,234.0,118.0,-1.5858037551474615,0.0006375931600818259,1.3704855540451963,0.12244897959183673,0.9242700731098744,0.5971653253789037,0.9339329280103852,0.0001810188080612776,-0.40824909491879013,50,0
N558,0.02924898647605663,0.029249121544263703,0.113,0.057,-0.9595050148008681,-0.0036678574335339675,1.9487764756879942,0.6363636363636364,-0.25698096602300535,3.0011298449952544,1.897078584991746,0.6936913859148104,0.04432386977801877,0.04432656589951949,0.187,0.099,-0.6713686824824165,0.010015636214767374,2.2334236363903206,0.6136363636363636,-0.25696064552642645,2.8928145225735356,2.08320684146107,0.6089989626762178,83.15656511056511,83.97407007192425,232.0,116.0,-1.487426358642012,-0.19421727537412015,1.3813787982486185,0.13636363636363635,0.9205040182550652,0.598542379480949,0.9260860130328942,0.00017960556857511562,-0.33522796684728345,45,0
N559,0.04390496048916974,0.043908617225627444,0.154,0.079,-1.1203209003680874,0.04503891110418465,1.7991912520053428,0.7241379310344828,-0.49391767503046274,3.26308187910639,1.451207941278082,0.8401981454629328,0.053205356873157056,0.05337883475685845,0.223,0.127,-0.5925264544519617,-0.05281874502422386,2.3792201642933435,0.6896551724137931,-0.4087915713934374,3.3090939229367318,1.6537804364724407,0.7883835313171873,84.55425608579513,85.06781608418858,230.0,116.0,-1.521489618820787,-0.19843959041166723,1.3636179384833267,0.13793103448275862,0.9256361810934004,0.5887534105550756,0.9587250052180807,0.00010804603300406438,-0.15632417317244918,30,0
N560,0.03935434592184563,0.03936335458533134,0.128,0.066,-1.1830631241976712,0.08887267810068339,1.6766863671876873,0.5555555555555556,-0.2906271469109401,2.673293995216094,1.6939795067270704,0.5830609736524557,0.033909117576953335,0.03391320190070373,0.127,0.065,-0.6715872274068149,0.18469621852853033,1.916657713132395,0.4444444444444444,-0.07487742620794408,2.900268685835144,1.6312479006040368,0.7107830443938572,85.8255655433218,86.78103115555295,230.0,116.0,-1.5702703741184743,-0.22993998427034545,1.3366976452731096,0.1111111111111111,0.932960437881786,0.5136367504697108,0.9880301844971665,0.00016372541346027132,-0.2493959019554894,19,0
N562,0.0613450861927832,0.06134508945302795,0.235,0.126,-1.0030393650094505,0.10152160475108875,2.05395413265276,0.5918367346938775,-0.1802008133109368,3.0038587641493835,1.6827566688461844,0.7446211778886138,0.04459304430065299,0.04459304878565717,0.192,0.108,-0.18065326393361003,-0.33751700871302714,2.421902133651309,0.6530612244897959,-0.20305320737085736,2.929064937754989,2.01177145786753,0.6111333023712591,87.5234825632527,87.52919512939668,248.0,126.0,-1.5162693130326106,0.0007739148170129051,1.4395196918437434,0.12244897959183673,0.9241573417291482,0.6017221905368323,0.9350598659030478,0.0010764494006236531,0.6615309688493908,50,0
N563,0.06032808964321679,0.06032810290403636,0.264,0.134,-0.5339537318159522,0.0746897881963927,2.2211870347249802,0.4897959183673469,0.045104462573562154,2.4363895002332963,2.154009611233194,0.4961569097819087,0.05087140257551388,0.050871406506995655,0.222,0.127,-0.09817806630505777,-0.5115449437497986,2.4964908328716136,0.42857142857142855,0.029170501515099697,2.5987608699704388,2.0727277770183274,0.4489685011342907,82.48877741850706,82.48878711679545,226.0,114.0,-1.5536569889266063,0.01327473189628732,1.382006015418653,0.14285714285714285,0.929529837447811,0.5963411076912991,0.9288173347752667,0.0008473109076642773,0.22029534371247378,50,0
N564,0.06381576578565769,0.06381667636141967,0.30200000000000005,0.168,-0.3410723156525317,0.14693284893738126,2.632540733530966,0.3488372093023256,0.48248092701691964,1.8316966989216052,1.8225602415864066,0.16513374397419558,0.12539491336382297,0.1254189343397124,0.447,0.254,-1.152706751503475,0.24042663839257084,2.0252125513362293,0.37209302325581395,0.4012791356884444,1.790677590626148,1.1505868162127744,0.020000219427671193,131.86985664248328,133.61103656101577,406.0,206.0,-1.2864419908973073,-0.22238174948596517,1.5417888020494968,0.13953488372093023,0.9239451835320744,0.5938634389963748,0.9087302969775342,0.00019491148070942415,0.2837036929552461,44,0
N565,0.05921977897816086,0.05924919127436819,0.309,0.16,1.386820304599767,-0.2601307609322207,2.700458800510542,0.5172413793103449,0.008201525056943082,2.5595398460105687,1.9763733182682268,0.4365841808794378,0.14753163125995125,0.14754343993097987,0.466,0.259,-1.3375649323795216,0.2906017433684671,1.7554152195526889,0.3793103448275862,0.3449949741257882,1.8883328065022567,1.152793951080614,0.05318098991565986,145.3398163691637,146.85866221189224,454.0,228.0,-1.34052844079177,0.16777118807908378,1.5525131208878542,0.13793103448275862,0.915718704190997,0.5670595310525698,0.984912010801042,0.00033575433207014955,0.447763710828996,30,0
N566,0.07295341402075677,0.0733155281414972,0.229,0.116,-1.3410685092837185,0.14946087308240005,1.5822023374928544,0.7058823529411765,-0.32403670378727234,3.109634121588893,1.4886880118755548,0.7489212794622678,0.049829586134353836,0.04991325809174686,0.20900000000000002,0.11900000000000001,-0.08153558681974138,-0.19355003503556012,2.384136090280122,0.5294117647058824,-0.1518739558616958,2.7290153747407384,1.7601767230937306,0.5389379595527876,83.5254821766358,83.68857614858659,224.0,112.0,-1.5553156827192478,0.13833860815695243,1.3382949639523956,0.11764705882352941,0.9257982270846967,0.623442469408654,0.8293318470203543,0.0011654856127175294,0.7532068320078441,18,0
N568,0.06995279551240251,0.06995284125752148,0.352,0.212,0.5258181923109877,-0.6548431435388068,3.0306131414955972,0.46938775510204084,0.06275367343695948,2.453266030030032,2.0314823228920713,0.4431820898679352,0.14243762985952835,0.1424376354760216,0.461,0.273,-1.2592843665262223,0.4680105483274726,1.9166282779663084,0.3673469387755102,0.3238229594814687,1.9444677060042235,1.2693529837755935,0.08457766152441289,159.12591743647545,159.12737036726273,480.0,240.0,-1.4313932880438591,0.01071716883292313,1.5082257655995,0.12244897959183673,0.92747906216285,0.5976059436296897,0.9019691564773833,0.0005913949936353437,0.407478895244249,50,0
N569,0.04855450133612743,0.04855450545520982,0.21400000000000002,0.127,-0.1265770573959415,0.0583759646349675,2.6156172081116957,0.42857142857142855,0.36347091912735796,1.7190695074291447,1.8600654818721982,0.11924592467266017,0.04155498044759497,0.04155502376367989,0.18,0.095,-0.5566749569114413,-0.009855271730185704,2.2861255125314677,0.42857142857142855,0.1502518254802739,2.3013484008807104,2.091991785390683,0.1852735181752825,82.80893671579173,82.81111036569912,224.0,112.0,-1.5638821374472802,-0.0013105493288107313,1.3524755253902634,0.12244897959183673,0.9240153621869198,0.6053921627922499,0.9189316805453116,0.001038748475897599,0.18180333546404637,50,0
N570,0.1155245738768228,0.11557553610282129,0.495,0.3,-0.4173889500803898,0.48253172373046305,2.595705026478149,0.2558139534883721,0.616819141385616,1.394433084406346,1.7907807804135507,0.16744796721365107,0.12262991087545613,0.12279491401964053,0.537,0.337,-0.27568775279680446,0.5001697172314321,2.7444133390255745,0.37209302325581395,0.5438347436571886,1.5112307108426788,1.8060334148579436,0.059333518679580595,121.38024230961354,122.41249193533388,366.0,184.0,-1.3543012227883846,0.18783974140946091,1.503114568545836,0.13953488372093023,0.924771282792918,0.6029164808047655,0.885140756646961,0.0002266738011455802,0.030716746310659,44,0
N571,0.050895161462731014,0.05142076660353517,0.231,0.136,0.14226819774735988,-0.21228094481827234,2.644845827534785,0.4878048780487805,0.17935700249579384,2.6285396366529623,1.8762016817267742,0.5039954509546729,0.0522891240539662,0.052346601290500866,0.21000000000000002,0.125,-0.8553422715880981,-0.17372415830430946,2.387929625197716,0.4878048780487805,0.003146631278058683,2.382325684861608,2.200218686740815,0.31051632542629237,80.9078869319948,81.6846433081577,222.0,112.0,-1.5161220342700272,-0.17350572481810303,1.3711267560718448,0.12195121951219512,0.9254452179801187,0.6010399432710022,0.9293353105078423,0.001151877398494452,0.08737048426458384,42,0
N572,0.06649117735960663,0.06665708264443222,0.295,0.187,0.37361107118472825,0.5909238123355534,2.8054033057148784,0.41379310344827586,0.2810427326613556,2.0602725183802155,1.8545050184624137,0.1648910601137212,0.17197837073306632,0.17220336814359935,0.587,0.312,-1.2842031258633713,0.006044880195077587,1.8118112517974974,0.3448275862068966,0.3921542140578206,1.9065786727562957,1.2686412518286698,0.07454126281155332,152.36039146999096,154.13673583326374,482.0,242.0,-1.328120485763348,-0.1523483018204143,1.5700345455724565,0.13793103448275862,0.9140771435683964,0.5701429831713041,0.9840757020707784,0.0003476430776244538,0.43619070002234794,30,0
N573,0.08686557143080335,0.08708300637897155,0.323,0.167,-0.7710273407547068,-0.30235746435062516,1.9177105493262632,0.5789473684210527,-0.2099143582129583,2.8334745675057853,1.6218267773742476,0.562957067696191,0.09486267706532428,0.09598723873515688,0.296,0.177,-0.40907786656428646,1.0001941984235103,1.8439951219804271,0.3157894736842105,0.2040453150888938,2.2346967213389184,1.4958295158089887,0.23408299055282983,117.63889662862364,119.80901468587412,346.0,174.0,-1.4106294260748935,0.2761086500175031,1.4523114179363599,0.10526315789473684,0.932978603678808,0.4977587995031544,1.0128247334108433,0.000846353186377275,0.40202386301335374,20,0
N575,0.07410855821023642,0.07410856900521019,0.28300000000000003,0.16,-0.9495250645350937,-0.32828442936960844,2.1589945960061816,0.7142857142857143,-0.3528294391956923,3.0801933210349444,1.7663569583062155,0.7480453195216387,0.11070482554974738,0.11070483277617106,0.345,0.218,-1.1159892862299345,0.6273260432365647,1.9692003911045513,0.3673469387755102,0.3068803522513526,1.9894169934192267,1.2891374484478983,0.11760354532523414,121.81066619963951,121.8106727672087,364.0,184.0,-1.4433418097872497,-0.0051662413462568585,1.5105408731436922,0.12244897959183673,0.9289852848645562,0.5962799456236507,0.9098635671001081,0.0007342415648120563,0.39627891855893815,50,0
N576,0.09576010860478386,0.0957601169589929,0.474,0.263,0.10533335655581633,0.3226817136072705,2.7464461025316393,0.3877551020408163,0.294370599366238,2.0881777387713463,1.9283078278457655,0.25983693482475734,0.17593160602916125,0.175931634449294,0.591,0.307,-1.242884880982044,-0.04296032292484317,1.7449960091656045,0.3877551020408163,0.3496867148742041,1.8715577592859691,1.1647566556905655,0.05449569260208279,181.3466117687342,181.34982768119744,530.0,266.0,-1.4629139180181894,0.0046415374993861065,1.4667783443809645,0.10204081632653061,0.9317841781177271,0.5972358394222292,0.8845207592236731,9.055959486709365e-05,0.5411391761223305,50,0
N577,0.07027710369404455,0.07028673053852995,0.29800000000000004,0.158,-0.45274062058354847,-0.16407838269791988,2.2479349770492907,0.6875,-0.30685572336543226,3.0827944780299275,1.6670179088550683,0.7443332355826464,0.1006759867630006,0.10071367780971552,0.33699999999999997,0.192,-0.8256993500613112,0.6729780470276372,1.906394485590699,0.3541666666666667,0.198937554318077,2.1803012417527152,1.4635151334896013,0.21777141873909353,107.52153102279584,107.55425778344127,330.0,166.0,-1.4041296778173502,0.05093807891459876,1.5434070525988683,0.125,0.9260040175597648,0.5953640313109893,0.9178970265323978,0.0008710530155984238,0.23505145346924364,49,0
N578,0.05741506593149892,0.06250828516513401,0.216,0.149,-0.6285474870207195,-0.15701613232249456,2.3836840125492595,0.23529411764705882,0.4296758721907435,1.7923849948773831,2.006016693364413,0.14518148898814165,0.057007009952053,0.057542034325227975,0.236,0.123,-0.7348442671241542,0.23127197868532642,2.1375678048642346,0.4117647058823529,0.3245701477840487,1.9376231092628289,2.403892512676717,0.15665734681829452,82.15127907136458,82.26299289473974,222.0,112.0,-1.564865640496725,-0.09444518555978751,1.3614870558297154,0.11764705882352941,0.926924258631592,0.5964340048753322,0.9332438402274604,0.0009127527125407331,0.14137298869875578,35,0
N579,0.1037025337694508,0.10370259674390306,0.388,0.194,-0.8224972986589028,-0.09921428140770942,1.8707342544091672,0.6764705882352942,-0.3680798462846326,2.859390662210456,1.6501608712891673,0.646336904393204,0.09764234611633438,0.09776882354382126,0.305,0.191,-1.1016059263076075,0.6713375219524216,1.9535879954041926,0.35294117647058826,0.16649596384053353,2.1311304192202596,1.485055717145029,0.1905694251796111,104.49983497692271,104.50809948105868,316.0,158.0,-1.407589900573825,0.06500742510309414,1.5118445439593544,0.11764705882352941,0.9257939687085719,0.5983120759961492,0.9188506173298596,0.0010575254035360365,0.3296856711110431,35,0
N580,0.06255858365475427,0.06299669303489933,0.246,0.135,-0.4245344502357953,0.05285603339734924,2.142969630567938,0.7391304347826086,-0.42206018571834797,2.986713753018358,1.5495062730769285,0.7555220944345487,0.06926920110858954,0.07019021774198074,0.264,0.133,-0.5441478505909241,0.6848214249170738,1.8948509390426462,0.34782608695652173,0.040392835667309036,2.5228284572020185,1.7805554567873279,0.4291655364007861,91.24292209992693,93.68475507430936,272.0,138.0,-1.3176375287728315,-0.2973567213939805,1.4730251457725478,0.13043478260869565,0.928548471192981,0.5548534399063645,0.9743813636166654,0.000830844585778152,0.485587370561078,24,0
N582,0.060261085287273086,0.06026109856283737,0.274,0.14,-0.562960051426022,-0.05831154319757712,2.3232234947395582,0.7346938775510204,-0.43009703838483415,3.2362773522502244,1.5995836621165154,0.8424673425496862,0.05961476327219626,0.05961476327219626,0.253,0.136,-0.4204130278574816,0.4552471595641737,2.2813140996473447,0.5102040816326531,-0.03401502944928028,2.5515872457087516,1.8394701643435813,0.4029006963618944,92.52472966726248,92.53150814722518,266.0,136.0,-1.4868616452488226,-0.0025920589015770695,1.4697696246732832,0.10204081632653061,0.9300570071183689,0.6026954222814467,0.9173377252075787,0.0012176739114545653,0.5573744419206814,50,0
N583,0.07841900024866423,0.07841900279906651,0.324,0.163,-0.745224230641691,0.14489076826790476,2.0785778214708484,0.5510204081632653,-0.07745827840765276,2.8226711544656773,1.8969764749815594,0.6655428188530136,0.05416122598316992,0.05416124075388229,0.256,0.14,-0.062018285969304365,0.06096570654066899,2.584874313278445,0.6326530612244898,-0.07724975870350731,2.6073764860619995,2.1073791291551265,0.3195177147830521,82.13429003771812,82.1374457844898,222.0,112.0,-1.5582226797904442,0.00294717902559024,1.3635680891984738,0.12244897959183673,0.9235368201968387,0.6021357314522645,0.9249665471793309,0.0010545183377153934,0.2954417868825651,50,0
N584,0.07648395564526474,0.07657093513930797,0.334,0.168,-0.3754673401075763,-0.017606789742371662,2.194043989332926,0.5555555555555556,0.12791679350742524,2.7905657849898824,2.0607981258125516,0.614470136632571,0.18616244075064695,0.18617595571524936,0.6120000000000001,0.335,-1.3596879001507607,0.16906379895376145,1.7993730646527344,0.3611111111111111,0.36390692975334443,1.925594876352941,1.193693372589619,0.07791399017083228,162.8307837431383,162.85792182974308,494.0,250.0,-1.3586231471191457,0.05801737178994428,1.5350803767553787,0.1388888888888889,0.9218560463177766,0.5975033926377074,0.8916474860491967,8.399886321609034e-05,0.3259584310601188,37,0
N585,0.07550495612872046,0.07566769455983181,0.28700000000000003,0.16,-0.5821070958113488,-0.26158208679584516,2.114508720408881,0.7083333333333334,-0.4431487951209287,3.201453506829276,1.4424531955778628,0.8139432689969963,0.0935273222112127,0.09397872099576585,0.28,0.17500000000000002,-1.290243134823841,0.48024321765392297,1.8621236610347627,0.3333333333333333,0.3320592229234209,1.9859389116358612,1.3124484903141673,0.10884785943190181,100.44222219763957,104.38007472693245,304.0,152.0,-1.228387290727274,-0.4011901643388612,1.4562166236960983,0.125,0.9267872038731263,0.519501690869604,1.0310913900227192,0.0005445402532106141,0.166704797761999,25,0
N587,0.07600644446361113,0.07600644709496689,0.331,0.168,-0.6418786374891372,-0.1830393450673976,2.210338812312737,0.3673469387755102,0.3970327703695964,1.868969567227788,1.6186051446996366,0.10558194608709097,0.17293506411367246,0.17293507452220327,0.571,0.289,-1.3144638659487307,0.05133628497466937,1.6711473990945374,0.3673469387755102,0.39690888194589347,1.8366978623532688,1.0465731265093983,0.03282451676023996,181.31647029434475,181.31806308252908,526.0,264.0,-1.4563591119202193,-0.0005230870736144655,1.4560049644906985,0.12244897959183673,0.9302285392360052,0.592360416231639,0.9026104590154936,4.613632592702723e-05,0.5020167958849322,50,0
N588,0.07549556013435492,0.0754955627835173,0.28700000000000003,0.159,-0.8220728836056019,-0.14808721490702254,2.1060840417327675,0.6326530612244898,-0.34463684774222064,3.1145970278557207,1.6964520761876176,0.7448433893766909,0.10130083711401403,0.10130083908833135,0.368,0.233,-0.757399592802511,0.7299615038468453,2.300079664659351,0.3469387755102041,0.18239870490825957,2.208737320188675,1.5347675536472822,0.23247747082961898,115.44546071630535,115.44557159111821,346.0,174.0,-1.437692958920422,-0.010970160856671185,1.5072037636598845,0.12244897959183673,0.9316048908625993,0.6008563479443803,0.890555583903103,0.0005895242722815796,0.4016468898519411,50,0
N589,0.06384624476444595,0.06385232217875124,0.238,0.121,-0.9296591434090811,-0.09207577340035597,1.894997642548799,0.6829268292682927,-0.3134510915667613,3.1958139737917532,1.575554191944433,0.8205048002865486,0.03997011355155578,0.0399851162785545,0.178,0.106,-0.47916649677856515,-0.2783118490957034,2.6509864135833894,0.5609756097560976,-0.10622239529029742,2.535432571279316,2.3614986073096222,0.3971249773151537,82.38839768172676,83.609637175217,226.0,114.0,-1.4148478183300972,0.30068890000764226,1.3634791855524413,0.14634146341463414,0.9257378807284943,0.6082658090188015,0.9018301911142048,0.0009663836072238181,0.34775130615327765,42,0
N590,0.07118764873029534,0.07119787869757416,0.33499999999999996,0.214,0.954007461671067,0.880896988186493,3.005707528295943,0.5357142857142857,0.264330818924468,2.0181238918767344,1.806707032711578,0.20874228097150901,0.18845578115476846,0.1887725323385721,0.575,0.308,-1.3898374149500228,-0.04679058006501016,1.6315933053628162,0.35714285714285715,0.41378560085168664,1.843948369148717,1.1350135944372497,0.040508264499899,180.1439244923628,180.14974614048936,502.0,252.0,-1.5436429212611291,0.021462707869420956,1.3988362759250208,0.10714285714285714,0.9433583056344181,0.5992682227880047,0.8687983343404878,5.805253634017871e-05,0.4826441150805029,29,0
N591,0.1034788700325331,0.10365916371562248,0.371,0.189,-0.9714251091494459,0.035453791497995726,1.823283086852801,0.7058823529411765,-0.4483676856640555,3.1970915966880553,1.3715035364213723,0.7925528063772364,0.08834213792598261,0.08835219924320566,0.268,0.151,-1.1391119374205974,0.45087237223745097,1.709068945577062,0.35294117647058826,0.2627731223610523,2.0792357496800697,1.3169906462298118,0.14388103136571498,99.53447197383986,99.64381008817803,298.0,150.0,-1.3770121199440242,-0.11233068582276307,1.5053619473930206,0.11764705882352941,0.9262754449881818,0.6736397790047369,0.6383848028066653,0.0008685772342835526,0.07839464541421462,18,0
N593,0.093069111954504,0.09306911410344465,0.399,0.217,-0.7443197943977866,-0.13455406422460545,2.3316005754477085,0.6530612244897959,-0.4181607798493951,3.2344621967922635,1.5265531922895408,0.8393825406132475,0.0978323893196931,0.09783240771850604,0.33699999999999997,0.214,-0.7720205215500391,0.7891503986387169,2.1874142218368364,0.3673469387755102,0.11186291275622419,2.3487962295600435,1.6275954456236137,0.3166872828766512,112.30244877116438,112.30316113093166,332.0,166.0,-1.449342734162966,-6.01889157771293e-05,1.4781418290306578,0.12244897959183673,0.9283490309882177,0.5882535247736962,0.9223216718115237,0.00017325116341818564,0.3627367634200621,50,0
N594,0.07466617579053694,0.07475757922895787,0.345,0.18,-0.15057587054182164,-0.10933922729336609,2.407782620257395,0.4666666666666667,0.25858248406246037,1.69382202267728,2.1428869550738225,0.25751185254174047,0.05632861655924332,0.05640844833425452,0.242,0.13,-0.43227799152194946,0.06039418968619798,2.3046193227948866,0.5333333333333333,0.15456592772210848,2.3805077482942236,2.1558433658939444,0.4862064389541691,81.50708274047112,82.02173624955341,230.0,116.0,-1.5066077007596028,-0.1468976888553622,1.4142592598511543,0.13333333333333333,0.9216431811736935,0.5948174902023764,0.9328042784538981,0.00015325535590957892,-0.08562623173352298,46,0
N595,0.09295531513713942,0.09298555955477328,0.372,0.19,-0.7224774600172159,0.3309965680166646,2.0433280275963734,0.4117647058823529,0.40648582649424164,1.8777650000858201,1.709364928719156,0.13212737337521974,0.19034118882487128,0.19083051567892834,0.583,0.306,-1.3679945391800146,0.13240830912186094,1.603517125714023,0.35294117647058826,0.40303202898716056,1.878047548372052,1.1337828555090457,0.057821593608828985,180.9260532225635,181.25152216109603,520.0,260.0,-1.48138443809561,0.08293156249924674,1.4344707117489057,0.11764705882352941,0.9307434005426239,0.5966322536440865,0.8898337335027249,0.00017055677590281065,0.5133836800964285,35,0
N596,0.06803541858339804,0.06804276729982536,0.21300000000000002,0.11800000000000001,-1.3421572376211044,0.15430843013859402,1.7342034235621522,0.8095238095238095,-0.4637737836738715,3.445870338177238,1.1939371488696269,0.9040841860962667,0.09126484935216145,0.09127032774824864,0.254,0.159,-1.2569288900202218,0.6695759825066948,1.7420776710539534,0.3333333333333333,0.246864524574038,2.1592270392654154,1.3467552551889277,0.1687882091167558,99.13931261505259,99.39910370914728,298.0,150.0,-1.325204024850817,0.08752805890212205,1.5090679332372705,0.14285714285714285,0.9161802074404372,0.6029511982072656,0.8321428818193132,0.00018118400581863012,0.10534150305504958,22,0
N598,0.07114969009068135,0.07114970133458044,0.307,0.189,-0.29925287871494977,-0.4898883312713309,2.6563709538460354,0.5510204081632653,-0.016083767193593806,2.4327925072535845,2.0521615678109253,0.4635982999242177,0.13305877798927812,0.13305878400165846,0.439,0.256,-1.1865193710603548,0.4960904727016319,1.923961667925728,0.3469387755102041,0.3399415205142884,1.9856555777079867,1.3237405051660958,0.11530637486588317,148.3898918390333,148.39110485470482,430.0,216.0,-1.4429852243099965,0.0014724300725268435,1.4556128563871367,0.12244897959183673,0.9309898008477129,0.5965694474042091,0.8934649829215231,5.45775606382958e-05,0.3425446805589845,50,0
N599,0.06717900027919733,0.0672280717882317,0.26,0.15,-0.712943496819423,-0.22211738567260436,2.2312108024234236,0.4883720930232558,0.21204500129111342,2.108841480240093,2.1022870591630145,0.3964110094881452,0.0440954250264635,0.04426238912337529,0.181,0.094,-0.27403120516981305,0.5151645499635656,2.123699191609111,0.4418604651162791,0.0797812637520791,1.896014630931282,2.3255362735813145,0.25597492361560203,84.4855481797903,84.48829935128725,228.0,114.0,-1.5902536934975895,0.007912289359265674,1.3492992624458964,0.11627906976744186,0.933060769512936,0.5959734255426964,0.9211282890967755,0.0003159359289990375,0.35378825981908274,44,0
O2,0.3910165745847611,0.3913150137676805,2.0220000000000002,1.014,1.1163205982828046,0.032472977974805965,2.5912627022330423,0.20408163265306123,0.6712522160088917,1.2421952574621768,1.389929149117837,0.02596533767133487,0.2529992221331916,0.2530226076855584,1.01,0.635,-0.4542933008370449,-0.520839568444071,2.5096571638734377,0.14285714285714285,0.5662701939434116,1.4015618689815414,2.3376517243686985,0.0877584501427269,88.828292790079,99.1818531788956,370.0,186.0,0.19330478061135592,-0.797993339484855,1.8753430596271417,0.20408163265306123,0.377253801214871,1.5923026405334189,2.4100486891510786,0.22779234064064927,-0.4358958776917513,50,1
O3,0.5112998843652559,0.5151926101293718,2.092,1.185,-0.21458853029367253,-0.028847951090083434,2.3001106318322977,0.17391304347826086,0.7269664796492262,1.1467047532896817,1.4847306443379273,0.024203735785727078,0.28053916272033746,0.29045203214769116,1.073,0.67,-0.44419395889330016,-0.14848677847619662,2.306749224805952,0.15217391304347827,0.6640021201412576,1.295783731393696,1.6935020968690753,0.011006010009830244,101.69299344719721,102.12299634743745,332.0,166.0,-1.3626874949178325,0.10805489973716723,1.625490887823577,0.13043478260869565,0.5824765610610485,1.9414734662142177,2.0028314698112597,0.2837729068641712,-0.3565360070068204,47,1
O4,0.02864545190204226,0.04582962839375504,0.121,0.113,0.4118648389531425,0.7851235882539678,2.4656538566958557,0.2,0.05870871763371527,2.453024648111981,2.3739281564975636,0.29764752697186764,0.06430018699713715,0.10206054496576862,0.335,0.192,8.761292121866102,2.8615576970087426,1.8812362805273803,0.03333333333333333,0.6302257252359178,1.3813238828595549,2.252161274697965,0.2001563857949821,66.44403339172813,98.9734405559586,352.0,258.0,1.1954967027291978,0.3351064848020065,2.6067599403511625,0.2,-0.2412525943808702,3.455036701427559,2.1809789739737075,0.6945136996439197,0.18291330785696344,31,1
O5,0.6885173393192141,0.6993104937484255,2.321,1.215,-0.8033630743958411,0.40091430583915194,1.7374256655114517,0.35294117647058826,0.7154957837466092,1.044036909207607,1.1485317933078443,0.00120708581473734,0.29399586899760055,0.2979514315380203,1.0070000000000001,0.645,-0.7835635846830145,-0.48337877162677145,2.1647823494940797,0.23529411764705882,0.7088550559526711,1.1806280836836993,1.172589040753157,0.0020400577103162386,95.55426355715697,153.57083056361972,346.0,260.0,-0.39424551046091016,0.6984354137243473,1.6930298484795256,0.11764705882352941,0.43996709246874366,1.7074943732297316,1.9871637638306037,0.16332810286629568,-0.34803375533270353,18,1
O7,0.5566886756527386,0.5596730116773544,2.701,1.553,1.6108113197903196,0.8194490480262654,2.77483453301709,0.24489795918367346,0.766588857887533,1.1190110059033986,1.9552997744793224,0.046210859826365594,0.25066477135808296,0.2548181704667075,1.185,0.7000000000000001,0.9331137307147195,-0.8120113650701155,2.7470568473116654,0.20408163265306123,0.5036364594379401,1.6941229747364583,2.488799003493696,0.13466161576742097,129.74991329476873,149.56737612193376,536.0,400.0,-0.6935993131854827,-0.629348413547025,2.674380004325962,0.2857142857142857,0.6950438378078145,1.1800983042961763,2.0861702902551107,0.15007488478588196,-0.5894709002500825,50,1
O8,0.334450271901519,0.337414248365418,1.69,0.983,1.5200198552586546,0.4294205429397132,2.913332809038389,0.1282051282051282,0.7343197610284736,1.1636517413658929,1.8179331848342488,0.024756744001694198,0.2277779346205422,0.2301919850907064,0.923,0.501,-0.8311898983195163,-0.11908142485634278,2.176444152921235,0.07692307692307693,0.7620004248696867,0.8653225733921188,1.9051839128931025,0.07273757799599777,132.96720460324042,155.8784783092265,460.0,350.0,-0.784003727444313,-0.6917573008623822,2.2453388293006156,0.48717948717948717,0.6881004744570127,1.0001217799382642,1.9293601711901645,0.14071261195341075,-0.63073636644798,40,1
O9,0.32223097306125,0.3313497246113236,1.468,0.745,1.1607440348202331,-0.1948257145702662,2.2483797168502013,0.125,0.7954972155355468,1.221063665164159,2.138705627178996,0.06543276419822652,0.24571940419918,0.26029483283384636,1.19,0.751,1.2135594021222689,0.06305714747885642,2.885189812735871,0.041666666666666664,0.6897559527329544,1.5913889756686599,2.3266557018108576,0.1202942327568848,90.98451736421973,94.69276635519738,306.0,186.0,-1.0100621671985572,-0.16363419451958452,1.964247187607811,0.4166666666666667,0.46695719003393704,2.2149176377501063,2.31808158852382,0.3841098355834249,-0.6437692887464407,25,1
O12,0.3488322232821962,0.3560644323714459,2.001,1.006,3.3335435104135307,-0.052417031407489746,2.825331340453972,0.08163265306122448,0.7557305495317597,0.9388049202774412,2.064574848316161,0.06821085441040203,0.20295848738104058,0.21256495477853354,1.108,0.7010000000000001,1.1159125696925702,-0.2934204845854054,3.297815487648731,0.12244897959183673,0.7174729986473789,0.8864375585520882,1.8411984277970752,0.05435443464663972,62.73659219307342,63.49740152163709,276.0,152.0,-0.3670412845229998,0.2921902775791627,2.393798743846316,0.4897959183673469,0.18089542127439157,2.5985633677685316,2.700013616238675,0.4774452499036569,-0.08780456476043554,50,1
O13,0.45690352179786553,0.46628652033660495,2.5010000000000003,1.37,2.4036018272368596,-0.2549883221583366,2.9381076660998446,0.21951219512195122,0.6935348677472396,1.345106783578925,1.9165747869637568,0.03428703154824764,0.21420526664511172,0.21450613266846463,1.09,0.679,0.8142885385650445,-0.5674474686981938,3.165410664735845,0.12195121951219512,0.7255068905004223,1.1263374973906162,2.0537471194452417,0.1021057428834272,72.84059880634645,72.86190460629713,346.0,188.0,-0.10874640457081908,-0.25620552739735797,2.580223520313412,0.3170731707317073,0.3799938309439596,1.59606618822309,2.014697360180964,0.2056022190506063,-0.2700362947672719,42,1
O14,0.8348271199194844,0.8384663933975786,2.948,1.732,-0.8516125423537195,0.29725970508743477,2.0656761125293324,0.2222222222222222,0.7296200193720838,1.1346625023755472,1.5426433094337741,0.015384808025593017,0.3157174046387635,0.3159139801546346,1.022,0.601,-0.8762082400469118,-0.5638062571305089,1.902416599942239,0.3333333333333333,0.5446700145586686,1.396570032364484,1.7827205055175113,0.042944667138297254,56.80597122967741,112.65624071230395,300.0,184.0,4.724648456325175,-1.807239914181175,1.63328723590103,0.07407407407407407,0.17445052863390745,2.0380337343619574,2.2139970491817684,0.14264575126849355,-0.49292779714657825,28,1
O16,0.3473944553385963,0.3474494207794856,1.858,1.1400000000000001,2.122712505256324,1.1075523258064044,3.2810531024701852,0.20408163265306123,0.7885132623543221,0.9599100731528067,1.7238009955844082,0.008301564718652163,0.22665458212884204,0.23033657981310746,1.078,0.653,1.8842275427343917,-1.2577351602513938,2.8349817494461234,0.16326530612244897,0.7213990515514772,1.1368514886235963,1.8043863713565997,0.013165337657698433,125.51478000618093,199.757653170035,428.0,386.0,-1.12962471271318,0.43488275029113854,1.9323414841654867,0.12244897959183673,0.7713208723530606,1.7569114652316542,2.1966488199272907,0.2853326707741264,-0.6805317970514033,50,1
O17,0.21858168633259284,0.2215394321559934,1.282,0.671,3.0314678101156742,-0.5418561825485363,3.0288061744580363,0.40816326530612246,0.5676647439324094,2.2915469021169037,2.46594094119333,0.25383033584585846,0.19417154168415104,0.19476401104926958,1.1640000000000001,0.668,2.275945215086818,-0.6211429148271854,3.4297917587608917,0.12244897959183673,0.668956430353998,1.104831698015837,2.1036584770599918,0.1209136971600991,110.28647061176633,256.7711821836711,508.0,538.0,0.08583822925510365,0.6582983835445533,2.095250703076029,0.0,0.5770690238026565,2.064573494575075,2.6425591225555998,0.21782049210278973,-0.2562809879534603,50,1
O18,0.3711457849320662,0.3732388645358358,1.6600000000000001,0.901,0.46247783167003265,0.4352420143349383,2.4140037000715187,0.17142857142857143,0.6918325816092238,1.3513857572013772,1.6676956841096557,0.00820612885800995,0.2637266913812737,0.2651364952455831,1.129,0.677,1.0938215561453433,-1.2003720147006895,2.5534017841373657,0.14285714285714285,0.6868806053335309,1.3923081174007452,2.125375205060486,0.01676519773001293,117.96280016268783,296.7838719786954,394.0,474.0,-1.258351715232957,0.3172924384463883,1.597121827543331,0.0,0.8209509923716493,0.8000414544489195,1.6431255165042897,0.053880421761608475,-0.15325835545207359,36,1
O19,0.6656562081885814,0.6657880668801447,3.306,1.803,2.0012652748879054,0.27568042080069727,2.708068963219457,0.17391304347826086,0.6116807026880093,1.3727328239901835,1.6752679042677603,0.01739475692000447,0.20610973344852548,0.2156208091380174,0.883,0.509,0.6973168935401839,-0.9503296910339745,2.360625590984554,0.17391304347826086,0.6455455943464369,1.2861726726779175,1.9945903159459197,0.04086626946653687,88.11131690462166,241.87014422343793,308.0,386.0,-0.9695606202549847,0.19733832928636671,1.5958976716176094,0.0,0.7364882026548457,0.8116788141836141,1.5070640720709039,0.05795207124041864,-0.01216457683691034,24,1
