window,quantile,threshold_kw,cost_ratio_FN_FP,expected_normalized_cost,precision,recall,alerts_per_day,alert_frequency,false_alarms,false_alarms_per_day,missed_peaks,tp,tn,n
oof_all_2021,0.5,106.94555668782043,1,6.01641586867305,0.141544477028348,0.9904240766073872,48.0,0.5,8782,41.205865102639294,14,1448,10216,20460
oof_all_2021,0.5,106.94555668782043,2,3.0129958960328316,0.141544477028348,0.9904240766073872,48.0,0.5,8782,41.205865102639294,14,1448,10216,20460
oof_all_2021,0.5,106.94555668782043,5,1.2109439124487005,0.141544477028348,0.9904240766073872,48.0,0.5,8782,41.205865102639294,14,1448,10216,20460
oof_all_2021,0.5,106.94555668782043,10,0.6102599179206566,0.141544477028348,0.9904240766073872,48.0,0.5,8782,41.205865102639294,14,1448,10216,20460
oof_all_2021,0.5,106.94555668782043,20,0.30991792065663476,0.141544477028348,0.9904240766073872,48.0,0.5,8782,41.205865102639294,14,1448,10216,20460
oof_all_2021,0.5,106.94555668782043,50,0.12971272229822162,0.141544477028348,0.9904240766073872,48.0,0.5,8782,41.205865102639294,14,1448,10216,20460
oof_all_2021,0.5,106.94555668782043,100,0.06964432284541723,0.141544477028348,0.9904240766073872,48.0,0.5,8782,41.205865102639294,14,1448,10216,20460
oof_all_2021,0.51,107.51320401755898,1,5.876196990424076,0.14443890274314214,0.9904240766073872,47.038123167155426,0.489980449657869,8577,40.24398826979472,14,1448,10421,20460
oof_all_2021,0.51,107.51320401755898,2,2.9428864569083446,0.14443890274314214,0.9904240766073872,47.038123167155426,0.489980449657869,8577,40.24398826979472,14,1448,10421,20460
oof_all_2021,0.51,107.51320401755898,5,1.1829001367989056,0.14443890274314214,0.9904240766073872,47.038123167155426,0.489980449657869,8577,40.24398826979472,14,1448,10421,20460
oof_all_2021,0.51,107.51320401755898,10,0.5962380300957593,0.14443890274314214,0.9904240766073872,47.038123167155426,0.489980449657869,8577,40.24398826979472,14,1448,10421,20460
oof_all_2021,0.51,107.51320401755898,20,0.30290697674418604,0.14443890274314214,0.9904240766073872,47.038123167155426,0.489980449657869,8577,40.24398826979472,14,1448,10421,20460
oof_all_2021,0.51,107.51320401755898,50,0.12690834473324214,0.14443890274314214,0.9904240766073872,47.038123167155426,0.489980449657869,8577,40.24398826979472,14,1448,10421,20460
oof_all_2021,0.51,107.51320401755898,100,0.06824213406292749,0.14443890274314214,0.9904240766073872,47.038123167155426,0.489980449657869,8577,40.24398826979472,14,1448,10421,20460
oof_all_2021,0.52,108.19920889117637,1,5.736662106703147,0.14743916098157012,0.9904240766073872,46.080938416422285,0.48000977517106547,8373,39.286803519061586,14,1448,10625,20460
oof_all_2021,0.52,108.19920889117637,2,2.87311901504788,0.14743916098157012,0.9904240766073872,46.080938416422285,0.48000977517106547,8373,39.286803519061586,14,1448,10625,20460
oof_all_2021,0.52,108.19920889117637,5,1.1549931600547196,0.14743916098157012,0.9904240766073872,46.080938416422285,0.48000977517106547,8373,39.286803519061586,14,1448,10625,20460
oof_all_2021,0.52,108.19920889117637,10,0.5822845417236662,0.14743916098157012,0.9904240766073872,46.080938416422285,0.48000977517106547,8373,39.286803519061586,14,1448,10625,20460
oof_all_2021,0.52,108.19920889117637,20,0.29593023255813955,0.14743916098157012,0.9904240766073872,46.080938416422285,0.48000977517106547,8373,39.286803519061586,14,1448,10625,20460
oof_all_2021,0.52,108.19920889117637,50,0.12411764705882353,0.14743916098157012,0.9904240766073872,46.080938416422285,0.48000977517106547,8373,39.286803519061586,14,1448,10625,20460
oof_all_2021,0.52,108.19920889117637,100,0.0668467852257182,0.14743916098157012,0.9904240766073872,46.080938416422285,0.48000977517106547,8373,39.286803519061586,14,1448,10625,20460
oof_all_2021,0.53,108.83076821724771,1,5.596443228454173,0.15058236272878536,0.9904240766073872,45.11906158357771,0.4699902248289345,8168,38.32492668621701,14,1448,10830,20460
oof_all_2021,0.53,108.83076821724771,2,2.8030095759233924,0.15058236272878536,0.9904240766073872,45.11906158357771,0.4699902248289345,8168,38.32492668621701,14,1448,10830,20460
oof_all_2021,0.53,108.83076821724771,5,1.1269493844049248,0.15058236272878536,0.9904240766073872,45.11906158357771,0.4699902248289345,8168,38.32492668621701,14,1448,10830,20460
oof_all_2021,0.53,108.83076821724771,10,0.5682626538987688,0.15058236272878536,0.9904240766073872,45.11906158357771,0.4699902248289345,8168,38.32492668621701,14,1448,10830,20460
oof_all_2021,0.53,108.83076821724771,20,0.28891928864569083,0.15058236272878536,0.9904240766073872,45.11906158357771,0.4699902248289345,8168,38.32492668621701,14,1448,10830,20460
oof_all_2021,0.53,108.83076821724771,50,0.12131326949384405,0.15058236272878536,0.9904240766073872,45.11906158357771,0.4699902248289345,8168,38.32492668621701,14,1448,10830,20460
oof_all_2021,0.53,108.83076821724771,100,0.06544459644322845,0.15058236272878536,0.9904240766073872,45.11906158357771,0.4699902248289345,8168,38.32492668621701,14,1448,10830,20460
oof_all_2021,0.54,109.5291034749801,1,5.456908344733242,0.15384615384615385,0.9904240766073872,44.16187683284458,0.460019550342131,7964,37.36774193548387,14,1448,11034,20460
oof_all_2021,0.54,109.5291034749801,2,2.7332421340629276,0.15384615384615385,0.9904240766073872,44.16187683284458,0.460019550342131,7964,37.36774193548387,14,1448,11034,20460
oof_all_2021,0.54,109.5291034749801,5,1.0990424076607388,0.15384615384615385,0.9904240766073872,44.16187683284458,0.460019550342131,7964,37.36774193548387,14,1448,11034,20460
oof_all_2021,0.54,109.5291034749801,10,0.5543091655266758,0.15384615384615385,0.9904240766073872,44.16187683284458,0.460019550342131,7964,37.36774193548387,14,1448,11034,20460
oof_all_2021,0.54,109.5291034749801,20,0.28194254445964434,0.15384615384615385,0.9904240766073872,44.16187683284458,0.460019550342131,7964,37.36774193548387,14,1448,11034,20460
oof_all_2021,0.54,109.5291034749801,50,0.11852257181942545,0.15384615384615385,0.9904240766073872,44.16187683284458,0.460019550342131,7964,37.36774193548387,14,1448,11034,20460
oof_all_2021,0.54,109.5291034749801,100,0.06404924760601916,0.15384615384615385,0.9904240766073872,44.16187683284458,0.460019550342131,7964,37.36774193548387,14,1448,11034,20460
oof_all_2021,0.55,110.25667976861732,1,5.318057455540355,0.15716302813077007,0.9897400820793434,43.2,0.45,7760,36.410557184750736,15,1447,11238,20460
oof_all_2021,0.55,110.25667976861732,2,2.6641586867305063,0.15716302813077007,0.9897400820793434,43.2,0.45,7760,36.410557184750736,15,1447,11238,20460
oof_all_2021,0.55,110.25667976861732,5,1.0718194254445965,0.15716302813077007,0.9897400820793434,43.2,0.45,7760,36.410557184750736,15,1447,11238,20460
oof_all_2021,0.55,110.25667976861732,10,0.5410396716826266,0.15716302813077007,0.9897400820793434,43.2,0.45,7760,36.410557184750736,15,1447,11238,20460
oof_all_2021,0.55,110.25667976861732,20,0.2756497948016416,0.15716302813077007,0.9897400820793434,43.2,0.45,7760,36.410557184750736,15,1447,11238,20460
oof_all_2021,0.55,110.25667976861732,50,0.11641586867305062,0.15716302813077007,0.9897400820793434,43.2,0.45,7760,36.410557184750736,15,1447,11238,20460
oof_all_2021,0.55,110.25667976861732,100,0.06333789329685363,0.15716302813077007,0.9897400820793434,43.2,0.45,7760,36.410557184750736,15,1447,11238,20460
oof_all_2021,0.56,110.96370948544882,1,5.177838577291381,0.16074205732059543,0.9897400820793434,42.23812316715543,0.43998044965786903,7555,35.448680351906155,15,1447,11443,20460
oof_all_2021,0.56,110.96370948544882,2,2.5940492476060193,0.16074205732059543,0.9897400820793434,42.23812316715543,0.43998044965786903,7555,35.448680351906155,15,1447,11443,20460
oof_all_2021,0.56,110.96370948544882,5,1.0437756497948016,0.16074205732059543,0.9897400820793434,42.23812316715543,0.43998044965786903,7555,35.448680351906155,15,1447,11443,20460
oof_all_2021,0.56,110.96370948544882,10,0.5270177838577291,0.16074205732059543,0.9897400820793434,42.23812316715543,0.43998044965786903,7555,35.448680351906155,15,1447,11443,20460
oof_all_2021,0.56,110.96370948544882,20,0.26863885088919287,0.16074205732059543,0.9897400820793434,42.23812316715543,0.43998044965786903,7555,35.448680351906155,15,1447,11443,20460
oof_all_2021,0.56,110.96370948544882,50,0.11361149110807113,0.16074205732059543,0.9897400820793434,42.23812316715543,0.43998044965786903,7555,35.448680351906155,15,1447,11443,20460
oof_all_2021,0.56,110.96370948544882,100,0.061935704514363886,0.16074205732059543,0.9897400820793434,42.23812316715543,0.43998044965786903,7555,35.448680351906155,15,1447,11443,20460
oof_all_2021,0.57,111.71217383243562,1,5.039671682626539,0.16435553534894295,0.9890560875512996,41.28093841642229,0.4300097751710655,7352,34.49618768328446,16,1446,11646,20460
oof_all_2021,0.57,111.71217383243562,2,2.5253077975376197,0.16435553534894295,0.9890560875512996,41.28093841642229,0.4300097751710655,7352,34.49618768328446,16,1446,11646,20460
oof_all_2021,0.57,111.71217383243562,5,1.016689466484268,0.16435553534894295,0.9890560875512996,41.28093841642229,0.4300097751710655,7352,34.49618768328446,16,1446,11646,20460
oof_all_2021,0.57,111.71217383243562,10,0.5138166894664843,0.16435553534894295,0.9890560875512996,41.28093841642229,0.4300097751710655,7352,34.49618768328446,16,1446,11646,20460
oof_all_2021,0.57,111.71217383243562,20,0.26238030095759235,0.16435553534894295,0.9890560875512996,41.28093841642229,0.4300097751710655,7352,34.49618768328446,16,1446,11646,20460
oof_all_2021,0.57,111.71217383243562,50,0.11151846785225718,0.16435553534894295,0.9890560875512996,41.28093841642229,0.4300097751710655,7352,34.49618768328446,16,1446,11646,20460
oof_all_2021,0.57,111.71217383243562,100,0.061231190150478794,0.16435553534894295,0.9890560875512996,41.28093841642229,0.4300097751710655,7352,34.49618768328446,16,1446,11646,20460
oof_all_2021,0.58,112.55786736299585,1,4.899452804377565,0.16827650413126963,0.9890560875512996,40.319061583577714,0.4199902248289345,7147,33.53431085043988,16,1446,11851,20460
oof_all_2021,0.58,112.55786736299585,2,2.4551983584131327,0.16827650413126963,0.9890560875512996,40.319061583577714,0.4199902248289345,7147,33.53431085043988,16,1446,11851,20460
oof_all_2021,0.58,112.55786736299585,5,0.9886456908344733,0.16827650413126963,0.9890560875512996,40.319061583577714,0.4199902248289345,7147,33.53431085043988,16,1446,11851,20460
oof_all_2021,0.58,112.55786736299585,10,0.49979480164158685,0.16827650413126963,0.9890560875512996,40.319061583577714,0.4199902248289345,7147,33.53431085043988,16,1446,11851,20460
oof_all_2021,0.58,112.55786736299585,20,0.25536935704514363,0.16827650413126963,0.9890560875512996,40.319061583577714,0.4199902248289345,7147,33.53431085043988,16,1446,11851,20460
oof_all_2021,0.58,112.55786736299585,50,0.1087140902872777,0.16827650413126963,0.9890560875512996,40.319061583577714,0.4199902248289345,7147,33.53431085043988,16,1446,11851,20460
oof_all_2021,0.58,112.55786736299585,100,0.059829001367989056,0.16827650413126963,0.9890560875512996,40.319061583577714,0.4199902248289345,7147,33.53431085043988,16,1446,11851,20460
oof_all_2021,0.59,113.43374893921829,1,4.759917920656635,0.17236857789963048,0.9890560875512996,39.36187683284457,0.410019550342131,6943,32.577126099706746,16,1446,12055,20460
oof_all_2021,0.59,113.43374893921829,2,2.3854309165526675,0.17236857789963048,0.9890560875512996,39.36187683284457,0.410019550342131,6943,32.577126099706746,16,1446,12055,20460
oof_all_2021,0.59,113.43374893921829,5,0.9607387140902873,0.17236857789963048,0.9890560875512996,39.36187683284457,0.410019550342131,6943,32.577126099706746,16,1446,12055,20460
oof_all_2021,0.59,113.43374893921829,10,0.48584131326949387,0.17236857789963048,0.9890560875512996,39.36187683284457,0.410019550342131,6943,32.577126099706746,16,1446,12055,20460
oof_all_2021,0.59,113.43374893921829,20,0.24839261285909714,0.17236857789963048,0.9890560875512996,39.36187683284457,0.410019550342131,6943,32.577126099706746,16,1446,12055,20460
oof_all_2021,0.59,113.43374893921829,50,0.1059233926128591,0.17236857789963048,0.9890560875512996,39.36187683284457,0.410019550342131,6943,32.577126099706746,16,1446,12055,20460
oof_all_2021,0.59,113.43374893921829,100,0.058433652530779756,0.17236857789963048,0.9890560875512996,39.36187683284457,0.410019550342131,6943,32.577126099706746,16,1446,12055,20460
oof_all_2021,0.6,114.2963423680901,1,4.621067031463748,0.176564027370479,0.9883720930232558,38.400000000000006,0.4,6739,31.619941348973608,17,1445,12259,20460
oof_all_2021,0.6,114.2963423680901,2,2.316347469220246,0.176564027370479,0.9883720930232558,38.400000000000006,0.4,6739,31.619941348973608,17,1445,12259,20460
oof_all_2021,0.6,114.2963423680901,5,0.933515731874145,0.176564027370479,0.9883720930232558,38.400000000000006,0.4,6739,31.619941348973608,17,1445,12259,20460
oof_all_2021,0.6,114.2963423680901,10,0.4725718194254446,0.176564027370479,0.9883720930232558,38.400000000000006,0.4,6739,31.619941348973608,17,1445,12259,20460
oof_all_2021,0.6,114.2963423680901,20,0.2420998632010944,0.176564027370479,0.9883720930232558,38.400000000000006,0.4,6739,31.619941348973608,17,1445,12259,20460
oof_all_2021,0.6,114.2963423680901,50,0.10381668946648427,0.176564027370479,0.9883720930232558,38.400000000000006,0.4,6739,31.619941348973608,17,1445,12259,20460
oof_all_2021,0.6,114.2963423680901,100,0.057722298221614225,0.176564027370479,0.9883720930232558,38.400000000000006,0.4,6739,31.619941348973608,17,1445,12259,20460
oof_all_2021,0.61,115.22440117147485,1,4.4815321477428185,0.18107769423558898,0.9883720930232558,37.44281524926686,0.39002932551319647,6535,30.66275659824047,17,1445,12463,20460
oof_all_2021,0.61,115.22440117147485,2,2.246580027359781,0.18107769423558898,0.9883720930232558,37.44281524926686,0.39002932551319647,6535,30.66275659824047,17,1445,12463,20460
oof_all_2021,0.61,115.22440117147485,5,0.905608755129959,0.18107769423558898,0.9883720930232558,37.44281524926686,0.39002932551319647,6535,30.66275659824047,17,1445,12463,20460
oof_all_2021,0.61,115.22440117147485,10,0.4586183310533516,0.18107769423558898,0.9883720930232558,37.44281524926686,0.39002932551319647,6535,30.66275659824047,17,1445,12463,20460
oof_all_2021,0.61,115.22440117147485,20,0.23512311901504787,0.18107769423558898,0.9883720930232558,37.44281524926686,0.39002932551319647,6535,30.66275659824047,17,1445,12463,20460
oof_all_2021,0.61,115.22440117147485,50,0.10102599179206566,0.18107769423558898,0.9883720930232558,37.44281524926686,0.39002932551319647,6535,30.66275659824047,17,1445,12463,20460
oof_all_2021,0.61,115.22440117147485,100,0.056326949384404926,0.18107769423558898,0.9883720930232558,37.44281524926686,0.39002932551319647,6535,30.66275659824047,17,1445,12463,20460
oof_all_2021,0.62,116.16635259055408,1,4.3426812585499315,0.18572347266881029,0.987688098495212,36.48093841642229,0.3800097751710655,6331,29.705571847507333,18,1444,12667,20460
oof_all_2021,0.62,116.16635259055408,2,2.1774965800273596,0.18572347266881029,0.987688098495212,36.48093841642229,0.3800097751710655,6331,29.705571847507333,18,1444,12667,20460
oof_all_2021,0.62,116.16635259055408,5,0.8783857729138167,0.18572347266881029,0.987688098495212,36.48093841642229,0.3800097751710655,6331,29.705571847507333,18,1444,12667,20460
oof_all_2021,0.62,116.16635259055408,10,0.44534883720930235,0.18572347266881029,0.987688098495212,36.48093841642229,0.3800097751710655,6331,29.705571847507333,18,1444,12667,20460
oof_all_2021,0.62,116.16635259055408,20,0.22883036935704515,0.18572347266881029,0.987688098495212,36.48093841642229,0.3800097751710655,6331,29.705571847507333,18,1444,12667,20460
oof_all_2021,0.62,116.16635259055408,50,0.09891928864569083,0.18572347266881029,0.987688098495212,36.48093841642229,0.3800097751710655,6331,29.705571847507333,18,1444,12667,20460
oof_all_2021,0.62,116.16635259055408,100,0.055615595075239395,0.18572347266881029,0.987688098495212,36.48093841642229,0.3800097751710655,6331,29.705571847507333,18,1444,12667,20460
oof_all_2021,0.63,117.24825736120718,1,4.2024623803009575,0.19075297225891677,0.987688098495212,35.51906158357771,0.3699902248289345,6126,28.743695014662755,18,1444,12872,20460
oof_all_2021,0.63,117.24825736120718,2,2.1073871409028726,0.19075297225891677,0.987688098495212,35.51906158357771,0.3699902248289345,6126,28.743695014662755,18,1444,12872,20460
oof_all_2021,0.63,117.24825736120718,5,0.8503419972640219,0.19075297225891677,0.987688098495212,35.51906158357771,0.3699902248289345,6126,28.743695014662755,18,1444,12872,20460
oof_all_2021,0.63,117.24825736120718,10,0.4313269493844049,0.19075297225891677,0.987688098495212,35.51906158357771,0.3699902248289345,6126,28.743695014662755,18,1444,12872,20460
oof_all_2021,0.63,117.24825736120718,20,0.22181942544459643,0.19075297225891677,0.987688098495212,35.51906158357771,0.3699902248289345,6126,28.743695014662755,18,1444,12872,20460
oof_all_2021,0.63,117.24825736120718,50,0.09611491108071135,0.19075297225891677,0.987688098495212,35.51906158357771,0.3699902248289345,6126,28.743695014662755,18,1444,12872,20460
oof_all_2021,0.63,117.24825736120718,100,0.05421340629274966,0.19075297225891677,0.987688098495212,35.51906158357771,0.3699902248289345,6126,28.743695014662755,18,1444,12872,20460
oof_all_2021,0.64,118.48838366264935,1,4.062927496580027,0.19603584034754276,0.987688098495212,34.561876832844575,0.360019550342131,5922,27.786510263929618,18,1444,13076,20460
oof_all_2021,0.64,118.48838366264935,2,2.037619699042408,0.19603584034754276,0.987688098495212,34.561876832844575,0.360019550342131,5922,27.786510263929618,18,1444,13076,20460
oof_all_2021,0.64,118.48838366264935,5,0.8224350205198359,0.19603584034754276,0.987688098495212,34.561876832844575,0.360019550342131,5922,27.786510263929618,18,1444,13076,20460
oof_all_2021,0.64,118.48838366264935,10,0.4173734610123119,0.19603584034754276,0.987688098495212,34.561876832844575,0.360019550342131,5922,27.786510263929618,18,1444,13076,20460
oof_all_2021,0.64,118.48838366264935,20,0.21484268125854994,0.19603584034754276,0.987688098495212,34.561876832844575,0.360019550342131,5922,27.786510263929618,18,1444,13076,20460
oof_all_2021,0.64,118.48838366264935,50,0.09332421340629275,0.19603584034754276,0.987688098495212,34.561876832844575,0.360019550342131,5922,27.786510263929618,18,1444,13076,20460
oof_all_2021,0.64,118.48838366264935,100,0.05281805745554036,0.19603584034754276,0.987688098495212,34.561876832844575,0.360019550342131,5922,27.786510263929618,18,1444,13076,20460
oof_all_2021,0.65,119.61485219715749,1,3.9227086183310536,0.20164781455104036,0.987688098495212,33.599999999999994,0.35,5717,26.824633431085044,18,1444,13281,20460
oof_all_2021,0.65,119.61485219715749,2,1.9675102599179206,0.20164781455104036,0.987688098495212,33.599999999999994,0.35,5717,26.824633431085044,18,1444,13281,20460
oof_all_2021,0.65,119.61485219715749,5,0.7943912448700411,0.20164781455104036,0.987688098495212,33.599999999999994,0.35,5717,26.824633431085044,18,1444,13281,20460
oof_all_2021,0.65,119.61485219715749,10,0.4033515731874145,0.20164781455104036,0.987688098495212,33.599999999999994,0.35,5717,26.824633431085044,18,1444,13281,20460
oof_all_2021,0.65,119.61485219715749,20,0.20783173734610122,0.20164781455104036,0.987688098495212,33.599999999999994,0.35,5717,26.824633431085044,18,1444,13281,20460
oof_all_2021,0.65,119.61485219715749,50,0.09051983584131328,0.20164781455104036,0.987688098495212,33.599999999999994,0.35,5717,26.824633431085044,18,1444,13281,20460
oof_all_2021,0.65,119.61485219715749,100,0.05141586867305062,0.20164781455104036,0.987688098495212,33.599999999999994,0.35,5717,26.824633431085044,18,1444,13281,20460
oof_all_2021,0.66,120.98153450525034,1,3.784541723666211,0.20741699008193187,0.9870041039671683,32.64281524926686,0.3400293255131965,5514,25.872140762463342,19,1443,13484,20460
oof_all_2021,0.66,120.98153450525034,2,1.8987688098495212,0.20741699008193187,0.9870041039671683,32.64281524926686,0.3400293255131965,5514,25.872140762463342,19,1443,13484,20460
oof_all_2021,0.66,120.98153450525034,5,0.7673050615595075,0.20741699008193187,0.9870041039671683,32.64281524926686,0.3400293255131965,5514,25.872140762463342,19,1443,13484,20460
oof_all_2021,0.66,120.98153450525034,10,0.39015047879616965,0.20741699008193187,0.9870041039671683,32.64281524926686,0.3400293255131965,5514,25.872140762463342,19,1443,13484,20460
oof_all_2021,0.66,120.98153450525034,20,0.20157318741450067,0.20741699008193187,0.9870041039671683,32.64281524926686,0.3400293255131965,5514,25.872140762463342,19,1443,13484,20460
oof_all_2021,0.66,120.98153450525034,50,0.08842681258549931,0.20741699008193187,0.9870041039671683,32.64281524926686,0.3400293255131965,5514,25.872140762463342,19,1443,13484,20460
oof_all_2021,0.66,120.98153450525034,100,0.05071135430916553,0.20741699008193187,0.9870041039671683,32.64281524926686,0.3400293255131965,5514,25.872140762463342,19,1443,13484,20460
oof_all_2021,0.67,122.23930081760766,1,3.649794801641587,0.21312203791469195,0.9842681258549931,31.680938416422286,0.3300097751710655,5313,24.929032258064517,23,1439,13685,20460
oof_all_2021,0.67,122.23930081760766,2,1.8327633378932968,0.21312203791469195,0.9842681258549931,31.680938416422286,0.3300097751710655,5313,24.929032258064517,23,1439,13685,20460
oof_all_2021,0.67,122.23930081760766,5,0.7425444596443228,0.21312203791469195,0.9842681258549931,31.680938416422286,0.3300097751710655,5313,24.929032258064517,23,1439,13685,20460
oof_all_2021,0.67,122.23930081760766,10,0.37913816689466484,0.21312203791469195,0.9842681258549931,31.680938416422286,0.3300097751710655,5313,24.929032258064517,23,1439,13685,20460
oof_all_2021,0.67,122.23930081760766,20,0.19743502051983583,0.21312203791469195,0.9842681258549931,31.680938416422286,0.3300097751710655,5313,24.929032258064517,23,1439,13685,20460
oof_all_2021,0.67,122.23930081760766,50,0.08841313269493845,0.21312203791469195,0.9842681258549931,31.680938416422286,0.3300097751710655,5313,24.929032258064517,23,1439,13685,20460
oof_all_2021,0.67,122.23930081760766,100,0.05207250341997264,0.21312203791469195,0.9842681258549931,31.680938416422286,0.3300097751710655,5313,24.929032258064517,23,1439,13685,20460
oof_all_2021,0.68,124.1091261287828,1,3.512311901504788,0.21948984267603483,0.9829001367989056,30.719061583577712,0.3199902248289345,5110,23.976539589442815,25,1437,13888,20460
oof_all_2021,0.68,124.1091261287828,2,1.7647058823529411,0.21948984267603483,0.9829001367989056,30.719061583577712,0.3199902248289345,5110,23.976539589442815,25,1437,13888,20460
oof_all_2021,0.68,124.1091261287828,5,0.7161422708618331,0.21948984267603483,0.9829001367989056,30.719061583577712,0.3199902248289345,5110,23.976539589442815,25,1437,13888,20460
oof_all_2021,0.68,124.1091261287828,10,0.36662106703146374,0.21948984267603483,0.9829001367989056,30.719061583577712,0.3199902248289345,5110,23.976539589442815,25,1437,13888,20460
oof_all_2021,0.68,124.1091261287828,20,0.19186046511627908,0.21948984267603483,0.9829001367989056,30.719061583577712,0.3199902248289345,5110,23.976539589442815,25,1437,13888,20460
oof_all_2021,0.68,124.1091261287828,50,0.08700410396716826,0.21948984267603483,0.9829001367989056,30.719061583577712,0.3199902248289345,5110,23.976539589442815,25,1437,13888,20460
oof_all_2021,0.68,124.1091261287828,100,0.05205198358413133,0.21948984267603483,0.9829001367989056,30.719061583577712,0.3199902248289345,5110,23.976539589442815,25,1437,13888,20460
oof_all_2021,0.69,126.22055686145964,1,3.37688098495212,0.22607598927952074,0.9808481532147743,29.76187683284457,0.31001955034213097,4909,23.03343108504399,28,1434,14089,20460
oof_all_2021,0.69,126.22055686145964,2,1.698016415868673,0.22607598927952074,0.9808481532147743,29.76187683284457,0.31001955034213097,4909,23.03343108504399,28,1434,14089,20460
oof_all_2021,0.69,126.22055686145964,5,0.6906976744186046,0.22607598927952074,0.9808481532147743,29.76187683284457,0.31001955034213097,4909,23.03343108504399,28,1434,14089,20460
oof_all_2021,0.69,126.22055686145964,10,0.3549247606019152,0.22607598927952074,0.9808481532147743,29.76187683284457,0.31001955034213097,4909,23.03343108504399,28,1434,14089,20460
oof_all_2021,0.69,126.22055686145964,20,0.18703830369357044,0.22607598927952074,0.9808481532147743,29.76187683284457,0.31001955034213097,4909,23.03343108504399,28,1434,14089,20460
oof_all_2021,0.69,126.22055686145964,50,0.08630642954856362,0.22607598927952074,0.9808481532147743,29.76187683284457,0.31001955034213097,4909,23.03343108504399,28,1434,14089,20460
oof_all_2021,0.69,126.22055686145964,100,0.05272913816689467,0.22607598927952074,0.9808481532147743,29.76187683284457,0.31001955034213097,4909,23.03343108504399,28,1434,14089,20460
oof_all_2021,0.7,128.6168398715774,1,3.2421340629274966,0.23297491039426524,0.9781121751025992,28.799999999999997,0.3,4708,22.09032258064516,32,1430,14290,20460
oof_all_2021,0.7,128.6168398715774,2,1.6320109439124486,0.23297491039426524,0.9781121751025992,28.799999999999997,0.3,4708,22.09032258064516,32,1430,14290,20460
oof_all_2021,0.7,128.6168398715774,5,0.6659370725034199,0.23297491039426524,0.9781121751025992,28.799999999999997,0.3,4708,22.09032258064516,32,1430,14290,20460
oof_all_2021,0.7,128.6168398715774,10,0.3439124487004104,0.23297491039426524,0.9781121751025992,28.799999999999997,0.3,4708,22.09032258064516,32,1430,14290,20460
oof_all_2021,0.7,128.6168398715774,20,0.1829001367989056,0.23297491039426524,0.9781121751025992,28.799999999999997,0.3,4708,22.09032258064516,32,1430,14290,20460
oof_all_2021,0.7,128.6168398715774,50,0.08629274965800274,0.23297491039426524,0.9781121751025992,28.799999999999997,0.3,4708,22.09032258064516,32,1430,14290,20460
oof_all_2021,0.7,128.6168398715774,100,0.05409028727770178,0.23297491039426524,0.9781121751025992,28.799999999999997,0.3,4708,22.09032258064516,32,1430,14290,20460
oof_all_2021,0.71,131.6818494448546,1,3.1108071135430917,0.23997303673744524,0.9740082079343365,27.842815249266863,0.2900293255131965,4510,21.161290322580644,38,1424,14488,20460
oof_all_2021,0.71,131.6818494448546,2,1.5683994528043776,0.23997303673744524,0.9740082079343365,27.842815249266863,0.2900293255131965,4510,21.161290322580644,38,1424,14488,20460
oof_all_2021,0.71,131.6818494448546,5,0.6429548563611491,0.23997303673744524,0.9740082079343365,27.842815249266863,0.2900293255131965,4510,21.161290322580644,38,1424,14488,20460
oof_all_2021,0.71,131.6818494448546,10,0.3344733242134063,0.23997303673744524,0.9740082079343365,27.842815249266863,0.2900293255131965,4510,21.161290322580644,38,1424,14488,20460
oof_all_2021,0.71,131.6818494448546,20,0.18023255813953487,0.23997303673744524,0.9740082079343365,27.842815249266863,0.2900293255131965,4510,21.161290322580644,38,1424,14488,20460
oof_all_2021,0.71,131.6818494448546,50,0.08768809849521204,0.23997303673744524,0.9740082079343365,27.842815249266863,0.2900293255131965,4510,21.161290322580644,38,1424,14488,20460
oof_all_2021,0.71,131.6818494448546,100,0.05683994528043776,0.23997303673744524,0.9740082079343365,27.842815249266863,0.2900293255131965,4510,21.161290322580644,38,1424,14488,20460
oof_all_2021,0.72,134.98905372256164,1,2.9760601915184677,0.24786175597835575,0.9712722298221614,26.88093841642229,0.2800097751710655,4309,20.21818181818182,42,1420,14689,20460
oof_all_2021,0.72,134.98905372256164,2,1.5023939808481532,0.24786175597835575,0.9712722298221614,26.88093841642229,0.2800097751710655,4309,20.21818181818182,42,1420,14689,20460
oof_all_2021,0.72,134.98905372256164,5,0.6181942544459644,0.24786175597835575,0.9712722298221614,26.88093841642229,0.2800097751710655,4309,20.21818181818182,42,1420,14689,20460
oof_all_2021,0.72,134.98905372256164,10,0.3234610123119015,0.24786175597835575,0.9712722298221614,26.88093841642229,0.2800097751710655,4309,20.21818181818182,42,1420,14689,20460
oof_all_2021,0.72,134.98905372256164,20,0.17609439124487003,0.24786175597835575,0.9712722298221614,26.88093841642229,0.2800097751710655,4309,20.21818181818182,42,1420,14689,20460
oof_all_2021,0.72,134.98905372256164,50,0.08767441860465117,0.24786175597835575,0.9712722298221614,26.88093841642229,0.2800097751710655,4309,20.21818181818182,42,1420,14689,20460
oof_all_2021,0.72,134.98905372256164,100,0.05820109439124487,0.24786175597835575,0.9712722298221614,26.88093841642229,0.2800097751710655,4309,20.21818181818182,42,1420,14689,20460
oof_all_2021,0.73,138.850755119389,1,2.841313269493844,0.25633598841419264,0.9685362517099864,25.919061583577715,0.26999022482893453,4108,19.27507331378299,46,1416,14890,20460
oof_all_2021,0.73,138.850755119389,2,1.4363885088919288,0.25633598841419264,0.9685362517099864,25.919061583577715,0.26999022482893453,4108,19.27507331378299,46,1416,14890,20460
oof_all_2021,0.73,138.850755119389,5,0.5934336525307797,0.25633598841419264,0.9685362517099864,25.919061583577715,0.26999022482893453,4108,19.27507331378299,46,1416,14890,20460
oof_all_2021,0.73,138.850755119389,10,0.31244870041039674,0.25633598841419264,0.9685362517099864,25.919061583577715,0.26999022482893453,4108,19.27507331378299,46,1416,14890,20460
oof_all_2021,0.73,138.850755119389,20,0.1719562243502052,0.25633598841419264,0.9685362517099864,25.919061583577715,0.26999022482893453,4108,19.27507331378299,46,1416,14890,20460
oof_all_2021,0.73,138.850755119389,50,0.08766073871409029,0.25633598841419264,0.9685362517099864,25.919061583577715,0.26999022482893453,4108,19.27507331378299,46,1416,14890,20460
oof_all_2021,0.73,138.850755119389,100,0.059562243502051984,0.25633598841419264,0.9685362517099864,25.919061583577715,0.26999022482893453,4108,19.27507331378299,46,1416,14890,20460
oof_all_2021,0.74,142.06217897129167,1,2.7031463748290014,0.26597744360902253,0.9678522571819426,24.961876832844574,0.260019550342131,3905,18.322580645161292,47,1415,15093,20460
oof_all_2021,0.74,142.06217897129167,2,1.3676470588235294,0.26597744360902253,0.9678522571819426,24.961876832844574,0.260019550342131,3905,18.322580645161292,47,1415,15093,20460
oof_all_2021,0.74,142.06217897129167,5,0.5663474692202463,0.26597744360902253,0.9678522571819426,24.961876832844574,0.260019550342131,3905,18.322580645161292,47,1415,15093,20460
oof_all_2021,0.74,142.06217897129167,10,0.29924760601915185,0.26597744360902253,0.9678522571819426,24.961876832844574,0.260019550342131,3905,18.322580645161292,47,1415,15093,20460
oof_all_2021,0.74,142.06217897129167,20,0.16569767441860464,0.26597744360902253,0.9678522571819426,24.961876832844574,0.260019550342131,3905,18.322580645161292,47,1415,15093,20460
oof_all_2021,0.74,142.06217897129167,50,0.08556771545827634,0.26597744360902253,0.9678522571819426,24.961876832844574,0.260019550342131,3905,18.322580645161292,47,1415,15093,20460
oof_all_2021,0.74,142.06217897129167,100,0.05885772913816689,0.26597744360902253,0.9678522571819426,24.961876832844574,0.260019550342131,3905,18.322580645161292,47,1415,15093,20460
oof_all_2021,0.75,144.98063290384,1,2.5656634746922027,0.27624633431085044,0.966484268125855,24.0,0.25,3702,17.37008797653959,49,1413,15296,20460
oof_all_2021,0.75,144.98063290384,2,1.2995896032831737,0.27624633431085044,0.966484268125855,24.0,0.25,3702,17.37008797653959,49,1413,15296,20460
oof_all_2021,0.75,144.98063290384,5,0.5399452804377565,0.27624633431085044,0.966484268125855,24.0,0.25,3702,17.37008797653959,49,1413,15296,20460
oof_all_2021,0.75,144.98063290384,10,0.28673050615595075,0.27624633431085044,0.966484268125855,24.0,0.25,3702,17.37008797653959,49,1413,15296,20460
oof_all_2021,0.75,144.98063290384,20,0.1601231190150479,0.27624633431085044,0.966484268125855,24.0,0.25,3702,17.37008797653959,49,1413,15296,20460
oof_all_2021,0.75,144.98063290384,50,0.08415868673050615,0.27624633431085044,0.966484268125855,24.0,0.25,3702,17.37008797653959,49,1413,15296,20460
oof_all_2021,0.75,144.98063290384,100,0.05883720930232558,0.27624633431085044,0.966484268125855,24.0,0.25,3702,17.37008797653959,49,1413,15296,20460
oof_all_2021,0.76,147.24814537592158,1,2.43296853625171,0.28670331907961716,0.9630642954856361,23.042815249266862,0.24002932551319647,3503,16.436363636363637,54,1408,15495,20460
oof_all_2021,0.76,147.24814537592158,2,1.234952120383037,0.28670331907961716,0.9630642954856361,23.042815249266862,0.24002932551319647,3503,16.436363636363637,54,1408,15495,20460
oof_all_2021,0.76,147.24814537592158,5,0.5161422708618331,0.28670331907961716,0.9630642954856361,23.042815249266862,0.24002932551319647,3503,16.436363636363637,54,1408,15495,20460
oof_all_2021,0.76,147.24814537592158,10,0.2765389876880985,0.28670331907961716,0.9630642954856361,23.042815249266862,0.24002932551319647,3503,16.436363636363637,54,1408,15495,20460
oof_all_2021,0.76,147.24814537592158,20,0.1567373461012312,0.28670331907961716,0.9630642954856361,23.042815249266862,0.24002932551319647,3503,16.436363636363637,54,1408,15495,20460
oof_all_2021,0.76,147.24814537592158,50,0.08485636114911081,0.28670331907961716,0.9630642954856361,23.042815249266862,0.24002932551319647,3503,16.436363636363637,54,1408,15495,20460
oof_all_2021,0.76,147.24814537592158,100,0.06089603283173735,0.28670331907961716,0.9630642954856361,23.042815249266862,0.24002932551319647,3503,16.436363636363637,54,1408,15495,20460
oof_all_2021,0.77,149.3179043863984,1,2.295485636114911,0.2987675308117297,0.9616963064295485,22.08093841642229,0.2300097751710655,3300,15.483870967741936,56,1406,15698,20460
oof_all_2021,0.77,149.3179043863984,2,1.1668946648426812,0.2987675308117297,0.9616963064295485,22.08093841642229,0.2300097751710655,3300,15.483870967741936,56,1406,15698,20460
oof_all_2021,0.77,149.3179043863984,5,0.4897400820793434,0.2987675308117297,0.9616963064295485,22.08093841642229,0.2300097751710655,3300,15.483870967741936,56,1406,15698,20460
oof_all_2021,0.77,149.3179043863984,10,0.2640218878248974,0.2987675308117297,0.9616963064295485,22.08093841642229,0.2300097751710655,3300,15.483870967741936,56,1406,15698,20460
oof_all_2021,0.77,149.3179043863984,20,0.1511627906976744,0.2987675308117297,0.9616963064295485,22.08093841642229,0.2300097751710655,3300,15.483870967741936,56,1406,15698,20460
oof_all_2021,0.77,149.3179043863984,50,0.08344733242134063,0.2987675308117297,0.9616963064295485,22.08093841642229,0.2300097751710655,3300,15.483870967741936,56,1406,15698,20460
oof_all_2021,0.77,149.3179043863984,100,0.06087551299589603,0.2987675308117297,0.9616963064295485,22.08093841642229,0.2300097751710655,3300,15.483870967741936,56,1406,15698,20460
oof_all_2021,0.78,151.34844896589615,1,2.1744186046511627,0.3092646078649189,0.9521203830369357,21.119061583577714,0.21999022482893452,3109,14.587683284457478,70,1392,15889,20460
oof_all_2021,0.78,151.34844896589615,2,1.1111491108071136,0.3092646078649189,0.9521203830369357,21.119061583577714,0.21999022482893452,3109,14.587683284457478,70,1392,15889,20460
oof_all_2021,0.78,151.34844896589615,5,0.47318741450068397,0.3092646078649189,0.9521203830369357,21.119061583577714,0.21999022482893452,3109,14.587683284457478,70,1392,15889,20460
oof_all_2021,0.78,151.34844896589615,10,0.26053351573187417,0.3092646078649189,0.9521203830369357,21.119061583577714,0.21999022482893452,3109,14.587683284457478,70,1392,15889,20460
oof_all_2021,0.78,151.34844896589615,20,0.1542065663474692,0.3092646078649189,0.9521203830369357,21.119061583577714,0.21999022482893452,3109,14.587683284457478,70,1392,15889,20460
oof_all_2021,0.78,151.34844896589615,50,0.09041039671682627,0.3092646078649189,0.9521203830369357,21.119061583577714,0.21999022482893452,3109,14.587683284457478,70,1392,15889,20460
oof_all_2021,0.78,151.34844896589615,100,0.06914500683994527,0.3092646078649189,0.9521203830369357,21.119061583577714,0.21999022482893452,3109,14.587683284457478,70,1392,15889,20460
oof_all_2021,0.79,153.15096734847037,1,2.048563611491108,0.3216197346986269,0.945280437756498,20.161876832844577,0.210019550342131,2915,13.67741935483871,80,1382,16083,20460
oof_all_2021,0.79,153.15096734847037,2,1.051641586867305,0.3216197346986269,0.945280437756498,20.161876832844577,0.210019550342131,2915,13.67741935483871,80,1382,16083,20460
oof_all_2021,0.79,153.15096734847037,5,0.45348837209302323,0.3216197346986269,0.945280437756498,20.161876832844577,0.210019550342131,2915,13.67741935483871,80,1382,16083,20460
oof_all_2021,0.79,153.15096734847037,10,0.25410396716826267,0.3216197346986269,0.945280437756498,20.161876832844577,0.210019550342131,2915,13.67741935483871,80,1382,16083,20460
oof_all_2021,0.79,153.15096734847037,20,0.15441176470588236,0.3216197346986269,0.945280437756498,20.161876832844577,0.210019550342131,2915,13.67741935483871,80,1382,16083,20460
oof_all_2021,0.79,153.15096734847037,50,0.09459644322845417,0.3216197346986269,0.945280437756498,20.161876832844577,0.210019550342131,2915,13.67741935483871,80,1382,16083,20460
oof_all_2021,0.79,153.15096734847037,100,0.07465800273597811,0.3216197346986269,0.945280437756498,20.161876832844577,0.210019550342131,2915,13.67741935483871,80,1382,16083,20460
oof_all_2021,0.8,154.83418926515688,1,1.9220246238030096,0.33528836754643204,0.9384404924760602,19.200000000000003,0.2,2720,12.762463343108504,90,1372,16278,20460
oof_all_2021,0.8,154.83418926515688,2,0.9917920656634747,0.33528836754643204,0.9384404924760602,19.200000000000003,0.2,2720,12.762463343108504,90,1372,16278,20460
oof_all_2021,0.8,154.83418926515688,5,0.43365253077975374,0.33528836754643204,0.9384404924760602,19.200000000000003,0.2,2720,12.762463343108504,90,1372,16278,20460
oof_all_2021,0.8,154.83418926515688,10,0.2476060191518468,0.33528836754643204,0.9384404924760602,19.200000000000003,0.2,2720,12.762463343108504,90,1372,16278,20460
oof_all_2021,0.8,154.83418926515688,20,0.1545827633378933,0.33528836754643204,0.9384404924760602,19.200000000000003,0.2,2720,12.762463343108504,90,1372,16278,20460
oof_all_2021,0.8,154.83418926515688,50,0.0987688098495212,0.33528836754643204,0.9384404924760602,19.200000000000003,0.2,2720,12.762463343108504,90,1372,16278,20460
oof_all_2021,0.8,154.83418926515688,100,0.0801641586867305,0.33528836754643204,0.9384404924760602,19.200000000000003,0.2,2720,12.762463343108504,90,1372,16278,20460
oof_all_2021,0.81,156.59890717412645,1,1.801641586867305,0.3492798353909465,0.9288645690834473,18.24281524926686,0.19002932551319648,2530,11.870967741935484,104,1358,16468,20460
oof_all_2021,0.81,156.59890717412645,2,0.9363885088919288,0.3492798353909465,0.9288645690834473,18.24281524926686,0.19002932551319648,2530,11.870967741935484,104,1358,16468,20460
oof_all_2021,0.81,156.59890717412645,5,0.4172366621067031,0.3492798353909465,0.9288645690834473,18.24281524926686,0.19002932551319648,2530,11.870967741935484,104,1358,16468,20460
oof_all_2021,0.81,156.59890717412645,10,0.2441860465116279,0.3492798353909465,0.9288645690834473,18.24281524926686,0.19002932551319648,2530,11.870967741935484,104,1358,16468,20460
oof_all_2021,0.81,156.59890717412645,20,0.15766073871409028,0.3492798353909465,0.9288645690834473,18.24281524926686,0.19002932551319648,2530,11.870967741935484,104,1358,16468,20460
oof_all_2021,0.81,156.59890717412645,50,0.10574555403556772,0.3492798353909465,0.9288645690834473,18.24281524926686,0.19002932551319648,2530,11.870967741935484,104,1358,16468,20460
oof_all_2021,0.81,156.59890717412645,100,0.08844049247606019,0.3492798353909465,0.9288645690834473,18.24281524926686,0.19002932551319648,2530,11.870967741935484,104,1358,16468,20460
oof_all_2021,0.82,157.8950258233905,1,1.6874145006839945,0.3635623133315232,0.9158686730506156,17.280938416422288,0.1800097751710655,2344,10.998240469208211,123,1339,16654,20460
oof_all_2021,0.82,157.8950258233905,2,0.8857729138166894,0.3635623133315232,0.9158686730506156,17.280938416422288,0.1800097751710655,2344,10.998240469208211,123,1339,16654,20460
oof_all_2021,0.82,157.8950258233905,5,0.40478796169630643,0.3635623133315232,0.9158686730506156,17.280938416422288,0.1800097751710655,2344,10.998240469208211,123,1339,16654,20460
oof_all_2021,0.82,157.8950258233905,10,0.24445964432284542,0.3635623133315232,0.9158686730506156,17.280938416422288,0.1800097751710655,2344,10.998240469208211,123,1339,16654,20460
oof_all_2021,0.82,157.8950258233905,20,0.1642954856361149,0.3635623133315232,0.9158686730506156,17.280938416422288,0.1800097751710655,2344,10.998240469208211,123,1339,16654,20460
oof_all_2021,0.82,157.8950258233905,50,0.11619699042407661,0.3635623133315232,0.9158686730506156,17.280938416422288,0.1800097751710655,2344,10.998240469208211,123,1339,16654,20460
oof_all_2021,0.82,157.8950258233905,100,0.10016415868673051,0.3635623133315232,0.9158686730506156,17.280938416422288,0.1800097751710655,2344,10.998240469208211,123,1339,16654,20460
oof_all_2021,0.83,159.2289195213992,1,1.5725034199726402,0.37970681230238573,0.9035567715458276,16.32375366568915,0.17003910068426198,2158,10.125513196480938,141,1321,16840,20460
oof_all_2021,0.83,159.2289195213992,2,0.8344733242134063,0.37970681230238573,0.9035567715458276,16.32375366568915,0.17003910068426198,2158,10.125513196480938,141,1321,16840,20460
oof_all_2021,0.83,159.2289195213992,5,0.39165526675786594,0.37970681230238573,0.9035567715458276,16.32375366568915,0.17003910068426198,2158,10.125513196480938,141,1321,16840,20460
oof_all_2021,0.83,159.2289195213992,10,0.24404924760601915,0.37970681230238573,0.9035567715458276,16.32375366568915,0.17003910068426198,2158,10.125513196480938,141,1321,16840,20460
oof_all_2021,0.83,159.2289195213992,20,0.17024623803009575,0.37970681230238573,0.9035567715458276,16.32375366568915,0.17003910068426198,2158,10.125513196480938,141,1321,16840,20460
oof_all_2021,0.83,159.2289195213992,50,0.1259644322845417,0.37970681230238573,0.9035567715458276,16.32375366568915,0.17003910068426198,2158,10.125513196480938,141,1321,16840,20460
oof_all_2021,0.83,159.2289195213992,100,0.11120383036935705,0.37970681230238573,0.9035567715458276,16.32375366568915,0.17003910068426198,2158,10.125513196480938,141,1321,16840,20460
oof_all_2021,0.84,160.59331203289435,1,1.4582763337893296,0.39767868051313376,0.8905608755129959,15.361876832844576,0.160019550342131,1972,9.252785923753665,160,1302,17026,20460
oof_all_2021,0.84,160.59331203289435,2,0.7838577291381669,0.39767868051313376,0.8905608755129959,15.361876832844576,0.160019550342131,1972,9.252785923753665,160,1302,17026,20460
oof_all_2021,0.84,160.59331203289435,5,0.37920656634746924,0.39767868051313376,0.8905608755129959,15.361876832844576,0.160019550342131,1972,9.252785923753665,160,1302,17026,20460
oof_all_2021,0.84,160.59331203289435,10,0.24432284541723667,0.39767868051313376,0.8905608755129959,15.361876832844576,0.160019550342131,1972,9.252785923753665,160,1302,17026,20460
oof_all_2021,0.84,160.59331203289435,20,0.17688098495212037,0.39767868051313376,0.8905608755129959,15.361876832844576,0.160019550342131,1972,9.252785923753665,160,1302,17026,20460
oof_all_2021,0.84,160.59331203289435,50,0.1364158686730506,0.39767868051313376,0.8905608755129959,15.361876832844576,0.160019550342131,1972,9.252785923753665,160,1302,17026,20460
oof_all_2021,0.84,160.59331203289435,100,0.12292749658002736,0.39767868051313376,0.8905608755129959,15.361876832844576,0.160019550342131,1972,9.252785923753665,160,1302,17026,20460
oof_all_2021,0.85,161.77024205432454,1,1.338577291381669,0.41935483870967744,0.8803009575923393,14.399999999999999,0.15,1782,8.361290322580645,175,1287,17216,20460
oof_all_2021,0.85,161.77024205432454,2,0.7291381668946648,0.41935483870967744,0.8803009575923393,14.399999999999999,0.15,1782,8.361290322580645,175,1287,17216,20460
oof_all_2021,0.85,161.77024205432454,5,0.36347469220246237,0.41935483870967744,0.8803009575923393,14.399999999999999,0.15,1782,8.361290322580645,175,1287,17216,20460
oof_all_2021,0.85,161.77024205432454,10,0.24158686730506157,0.41935483870967744,0.8803009575923393,14.399999999999999,0.15,1782,8.361290322580645,175,1287,17216,20460
oof_all_2021,0.85,161.77024205432454,20,0.18064295485636114,0.41935483870967744,0.8803009575923393,14.399999999999999,0.15,1782,8.361290322580645,175,1287,17216,20460
oof_all_2021,0.85,161.77024205432454,50,0.1440766073871409,0.41935483870967744,0.8803009575923393,14.399999999999999,0.15,1782,8.361290322580645,175,1287,17216,20460
oof_all_2021,0.85,161.77024205432454,100,0.1318878248974008,0.41935483870967744,0.8803009575923393,14.399999999999999,0.15,1782,8.361290322580645,175,1287,17216,20460
oof_all_2021,0.86,162.90405971089316,1,1.2359781121751026,0.4397905759162304,0.8618331053351573,13.442815249266861,0.14002932551319647,1605,7.530791788856305,202,1260,17393,20460
oof_all_2021,0.86,162.90405971089316,2,0.6870725034199726,0.4397905759162304,0.8618331053351573,13.442815249266861,0.14002932551319647,1605,7.530791788856305,202,1260,17393,20460
oof_all_2021,0.86,162.90405971089316,5,0.35772913816689467,0.4397905759162304,0.8618331053351573,13.442815249266861,0.14002932551319647,1605,7.530791788856305,202,1260,17393,20460
oof_all_2021,0.86,162.90405971089316,10,0.24794801641586867,0.4397905759162304,0.8618331053351573,13.442815249266861,0.14002932551319647,1605,7.530791788856305,202,1260,17393,20460
oof_all_2021,0.86,162.90405971089316,20,0.19305745554035567,0.4397905759162304,0.8618331053351573,13.442815249266861,0.14002932551319647,1605,7.530791788856305,202,1260,17393,20460
oof_all_2021,0.86,162.90405971089316,50,0.1601231190150479,0.4397905759162304,0.8618331053351573,13.442815249266861,0.14002932551319647,1605,7.530791788856305,202,1260,17393,20460
oof_all_2021,0.86,162.90405971089316,100,0.14914500683994528,0.4397905759162304,0.8618331053351573,13.442815249266861,0.14002932551319647,1605,7.530791788856305,202,1260,17393,20460
oof_all_2021,0.87,164.1083676885697,1,1.1395348837209303,0.4616541353383459,0.8399452804377565,12.480938416422287,0.1300097751710655,1432,6.719061583577712,234,1228,17566,20460
oof_all_2021,0.87,164.1083676885697,2,0.6497948016415869,0.4616541353383459,0.8399452804377565,12.480938416422287,0.1300097751710655,1432,6.719061583577712,234,1228,17566,20460
oof_all_2021,0.87,164.1083676885697,5,0.35595075239398083,0.4616541353383459,0.8399452804377565,12.480938416422287,0.1300097751710655,1432,6.719061583577712,234,1228,17566,20460
oof_all_2021,0.87,164.1083676885697,10,0.2580027359781122,0.4616541353383459,0.8399452804377565,12.480938416422287,0.1300097751710655,1432,6.719061583577712,234,1228,17566,20460
oof_all_2021,0.87,164.1083676885697,20,0.20902872777017784,0.4616541353383459,0.8399452804377565,12.480938416422287,0.1300097751710655,1432,6.719061583577712,234,1228,17566,20460
oof_all_2021,0.87,164.1083676885697,50,0.17964432284541723,0.4616541353383459,0.8399452804377565,12.480938416422287,0.1300097751710655,1432,6.719061583577712,234,1228,17566,20460
oof_all_2021,0.87,164.1083676885697,100,0.16984952120383037,0.4616541353383459,0.8399452804377565,12.480938416422287,0.1300097751710655,1432,6.719061583577712,234,1228,17566,20460
oof_all_2021,0.88,165.17178414867539,1,1.0642954856361149,0.4808631921824104,0.8077975376196991,11.52375366568915,0.12003910068426198,1275,5.9824046920821115,281,1181,17723,20460
oof_all_2021,0.88,165.17178414867539,2,0.6282489740082079,0.4808631921824104,0.8077975376196991,11.52375366568915,0.12003910068426198,1275,5.9824046920821115,281,1181,17723,20460
oof_all_2021,0.88,165.17178414867539,5,0.36662106703146374,0.4808631921824104,0.8077975376196991,11.52375366568915,0.12003910068426198,1275,5.9824046920821115,281,1181,17723,20460
oof_all_2021,0.88,165.17178414867539,10,0.27941176470588236,0.4808631921824104,0.8077975376196991,11.52375366568915,0.12003910068426198,1275,5.9824046920821115,281,1181,17723,20460
oof_all_2021,0.88,165.17178414867539,20,0.23580711354309167,0.4808631921824104,0.8077975376196991,11.52375366568915,0.12003910068426198,1275,5.9824046920821115,281,1181,17723,20460
oof_all_2021,0.88,165.17178414867539,50,0.20964432284541723,0.4808631921824104,0.8077975376196991,11.52375366568915,0.12003910068426198,1275,5.9824046920821115,281,1181,17723,20460
oof_all_2021,0.88,165.17178414867539,100,0.2009233926128591,0.4808631921824104,0.8077975376196991,11.52375366568915,0.12003910068426198,1275,5.9824046920821115,281,1181,17723,20460
oof_all_2021,0.89,166.25967089065128,1,0.9829001367989056,0.5055530875166593,0.7783857729138167,10.561876832844575,0.11001955034213098,1113,5.222287390029326,324,1138,17885,20460
oof_all_2021,0.89,166.25967089065128,2,0.6022571819425444,0.5055530875166593,0.7783857729138167,10.561876832844575,0.11001955034213098,1113,5.222287390029326,324,1138,17885,20460
oof_all_2021,0.89,166.25967089065128,5,0.3738714090287278,0.5055530875166593,0.7783857729138167,10.561876832844575,0.11001955034213098,1113,5.222287390029326,324,1138,17885,20460
oof_all_2021,0.89,166.25967089065128,10,0.29774281805745556,0.5055530875166593,0.7783857729138167,10.561876832844575,0.11001955034213098,1113,5.222287390029326,324,1138,17885,20460
oof_all_2021,0.89,166.25967089065128,20,0.25967852257181945,0.5055530875166593,0.7783857729138167,10.561876832844575,0.11001955034213098,1113,5.222287390029326,324,1138,17885,20460
oof_all_2021,0.89,166.25967089065128,50,0.23683994528043775,0.5055530875166593,0.7783857729138167,10.561876832844575,0.11001955034213098,1113,5.222287390029326,324,1138,17885,20460
oof_all_2021,0.89,166.25967089065128,100,0.22922708618331053,0.5055530875166593,0.7783857729138167,10.561876832844575,0.11001955034213098,1113,5.222287390029326,324,1138,17885,20460
oof_all_2021,0.9,167.36916714492185,1,0.9274965800273598,0.5259042033235581,0.7359781121751026,9.600000000000001,0.1,970,4.551319648093842,386,1076,18028,20460
oof_all_2021,0.9,167.36916714492185,2,0.5957592339261286,0.5259042033235581,0.7359781121751026,9.600000000000001,0.1,970,4.551319648093842,386,1076,18028,20460
oof_all_2021,0.9,167.36916714492185,5,0.3967168262653899,0.5259042033235581,0.7359781121751026,9.600000000000001,0.1,970,4.551319648093842,386,1076,18028,20460
oof_all_2021,0.9,167.36916714492185,10,0.33036935704514364,0.5259042033235581,0.7359781121751026,9.600000000000001,0.1,970,4.551319648093842,386,1076,18028,20460
oof_all_2021,0.9,167.36916714492185,20,0.2971956224350205,0.5259042033235581,0.7359781121751026,9.600000000000001,0.1,970,4.551319648093842,386,1076,18028,20460
oof_all_2021,0.9,167.36916714492185,50,0.2772913816689466,0.5259042033235581,0.7359781121751026,9.600000000000001,0.1,970,4.551319648093842,386,1076,18028,20460
oof_all_2021,0.9,167.36916714492185,100,0.27065663474692203,0.5259042033235581,0.7359781121751026,9.600000000000001,0.1,970,4.551319648093842,386,1076,18028,20460
oof_all_2021,0.91,168.46695799169433,1,0.8686730506155951,0.5521172638436482,0.6956224350205198,8.642815249266862,0.09002932551319648,825,3.870967741935484,445,1017,18173,20460
oof_all_2021,0.91,168.46695799169433,2,0.5865253077975376,0.5521172638436482,0.6956224350205198,8.642815249266862,0.09002932551319648,825,3.870967741935484,445,1017,18173,20460
oof_all_2021,0.91,168.46695799169433,5,0.4172366621067031,0.5521172638436482,0.6956224350205198,8.642815249266862,0.09002932551319648,825,3.870967741935484,445,1017,18173,20460
oof_all_2021,0.91,168.46695799169433,10,0.36080711354309164,0.5521172638436482,0.6956224350205198,8.642815249266862,0.09002932551319648,825,3.870967741935484,445,1017,18173,20460
oof_all_2021,0.91,168.46695799169433,20,0.3325923392612859,0.5521172638436482,0.6956224350205198,8.642815249266862,0.09002932551319648,825,3.870967741935484,445,1017,18173,20460
oof_all_2021,0.91,168.46695799169433,50,0.31566347469220246,0.5521172638436482,0.6956224350205198,8.642815249266862,0.09002932551319648,825,3.870967741935484,445,1017,18173,20460
oof_all_2021,0.91,168.46695799169433,100,0.31002051983584133,0.5521172638436482,0.6956224350205198,8.642815249266862,0.09002932551319648,825,3.870967741935484,445,1017,18173,20460
oof_all_2021,0.92,169.51355855257873,1,0.8105335157318742,0.5846059865607819,0.6545827633378933,7.680938416422288,0.0800097751710655,680,3.190615835777126,505,957,18318,20460
oof_all_2021,0.92,169.51355855257873,2,0.5779753761969905,0.5846059865607819,0.6545827633378933,7.680938416422288,0.0800097751710655,680,3.190615835777126,505,957,18318,20460
oof_all_2021,0.92,169.51355855257873,5,0.4384404924760602,0.5846059865607819,0.6545827633378933,7.680938416422288,0.0800097751710655,680,3.190615835777126,505,957,18318,20460
oof_all_2021,0.92,169.51355855257873,10,0.39192886456908343,0.5846059865607819,0.6545827633378933,7.680938416422288,0.0800097751710655,680,3.190615835777126,505,957,18318,20460
oof_all_2021,0.92,169.51355855257873,20,0.3686730506155951,0.5846059865607819,0.6545827633378933,7.680938416422288,0.0800097751710655,680,3.190615835777126,505,957,18318,20460
oof_all_2021,0.92,169.51355855257873,50,0.35471956224350204,0.5846059865607819,0.6545827633378933,7.680938416422288,0.0800097751710655,680,3.190615835777126,505,957,18318,20460
oof_all_2021,0.92,169.51355855257873,100,0.3500683994528044,0.5846059865607819,0.6545827633378933,7.680938416422288,0.0800097751710655,680,3.190615835777126,505,957,18318,20460
oof_all_2021,0.93,170.94565204314873,1,0.7818057455540356,0.6113049546406141,0.5991792065663475,6.7237536656891495,0.07003910068426197,557,2.613489736070381,586,876,18441,20460
oof_all_2021,0.93,170.94565204314873,2,0.591313269493844,0.6113049546406141,0.5991792065663475,6.7237536656891495,0.07003910068426197,557,2.613489736070381,586,876,18441,20460
oof_all_2021,0.93,170.94565204314873,5,0.47701778385772914,0.6113049546406141,0.5991792065663475,6.7237536656891495,0.07003910068426197,557,2.613489736070381,586,876,18441,20460
oof_all_2021,0.93,170.94565204314873,10,0.43891928864569085,0.6113049546406141,0.5991792065663475,6.7237536656891495,0.07003910068426197,557,2.613489736070381,586,876,18441,20460
oof_all_2021,0.93,170.94565204314873,20,0.4198700410396717,0.6113049546406141,0.5991792065663475,6.7237536656891495,0.07003910068426197,557,2.613489736070381,586,876,18441,20460
oof_all_2021,0.93,170.94565204314873,50,0.4084404924760602,0.6113049546406141,0.5991792065663475,6.7237536656891495,0.07003910068426197,557,2.613489736070381,586,876,18441,20460
oof_all_2021,0.93,170.94565204314873,100,0.40463064295485635,0.6113049546406141,0.5991792065663475,6.7237536656891495,0.07003910068426197,557,2.613489736070381,586,876,18441,20460
oof_all_2021,0.94,172.28956908019512,1,0.7291381668946648,0.6612377850162866,0.5554035567715458,5.761876832844575,0.06001955034213099,416,1.9519061583577713,650,812,18582,20460
oof_all_2021,0.94,172.28956908019512,2,0.5868673050615595,0.6612377850162866,0.5554035567715458,5.761876832844575,0.06001955034213099,416,1.9519061583577713,650,812,18582,20460
oof_all_2021,0.94,172.28956908019512,5,0.5015047879616963,0.6612377850162866,0.5554035567715458,5.761876832844575,0.06001955034213099,416,1.9519061583577713,650,812,18582,20460
oof_all_2021,0.94,172.28956908019512,10,0.4730506155950752,0.6612377850162866,0.5554035567715458,5.761876832844575,0.06001955034213099,416,1.9519061583577713,650,812,18582,20460
oof_all_2021,0.94,172.28956908019512,20,0.4588235294117647,0.6612377850162866,0.5554035567715458,5.761876832844575,0.06001955034213099,416,1.9519061583577713,650,812,18582,20460
oof_all_2021,0.94,172.28956908019512,50,0.4502872777017784,0.6612377850162866,0.5554035567715458,5.761876832844575,0.06001955034213099,416,1.9519061583577713,650,812,18582,20460
oof_all_2021,0.94,172.28956908019512,100,0.4474418604651163,0.6612377850162866,0.5554035567715458,5.761876832844575,0.06001955034213099,416,1.9519061583577713,650,812,18582,20460
oof_all_2021,0.95,173.85245134199835,1,0.7311901504787962,0.6920821114369502,0.4842681258549932,4.800000000000001,0.05,315,1.4780058651026393,754,708,18683,20460
oof_all_2021,0.95,173.85245134199835,2,0.6234610123119015,0.6920821114369502,0.4842681258549932,4.800000000000001,0.05,315,1.4780058651026393,754,708,18683,20460
oof_all_2021,0.95,173.85245134199835,5,0.5588235294117647,0.6920821114369502,0.4842681258549932,4.800000000000001,0.05,315,1.4780058651026393,754,708,18683,20460
oof_all_2021,0.95,173.85245134199835,10,0.5372777017783857,0.6920821114369502,0.4842681258549932,4.800000000000001,0.05,315,1.4780058651026393,754,708,18683,20460
oof_all_2021,0.95,173.85245134199835,20,0.5265047879616963,0.6920821114369502,0.4842681258549932,4.800000000000001,0.05,315,1.4780058651026393,754,708,18683,20460
oof_all_2021,0.95,173.85245134199835,50,0.5200410396716826,0.6920821114369502,0.4842681258549932,4.800000000000001,0.05,315,1.4780058651026393,754,708,18683,20460
oof_all_2021,0.95,173.85245134199835,100,0.5178864569083448,0.6920821114369502,0.4842681258549932,4.800000000000001,0.05,315,1.4780058651026393,754,708,18683,20460
oof_all_2021,0.96,175.31896165803522,1,0.7571819425444597,0.7167277167277167,0.4015047879616963,3.842815249266862,0.04002932551319648,232,1.0885630498533725,875,587,18766,20460
oof_all_2021,0.96,175.31896165803522,2,0.6778385772913816,0.7167277167277167,0.4015047879616963,3.842815249266862,0.04002932551319648,232,1.0885630498533725,875,587,18766,20460
oof_all_2021,0.96,175.31896165803522,5,0.6302325581395349,0.7167277167277167,0.4015047879616963,3.842815249266862,0.04002932551319648,232,1.0885630498533725,875,587,18766,20460
oof_all_2021,0.96,175.31896165803522,10,0.6143638850889193,0.7167277167277167,0.4015047879616963,3.842815249266862,0.04002932551319648,232,1.0885630498533725,875,587,18766,20460
oof_all_2021,0.96,175.31896165803522,20,0.6064295485636115,0.7167277167277167,0.4015047879616963,3.842815249266862,0.04002932551319648,232,1.0885630498533725,875,587,18766,20460
oof_all_2021,0.96,175.31896165803522,50,0.6016689466484269,0.7167277167277167,0.4015047879616963,3.842815249266862,0.04002932551319648,232,1.0885630498533725,875,587,18766,20460
oof_all_2021,0.96,175.31896165803522,100,0.6000820793433652,0.7167277167277167,0.4015047879616963,3.842815249266862,0.04002932551319648,232,1.0885630498533725,875,587,18766,20460
oof_all_2021,0.97,177.11305585843957,1,0.7975376196990424,0.741042345276873,0.3112175102599179,2.8809384164222873,0.030009775171065494,159,0.7460410557184751,1007,455,18839,20460
oof_all_2021,0.97,177.11305585843957,2,0.7431600547195623,0.741042345276873,0.3112175102599179,2.8809384164222873,0.030009775171065494,159,0.7460410557184751,1007,455,18839,20460
oof_all_2021,0.97,177.11305585843957,5,0.7105335157318742,0.741042345276873,0.3112175102599179,2.8809384164222873,0.030009775171065494,159,0.7460410557184751,1007,455,18839,20460
oof_all_2021,0.97,177.11305585843957,10,0.6996580027359781,0.741042345276873,0.3112175102599179,2.8809384164222873,0.030009775171065494,159,0.7460410557184751,1007,455,18839,20460
oof_all_2021,0.97,177.11305585843957,20,0.6942202462380301,0.741042345276873,0.3112175102599179,2.8809384164222873,0.030009775171065494,159,0.7460410557184751,1007,455,18839,20460
oof_all_2021,0.97,177.11305585843957,50,0.6909575923392612,0.741042345276873,0.3112175102599179,2.8809384164222873,0.030009775171065494,159,0.7460410557184751,1007,455,18839,20460
oof_all_2021,0.97,177.11305585843957,100,0.6898700410396716,0.741042345276873,0.3112175102599179,2.8809384164222873,0.030009775171065494,159,0.7460410557184751,1007,455,18839,20460
oof_all_2021,0.98,179.31932373437184,1,0.8372093023255814,0.7902439024390244,0.2216142270861833,1.9237536656891496,0.020039100684261974,86,0.4035190615835777,1138,324,18912,20460
oof_all_2021,0.98,179.31932373437184,2,0.8077975376196991,0.7902439024390244,0.2216142270861833,1.9237536656891496,0.020039100684261974,86,0.4035190615835777,1138,324,18912,20460
oof_all_2021,0.98,179.31932373437184,5,0.7901504787961696,0.7902439024390244,0.2216142270861833,1.9237536656891496,0.020039100684261974,86,0.4035190615835777,1138,324,18912,20460
oof_all_2021,0.98,179.31932373437184,10,0.7842681258549932,0.7902439024390244,0.2216142270861833,1.9237536656891496,0.020039100684261974,86,0.4035190615835777,1138,324,18912,20460
oof_all_2021,0.98,179.31932373437184,20,0.781326949384405,0.7902439024390244,0.2216142270861833,1.9237536656891496,0.020039100684261974,86,0.4035190615835777,1138,324,18912,20460
oof_all_2021,0.98,179.31932373437184,50,0.7795622435020519,0.7902439024390244,0.2216142270861833,1.9237536656891496,0.020039100684261974,86,0.4035190615835777,1138,324,18912,20460
oof_all_2021,0.98,179.31932373437184,100,0.7789740082079344,0.7902439024390244,0.2216142270861833,1.9237536656891496,0.020039100684261974,86,0.4035190615835777,1138,324,18912,20460
oof_all_2021,0.99,182.8964958489707,1,0.9158686730506156,0.8,0.1121751025991792,0.9618768328445748,0.010019550342130987,41,0.19237536656891496,1298,164,18957,20460
oof_all_2021,0.99,182.8964958489707,2,0.9018467852257182,0.8,0.1121751025991792,0.9618768328445748,0.010019550342130987,41,0.19237536656891496,1298,164,18957,20460
oof_all_2021,0.99,182.8964958489707,5,0.8934336525307798,0.8,0.1121751025991792,0.9618768328445748,0.010019550342130987,41,0.19237536656891496,1298,164,18957,20460
oof_all_2021,0.99,182.8964958489707,10,0.8906292749658002,0.8,0.1121751025991792,0.9618768328445748,0.010019550342130987,41,0.19237536656891496,1298,164,18957,20460
oof_all_2021,0.99,182.8964958489707,20,0.8892270861833106,0.8,0.1121751025991792,0.9618768328445748,0.010019550342130987,41,0.19237536656891496,1298,164,18957,20460
oof_all_2021,0.99,182.8964958489707,50,0.8883857729138167,0.8,0.1121751025991792,0.9618768328445748,0.010019550342130987,41,0.19237536656891496,1298,164,18957,20460
oof_all_2021,0.99,182.8964958489707,100,0.8881053351573187,0.8,0.1121751025991792,0.9618768328445748,0.010019550342130987,41,0.19237536656891496,1298,164,18957,20460
oof_clean_Jul_Sep,0.5,107.09457908065437,1,3.3556085918854417,0.22914379802414928,0.9964200477326969,48.0,0.5,2809,37.00109769484083,3,835,3641,7288
oof_clean_Jul_Sep,0.5,107.09457908065437,2,1.6795942720763724,0.22914379802414928,0.9964200477326969,48.0,0.5,2809,37.00109769484083,3,835,3641,7288
oof_clean_Jul_Sep,0.5,107.09457908065437,5,0.6739856801909307,0.22914379802414928,0.9964200477326969,48.0,0.5,2809,37.00109769484083,3,835,3641,7288
oof_clean_Jul_Sep,0.5,107.09457908065437,10,0.33878281622911693,0.22914379802414928,0.9964200477326969,48.0,0.5,2809,37.00109769484083,3,835,3641,7288
oof_clean_Jul_Sep,0.5,107.09457908065437,20,0.17118138424821003,0.22914379802414928,0.9964200477326969,48.0,0.5,2809,37.00109769484083,3,835,3641,7288
oof_clean_Jul_Sep,0.5,107.09457908065437,50,0.07062052505966587,0.22914379802414928,0.9964200477326969,48.0,0.5,2809,37.00109769484083,3,835,3641,7288
oof_clean_Jul_Sep,0.5,107.09457908065437,100,0.03710023866348449,0.22914379802414928,0.9964200477326969,48.0,0.5,2809,37.00109769484083,3,835,3641,7288
oof_clean_Jul_Sep,0.51,107.82367233806191,1,3.268496420047733,0.23382805936712406,0.9964200477326969,47.038419319429195,0.48998353457738747,2736,36.03951701427003,3,835,3714,7288
oof_clean_Jul_Sep,0.51,107.82367233806191,2,1.636038186157518,0.23382805936712406,0.9964200477326969,47.038419319429195,0.48998353457738747,2736,36.03951701427003,3,835,3714,7288
oof_clean_Jul_Sep,0.51,107.82367233806191,5,0.656563245823389,0.23382805936712406,0.9964200477326969,47.038419319429195,0.48998353457738747,2736,36.03951701427003,3,835,3714,7288
oof_clean_Jul_Sep,0.51,107.82367233806191,10,0.33007159904534605,0.23382805936712406,0.9964200477326969,47.038419319429195,0.48998353457738747,2736,36.03951701427003,3,835,3714,7288
oof_clean_Jul_Sep,0.51,107.82367233806191,20,0.1668257756563246,0.23382805936712406,0.9964200477326969,47.038419319429195,0.48998353457738747,2736,36.03951701427003,3,835,3714,7288
oof_clean_Jul_Sep,0.51,107.82367233806191,50,0.0688782816229117,0.23382805936712406,0.9964200477326969,47.038419319429195,0.48998353457738747,2736,36.03951701427003,3,835,3714,7288
oof_clean_Jul_Sep,0.51,107.82367233806191,100,0.0362291169451074,0.23382805936712406,0.9964200477326969,47.038419319429195,0.48998353457738747,2736,36.03951701427003,3,835,3714,7288
oof_clean_Jul_Sep,0.52,108.54619626952851,1,3.181384248210024,0.2387078330474557,0.9964200477326969,46.0768386388584,0.479967069154775,2663,35.07793633369923,3,835,3787,7288
oof_clean_Jul_Sep,0.52,108.54619626952851,2,1.5924821002386635,0.2387078330474557,0.9964200477326969,46.0768386388584,0.479967069154775,2663,35.07793633369923,3,835,3787,7288
oof_clean_Jul_Sep,0.52,108.54619626952851,5,0.6391408114558472,0.2387078330474557,0.9964200477326969,46.0768386388584,0.479967069154775,2663,35.07793633369923,3,835,3787,7288
oof_clean_Jul_Sep,0.52,108.54619626952851,10,0.3213603818615752,0.2387078330474557,0.9964200477326969,46.0768386388584,0.479967069154775,2663,35.07793633369923,3,835,3787,7288
oof_clean_Jul_Sep,0.52,108.54619626952851,20,0.16247016706443915,0.2387078330474557,0.9964200477326969,46.0768386388584,0.479967069154775,2663,35.07793633369923,3,835,3787,7288
oof_clean_Jul_Sep,0.52,108.54619626952851,50,0.06713603818615752,0.2387078330474557,0.9964200477326969,46.0768386388584,0.479967069154775,2663,35.07793633369923,3,835,3787,7288
oof_clean_Jul_Sep,0.52,108.54619626952851,100,0.03535799522673031,0.2387078330474557,0.9964200477326969,46.0768386388584,0.479967069154775,2663,35.07793633369923,3,835,3787,7288
oof_clean_Jul_Sep,0.53,109.38733524137123,1,3.094272076372315,0.24379562043795622,0.9964200477326969,45.1152579582876,0.46995060373216246,2590,34.11635565312843,3,835,3860,7288
oof_clean_Jul_Sep,0.53,109.38733524137123,2,1.5489260143198091,0.24379562043795622,0.9964200477326969,45.1152579582876,0.46995060373216246,2590,34.11635565312843,3,835,3860,7288
oof_clean_Jul_Sep,0.53,109.38733524137123,5,0.6217183770883055,0.24379562043795622,0.9964200477326969,45.1152579582876,0.46995060373216246,2590,34.11635565312843,3,835,3860,7288
oof_clean_Jul_Sep,0.53,109.38733524137123,10,0.3126491646778043,0.24379562043795622,0.9964200477326969,45.1152579582876,0.46995060373216246,2590,34.11635565312843,3,835,3860,7288
oof_clean_Jul_Sep,0.53,109.38733524137123,20,0.1581145584725537,0.24379562043795622,0.9964200477326969,45.1152579582876,0.46995060373216246,2590,34.11635565312843,3,835,3860,7288
oof_clean_Jul_Sep,0.53,109.38733524137123,50,0.06539379474940334,0.24379562043795622,0.9964200477326969,45.1152579582876,0.46995060373216246,2590,34.11635565312843,3,835,3860,7288
oof_clean_Jul_Sep,0.53,109.38733524137123,100,0.03448687350835322,0.24379562043795622,0.9964200477326969,45.1152579582876,0.46995060373216246,2590,34.11635565312843,3,835,3860,7288
oof_clean_Jul_Sep,0.54,110.06359472378185,1,3.0107398568019095,0.2487324783775723,0.9952267303102625,44.166849615806804,0.4600713501646542,2519,33.18111964873765,4,834,3931,7288
oof_clean_Jul_Sep,0.54,110.06359472378185,2,1.5077565632458234,0.2487324783775723,0.9952267303102625,44.166849615806804,0.4600713501646542,2519,33.18111964873765,4,834,3931,7288
oof_clean_Jul_Sep,0.54,110.06359472378185,5,0.6059665871121719,0.2487324783775723,0.9952267303102625,44.166849615806804,0.4600713501646542,2519,33.18111964873765,4,834,3931,7288
oof_clean_Jul_Sep,0.54,110.06359472378185,10,0.30536992840095467,0.2487324783775723,0.9952267303102625,44.166849615806804,0.4600713501646542,2519,33.18111964873765,4,834,3931,7288
oof_clean_Jul_Sep,0.54,110.06359472378185,20,0.15507159904534606,0.2487324783775723,0.9952267303102625,44.166849615806804,0.4600713501646542,2519,33.18111964873765,4,834,3931,7288
oof_clean_Jul_Sep,0.54,110.06359472378185,50,0.0648926014319809,0.2487324783775723,0.9952267303102625,44.166849615806804,0.4600713501646542,2519,33.18111964873765,4,834,3931,7288
oof_clean_Jul_Sep,0.54,110.06359472378185,100,0.03483293556085919,0.2487324783775723,0.9952267303102625,44.166849615806804,0.4600713501646542,2519,33.18111964873765,4,834,3931,7288
oof_clean_Jul_Sep,0.55,110.83240723583788,1,2.9236276849642007,0.25426829268292683,0.9952267303102625,43.205268935236006,0.4500548847420417,2446,32.219538968166844,4,834,4004,7288
oof_clean_Jul_Sep,0.55,110.83240723583788,2,1.464200477326969,0.25426829268292683,0.9952267303102625,43.205268935236006,0.4500548847420417,2446,32.219538968166844,4,834,4004,7288
oof_clean_Jul_Sep,0.55,110.83240723583788,5,0.5885441527446301,0.25426829268292683,0.9952267303102625,43.205268935236006,0.4500548847420417,2446,32.219538968166844,4,834,4004,7288
oof_clean_Jul_Sep,0.55,110.83240723583788,10,0.2966587112171838,0.25426829268292683,0.9952267303102625,43.205268935236006,0.4500548847420417,2446,32.219538968166844,4,834,4004,7288
oof_clean_Jul_Sep,0.55,110.83240723583788,20,0.15071599045346062,0.25426829268292683,0.9952267303102625,43.205268935236006,0.4500548847420417,2446,32.219538968166844,4,834,4004,7288
oof_clean_Jul_Sep,0.55,110.83240723583788,50,0.06315035799522672,0.25426829268292683,0.9952267303102625,43.205268935236006,0.4500548847420417,2446,32.219538968166844,4,834,4004,7288
oof_clean_Jul_Sep,0.55,110.83240723583788,100,0.0339618138424821,0.25426829268292683,0.9952267303102625,43.205268935236006,0.4500548847420417,2446,32.219538968166844,4,834,4004,7288
oof_clean_Jul_Sep,0.56,111.54483194861044,1,2.8389021479713605,0.2597443093233552,0.9940334128878282,42.2436882546652,0.4400384193194292,2374,31.27113062568606,5,833,4076,7288
oof_clean_Jul_Sep,0.56,111.54483194861044,2,1.422434367541766,0.2597443093233552,0.9940334128878282,42.2436882546652,0.4400384193194292,2374,31.27113062568606,5,833,4076,7288
oof_clean_Jul_Sep,0.56,111.54483194861044,5,0.5725536992840096,0.2597443093233552,0.9940334128878282,42.2436882546652,0.4400384193194292,2374,31.27113062568606,5,833,4076,7288
oof_clean_Jul_Sep,0.56,111.54483194861044,10,0.2892601431980907,0.2597443093233552,0.9940334128878282,42.2436882546652,0.4400384193194292,2374,31.27113062568606,5,833,4076,7288
oof_clean_Jul_Sep,0.56,111.54483194861044,20,0.14761336515513127,0.2597443093233552,0.9940334128878282,42.2436882546652,0.4400384193194292,2374,31.27113062568606,5,833,4076,7288
oof_clean_Jul_Sep,0.56,111.54483194861044,50,0.06262529832935561,0.2597443093233552,0.9940334128878282,42.2436882546652,0.4400384193194292,2374,31.27113062568606,5,833,4076,7288
oof_clean_Jul_Sep,0.56,111.54483194861044,100,0.03429594272076372,0.2597443093233552,0.9940334128878282,42.2436882546652,0.4400384193194292,2374,31.27113062568606,5,833,4076,7288
oof_clean_Jul_Sep,0.57,112.43479278907229,1,2.7517899761336517,0.2657945118059987,0.9940334128878282,41.282107574094404,0.4300219538968167,2301,30.309549945115258,5,833,4149,7288
oof_clean_Jul_Sep,0.57,112.43479278907229,2,1.3788782816229117,0.2657945118059987,0.9940334128878282,41.282107574094404,0.4300219538968167,2301,30.309549945115258,5,833,4149,7288
oof_clean_Jul_Sep,0.57,112.43479278907229,5,0.5551312649164678,0.2657945118059987,0.9940334128878282,41.282107574094404,0.4300219538968167,2301,30.309549945115258,5,833,4149,7288
oof_clean_Jul_Sep,0.57,112.43479278907229,10,0.2805489260143198,0.2657945118059987,0.9940334128878282,41.282107574094404,0.4300219538968167,2301,30.309549945115258,5,833,4149,7288
oof_clean_Jul_Sep,0.57,112.43479278907229,20,0.14325775656324582,0.2657945118059987,0.9940334128878282,41.282107574094404,0.4300219538968167,2301,30.309549945115258,5,833,4149,7288
oof_clean_Jul_Sep,0.57,112.43479278907229,50,0.06088305489260143,0.2657945118059987,0.9940334128878282,41.282107574094404,0.4300219538968167,2301,30.309549945115258,5,833,4149,7288
oof_clean_Jul_Sep,0.57,112.43479278907229,100,0.03342482100238663,0.2657945118059987,0.9940334128878282,41.282107574094404,0.4300219538968167,2301,30.309549945115258,5,833,4149,7288
oof_clean_Jul_Sep,0.58,113.31455058427643,1,2.664677804295943,0.27213328977458345,0.9940334128878282,40.3205268935236,0.42000548847420416,2228,29.347969264544457,5,833,4222,7288
oof_clean_Jul_Sep,0.58,113.31455058427643,2,1.3353221957040573,0.27213328977458345,0.9940334128878282,40.3205268935236,0.42000548847420416,2228,29.347969264544457,5,833,4222,7288
oof_clean_Jul_Sep,0.58,113.31455058427643,5,0.537708830548926,0.27213328977458345,0.9940334128878282,40.3205268935236,0.42000548847420416,2228,29.347969264544457,5,833,4222,7288
oof_clean_Jul_Sep,0.58,113.31455058427643,10,0.2718377088305489,0.27213328977458345,0.9940334128878282,40.3205268935236,0.42000548847420416,2228,29.347969264544457,5,833,4222,7288
oof_clean_Jul_Sep,0.58,113.31455058427643,20,0.13890214797136038,0.27213328977458345,0.9940334128878282,40.3205268935236,0.42000548847420416,2228,29.347969264544457,5,833,4222,7288
oof_clean_Jul_Sep,0.58,113.31455058427643,50,0.05914081145584726,0.27213328977458345,0.9940334128878282,40.3205268935236,0.42000548847420416,2228,29.347969264544457,5,833,4222,7288
oof_clean_Jul_Sep,0.58,113.31455058427643,100,0.032553699284009543,0.27213328977458345,0.9940334128878282,40.3205268935236,0.42000548847420416,2228,29.347969264544457,5,833,4222,7288
oof_clean_Jul_Sep,0.59,114.10830344538287,1,2.5775656324582337,0.27878179384203483,0.9940334128878282,39.3589462129528,0.4099890230515917,2155,28.386388583973652,5,833,4295,7288
oof_clean_Jul_Sep,0.59,114.10830344538287,2,1.291766109785203,0.27878179384203483,0.9940334128878282,39.3589462129528,0.4099890230515917,2155,28.386388583973652,5,833,4295,7288
oof_clean_Jul_Sep,0.59,114.10830344538287,5,0.5202863961813843,0.27878179384203483,0.9940334128878282,39.3589462129528,0.4099890230515917,2155,28.386388583973652,5,833,4295,7288
oof_clean_Jul_Sep,0.59,114.10830344538287,10,0.26312649164677804,0.27878179384203483,0.9940334128878282,39.3589462129528,0.4099890230515917,2155,28.386388583973652,5,833,4295,7288
oof_clean_Jul_Sep,0.59,114.10830344538287,20,0.13454653937947494,0.27878179384203483,0.9940334128878282,39.3589462129528,0.4099890230515917,2155,28.386388583973652,5,833,4295,7288
oof_clean_Jul_Sep,0.59,114.10830344538287,50,0.05739856801909308,0.27878179384203483,0.9940334128878282,39.3589462129528,0.4099890230515917,2155,28.386388583973652,5,833,4295,7288
oof_clean_Jul_Sep,0.59,114.10830344538287,100,0.03168257756563246,0.27878179384203483,0.9940334128878282,39.3589462129528,0.4099890230515917,2155,28.386388583973652,5,833,4295,7288
oof_clean_Jul_Sep,0.6,114.91093575778771,1,2.490453460620525,0.28576329331046313,0.9940334128878282,38.397365532382,0.39997255762897915,2082,27.42480790340285,5,833,4368,7288
oof_clean_Jul_Sep,0.6,114.91093575778771,2,1.2482100238663485,0.28576329331046313,0.9940334128878282,38.397365532382,0.39997255762897915,2082,27.42480790340285,5,833,4368,7288
oof_clean_Jul_Sep,0.6,114.91093575778771,5,0.5028639618138425,0.28576329331046313,0.9940334128878282,38.397365532382,0.39997255762897915,2082,27.42480790340285,5,833,4368,7288
oof_clean_Jul_Sep,0.6,114.91093575778771,10,0.25441527446300716,0.28576329331046313,0.9940334128878282,38.397365532382,0.39997255762897915,2082,27.42480790340285,5,833,4368,7288
oof_clean_Jul_Sep,0.6,114.91093575778771,20,0.1301909307875895,0.28576329331046313,0.9940334128878282,38.397365532382,0.39997255762897915,2082,27.42480790340285,5,833,4368,7288
oof_clean_Jul_Sep,0.6,114.91093575778771,50,0.0556563245823389,0.28576329331046313,0.9940334128878282,38.397365532382,0.39997255762897915,2082,27.42480790340285,5,833,4368,7288
oof_clean_Jul_Sep,0.6,114.91093575778771,100,0.03081145584725537,0.28576329331046313,0.9940334128878282,38.397365532382,0.39997255762897915,2082,27.42480790340285,5,833,4368,7288
oof_clean_Jul_Sep,0.61,115.69486119270142,1,2.403341288782816,0.29310344827586204,0.9940334128878282,37.43578485181119,0.3899560922063666,2009,26.46322722283205,5,833,4441,7288
oof_clean_Jul_Sep,0.61,115.69486119270142,2,1.204653937947494,0.29310344827586204,0.9940334128878282,37.43578485181119,0.3899560922063666,2009,26.46322722283205,5,833,4441,7288
oof_clean_Jul_Sep,0.61,115.69486119270142,5,0.4854415274463007,0.29310344827586204,0.9940334128878282,37.43578485181119,0.3899560922063666,2009,26.46322722283205,5,833,4441,7288
oof_clean_Jul_Sep,0.61,115.69486119270142,10,0.24570405727923628,0.29310344827586204,0.9940334128878282,37.43578485181119,0.3899560922063666,2009,26.46322722283205,5,833,4441,7288
oof_clean_Jul_Sep,0.61,115.69486119270142,20,0.12583532219570406,0.29310344827586204,0.9940334128878282,37.43578485181119,0.3899560922063666,2009,26.46322722283205,5,833,4441,7288
oof_clean_Jul_Sep,0.61,115.69486119270142,50,0.05391408114558473,0.29310344827586204,0.9940334128878282,37.43578485181119,0.3899560922063666,2009,26.46322722283205,5,833,4441,7288
oof_clean_Jul_Sep,0.61,115.69486119270142,100,0.029940334128878282,0.29310344827586204,0.9940334128878282,37.43578485181119,0.3899560922063666,2009,26.46322722283205,5,833,4441,7288
oof_clean_Jul_Sep,0.62,116.64821445224423,1,2.3174224343675416,0.3007220216606498,0.9940334128878282,36.4873765093304,0.3800768386388584,1937,25.51481888035126,5,833,4513,7288
oof_clean_Jul_Sep,0.62,116.64821445224423,2,1.1616945107398569,0.3007220216606498,0.9940334128878282,36.4873765093304,0.3800768386388584,1937,25.51481888035126,5,833,4513,7288
oof_clean_Jul_Sep,0.62,116.64821445224423,5,0.4682577565632458,0.3007220216606498,0.9940334128878282,36.4873765093304,0.3800768386388584,1937,25.51481888035126,5,833,4513,7288
oof_clean_Jul_Sep,0.62,116.64821445224423,10,0.23711217183770883,0.3007220216606498,0.9940334128878282,36.4873765093304,0.3800768386388584,1937,25.51481888035126,5,833,4513,7288
oof_clean_Jul_Sep,0.62,116.64821445224423,20,0.12153937947494034,0.3007220216606498,0.9940334128878282,36.4873765093304,0.3800768386388584,1937,25.51481888035126,5,833,4513,7288
oof_clean_Jul_Sep,0.62,116.64821445224423,50,0.05219570405727924,0.3007220216606498,0.9940334128878282,36.4873765093304,0.3800768386388584,1937,25.51481888035126,5,833,4513,7288
oof_clean_Jul_Sep,0.62,116.64821445224423,100,0.029081145584725538,0.3007220216606498,0.9940334128878282,36.4873765093304,0.3800768386388584,1937,25.51481888035126,5,833,4513,7288
oof_clean_Jul_Sep,0.63,117.61745215753957,1,2.2303102625298328,0.3088616981831665,0.9940334128878282,35.525795828759605,0.3700603732162459,1864,24.55323819978046,5,833,4586,7288
oof_clean_Jul_Sep,0.63,117.61745215753957,2,1.1181384248210025,0.3088616981831665,0.9940334128878282,35.525795828759605,0.3700603732162459,1864,24.55323819978046,5,833,4586,7288
oof_clean_Jul_Sep,0.63,117.61745215753957,5,0.45083532219570405,0.3088616981831665,0.9940334128878282,35.525795828759605,0.3700603732162459,1864,24.55323819978046,5,833,4586,7288
oof_clean_Jul_Sep,0.63,117.61745215753957,10,0.22840095465393795,0.3088616981831665,0.9940334128878282,35.525795828759605,0.3700603732162459,1864,24.55323819978046,5,833,4586,7288
oof_clean_Jul_Sep,0.63,117.61745215753957,20,0.11718377088305489,0.3088616981831665,0.9940334128878282,35.525795828759605,0.3700603732162459,1864,24.55323819978046,5,833,4586,7288
oof_clean_Jul_Sep,0.63,117.61745215753957,50,0.05045346062052506,0.3088616981831665,0.9940334128878282,35.525795828759605,0.3700603732162459,1864,24.55323819978046,5,833,4586,7288
oof_clean_Jul_Sep,0.63,117.61745215753957,100,0.02821002386634845,0.3088616981831665,0.9940334128878282,35.525795828759605,0.3700603732162459,1864,24.55323819978046,5,833,4586,7288
oof_clean_Jul_Sep,0.64,118.85181462075339,1,2.143198090692124,0.3174542682926829,0.9940334128878282,34.56421514818881,0.3600439077936334,1791,23.591657519209658,5,833,4659,7288
oof_clean_Jul_Sep,0.64,118.85181462075339,2,1.074582338902148,0.3174542682926829,0.9940334128878282,34.56421514818881,0.3600439077936334,1791,23.591657519209658,5,833,4659,7288
oof_clean_Jul_Sep,0.64,118.85181462075339,5,0.4334128878281623,0.3174542682926829,0.9940334128878282,34.56421514818881,0.3600439077936334,1791,23.591657519209658,5,833,4659,7288
oof_clean_Jul_Sep,0.64,118.85181462075339,10,0.21968973747016707,0.3174542682926829,0.9940334128878282,34.56421514818881,0.3600439077936334,1791,23.591657519209658,5,833,4659,7288
oof_clean_Jul_Sep,0.64,118.85181462075339,20,0.11282816229116945,0.3174542682926829,0.9940334128878282,34.56421514818881,0.3600439077936334,1791,23.591657519209658,5,833,4659,7288
oof_clean_Jul_Sep,0.64,118.85181462075339,50,0.04871121718377088,0.3174542682926829,0.9940334128878282,34.56421514818881,0.3600439077936334,1791,23.591657519209658,5,833,4659,7288
oof_clean_Jul_Sep,0.64,118.85181462075339,100,0.02733890214797136,0.3174542682926829,0.9940334128878282,34.56421514818881,0.3600439077936334,1791,23.591657519209658,5,833,4659,7288
oof_clean_Jul_Sep,0.65,120.15307096618632,1,2.056085918854415,0.32653861230889847,0.9940334128878282,33.602634467618,0.35002744237102085,1718,22.630076838638857,5,833,4732,7288
oof_clean_Jul_Sep,0.65,120.15307096618632,2,1.0310262529832936,0.32653861230889847,0.9940334128878282,33.602634467618,0.35002744237102085,1718,22.630076838638857,5,833,4732,7288
oof_clean_Jul_Sep,0.65,120.15307096618632,5,0.4159904534606205,0.32653861230889847,0.9940334128878282,33.602634467618,0.35002744237102085,1718,22.630076838638857,5,833,4732,7288
oof_clean_Jul_Sep,0.65,120.15307096618632,10,0.2109785202863962,0.32653861230889847,0.9940334128878282,33.602634467618,0.35002744237102085,1718,22.630076838638857,5,833,4732,7288
oof_clean_Jul_Sep,0.65,120.15307096618632,20,0.108472553699284,0.32653861230889847,0.9940334128878282,33.602634467618,0.35002744237102085,1718,22.630076838638857,5,833,4732,7288
oof_clean_Jul_Sep,0.65,120.15307096618632,50,0.04696897374701671,0.32653861230889847,0.9940334128878282,33.602634467618,0.35002744237102085,1718,22.630076838638857,5,833,4732,7288
oof_clean_Jul_Sep,0.65,120.15307096618632,100,0.026467780429594273,0.32653861230889847,0.9940334128878282,33.602634467618,0.35002744237102085,1718,22.630076838638857,5,833,4732,7288
oof_clean_Jul_Sep,0.66,121.42233948908766,1,1.9713603818615753,0.3357546408393866,0.9928400954653938,32.6410537870472,0.3400109769484083,1646,21.681668496158068,6,832,4804,7288
oof_clean_Jul_Sep,0.66,121.42233948908766,2,0.9892601431980907,0.3357546408393866,0.9928400954653938,32.6410537870472,0.3400109769484083,1646,21.681668496158068,6,832,4804,7288
oof_clean_Jul_Sep,0.66,121.42233948908766,5,0.4,0.3357546408393866,0.9928400954653938,32.6410537870472,0.3400109769484083,1646,21.681668496158068,6,832,4804,7288
oof_clean_Jul_Sep,0.66,121.42233948908766,10,0.2035799522673031,0.3357546408393866,0.9928400954653938,32.6410537870472,0.3400109769484083,1646,21.681668496158068,6,832,4804,7288
oof_clean_Jul_Sep,0.66,121.42233948908766,20,0.10536992840095466,0.3357546408393866,0.9928400954653938,32.6410537870472,0.3400109769484083,1646,21.681668496158068,6,832,4804,7288
oof_clean_Jul_Sep,0.66,121.42233948908766,50,0.046443914081145586,0.3357546408393866,0.9928400954653938,32.6410537870472,0.3400109769484083,1646,21.681668496158068,6,832,4804,7288
oof_clean_Jul_Sep,0.66,121.42233948908766,100,0.026801909307875894,0.3357546408393866,0.9928400954653938,32.6410537870472,0.3400109769484083,1646,21.681668496158068,6,832,4804,7288
oof_clean_Jul_Sep,0.67,122.63975825657313,1,1.8866348448687351,0.34553014553014555,0.9916467780429594,31.6794731064764,0.32999451152579584,1574,20.733260153677275,7,831,4876,7288
oof_clean_Jul_Sep,0.67,122.63975825657313,2,0.9474940334128878,0.34553014553014555,0.9916467780429594,31.6794731064764,0.32999451152579584,1574,20.733260153677275,7,831,4876,7288
oof_clean_Jul_Sep,0.67,122.63975825657313,5,0.38400954653937946,0.34553014553014555,0.9916467780429594,31.6794731064764,0.32999451152579584,1574,20.733260153677275,7,831,4876,7288
oof_clean_Jul_Sep,0.67,122.63975825657313,10,0.19618138424821002,0.34553014553014555,0.9916467780429594,31.6794731064764,0.32999451152579584,1574,20.733260153677275,7,831,4876,7288
oof_clean_Jul_Sep,0.67,122.63975825657313,20,0.1022673031026253,0.34553014553014555,0.9916467780429594,31.6794731064764,0.32999451152579584,1574,20.733260153677275,7,831,4876,7288
oof_clean_Jul_Sep,0.67,122.63975825657313,50,0.04591885441527446,0.34553014553014555,0.9916467780429594,31.6794731064764,0.32999451152579584,1574,20.733260153677275,7,831,4876,7288
oof_clean_Jul_Sep,0.67,122.63975825657313,100,0.027136038186157518,0.34553014553014555,0.9916467780429594,31.6794731064764,0.32999451152579584,1574,20.733260153677275,7,831,4876,7288
oof_clean_Jul_Sep,0.68,124.71833163784993,1,1.8066825775656326,0.35506003430531735,0.9880668257756563,30.717892425905596,0.3199780461031833,1504,19.81119648737651,10,828,4946,7288
oof_clean_Jul_Sep,0.68,124.71833163784993,2,0.9093078758949881,0.35506003430531735,0.9880668257756563,30.717892425905596,0.3199780461031833,1504,19.81119648737651,10,828,4946,7288
oof_clean_Jul_Sep,0.68,124.71833163784993,5,0.3708830548926014,0.35506003430531735,0.9880668257756563,30.717892425905596,0.3199780461031833,1504,19.81119648737651,10,828,4946,7288
oof_clean_Jul_Sep,0.68,124.71833163784993,10,0.19140811455847256,0.35506003430531735,0.9880668257756563,30.717892425905596,0.3199780461031833,1504,19.81119648737651,10,828,4946,7288
oof_clean_Jul_Sep,0.68,124.71833163784993,20,0.10167064439140812,0.35506003430531735,0.9880668257756563,30.717892425905596,0.3199780461031833,1504,19.81119648737651,10,828,4946,7288
oof_clean_Jul_Sep,0.68,124.71833163784993,50,0.04782816229116945,0.35506003430531735,0.9880668257756563,30.717892425905596,0.3199780461031833,1504,19.81119648737651,10,828,4946,7288
oof_clean_Jul_Sep,0.68,124.71833163784993,100,0.029880668257756562,0.35506003430531735,0.9880668257756563,30.717892425905596,0.3199780461031833,1504,19.81119648737651,10,828,4946,7288
oof_clean_Jul_Sep,0.69,126.67106860305927,1,1.7315035799522673,0.36432049579459935,0.9821002386634845,29.756311745334795,0.3099615806805708,1436,18.91547749725576,15,823,5014,7288
oof_clean_Jul_Sep,0.69,126.67106860305927,2,0.8747016706443914,0.36432049579459935,0.9821002386634845,29.756311745334795,0.3099615806805708,1436,18.91547749725576,15,823,5014,7288
oof_clean_Jul_Sep,0.69,126.67106860305927,5,0.36062052505966585,0.36432049579459935,0.9821002386634845,29.756311745334795,0.3099615806805708,1436,18.91547749725576,15,823,5014,7288
oof_clean_Jul_Sep,0.69,126.67106860305927,10,0.1892601431980907,0.36432049579459935,0.9821002386634845,29.756311745334795,0.3099615806805708,1436,18.91547749725576,15,823,5014,7288
oof_clean_Jul_Sep,0.69,126.67106860305927,20,0.1035799522673031,0.36432049579459935,0.9821002386634845,29.756311745334795,0.3099615806805708,1436,18.91547749725576,15,823,5014,7288
oof_clean_Jul_Sep,0.69,126.67106860305927,50,0.05217183770883055,0.36432049579459935,0.9821002386634845,29.756311745334795,0.3099615806805708,1436,18.91547749725576,15,823,5014,7288
oof_clean_Jul_Sep,0.69,126.67106860305927,100,0.03503579952267303,0.36432049579459935,0.9821002386634845,29.756311745334795,0.3099615806805708,1436,18.91547749725576,15,823,5014,7288
oof_clean_Jul_Sep,0.7,129.24229939537315,1,1.6479713603818615,0.37585733882030176,0.9809069212410502,28.807903402854002,0.30008232711306254,1365,17.980241492864984,16,822,5085,7288
oof_clean_Jul_Sep,0.7,129.24229939537315,2,0.8335322195704057,0.37585733882030176,0.9809069212410502,28.807903402854002,0.30008232711306254,1365,17.980241492864984,16,822,5085,7288
oof_clean_Jul_Sep,0.7,129.24229939537315,5,0.3448687350835322,0.37585733882030176,0.9809069212410502,28.807903402854002,0.30008232711306254,1365,17.980241492864984,16,822,5085,7288
oof_clean_Jul_Sep,0.7,129.24229939537315,10,0.18198090692124105,0.37585733882030176,0.9809069212410502,28.807903402854002,0.30008232711306254,1365,17.980241492864984,16,822,5085,7288
oof_clean_Jul_Sep,0.7,129.24229939537315,20,0.10053699284009547,0.37585733882030176,0.9809069212410502,28.807903402854002,0.30008232711306254,1365,17.980241492864984,16,822,5085,7288
oof_clean_Jul_Sep,0.7,129.24229939537315,50,0.051670644391408116,0.37585733882030176,0.9809069212410502,28.807903402854002,0.30008232711306254,1365,17.980241492864984,16,822,5085,7288
oof_clean_Jul_Sep,0.7,129.24229939537315,100,0.035381861575178995,0.37585733882030176,0.9809069212410502,28.807903402854002,0.30008232711306254,1365,17.980241492864984,16,822,5085,7288
oof_clean_Jul_Sep,0.71,132.6987628115826,1,1.5751789976133652,0.3859981078524125,0.9737470167064439,27.846322722283205,0.29006586169045007,1298,17.097694840834247,22,816,5152,7288
oof_clean_Jul_Sep,0.71,132.6987628115826,2,0.8007159904534606,0.3859981078524125,0.9737470167064439,27.846322722283205,0.29006586169045007,1298,17.097694840834247,22,816,5152,7288
oof_clean_Jul_Sep,0.71,132.6987628115826,5,0.3360381861575179,0.3859981078524125,0.9737470167064439,27.846322722283205,0.29006586169045007,1298,17.097694840834247,22,816,5152,7288
oof_clean_Jul_Sep,0.71,132.6987628115826,10,0.181145584725537,0.3859981078524125,0.9737470167064439,27.846322722283205,0.29006586169045007,1298,17.097694840834247,22,816,5152,7288
oof_clean_Jul_Sep,0.71,132.6987628115826,20,0.10369928400954653,0.3859981078524125,0.9737470167064439,27.846322722283205,0.29006586169045007,1298,17.097694840834247,22,816,5152,7288
oof_clean_Jul_Sep,0.71,132.6987628115826,50,0.05723150357995227,0.3859981078524125,0.9737470167064439,27.846322722283205,0.29006586169045007,1298,17.097694840834247,22,816,5152,7288
oof_clean_Jul_Sep,0.71,132.6987628115826,100,0.04174224343675418,0.3859981078524125,0.9737470167064439,27.846322722283205,0.29006586169045007,1298,17.097694840834247,22,816,5152,7288
oof_clean_Jul_Sep,0.72,136.5374471637739,1,1.4952267303102624,0.3983341499265066,0.9701670644391408,26.884742041712403,0.28004939626783754,1228,16.17563117453348,25,813,5222,7288
oof_clean_Jul_Sep,0.72,136.5374471637739,2,0.7625298329355609,0.3983341499265066,0.9701670644391408,26.884742041712403,0.28004939626783754,1228,16.17563117453348,25,813,5222,7288
oof_clean_Jul_Sep,0.72,136.5374471637739,5,0.32291169451073987,0.3983341499265066,0.9701670644391408,26.884742041712403,0.28004939626783754,1228,16.17563117453348,25,813,5222,7288
oof_clean_Jul_Sep,0.72,136.5374471637739,10,0.17637231503579953,0.3983341499265066,0.9701670644391408,26.884742041712403,0.28004939626783754,1228,16.17563117453348,25,813,5222,7288
oof_clean_Jul_Sep,0.72,136.5374471637739,20,0.10310262529832935,0.3983341499265066,0.9701670644391408,26.884742041712403,0.28004939626783754,1228,16.17563117453348,25,813,5222,7288
oof_clean_Jul_Sep,0.72,136.5374471637739,50,0.05914081145584726,0.3983341499265066,0.9701670644391408,26.884742041712403,0.28004939626783754,1228,16.17563117453348,25,813,5222,7288
oof_clean_Jul_Sep,0.72,136.5374471637739,100,0.044486873508353224,0.3983341499265066,0.9701670644391408,26.884742041712403,0.28004939626783754,1228,16.17563117453348,25,813,5222,7288
oof_clean_Jul_Sep,0.73,141.68575351673618,1,1.4105011933174225,0.41260162601626016,0.9689737470167065,25.923161361141602,0.270032930845225,1156,15.22722283205269,26,812,5294,7288
oof_clean_Jul_Sep,0.73,141.68575351673618,2,0.720763723150358,0.41260162601626016,0.9689737470167065,25.923161361141602,0.270032930845225,1156,15.22722283205269,26,812,5294,7288
oof_clean_Jul_Sep,0.73,141.68575351673618,5,0.3069212410501193,0.41260162601626016,0.9689737470167065,25.923161361141602,0.270032930845225,1156,15.22722283205269,26,812,5294,7288
oof_clean_Jul_Sep,0.73,141.68575351673618,10,0.16897374701670645,0.41260162601626016,0.9689737470167065,25.923161361141602,0.270032930845225,1156,15.22722283205269,26,812,5294,7288
oof_clean_Jul_Sep,0.73,141.68575351673618,20,0.1,0.41260162601626016,0.9689737470167065,25.923161361141602,0.270032930845225,1156,15.22722283205269,26,812,5294,7288
oof_clean_Jul_Sep,0.73,141.68575351673618,50,0.058615751789976134,0.41260162601626016,0.9689737470167065,25.923161361141602,0.270032930845225,1156,15.22722283205269,26,812,5294,7288
oof_clean_Jul_Sep,0.73,141.68575351673618,100,0.04482100238663485,0.41260162601626016,0.9689737470167065,25.923161361141602,0.270032930845225,1156,15.22722283205269,26,812,5294,7288
oof_clean_Jul_Sep,0.74,145.76145321651543,1,1.328162291169451,0.42744063324538256,0.9665871121718377,24.961580680570805,0.26001646542261253,1085,14.291986827661908,28,810,5365,7288
oof_clean_Jul_Sep,0.74,145.76145321651543,2,0.6807875894988067,0.42744063324538256,0.9665871121718377,24.961580680570805,0.26001646542261253,1085,14.291986827661908,28,810,5365,7288
oof_clean_Jul_Sep,0.74,145.76145321651543,5,0.29236276849642007,0.42744063324538256,0.9665871121718377,24.961580680570805,0.26001646542261253,1085,14.291986827661908,28,810,5365,7288
oof_clean_Jul_Sep,0.74,145.76145321651543,10,0.16288782816229117,0.42744063324538256,0.9665871121718377,24.961580680570805,0.26001646542261253,1085,14.291986827661908,28,810,5365,7288
oof_clean_Jul_Sep,0.74,145.76145321651543,20,0.09815035799522673,0.42744063324538256,0.9665871121718377,24.961580680570805,0.26001646542261253,1085,14.291986827661908,28,810,5365,7288
oof_clean_Jul_Sep,0.74,145.76145321651543,50,0.059307875894988066,0.42744063324538256,0.9665871121718377,24.961580680570805,0.26001646542261253,1085,14.291986827661908,28,810,5365,7288
oof_clean_Jul_Sep,0.74,145.76145321651543,100,0.04636038186157518,0.42744063324538256,0.9665871121718377,24.961580680570805,0.26001646542261253,1085,14.291986827661908,28,810,5365,7288
oof_clean_Jul_Sep,0.75,148.30706259239705,1,1.2410501193317423,0.4445664105378705,0.9665871121718377,24.0,0.25,1012,13.330406147091107,28,810,5438,7288
oof_clean_Jul_Sep,0.75,148.30706259239705,2,0.6372315035799523,0.4445664105378705,0.9665871121718377,24.0,0.25,1012,13.330406147091107,28,810,5438,7288
oof_clean_Jul_Sep,0.75,148.30706259239705,5,0.2749403341288783,0.4445664105378705,0.9665871121718377,24.0,0.25,1012,13.330406147091107,28,810,5438,7288
oof_clean_Jul_Sep,0.75,148.30706259239705,10,0.15417661097852028,0.4445664105378705,0.9665871121718377,24.0,0.25,1012,13.330406147091107,28,810,5438,7288
oof_clean_Jul_Sep,0.75,148.30706259239705,20,0.09379474940334129,0.4445664105378705,0.9665871121718377,24.0,0.25,1012,13.330406147091107,28,810,5438,7288
oof_clean_Jul_Sep,0.75,148.30706259239705,50,0.05756563245823389,0.4445664105378705,0.9665871121718377,24.0,0.25,1012,13.330406147091107,28,810,5438,7288
oof_clean_Jul_Sep,0.75,148.30706259239705,100,0.04548926014319809,0.4445664105378705,0.9665871121718377,24.0,0.25,1012,13.330406147091107,28,810,5438,7288
oof_clean_Jul_Sep,0.76,151.13211173684968,1,1.1634844868735084,0.46083476272155516,0.9618138424821002,23.0384193194292,0.2399835345773875,943,12.42151481888035,32,806,5507,7288
oof_clean_Jul_Sep,0.76,151.13211173684968,2,0.600835322195704,0.46083476272155516,0.9618138424821002,23.0384193194292,0.2399835345773875,943,12.42151481888035,32,806,5507,7288
oof_clean_Jul_Sep,0.76,151.13211173684968,5,0.26324582338902147,0.46083476272155516,0.9618138424821002,23.0384193194292,0.2399835345773875,943,12.42151481888035,32,806,5507,7288
oof_clean_Jul_Sep,0.76,151.13211173684968,10,0.15071599045346062,0.46083476272155516,0.9618138424821002,23.0384193194292,0.2399835345773875,943,12.42151481888035,32,806,5507,7288
oof_clean_Jul_Sep,0.76,151.13211173684968,20,0.09445107398568019,0.46083476272155516,0.9618138424821002,23.0384193194292,0.2399835345773875,943,12.42151481888035,32,806,5507,7288
oof_clean_Jul_Sep,0.76,151.13211173684968,50,0.06069212410501193,0.46083476272155516,0.9618138424821002,23.0384193194292,0.2399835345773875,943,12.42151481888035,32,806,5507,7288
oof_clean_Jul_Sep,0.76,151.13211173684968,100,0.049439140811455846,0.46083476272155516,0.9618138424821002,23.0384193194292,0.2399835345773875,943,12.42151481888035,32,806,5507,7288
oof_clean_Jul_Sep,0.77,153.31561145022127,1,1.0966587112171837,0.47584973166368516,0.9522673031026253,22.09001097694841,0.23010428100987926,879,11.578485181119648,40,798,5571,7288
oof_clean_Jul_Sep,0.77,153.31561145022127,2,0.5721957040572793,0.47584973166368516,0.9522673031026253,22.09001097694841,0.23010428100987926,879,11.578485181119648,40,798,5571,7288
oof_clean_Jul_Sep,0.77,153.31561145022127,5,0.2575178997613365,0.47584973166368516,0.9522673031026253,22.09001097694841,0.23010428100987926,879,11.578485181119648,40,798,5571,7288
oof_clean_Jul_Sep,0.77,153.31561145022127,10,0.15262529832935562,0.47584973166368516,0.9522673031026253,22.09001097694841,0.23010428100987926,879,11.578485181119648,40,798,5571,7288
oof_clean_Jul_Sep,0.77,153.31561145022127,20,0.10017899761336516,0.47584973166368516,0.9522673031026253,22.09001097694841,0.23010428100987926,879,11.578485181119648,40,798,5571,7288
oof_clean_Jul_Sep,0.77,153.31561145022127,50,0.06871121718377088,0.47584973166368516,0.9522673031026253,22.09001097694841,0.23010428100987926,879,11.578485181119648,40,798,5571,7288
oof_clean_Jul_Sep,0.77,153.31561145022127,100,0.05822195704057279,0.47584973166368516,0.9522673031026253,22.09001097694841,0.23010428100987926,879,11.578485181119648,40,798,5571,7288
oof_clean_Jul_Sep,0.78,155.60580140735127,1,1.0310262529832936,0.4918952618453865,0.9415274463007159,21.128430296377605,0.22008781558726673,815,10.735455543358945,49,789,5635,7288
oof_clean_Jul_Sep,0.78,155.60580140735127,2,0.5447494033412887,0.4918952618453865,0.9415274463007159,21.128430296377605,0.22008781558726673,815,10.735455543358945,49,789,5635,7288
oof_clean_Jul_Sep,0.78,155.60580140735127,5,0.2529832935560859,0.4918952618453865,0.9415274463007159,21.128430296377605,0.22008781558726673,815,10.735455543358945,49,789,5635,7288
oof_clean_Jul_Sep,0.78,155.60580140735127,10,0.15572792362768498,0.4918952618453865,0.9415274463007159,21.128430296377605,0.22008781558726673,815,10.735455543358945,49,789,5635,7288
oof_clean_Jul_Sep,0.78,155.60580140735127,20,0.10710023866348449,0.4918952618453865,0.9415274463007159,21.128430296377605,0.22008781558726673,815,10.735455543358945,49,789,5635,7288
oof_clean_Jul_Sep,0.78,155.60580140735127,50,0.0779236276849642,0.4918952618453865,0.9415274463007159,21.128430296377605,0.22008781558726673,815,10.735455543358945,49,789,5635,7288
oof_clean_Jul_Sep,0.78,155.60580140735127,100,0.06819809069212411,0.4918952618453865,0.9415274463007159,21.128430296377605,0.22008781558726673,815,10.735455543358945,49,789,5635,7288
oof_clean_Jul_Sep,0.79,157.49849913884498,1,0.9653937947494033,0.5094709340300457,0.9307875894988067,20.166849615806804,0.21007135016465422,751,9.892425905598243,58,780,5699,7288
oof_clean_Jul_Sep,0.79,157.49849913884498,2,0.5173031026252983,0.5094709340300457,0.9307875894988067,20.166849615806804,0.21007135016465422,751,9.892425905598243,58,780,5699,7288
oof_clean_Jul_Sep,0.79,157.49849913884498,5,0.24844868735083533,0.5094709340300457,0.9307875894988067,20.166849615806804,0.21007135016465422,751,9.892425905598243,58,780,5699,7288
oof_clean_Jul_Sep,0.79,157.49849913884498,10,0.1588305489260143,0.5094709340300457,0.9307875894988067,20.166849615806804,0.21007135016465422,751,9.892425905598243,58,780,5699,7288
oof_clean_Jul_Sep,0.79,157.49849913884498,20,0.11402147971360382,0.5094709340300457,0.9307875894988067,20.166849615806804,0.21007135016465422,751,9.892425905598243,58,780,5699,7288
oof_clean_Jul_Sep,0.79,157.49849913884498,50,0.08713603818615752,0.5094709340300457,0.9307875894988067,20.166849615806804,0.21007135016465422,751,9.892425905598243,58,780,5699,7288
oof_clean_Jul_Sep,0.79,157.49849913884498,100,0.07817422434367542,0.5094709340300457,0.9307875894988067,20.166849615806804,0.21007135016465422,751,9.892425905598243,58,780,5699,7288
oof_clean_Jul_Sep,0.8,159.20429337508983,1,0.9021479713603818,0.5281207133058985,0.918854415274463,19.205268935236006,0.20005488474204172,688,9.062568605927552,68,770,5762,7288
oof_clean_Jul_Sep,0.8,159.20429337508983,2,0.4916467780429594,0.5281207133058985,0.918854415274463,19.205268935236006,0.20005488474204172,688,9.062568605927552,68,770,5762,7288
oof_clean_Jul_Sep,0.8,159.20429337508983,5,0.24534606205250598,0.5281207133058985,0.918854415274463,19.205268935236006,0.20005488474204172,688,9.062568605927552,68,770,5762,7288
oof_clean_Jul_Sep,0.8,159.20429337508983,10,0.16324582338902147,0.5281207133058985,0.918854415274463,19.205268935236006,0.20005488474204172,688,9.062568605927552,68,770,5762,7288
oof_clean_Jul_Sep,0.8,159.20429337508983,20,0.12219570405727924,0.5281207133058985,0.918854415274463,19.205268935236006,0.20005488474204172,688,9.062568605927552,68,770,5762,7288
oof_clean_Jul_Sep,0.8,159.20429337508983,50,0.0975656324582339,0.5281207133058985,0.918854415274463,19.205268935236006,0.20005488474204172,688,9.062568605927552,68,770,5762,7288
oof_clean_Jul_Sep,0.8,159.20429337508983,100,0.08935560859188545,0.5281207133058985,0.918854415274463,19.205268935236006,0.20005488474204172,688,9.062568605927552,68,770,5762,7288
oof_clean_Jul_Sep,0.81,161.03423643304697,1,0.834128878281623,0.5501805054151625,0.9093078758949881,18.2436882546652,0.1900384193194292,623,8.206366630076838,76,762,5827,7288
oof_clean_Jul_Sep,0.81,161.03423643304697,2,0.46241050119331745,0.5501805054151625,0.9093078758949881,18.2436882546652,0.1900384193194292,623,8.206366630076838,76,762,5827,7288
oof_clean_Jul_Sep,0.81,161.03423643304697,5,0.23937947494033412,0.5501805054151625,0.9093078758949881,18.2436882546652,0.1900384193194292,623,8.206366630076838,76,762,5827,7288
oof_clean_Jul_Sep,0.81,161.03423643304697,10,0.16503579952267303,0.5501805054151625,0.9093078758949881,18.2436882546652,0.1900384193194292,623,8.206366630076838,76,762,5827,7288
oof_clean_Jul_Sep,0.81,161.03423643304697,20,0.1278639618138425,0.5501805054151625,0.9093078758949881,18.2436882546652,0.1900384193194292,623,8.206366630076838,76,762,5827,7288
oof_clean_Jul_Sep,0.81,161.03423643304697,50,0.10556085918854416,0.5501805054151625,0.9093078758949881,18.2436882546652,0.1900384193194292,623,8.206366630076838,76,762,5827,7288
oof_clean_Jul_Sep,0.81,161.03423643304697,100,0.09812649164677804,0.5501805054151625,0.9093078758949881,18.2436882546652,0.1900384193194292,623,8.206366630076838,76,762,5827,7288
oof_clean_Jul_Sep,0.82,162.5324189079125,1,0.7852028639618138,0.5685975609756098,0.8902147971360382,17.282107574094404,0.1800219538968167,566,7.455543358946213,92,746,5884,7288
oof_clean_Jul_Sep,0.82,162.5324189079125,2,0.44749403341288785,0.5685975609756098,0.8902147971360382,17.282107574094404,0.1800219538968167,566,7.455543358946213,92,746,5884,7288
oof_clean_Jul_Sep,0.82,162.5324189079125,5,0.2448687350835322,0.5685975609756098,0.8902147971360382,17.282107574094404,0.1800219538968167,566,7.455543358946213,92,746,5884,7288
oof_clean_Jul_Sep,0.82,162.5324189079125,10,0.17732696897374703,0.5685975609756098,0.8902147971360382,17.282107574094404,0.1800219538968167,566,7.455543358946213,92,746,5884,7288
oof_clean_Jul_Sep,0.82,162.5324189079125,20,0.1435560859188544,0.5685975609756098,0.8902147971360382,17.282107574094404,0.1800219538968167,566,7.455543358946213,92,746,5884,7288
oof_clean_Jul_Sep,0.82,162.5324189079125,50,0.12329355608591885,0.5685975609756098,0.8902147971360382,17.282107574094404,0.1800219538968167,566,7.455543358946213,92,746,5884,7288
oof_clean_Jul_Sep,0.82,162.5324189079125,100,0.11653937947494034,0.5685975609756098,0.8902147971360382,17.282107574094404,0.1800219538968167,566,7.455543358946213,92,746,5884,7288
oof_clean_Jul_Sep,0.83,163.89317716091765,1,0.7434367541766109,0.5867635189669088,0.8675417661097852,16.3205268935236,0.17000548847420416,512,6.74423710208562,111,727,5938,7288
oof_clean_Jul_Sep,0.83,163.89317716091765,2,0.4379474940334129,0.5867635189669088,0.8675417661097852,16.3205268935236,0.17000548847420416,512,6.74423710208562,111,727,5938,7288
oof_clean_Jul_Sep,0.83,163.89317716091765,5,0.254653937947494,0.5867635189669088,0.8675417661097852,16.3205268935236,0.17000548847420416,512,6.74423710208562,111,727,5938,7288
oof_clean_Jul_Sep,0.83,163.89317716091765,10,0.19355608591885443,0.5867635189669088,0.8675417661097852,16.3205268935236,0.17000548847420416,512,6.74423710208562,111,727,5938,7288
oof_clean_Jul_Sep,0.83,163.89317716091765,20,0.1630071599045346,0.5867635189669088,0.8675417661097852,16.3205268935236,0.17000548847420416,512,6.74423710208562,111,727,5938,7288
oof_clean_Jul_Sep,0.83,163.89317716091765,50,0.1446778042959427,0.5867635189669088,0.8675417661097852,16.3205268935236,0.17000548847420416,512,6.74423710208562,111,727,5938,7288
oof_clean_Jul_Sep,0.83,163.89317716091765,100,0.13856801909307875,0.5867635189669088,0.8675417661097852,16.3205268935236,0.17000548847420416,512,6.74423710208562,111,727,5938,7288
oof_clean_Jul_Sep,0.84,165.09624453193436,1,0.7136038186157518,0.6029159519725558,0.8389021479713604,15.358946212952798,0.15998902305159166,463,6.098792535675082,135,703,5987,7288
oof_clean_Jul_Sep,0.84,165.09624453193436,2,0.4373508353221957,0.6029159519725558,0.8389021479713604,15.358946212952798,0.15998902305159166,463,6.098792535675082,135,703,5987,7288
oof_clean_Jul_Sep,0.84,165.09624453193436,5,0.27159904534606205,0.6029159519725558,0.8389021479713604,15.358946212952798,0.15998902305159166,463,6.098792535675082,135,703,5987,7288
oof_clean_Jul_Sep,0.84,165.09624453193436,10,0.21634844868735084,0.6029159519725558,0.8389021479713604,15.358946212952798,0.15998902305159166,463,6.098792535675082,135,703,5987,7288
oof_clean_Jul_Sep,0.84,165.09624453193436,20,0.18872315035799522,0.6029159519725558,0.8389021479713604,15.358946212952798,0.15998902305159166,463,6.098792535675082,135,703,5987,7288
oof_clean_Jul_Sep,0.84,165.09624453193436,50,0.17214797136038187,0.6029159519725558,0.8389021479713604,15.358946212952798,0.15998902305159166,463,6.098792535675082,135,703,5987,7288
oof_clean_Jul_Sep,0.84,165.09624453193436,100,0.16662291169451074,0.6029159519725558,0.8389021479713604,15.358946212952798,0.15998902305159166,463,6.098792535675082,135,703,5987,7288
oof_clean_Jul_Sep,0.85,166.24425121294584,1,0.6801909307875895,0.6224862888482633,0.8126491646778043,14.410537870472009,0.15010976948408342,413,5.440175631174533,157,681,6037,7288
oof_clean_Jul_Sep,0.85,166.24425121294584,2,0.4337708830548926,0.6224862888482633,0.8126491646778043,14.410537870472009,0.15010976948408342,413,5.440175631174533,157,681,6037,7288
oof_clean_Jul_Sep,0.85,166.24425121294584,5,0.2859188544152745,0.6224862888482633,0.8126491646778043,14.410537870472009,0.15010976948408342,413,5.440175631174533,157,681,6037,7288
oof_clean_Jul_Sep,0.85,166.24425121294584,10,0.2366348448687351,0.6224862888482633,0.8126491646778043,14.410537870472009,0.15010976948408342,413,5.440175631174533,157,681,6037,7288
oof_clean_Jul_Sep,0.85,166.24425121294584,20,0.2119928400954654,0.6224862888482633,0.8126491646778043,14.410537870472009,0.15010976948408342,413,5.440175631174533,157,681,6037,7288
oof_clean_Jul_Sep,0.85,166.24425121294584,50,0.19720763723150359,0.6224862888482633,0.8126491646778043,14.410537870472009,0.15010976948408342,413,5.440175631174533,157,681,6037,7288
oof_clean_Jul_Sep,0.85,166.24425121294584,100,0.19227923627684965,0.6224862888482633,0.8126491646778043,14.410537870472009,0.15010976948408342,413,5.440175631174533,157,681,6037,7288
oof_clean_Jul_Sep,0.86,167.1416374031147,1,0.6718377088305489,0.6346718903036239,0.7732696897374701,13.448957189901208,0.1400933040614709,373,4.913282107574094,190,648,6077,7288
oof_clean_Jul_Sep,0.86,167.1416374031147,2,0.44928400954653935,0.6346718903036239,0.7732696897374701,13.448957189901208,0.1400933040614709,373,4.913282107574094,190,648,6077,7288
oof_clean_Jul_Sep,0.86,167.1416374031147,5,0.3157517899761337,0.6346718903036239,0.7732696897374701,13.448957189901208,0.1400933040614709,373,4.913282107574094,190,648,6077,7288
oof_clean_Jul_Sep,0.86,167.1416374031147,10,0.27124105011933175,0.6346718903036239,0.7732696897374701,13.448957189901208,0.1400933040614709,373,4.913282107574094,190,648,6077,7288
oof_clean_Jul_Sep,0.86,167.1416374031147,20,0.24898568019093079,0.6346718903036239,0.7732696897374701,13.448957189901208,0.1400933040614709,373,4.913282107574094,190,648,6077,7288
oof_clean_Jul_Sep,0.86,167.1416374031147,50,0.2356324582338902,0.6346718903036239,0.7732696897374701,13.448957189901208,0.1400933040614709,373,4.913282107574094,190,648,6077,7288
oof_clean_Jul_Sep,0.86,167.1416374031147,100,0.23118138424821003,0.6346718903036239,0.7732696897374701,13.448957189901208,0.1400933040614709,373,4.913282107574094,190,648,6077,7288
oof_clean_Jul_Sep,0.87,168.25422529759462,1,0.6634844868735084,0.6487341772151899,0.733890214797136,12.487376509330407,0.1300768386388584,333,4.386388583973655,223,615,6117,7288
oof_clean_Jul_Sep,0.87,168.25422529759462,2,0.4647971360381862,0.6487341772151899,0.733890214797136,12.487376509330407,0.1300768386388584,333,4.386388583973655,223,615,6117,7288
oof_clean_Jul_Sep,0.87,168.25422529759462,5,0.3455847255369928,0.6487341772151899,0.733890214797136,12.487376509330407,0.1300768386388584,333,4.386388583973655,223,615,6117,7288
oof_clean_Jul_Sep,0.87,168.25422529759462,10,0.3058472553699284,0.6487341772151899,0.733890214797136,12.487376509330407,0.1300768386388584,333,4.386388583973655,223,615,6117,7288
oof_clean_Jul_Sep,0.87,168.25422529759462,20,0.2859785202863962,0.6487341772151899,0.733890214797136,12.487376509330407,0.1300768386388584,333,4.386388583973655,223,615,6117,7288
oof_clean_Jul_Sep,0.87,168.25422529759462,50,0.2740572792362769,0.6487341772151899,0.733890214797136,12.487376509330407,0.1300768386388584,333,4.386388583973655,223,615,6117,7288
oof_clean_Jul_Sep,0.87,168.25422529759462,100,0.27008353221957043,0.6487341772151899,0.733890214797136,12.487376509330407,0.1300768386388584,333,4.386388583973655,223,615,6117,7288
oof_clean_Jul_Sep,0.88,169.1760896433689,1,0.6599045346062052,0.6628571428571428,0.6921241050119332,11.525795828759605,0.12006037321624588,295,3.8858397365532378,258,580,6155,7288
oof_clean_Jul_Sep,0.88,169.1760896433689,2,0.48389021479713606,0.6628571428571428,0.6921241050119332,11.525795828759605,0.12006037321624588,295,3.8858397365532378,258,580,6155,7288
oof_clean_Jul_Sep,0.88,169.1760896433689,5,0.37828162291169454,0.6628571428571428,0.6921241050119332,11.525795828759605,0.12006037321624588,295,3.8858397365532378,258,580,6155,7288
oof_clean_Jul_Sep,0.88,169.1760896433689,10,0.34307875894988066,0.6628571428571428,0.6921241050119332,11.525795828759605,0.12006037321624588,295,3.8858397365532378,258,580,6155,7288
oof_clean_Jul_Sep,0.88,169.1760896433689,20,0.32547732696897375,0.6628571428571428,0.6921241050119332,11.525795828759605,0.12006037321624588,295,3.8858397365532378,258,580,6155,7288
oof_clean_Jul_Sep,0.88,169.1760896433689,50,0.3149164677804296,0.6628571428571428,0.6921241050119332,11.525795828759605,0.12006037321624588,295,3.8858397365532378,258,580,6155,7288
oof_clean_Jul_Sep,0.88,169.1760896433689,100,0.3113961813842482,0.6628571428571428,0.6921241050119332,11.525795828759605,0.12006037321624588,295,3.8858397365532378,258,580,6155,7288
oof_clean_Jul_Sep,0.89,170.40838697576444,1,0.649164677804296,0.683291770573566,0.6539379474940334,10.564215148188802,0.11004390779363336,254,3.345773874862788,290,548,6196,7288
oof_clean_Jul_Sep,0.89,170.40838697576444,2,0.49761336515513127,0.683291770573566,0.6539379474940334,10.564215148188802,0.11004390779363336,254,3.345773874862788,290,548,6196,7288
oof_clean_Jul_Sep,0.89,170.40838697576444,5,0.4066825775656325,0.683291770573566,0.6539379474940334,10.564215148188802,0.11004390779363336,254,3.345773874862788,290,548,6196,7288
oof_clean_Jul_Sep,0.89,170.40838697576444,10,0.37637231503579954,0.683291770573566,0.6539379474940334,10.564215148188802,0.11004390779363336,254,3.345773874862788,290,548,6196,7288
oof_clean_Jul_Sep,0.89,170.40838697576444,20,0.3612171837708831,0.683291770573566,0.6539379474940334,10.564215148188802,0.11004390779363336,254,3.345773874862788,290,548,6196,7288
oof_clean_Jul_Sep,0.89,170.40838697576444,50,0.3521241050119332,0.683291770573566,0.6539379474940334,10.564215148188802,0.11004390779363336,254,3.345773874862788,290,548,6196,7288
oof_clean_Jul_Sep,0.89,170.40838697576444,100,0.3490930787589499,0.683291770573566,0.6539379474940334,10.564215148188802,0.11004390779363336,254,3.345773874862788,290,548,6196,7288
oof_clean_Jul_Sep,0.9,171.37979577877218,1,0.6431980906921241,0.7050754458161865,0.6133651551312649,9.602634467618003,0.10002744237102086,215,2.8320526893523597,324,514,6235,7288
oof_clean_Jul_Sep,0.9,171.37979577877218,2,0.5149164677804295,0.7050754458161865,0.6133651551312649,9.602634467618003,0.10002744237102086,215,2.8320526893523597,324,514,6235,7288
oof_clean_Jul_Sep,0.9,171.37979577877218,5,0.4379474940334129,0.7050754458161865,0.6133651551312649,9.602634467618003,0.10002744237102086,215,2.8320526893523597,324,514,6235,7288
oof_clean_Jul_Sep,0.9,171.37979577877218,10,0.41229116945107397,0.7050754458161865,0.6133651551312649,9.602634467618003,0.10002744237102086,215,2.8320526893523597,324,514,6235,7288
oof_clean_Jul_Sep,0.9,171.37979577877218,20,0.3994630071599045,0.7050754458161865,0.6133651551312649,9.602634467618003,0.10002744237102086,215,2.8320526893523597,324,514,6235,7288
oof_clean_Jul_Sep,0.9,171.37979577877218,50,0.3917661097852029,0.7050754458161865,0.6133651551312649,9.602634467618003,0.10002744237102086,215,2.8320526893523597,324,514,6235,7288
oof_clean_Jul_Sep,0.9,171.37979577877218,100,0.389200477326969,0.7050754458161865,0.6133651551312649,9.602634467618003,0.10002744237102086,215,2.8320526893523597,324,514,6235,7288
oof_clean_Jul_Sep,0.91,172.40184217574242,1,0.6348448687350835,0.7332317073170732,0.5739856801909308,8.641053787047202,0.09001097694840834,175,2.305159165751921,357,481,6275,7288
oof_clean_Jul_Sep,0.91,172.40184217574242,2,0.5304295942720764,0.7332317073170732,0.5739856801909308,8.641053787047202,0.09001097694840834,175,2.305159165751921,357,481,6275,7288
oof_clean_Jul_Sep,0.91,172.40184217574242,5,0.4677804295942721,0.7332317073170732,0.5739856801909308,8.641053787047202,0.09001097694840834,175,2.305159165751921,357,481,6275,7288
oof_clean_Jul_Sep,0.91,172.40184217574242,10,0.4468973747016706,0.7332317073170732,0.5739856801909308,8.641053787047202,0.09001097694840834,175,2.305159165751921,357,481,6275,7288
oof_clean_Jul_Sep,0.91,172.40184217574242,20,0.43645584725536996,0.7332317073170732,0.5739856801909308,8.641053787047202,0.09001097694840834,175,2.305159165751921,357,481,6275,7288
oof_clean_Jul_Sep,0.91,172.40184217574242,50,0.4301909307875895,0.7332317073170732,0.5739856801909308,8.641053787047202,0.09001097694840834,175,2.305159165751921,357,481,6275,7288
oof_clean_Jul_Sep,0.91,172.40184217574242,100,0.4281026252983294,0.7332317073170732,0.5739856801909308,8.641053787047202,0.09001097694840834,175,2.305159165751921,357,481,6275,7288
oof_clean_Jul_Sep,0.92,173.51085831617507,1,0.6455847255369929,0.7547169811320755,0.5250596658711217,7.679473106476399,0.07999451152579583,143,1.8836443468715696,398,440,6307,7288
oof_clean_Jul_Sep,0.92,173.51085831617507,2,0.5602625298329356,0.7547169811320755,0.5250596658711217,7.679473106476399,0.07999451152579583,143,1.8836443468715696,398,440,6307,7288
oof_clean_Jul_Sep,0.92,173.51085831617507,5,0.5090692124105012,0.7547169811320755,0.5250596658711217,7.679473106476399,0.07999451152579583,143,1.8836443468715696,398,440,6307,7288
oof_clean_Jul_Sep,0.92,173.51085831617507,10,0.4920047732696897,0.7547169811320755,0.5250596658711217,7.679473106476399,0.07999451152579583,143,1.8836443468715696,398,440,6307,7288
oof_clean_Jul_Sep,0.92,173.51085831617507,20,0.483472553699284,0.7547169811320755,0.5250596658711217,7.679473106476399,0.07999451152579583,143,1.8836443468715696,398,440,6307,7288
oof_clean_Jul_Sep,0.92,173.51085831617507,50,0.47835322195704055,0.7547169811320755,0.5250596658711217,7.679473106476399,0.07999451152579583,143,1.8836443468715696,398,440,6307,7288
oof_clean_Jul_Sep,0.92,173.51085831617507,100,0.4766467780429594,0.7547169811320755,0.5250596658711217,7.679473106476399,0.07999451152579583,143,1.8836443468715696,398,440,6307,7288
oof_clean_Jul_Sep,0.93,174.65349476859907,1,0.6718377088305489,0.7690802348336595,0.46897374701670647,6.73106476399561,0.0701152579582876,118,1.5543358946212953,445,393,6332,7288
oof_clean_Jul_Sep,0.93,174.65349476859907,2,0.6014319809069213,0.7690802348336595,0.46897374701670647,6.73106476399561,0.0701152579582876,118,1.5543358946212953,445,393,6332,7288
oof_clean_Jul_Sep,0.93,174.65349476859907,5,0.5591885441527447,0.7690802348336595,0.46897374701670647,6.73106476399561,0.0701152579582876,118,1.5543358946212953,445,393,6332,7288
oof_clean_Jul_Sep,0.93,174.65349476859907,10,0.545107398568019,0.7690802348336595,0.46897374701670647,6.73106476399561,0.0701152579582876,118,1.5543358946212953,445,393,6332,7288
oof_clean_Jul_Sep,0.93,174.65349476859907,20,0.5380668257756563,0.7690802348336595,0.46897374701670647,6.73106476399561,0.0701152579582876,118,1.5543358946212953,445,393,6332,7288
oof_clean_Jul_Sep,0.93,174.65349476859907,50,0.5338424821002387,0.7690802348336595,0.46897374701670647,6.73106476399561,0.0701152579582876,118,1.5543358946212953,445,393,6332,7288
oof_clean_Jul_Sep,0.93,174.65349476859907,100,0.5324343675417661,0.7690802348336595,0.46897374701670647,6.73106476399561,0.0701152579582876,118,1.5543358946212953,445,393,6332,7288
oof_clean_Jul_Sep,0.94,175.47404981443395,1,0.7088305489260143,0.7785388127853882,0.40692124105011934,5.769484083424809,0.060098792535675086,97,1.2777167947310646,497,341,6353,7288
oof_clean_Jul_Sep,0.94,175.47404981443395,2,0.6509546539379475,0.7785388127853882,0.40692124105011934,5.769484083424809,0.060098792535675086,97,1.2777167947310646,497,341,6353,7288
oof_clean_Jul_Sep,0.94,175.47404981443395,5,0.6162291169451074,0.7785388127853882,0.40692124105011934,5.769484083424809,0.060098792535675086,97,1.2777167947310646,497,341,6353,7288
oof_clean_Jul_Sep,0.94,175.47404981443395,10,0.604653937947494,0.7785388127853882,0.40692124105011934,5.769484083424809,0.060098792535675086,97,1.2777167947310646,497,341,6353,7288
oof_clean_Jul_Sep,0.94,175.47404981443395,20,0.5988663484486874,0.7785388127853882,0.40692124105011934,5.769484083424809,0.060098792535675086,97,1.2777167947310646,497,341,6353,7288
oof_clean_Jul_Sep,0.94,175.47404981443395,50,0.5953937947494033,0.7785388127853882,0.40692124105011934,5.769484083424809,0.060098792535675086,97,1.2777167947310646,497,341,6353,7288
oof_clean_Jul_Sep,0.94,175.47404981443395,100,0.594236276849642,0.7785388127853882,0.40692124105011934,5.769484083424809,0.060098792535675086,97,1.2777167947310646,497,341,6353,7288
oof_clean_Jul_Sep,0.95,176.5947328401034,1,0.7505966587112172,0.7863013698630137,0.3424821002386635,4.807903402854007,0.05008232711306257,78,1.0274423710208562,551,287,6372,7288
oof_clean_Jul_Sep,0.95,176.5947328401034,2,0.7040572792362768,0.7863013698630137,0.3424821002386635,4.807903402854007,0.05008232711306257,78,1.0274423710208562,551,287,6372,7288
oof_clean_Jul_Sep,0.95,176.5947328401034,5,0.6761336515513127,0.7863013698630137,0.3424821002386635,4.807903402854007,0.05008232711306257,78,1.0274423710208562,551,287,6372,7288
oof_clean_Jul_Sep,0.95,176.5947328401034,10,0.6668257756563246,0.7863013698630137,0.3424821002386635,4.807903402854007,0.05008232711306257,78,1.0274423710208562,551,287,6372,7288
oof_clean_Jul_Sep,0.95,176.5947328401034,20,0.6621718377088306,0.7863013698630137,0.3424821002386635,4.807903402854007,0.05008232711306257,78,1.0274423710208562,551,287,6372,7288
oof_clean_Jul_Sep,0.95,176.5947328401034,50,0.6593794749403341,0.7863013698630137,0.3424821002386635,4.807903402854007,0.05008232711306257,78,1.0274423710208562,551,287,6372,7288
oof_clean_Jul_Sep,0.95,176.5947328401034,100,0.6584486873508353,0.7863013698630137,0.3424821002386635,4.807903402854007,0.05008232711306257,78,1.0274423710208562,551,287,6372,7288
oof_clean_Jul_Sep,0.96,178.15827573107833,1,0.7971360381861575,0.791095890410959,0.2756563245823389,3.846322722283205,0.04006586169045005,61,0.8035126234906695,607,231,6389,7288
oof_clean_Jul_Sep,0.96,178.15827573107833,2,0.7607398568019093,0.791095890410959,0.2756563245823389,3.846322722283205,0.04006586169045005,61,0.8035126234906695,607,231,6389,7288
oof_clean_Jul_Sep,0.96,178.15827573107833,5,0.7389021479713603,0.791095890410959,0.2756563245823389,3.846322722283205,0.04006586169045005,61,0.8035126234906695,607,231,6389,7288
oof_clean_Jul_Sep,0.96,178.15827573107833,10,0.7316229116945108,0.791095890410959,0.2756563245823389,3.846322722283205,0.04006586169045005,61,0.8035126234906695,607,231,6389,7288
oof_clean_Jul_Sep,0.96,178.15827573107833,20,0.7279832935560859,0.791095890410959,0.2756563245823389,3.846322722283205,0.04006586169045005,61,0.8035126234906695,607,231,6389,7288
oof_clean_Jul_Sep,0.96,178.15827573107833,50,0.725799522673031,0.791095890410959,0.2756563245823389,3.846322722283205,0.04006586169045005,61,0.8035126234906695,607,231,6389,7288
oof_clean_Jul_Sep,0.96,178.15827573107833,100,0.725071599045346,0.791095890410959,0.2756563245823389,3.846322722283205,0.04006586169045005,61,0.8035126234906695,607,231,6389,7288
oof_clean_Jul_Sep,0.97,179.54350115254303,1,0.8245823389021479,0.8356164383561644,0.21837708830548927,2.8847420417124043,0.030049396267837543,36,0.47420417124039516,655,183,6414,7288
oof_clean_Jul_Sep,0.97,179.54350115254303,2,0.8031026252983293,0.8356164383561644,0.21837708830548927,2.8847420417124043,0.030049396267837543,36,0.47420417124039516,655,183,6414,7288
oof_clean_Jul_Sep,0.97,179.54350115254303,5,0.7902147971360381,0.8356164383561644,0.21837708830548927,2.8847420417124043,0.030049396267837543,36,0.47420417124039516,655,183,6414,7288
oof_clean_Jul_Sep,0.97,179.54350115254303,10,0.7859188544152744,0.8356164383561644,0.21837708830548927,2.8847420417124043,0.030049396267837543,36,0.47420417124039516,655,183,6414,7288
oof_clean_Jul_Sep,0.97,179.54350115254303,20,0.7837708830548926,0.8356164383561644,0.21837708830548927,2.8847420417124043,0.030049396267837543,36,0.47420417124039516,655,183,6414,7288
oof_clean_Jul_Sep,0.97,179.54350115254303,50,0.7824821002386635,0.8356164383561644,0.21837708830548927,2.8847420417124043,0.030049396267837543,36,0.47420417124039516,655,183,6414,7288
oof_clean_Jul_Sep,0.97,179.54350115254303,100,0.7820525059665872,0.8356164383561644,0.21837708830548927,2.8847420417124043,0.030049396267837543,36,0.47420417124039516,655,183,6414,7288
oof_clean_Jul_Sep,0.98,181.63632376546192,1,0.8878281622911695,0.821917808219178,0.1431980906921241,1.9231613611416025,0.020032930845225026,26,0.3424807903402854,718,120,6424,7288
oof_clean_Jul_Sep,0.98,181.63632376546192,2,0.8723150357995226,0.821917808219178,0.1431980906921241,1.9231613611416025,0.020032930845225026,26,0.3424807903402854,718,120,6424,7288
oof_clean_Jul_Sep,0.98,181.63632376546192,5,0.8630071599045346,0.821917808219178,0.1431980906921241,1.9231613611416025,0.020032930845225026,26,0.3424807903402854,718,120,6424,7288
oof_clean_Jul_Sep,0.98,181.63632376546192,10,0.8599045346062052,0.821917808219178,0.1431980906921241,1.9231613611416025,0.020032930845225026,26,0.3424807903402854,718,120,6424,7288
oof_clean_Jul_Sep,0.98,181.63632376546192,20,0.8583532219570406,0.821917808219178,0.1431980906921241,1.9231613611416025,0.020032930845225026,26,0.3424807903402854,718,120,6424,7288
oof_clean_Jul_Sep,0.98,181.63632376546192,50,0.8574224343675417,0.821917808219178,0.1431980906921241,1.9231613611416025,0.020032930845225026,26,0.3424807903402854,718,120,6424,7288
oof_clean_Jul_Sep,0.98,181.63632376546192,100,0.8571121718377088,0.821917808219178,0.1431980906921241,1.9231613611416025,0.020032930845225026,26,0.3424807903402854,718,120,6424,7288
oof_clean_Jul_Sep,0.99,184.0777929526667,1,0.9367541766109785,0.863013698630137,0.07517899761336516,0.9615806805708013,0.010016465422612513,10,0.13172338090010977,775,63,6440,7288
oof_clean_Jul_Sep,0.99,184.0777929526667,2,0.9307875894988067,0.863013698630137,0.07517899761336516,0.9615806805708013,0.010016465422612513,10,0.13172338090010977,775,63,6440,7288
oof_clean_Jul_Sep,0.99,184.0777929526667,5,0.9272076372315036,0.863013698630137,0.07517899761336516,0.9615806805708013,0.010016465422612513,10,0.13172338090010977,775,63,6440,7288
oof_clean_Jul_Sep,0.99,184.0777929526667,10,0.9260143198090692,0.863013698630137,0.07517899761336516,0.9615806805708013,0.010016465422612513,10,0.13172338090010977,775,63,6440,7288
oof_clean_Jul_Sep,0.99,184.0777929526667,20,0.9254176610978521,0.863013698630137,0.07517899761336516,0.9615806805708013,0.010016465422612513,10,0.13172338090010977,775,63,6440,7288
oof_clean_Jul_Sep,0.99,184.0777929526667,50,0.9250596658711218,0.863013698630137,0.07517899761336516,0.9615806805708013,0.010016465422612513,10,0.13172338090010977,775,63,6440,7288
oof_clean_Jul_Sep,0.99,184.0777929526667,100,0.9249403341288783,0.863013698630137,0.07517899761336516,0.9615806805708013,0.010016465422612513,10,0.13172338090010977,775,63,6440,7288
