window,eval_mode,fold,horizon_min,grouping,group,n_cal,n_test,conformal_Q,coverage,target,coverage_gap,mean_width,fallback_global_Q
all_2021,holdout_60_20_20,-1,15,global,0,4912,4912,1.045750295133489,0.866042345276873,0.9,-0.03395765472312706,25.36865738539063,False
all_2021,holdout_60_20_20,-1,15,by_operating,0,1895,2041,0.4308177533315664,0.8824105830475257,0.9,-0.01758941695247429,9.496532338679904,False
all_2021,holdout_60_20_20,-1,15,by_operating,1,3017,2871,1.4730950392727815,0.8369905956112853,0.9,-0.06300940438871472,36.63256059178177,False
all_2021,holdout_60_20_20,-1,15,by_pred_level,0,2130,2460,0.026049366993063816,0.8471544715447155,0.9,-0.05284552845528456,12.791420527812367,False
all_2021,holdout_60_20_20,-1,15,by_pred_level,1,1605,1370,0.9240284976125664,0.8751824817518248,0.9,-0.02481751824817524,34.74673245994885,False
all_2021,holdout_60_20_20,-1,15,by_pred_level,2,1177,1082,4.972640539580656,0.8308687615526802,0.9,-0.06913123844731983,44.99840231591117,False
all_2021,holdout_60_20_20,-1,15,by_abs_ramp,0,2223,2472,0.31188490472398184,0.8559870550161812,0.9,-0.0440129449838188,13.090961159213139,False
all_2021,holdout_60_20_20,-1,15,by_abs_ramp,1,2200,1973,1.5962922232570746,0.8499746578813989,0.9,-0.0500253421186011,35.593608198723295,False
all_2021,holdout_60_20_20,-1,15,by_abs_ramp,2,489,467,4.80020917527418,0.8629550321199143,0.9,-0.03704496788008571,51.55176160091071,False
all_2021,holdout_60_20_20,-1,15,by_operating_x_pred_level,0,1611,1967,0.04761329449706237,0.8383324860193188,0.9,-0.061667513980681266,7.7481629922736035,False
all_2021,holdout_60_20_20,-1,15,by_operating_x_pred_level,1,224,64,7.045415845229834,0.875,0.9,-0.025000000000000022,47.402755886567256,False
all_2021,holdout_60_20_20,-1,15,by_operating_x_pred_level,2,60,10,14.742874269191516,1.0,0.9,0.09999999999999998,73.33928657284402,False
all_2021,holdout_60_20_20,-1,15,by_operating_x_pred_level,3,519,493,-0.04376294357645282,0.9006085192697769,0.9,0.0006085192697768971,32.945751410132715,False
all_2021,holdout_60_20_20,-1,15,by_operating_x_pred_level,4,1381,1306,0.3567612292612004,0.8568147013782542,0.9,-0.043185298621745805,33.591946836868956,False
all_2021,holdout_60_20_20,-1,15,by_operating_x_pred_level,5,1117,1072,4.039812679387668,0.8059701492537313,0.9,-0.09402985074626868,43.050653155248035,False
all_2021,holdout_60_20_20,-1,15,by_latent_state,0,1437,1719,0.049952624413836355,0.8632926119837114,0.9,-0.03670738801628859,5.235199874072631,False
all_2021,holdout_60_20_20,-1,15,by_latent_state,1,1916,1613,1.504079708660753,0.8580285182889027,0.9,-0.041971481711097325,33.95933802503464,False
all_2021,holdout_60_20_20,-1,15,by_latent_state,2,1559,1580,2.5557996834902923,0.8107594936708861,0.9,-0.08924050632911396,40.29234090027806,False
all_2021,oof_folds,0,15,global,0,819,4093,1.2658838302106428,0.8270217444417298,0.9,-0.0729782555582702,40.0238672872003,False
all_2021,oof_folds,0,15,by_operating,0,502,1785,1.1446191605225766,0.7215686274509804,0.9,-0.17843137254901964,29.077783666568926,False
all_2021,oof_folds,0,15,by_operating,1,317,2308,1.629286911324228,0.9129116117850953,0.9,0.012911611785095256,49.028768939913,False
all_2021,oof_folds,0,15,by_pred_level,0,460,1804,0.9398076694706448,0.7217294900221729,0.9,-0.17827050997782712,27.705845429973582,False
all_2021,oof_folds,0,15,by_pred_level,1,248,1415,0.8573783791703576,0.9088339222614841,0.9,0.00883392226148405,50.82816084244071,False
all_2021,oof_folds,0,15,by_pred_level,2,111,874,2.94323052871973,0.9244851258581236,0.9,0.02448512585812357,48.64295752103527,False
all_2021,oof_folds,0,15,by_abs_ramp,0,409,1842,0.5497235542243236,0.6737242128121607,0.9,-0.22627578718783936,27.51737283278247,False
all_2021,oof_folds,0,15,by_abs_ramp,1,369,1926,2.248926647368719,0.9200415368639667,0.9,0.020041536863966702,50.354433887178985,False
all_2021,oof_folds,0,15,by_abs_ramp,2,41,325,1.2658838302106428,0.8369230769230769,0.9,-0.06307692307692314,53.21967648239412,True
all_2021,oof_folds,0,15,by_operating_x_pred_level,0,337,1349,0.8519029624159992,0.6330615270570793,0.9,-0.2669384729429207,22.135933582998362,False
all_2021,oof_folds,0,15,by_operating_x_pred_level,1,128,288,1.2170803126761447,0.8888888888888888,0.9,-0.011111111111111183,51.31558935965014,False
all_2021,oof_folds,0,15,by_operating_x_pred_level,2,37,148,1.2658838302106428,0.8108108108108109,0.9,-0.08918918918918917,44.26664438620318,True
all_2021,oof_folds,0,15,by_operating_x_pred_level,3,123,455,0.9841208489732778,0.8879120879120879,0.9,-0.012087912087912156,43.787096364662666,False
all_2021,oof_folds,0,15,by_operating_x_pred_level,4,120,1127,0.7844683422192722,0.9148181011535049,0.9,0.014818101153504903,50.741621070883724,False
all_2021,oof_folds,0,15,by_operating_x_pred_level,5,74,726,2.9407690989700686,0.9269972451790633,0.9,0.026997245179063323,48.84629874031894,False
all_2021,oof_folds,0,15,by_latent_state,0,314,1307,0.5177834592812619,0.5631216526396328,0.9,-0.33687834736036726,19.859648405090947,False
all_2021,oof_folds,0,15,by_latent_state,1,304,1552,1.9911990244064963,0.9317010309278351,0.9,0.03170103092783505,48.020691251863774,False
all_2021,oof_folds,0,15,by_latent_state,2,201,1234,2.740334656297635,0.9222042139384117,0.9,0.022204213938411654,54.51199688016335,False
all_2021,oof_folds,1,15,global,0,1638,4093,0.17499966708880088,0.8028341070119717,0.9,-0.09716589298802836,51.54400649402581,False
all_2021,oof_folds,1,15,by_operating,0,803,1637,0.39959979281305313,0.7135003054367746,0.9,-0.18649969456322546,19.334823218626394,False
all_2021,oof_folds,1,15,by_operating,1,835,2456,-0.05449753264618616,0.8623778501628665,0.9,-0.03762214983713352,72.8528353166446,False
all_2021,oof_folds,1,15,by_pred_level,0,732,1986,0.36683871885725094,0.7275931520644512,0.9,-0.17240684793554883,22.3227485737524,False
all_2021,oof_folds,1,15,by_pred_level,1,520,1241,-0.6672859885099004,0.8936341659951652,0.9,-0.006365834004834814,65.39327152465263,False
all_2021,oof_folds,1,15,by_pred_level,2,386,866,0.45940404459299244,0.8775981524249422,0.9,-0.02240184757505781,97.74550813943068,False
all_2021,oof_folds,1,15,by_abs_ramp,0,804,1929,0.2739258547563975,0.7439087610160705,0.9,-0.15609123898392951,29.03409484188135,False
all_2021,oof_folds,1,15,by_abs_ramp,1,657,1706,-0.009484010205150894,0.876905041031653,0.9,-0.023094958968347012,68.7974250494788,False
all_2021,oof_folds,1,15,by_abs_ramp,2,177,458,0.5043011414499592,0.8209606986899564,0.9,-0.07903930131004366,82.20148814684956,False
all_2021,oof_folds,1,15,by_operating_x_pred_level,0,605,1358,0.41035784735334735,0.6767304860088366,0.9,-0.22326951399116346,11.260519350636976,False
all_2021,oof_folds,1,15,by_operating_x_pred_level,1,122,184,-0.11930168285581746,0.8858695652173914,0.9,-0.01413043478260867,54.70444976109587,False
all_2021,oof_folds,1,15,by_operating_x_pred_level,2,76,95,1.6246090046410215,0.9157894736842105,0.9,0.015789473684210464,66.99701534755113,False
all_2021,oof_folds,1,15,by_operating_x_pred_level,3,127,628,-0.03478288159740807,0.7786624203821656,0.9,-0.12133757961783442,45.62890861804394,False
all_2021,oof_folds,1,15,by_operating_x_pred_level,4,398,1057,-1.1923385894121366,0.8817407757805109,0.9,-0.018259224219489112,66.39463408914443,False
all_2021,oof_folds,1,15,by_operating_x_pred_level,5,310,771,0.23460677761467524,0.8728923476005188,0.9,-0.027107652399481208,101.37178358943993,False
all_2021,oof_folds,1,15,by_latent_state,0,557,1257,0.3840863325655418,0.654733492442323,0.9,-0.24526650755767698,5.40002228454495,False
all_2021,oof_folds,1,15,by_latent_state,1,587,1540,-0.4469563314249268,0.9175324675324675,0.9,0.01753246753246751,68.18693293651047,False
all_2021,oof_folds,1,15,by_latent_state,2,494,1296,0.20503640805317472,0.8233024691358025,0.9,-0.0766975308641975,75.51063925950183,False
all_2021,oof_folds,2,15,global,0,2456,4093,0.4421401672955072,0.9039824089909602,0.9,0.00398240899096014,34.50136345164826,False
all_2021,oof_folds,2,15,by_operating,0,916,1444,0.25977005902315475,0.8912742382271468,0.9,-0.008725761772853224,9.46741077841887,False
all_2021,oof_folds,2,15,by_operating,1,1540,2649,0.7280762546779806,0.9060022650056625,0.9,0.006002265005662477,48.52070364734665,False
all_2021,oof_folds,2,15,by_pred_level,0,1297,2091,0.7691591073764907,0.8986131037780966,0.9,-0.0013868962219034664,17.143231301081652,False
all_2021,oof_folds,2,15,by_pred_level,1,731,1221,-0.06133890495897011,0.9066339066339066,0.9,0.006633906633906617,41.42146806004364,False
all_2021,oof_folds,2,15,by_pred_level,2,428,781,-1.165362946721623,0.8284250960307298,0.9,-0.07157490396927024,67.11798835416108,False
all_2021,oof_folds,2,15,by_abs_ramp,0,1155,1943,0.2132503575099137,0.901183736489964,0.9,0.001183736489963949,19.71636788721552,False
all_2021,oof_folds,2,15,by_abs_ramp,1,1034,1768,0.8348591435990635,0.8993212669683258,0.9,-0.0006787330316742057,46.038430421021175,False
all_2021,oof_folds,2,15,by_abs_ramp,2,267,382,1.4331237703006687,0.9240837696335078,0.9,0.02408376963350778,59.59563557709332,False
all_2021,oof_folds,2,15,by_operating_x_pred_level,0,823,1373,0.27421874894112025,0.8929351784413693,0.9,-0.007064821558630752,8.316581224278444,False
all_2021,oof_folds,2,15,by_operating_x_pred_level,1,67,67,-0.9517260877459527,0.835820895522388,0.9,-0.06417910447761199,26.87188792621108,False
all_2021,oof_folds,2,15,by_operating_x_pred_level,2,26,4,0.4421401672955072,0.75,0.9,-0.15000000000000002,82.66330794006339,True
all_2021,oof_folds,2,15,by_operating_x_pred_level,3,474,718,3.749497573412867,0.903899721448468,0.9,0.003899721448467952,38.08981955792776,False
all_2021,oof_folds,2,15,by_operating_x_pred_level,4,664,1154,0.016806727159132583,0.9098786828422877,0.9,0.009878682842287656,42.31910246680439,False
all_2021,oof_folds,2,15,by_operating_x_pred_level,5,402,777,-1.128253125292742,0.8301158301158301,0.9,-0.0698841698841699,67.12873148037602,False
all_2021,oof_folds,2,15,by_latent_state,0,738,1238,0.15893284032318156,0.8852988691437803,0.9,-0.014701130856219713,5.734356035481282,False
all_2021,oof_folds,2,15,by_latent_state,1,931,1613,0.5599197381842006,0.9063856168629882,0.9,0.006385616862988219,42.93222222494306,False
all_2021,oof_folds,2,15,by_latent_state,2,787,1242,1.6082246606261805,0.9170692431561996,0.9,0.01706924315619962,54.299970066323816,False
all_2021,oof_folds,3,15,global,0,3275,4093,0.05971025341527053,0.830197898851698,0.9,-0.06980210114830199,27.611397665391408,False
all_2021,oof_folds,3,15,by_operating,0,1180,1666,0.058801622287349,0.8631452581032413,0.9,-0.03685474189675875,14.262413376029746,False
all_2021,oof_folds,3,15,by_operating,1,2095,2427,0.06821681817021263,0.8071693448702101,0.9,-0.09283065512978994,36.790495783429634,False
all_2021,oof_folds,3,15,by_pred_level,0,1677,1827,0.059647599305327835,0.9020251778872469,0.9,0.002025177887246876,16.358797665325774,False
all_2021,oof_folds,3,15,by_pred_level,1,967,1272,-0.3310135022432682,0.8301886792452831,0.9,-0.06981132075471697,34.585534174542964,False
all_2021,oof_folds,3,15,by_pred_level,2,631,994,0.5665023711153209,0.6991951710261569,0.9,-0.2008048289738431,39.3826965768137,False
all_2021,oof_folds,3,15,by_abs_ramp,0,1575,1859,0.032614007246078096,0.8649811726734804,0.9,-0.03501882732651962,15.64749456991194,False
all_2021,oof_folds,3,15,by_abs_ramp,1,1401,1784,0.05975337052666935,0.8071748878923767,0.9,-0.09282511210762334,35.580821646249824,False
all_2021,oof_folds,3,15,by_abs_ramp,2,299,450,0.3690213036800422,0.7777777777777778,0.9,-0.12222222222222223,45.83636081312388,False
all_2021,oof_folds,3,15,by_operating_x_pred_level,0,1118,1397,0.061821259025699196,0.8997852541159628,0.9,-0.00021474588403724848,9.885504010695877,False
all_2021,oof_folds,3,15,by_operating_x_pred_level,1,60,204,-0.29487292869991427,0.7352941176470589,0.9,-0.16470588235294115,37.382154194658604,False
all_2021,oof_folds,3,15,by_operating_x_pred_level,2,2,65,0.05971025341527053,0.4307692307692308,0.9,-0.46923076923076923,33.683506093905265,True
all_2021,oof_folds,3,15,by_operating_x_pred_level,3,559,430,0.058850876273084746,0.9116279069767442,0.9,0.011627906976744207,37.40200524432334,False
all_2021,oof_folds,3,15,by_operating_x_pred_level,4,907,1068,-0.3310155174465652,0.848314606741573,0.9,-0.051685393258427026,34.065150808838716,False
all_2021,oof_folds,3,15,by_operating_x_pred_level,5,629,929,0.5694726532304508,0.7168998923573735,0.9,-0.18310010764262652,39.7164782670806,False
all_2021,oof_folds,3,15,by_latent_state,0,1026,1241,0.07299433673420833,0.8968573730862208,0.9,-0.0031426269137792007,6.657629568664435,False
all_2021,oof_folds,3,15,by_latent_state,1,1281,1519,-0.02157167734680936,0.8143515470704411,0.9,-0.08564845292955892,33.61313644545277,False
all_2021,oof_folds,3,15,by_latent_state,2,968,1333,0.08126946302333829,0.7831957989497375,0.9,-0.11680420105026257,40.162409250599566,False
all_2021,oof_folds,4,15,global,0,4094,4093,2.663346906335828,0.9052040068409479,0.9,0.005204006840947906,28.034190561392858,False
all_2021,oof_folds,4,15,by_operating,0,1666,1626,0.7629947196786728,0.8905289052890529,0.9,-0.009471094710947092,9.24583397561114,False
all_2021,oof_folds,4,15,by_operating,1,2428,2467,4.6871280087458995,0.9160924199432509,0.9,0.016092419943250835,41.96011616202654,False
all_2021,oof_folds,4,15,by_pred_level,0,1762,2046,0.12192135216247127,0.8269794721407625,0.9,-0.07302052785923752,12.98901490372605,False
all_2021,oof_folds,4,15,by_pred_level,1,1306,1136,1.986132113415842,0.9040492957746479,0.9,0.004049295774647854,35.39197481591851,False
all_2021,oof_folds,4,15,by_pred_level,2,1026,911,9.50469405945608,0.9407244785949506,0.9,0.04072447859495054,53.22713855067787,False
all_2021,oof_folds,4,15,by_abs_ramp,0,1859,2016,0.7755834424333397,0.878968253968254,0.9,-0.021031746031746068,13.467397341405377,False
all_2021,oof_folds,4,15,by_abs_ramp,1,1785,1706,4.614302049993009,0.9144196951934349,0.9,0.01441969519343489,40.4990645096455,False
all_2021,oof_folds,4,15,by_abs_ramp,2,450,371,7.497391299465906,0.9083557951482479,0.9,0.008355795148247913,56.9658287802116,False
all_2021,oof_folds,4,15,by_operating_x_pred_level,0,1380,1587,0.12909534981275142,0.8153749212350346,0.9,-0.08462507876496539,7.336626283825517,False
all_2021,oof_folds,4,15,by_operating_x_pred_level,1,218,38,10.644855377167474,0.9210526315789473,0.9,0.021052631578947323,54.48486158304944,False
all_2021,oof_folds,4,15,by_operating_x_pred_level,2,68,1,20.42732889030123,1.0,0.9,0.09999999999999998,98.4288701126984,False
all_2021,oof_folds,4,15,by_operating_x_pred_level,3,382,459,0.05633723680688591,0.869281045751634,0.9,-0.030718954248366015,32.45068111380821,False
all_2021,oof_folds,4,15,by_operating_x_pred_level,4,1088,1098,1.281844559683624,0.8861566484517304,0.9,-0.013843351548269656,33.921954599978804,False
all_2021,oof_folds,4,15,by_operating_x_pred_level,5,958,910,8.774975980609186,0.9285714285714286,0.9,0.02857142857142858,51.74203595133537,False
all_2021,oof_folds,4,15,by_latent_state,0,1241,1354,0.13208890452644306,0.8441654357459379,0.9,-0.05583456425406208,4.784669014471584,False
all_2021,oof_folds,4,15,by_latent_state,1,1520,1386,4.520039514192858,0.9292929292929293,0.9,0.02929292929292926,38.73515077670527,False
all_2021,oof_folds,4,15,by_latent_state,2,1333,1353,6.201051077165491,0.8795269770879527,0.9,-0.020473022912047334,46.15204277311003,False
all_2021,holdout_60_20_20,-1,30,global,0,4912,4912,1.3976864002023428,0.8713355048859935,0.9,-0.028664495114006483,36.59513615941434,False
all_2021,holdout_60_20_20,-1,30,by_operating,0,1894,2042,0.61944840239283,0.9025465230166504,0.9,0.0025465230166503705,15.067091596911911,False
all_2021,holdout_60_20_20,-1,30,by_operating,1,3018,2870,1.9707240435361426,0.8414634146341463,0.9,-0.05853658536585371,51.950947687746016,False
all_2021,holdout_60_20_20,-1,30,by_pred_level,0,2149,2484,0.06204862721901207,0.8405797101449275,0.9,-0.05942028985507253,18.360358423174713,False
all_2021,holdout_60_20_20,-1,30,by_pred_level,1,1657,1345,1.4620257859711991,0.9011152416356877,0.9,0.0011152416356876582,45.06765847071982,False
all_2021,holdout_60_20_20,-1,30,by_pred_level,2,1106,1083,6.250894937928037,0.8070175438596491,0.9,-0.09298245614035094,71.63605912558631,False
all_2021,holdout_60_20_20,-1,30,by_abs_ramp,0,2223,2473,0.530842222027995,0.8904164981803477,0.9,-0.009583501819652285,19.97857820024136,False
all_2021,holdout_60_20_20,-1,30,by_abs_ramp,1,2200,1972,1.965590340219858,0.847870182555781,0.9,-0.05212981744421907,49.52084787829806,False
all_2021,holdout_60_20_20,-1,30,by_abs_ramp,2,489,467,5.10524477028831,0.8244111349036403,0.9,-0.07558886509635976,73.03733246612762,False
all_2021,holdout_60_20_20,-1,30,by_operating_x_pred_level,0,1602,1949,0.055368991222765236,0.8286300667008722,0.9,-0.07136993329912777,11.926338262670875,False
all_2021,holdout_60_20_20,-1,30,by_operating_x_pred_level,1,238,74,23.004004572126277,1.0,0.9,0.09999999999999998,96.37896752814441,False
all_2021,holdout_60_20_20,-1,30,by_operating_x_pred_level,2,54,19,15.842038308521788,0.7368421052631579,0.9,-0.16315789473684217,109.63765024623363,False
all_2021,holdout_60_20_20,-1,30,by_operating_x_pred_level,3,547,535,0.1578577891644269,0.8785046728971962,0.9,-0.021495327102803774,41.94238435773585,False
all_2021,holdout_60_20_20,-1,30,by_operating_x_pred_level,4,1419,1271,0.7404073505291212,0.8890637293469709,0.9,-0.010936270653029156,43.145409790316805,False
all_2021,holdout_60_20_20,-1,30,by_operating_x_pred_level,5,1052,1064,5.400518764831826,0.7960526315789473,0.9,-0.10394736842105268,69.59924777261782,False
all_2021,holdout_60_20_20,-1,30,by_latent_state,0,1436,1720,0.07054040952600715,0.8569767441860465,0.9,-0.0430232558139535,7.687999013786071,False
all_2021,holdout_60_20_20,-1,30,by_latent_state,1,1917,1612,1.7395350658656181,0.8722084367245657,0.9,-0.027791563275434306,47.923431297768126,False
all_2021,holdout_60_20_20,-1,30,by_latent_state,2,1559,1580,3.265172011628715,0.8,0.9,-0.09999999999999998,58.0489694187393,False
all_2021,oof_folds,0,30,global,0,819,4093,0.14584919792371093,0.7669191302223308,0.9,-0.1330808697776692,78.76100574120487,False
all_2021,oof_folds,0,30,by_operating,0,501,1785,0.42744599022115176,0.6397759103641456,0.9,-0.2602240896358544,38.8983558847987,False
all_2021,oof_folds,0,30,by_operating,1,318,2308,-0.7368662483373752,0.8431542461005199,0.9,-0.0568457538994801,108.26079605413626,False
all_2021,oof_folds,0,30,by_pred_level,0,450,1778,-0.023060479509345786,0.5044994375703037,0.9,-0.39550056242969633,33.05473023989454,False
all_2021,oof_folds,0,30,by_pred_level,1,257,1432,-0.37317091720722967,0.8659217877094972,0.9,-0.034078212290502785,102.20919331841306,False
all_2021,oof_folds,0,30,by_pred_level,2,112,883,2.7154668405484714,0.912797281993205,0.9,0.012797281993204956,135.54331781929776,False
all_2021,oof_folds,0,30,by_abs_ramp,0,409,1842,0.034019397100601347,0.6492942453854506,0.9,-0.25070575461454947,42.57444085824322,False
all_2021,oof_folds,0,30,by_abs_ramp,1,369,1926,0.42284163329598484,0.8701973001038421,0.9,-0.029802699896157914,106.46091396675186,False
all_2021,oof_folds,0,30,by_abs_ramp,2,41,325,0.14584919792371093,0.8184615384615385,0.9,-0.08153846153846156,121.7167692699234,True
all_2021,oof_folds,0,30,by_operating_x_pred_level,0,329,1325,0.05476856511966536,0.5562264150943397,0.9,-0.34377358490566035,18.57662198462884,False
all_2021,oof_folds,0,30,by_operating_x_pred_level,1,138,312,1.7000769895684855,0.8878205128205128,0.9,-0.012179487179487247,97.25840894710069,False
all_2021,oof_folds,0,30,by_operating_x_pred_level,2,34,148,0.14584919792371093,0.777027027027027,0.9,-0.12297297297297305,95.93305033642434,True
all_2021,oof_folds,0,30,by_operating_x_pred_level,3,121,453,-1.0,0.8719646799116998,0.9,-0.02803532008830023,73.90381015364596,False
all_2021,oof_folds,0,30,by_operating_x_pred_level,4,119,1120,-1.9983329659587052,0.8419642857142857,0.9,-0.0580357142857143,101.49311155812217,False
all_2021,oof_folds,0,30,by_operating_x_pred_level,5,78,735,3.6196083210678736,0.9374149659863945,0.9,0.03741496598639449,144.29270658339553,False
all_2021,oof_folds,0,30,by_latent_state,0,313,1307,-0.023213033021419617,0.369548584544759,0.9,-0.5304514154552411,13.957466204214956,False
all_2021,oof_folds,0,30,by_latent_state,1,305,1552,0.861883184775861,0.9007731958762887,0.9,0.000773195876288657,106.26854947466083,False
all_2021,oof_folds,0,30,by_latent_state,2,201,1234,0.6726812731604495,0.8622366288492707,0.9,-0.03776337115072936,115.29859138602247,False
all_2021,oof_folds,1,30,global,0,1638,4093,0.5010727940563654,0.7864646958221354,0.9,-0.11353530417786462,39.63188577133133,False
all_2021,oof_folds,1,30,by_operating,0,802,1637,0.5057654753549038,0.678069639584606,0.9,-0.22193036041539405,20.30696621643377,False
all_2021,oof_folds,1,30,by_operating,1,836,2456,0.4940185737335328,0.8587133550488599,0.9,-0.041286644951140095,52.50468985101903,False
all_2021,oof_folds,1,30,by_pred_level,0,727,1985,0.12054175164131775,0.6317380352644836,0.9,-0.26826196473551644,23.763645356173026,False
all_2021,oof_folds,1,30,by_pred_level,1,530,1238,0.6340756058238266,0.8634894991922456,0.9,-0.03651050080775442,46.95586512776679,False
all_2021,oof_folds,1,30,by_pred_level,2,381,870,1.2794151974943613,0.8873563218390804,0.9,-0.012643678160919603,65.61383207748393,False
all_2021,oof_folds,1,30,by_abs_ramp,0,803,1929,0.10274484095798443,0.6360808709175739,0.9,-0.2639191290824261,22.555966262139084,False
all_2021,oof_folds,1,30,by_abs_ramp,1,658,1706,1.4376031400116032,0.8763188745603752,0.9,-0.02368112543962486,52.5303950425572,False
all_2021,oof_folds,1,30,by_abs_ramp,2,177,458,1.938562342087142,0.8384279475982532,0.9,-0.06157205240174679,70.00311860945895,False
all_2021,oof_folds,1,30,by_operating_x_pred_level,0,596,1343,0.07474846455120589,0.5480268056589724,0.9,-0.3519731943410276,13.881160951859918,False
all_2021,oof_folds,1,30,by_operating_x_pred_level,1,129,197,8.065730032090286,0.9289340101522843,0.9,0.02893401015228425,56.37279190552313,False
all_2021,oof_folds,1,30,by_operating_x_pred_level,2,77,97,3.5881455101470867,0.8762886597938144,0.9,-0.023711340206185594,60.96454230567885,False
all_2021,oof_folds,1,30,by_operating_x_pred_level,3,131,642,3.1558342207251364,0.8582554517133957,0.9,-0.041744548286604344,50.31581251531957,False
all_2021,oof_folds,1,30,by_operating_x_pred_level,4,401,1041,0.021693253798630498,0.8597502401536984,0.9,-0.040249759846301636,46.761779836522344,False
all_2021,oof_folds,1,30,by_operating_x_pred_level,5,304,773,0.6848094246082101,0.888745148771022,0.9,-0.011254851228978069,65.5874598441563,False
all_2021,oof_folds,1,30,by_latent_state,0,556,1258,0.04462074902741547,0.5182829888712241,0.9,-0.3817170111287759,9.548682594176,False
all_2021,oof_folds,1,30,by_latent_state,1,587,1540,1.0381025372243884,0.8662337662337662,0.9,-0.03376623376623378,49.089753832313285,False
all_2021,oof_folds,1,30,by_latent_state,2,495,1295,1.7621027406617071,0.864092664092664,0.9,-0.03590733590733597,60.520873113664706,False
all_2021,oof_folds,2,30,global,0,2456,4093,0.7477792228091651,0.8937209870510628,0.9,-0.006279012948937179,41.64847323937059,False
all_2021,oof_folds,2,30,by_operating,0,915,1445,0.40851117145460764,0.8768166089965398,0.9,-0.02318339100346023,15.648799172552712,False
all_2021,oof_folds,2,30,by_operating,1,1541,2648,1.1305310421649206,0.9025679758308157,0.9,0.002567975830815694,56.23159181695565,False
all_2021,oof_folds,2,30,by_pred_level,0,1320,2154,1.1993126173380335,0.8909006499535748,0.9,-0.009099350046425259,25.167603351953034,False
all_2021,oof_folds,2,30,by_pred_level,1,712,1173,1.3592863430857376,0.928388746803069,0.9,0.02838874680306902,51.723114235462454,False
all_2021,oof_folds,2,30,by_pred_level,2,424,766,-1.9540944145445924,0.8015665796344648,0.9,-0.09843342036553526,71.57376175693577,False
all_2021,oof_folds,2,30,by_abs_ramp,0,1154,1944,0.5240097302071276,0.8847736625514403,0.9,-0.015226337448559724,24.669736260528683,False
all_2021,oof_folds,2,30,by_abs_ramp,1,1034,1767,1.1448862152072234,0.9077532541029995,0.9,0.0077532541029994295,53.75050130582393,False
all_2021,oof_folds,2,30,by_abs_ramp,2,268,382,0.949974540726714,0.8821989528795812,0.9,-0.017801047120418856,73.87417648605292,False
all_2021,oof_folds,2,30,by_operating_x_pred_level,0,818,1370,0.4518856319644203,0.881021897810219,0.9,-0.01897810218978102,13.757119560574544,False
all_2021,oof_folds,2,30,by_operating_x_pred_level,1,67,60,1.81846427941676,0.9166666666666666,0.9,0.016666666666666607,42.341716768975644,False
all_2021,oof_folds,2,30,by_operating_x_pred_level,2,30,15,0.7477792228091651,0.8666666666666667,0.9,-0.033333333333333326,101.53176243373211,True
all_2021,oof_folds,2,30,by_operating_x_pred_level,3,502,784,5.337352382368992,0.8941326530612245,0.9,-0.005867346938775553,50.77074009408744,False
all_2021,oof_folds,2,30,by_operating_x_pred_level,4,645,1113,1.2102930895394948,0.9290206648697215,0.9,0.029020664869721435,51.980370495979074,False
all_2021,oof_folds,2,30,by_operating_x_pred_level,5,394,751,-1.8282391241892222,0.8162450066577897,0.9,-0.08375499334221037,71.33504117781784,False
all_2021,oof_folds,2,30,by_latent_state,0,738,1238,0.45188264129250694,0.8861066235864298,0.9,-0.013893376413570246,10.465698618519014,False
all_2021,oof_folds,2,30,by_latent_state,1,932,1612,2.0363831458513886,0.8982630272952854,0.9,-0.0017369727047146233,51.46849856277647,False
all_2021,oof_folds,2,30,by_latent_state,2,786,1243,0.31477957702332954,0.8897827835880934,0.9,-0.010217216411906649,61.85746451202811,False
all_2021,oof_folds,3,30,global,0,3275,4093,0.11361874560507794,0.7986806743220132,0.9,-0.10131932567798685,35.64747231106263,False
all_2021,oof_folds,3,30,by_operating,0,1180,1665,0.02282288939802695,0.8456456456456456,0.9,-0.05435435435435443,19.21660983925095,False
all_2021,oof_folds,3,30,by_operating,1,2095,2428,0.4589740966151814,0.7697693574958814,0.9,-0.13023064250411864,47.481113743888834,False
all_2021,oof_folds,3,30,by_pred_level,0,1714,1820,0.08262100184602741,0.8835164835164835,0.9,-0.016483516483516536,20.467970651385265,False
all_2021,oof_folds,3,30,by_pred_level,1,978,1369,-0.31393480816307096,0.8056975894813733,0.9,-0.09430241051862676,42.33439242572783,False
all_2021,oof_folds,3,30,by_pred_level,2,583,904,1.1172499854942979,0.6183628318584071,0.9,-0.2816371681415929,56.66892280647824,False
all_2021,oof_folds,3,30,by_abs_ramp,0,1576,1858,0.048766927122831503,0.8353067814854682,0.9,-0.0646932185145318,20.99547751767498,False
all_2021,oof_folds,3,30,by_abs_ramp,1,1400,1785,0.2861171560426888,0.7859943977591036,0.9,-0.1140056022408964,44.93618308722378,False
all_2021,oof_folds,3,30,by_abs_ramp,2,299,450,0.9319232287155922,0.6955555555555556,0.9,-0.20444444444444443,61.76827585161438,False
all_2021,oof_folds,3,30,by_operating_x_pred_level,0,1114,1375,0.022876180604707173,0.8843636363636364,0.9,-0.01563636363636367,12.831887633084431,False
all_2021,oof_folds,3,30,by_operating_x_pred_level,1,54,243,0.060709910198165906,0.6872427983539094,0.9,-0.21275720164609058,46.43057055879517,False
all_2021,oof_folds,3,30,by_operating_x_pred_level,2,12,47,0.11361874560507794,0.5319148936170213,0.9,-0.36808510638297876,65.8782062656429,True
all_2021,oof_folds,3,30,by_operating_x_pred_level,3,600,445,1.6680340552229458,0.8943820224719101,0.9,-0.005617977528089901,46.864225728363856,False
all_2021,oof_folds,3,30,by_operating_x_pred_level,4,924,1126,-0.330643389658533,0.8339253996447602,0.9,-0.06607460035523982,41.57868933626106,False
all_2021,oof_folds,3,30,by_operating_x_pred_level,5,571,857,1.1232402877729446,0.6207701283547258,0.9,-0.27922987164527424,56.065760284862456,False
all_2021,oof_folds,3,30,by_latent_state,0,1026,1240,0.022858549093479348,0.8830645161290323,0.9,-0.01693548387096777,9.736790234659528,False
all_2021,oof_folds,3,30,by_latent_state,1,1281,1520,0.3747161353941878,0.7934210526315789,0.9,-0.1065789473684211,43.893957719899575,False
all_2021,oof_folds,3,30,by_latent_state,2,968,1333,0.4182993425450591,0.7291822955738935,0.9,-0.17081770442610655,51.38304410578115,False
all_2021,oof_folds,4,30,global,0,4093,4093,3.4914012463031523,0.9088688003909113,0.9,0.008868800390911313,39.913049015125374,False
all_2021,oof_folds,4,30,by_operating,0,1665,1627,0.7858732770779767,0.9078057775046097,0.9,0.007805777504609646,15.35311237140211,False
all_2021,oof_folds,4,30,by_operating,1,2428,2466,5.389738626275072,0.9193025141930251,0.9,0.01930251419302509,56.34363655182471,False
all_2021,oof_folds,4,30,by_pred_level,0,1654,1990,0.2662244855675841,0.8597989949748743,0.9,-0.04020100502512569,19.452994564474423,False
all_2021,oof_folds,4,30,by_pred_level,1,1401,1172,2.604076031212492,0.9283276450511946,0.9,0.02832764505119456,44.683116708314294,False
all_2021,oof_folds,4,30,by_pred_level,2,1038,931,10.603551786148532,0.924812030075188,0.9,0.024812030075187952,75.8440044540835,False
all_2021,oof_folds,4,30,by_abs_ramp,0,1858,2017,0.8310130157848769,0.9062964799206743,0.9,0.0062964799206742805,20.446679453630367,False
all_2021,oof_folds,4,30,by_abs_ramp,1,1785,1705,5.121657531915506,0.9178885630498533,0.9,0.017888563049853312,53.878583003048796,False
all_2021,oof_folds,4,30,by_abs_ramp,2,450,371,8.700138822407977,0.9164420485175202,0.9,0.01644204851752018,78.03834025400194,False
all_2021,oof_folds,4,30,by_operating_x_pred_level,0,1352,1567,0.18628277777361166,0.8513082322910019,0.9,-0.04869176770899808,12.768893484525151,False
all_2021,oof_folds,4,30,by_operating_x_pred_level,1,243,53,22.986464201861118,1.0,0.9,0.09999999999999998,91.45075767745124,False
all_2021,oof_folds,4,30,by_operating_x_pred_level,2,70,7,15.054397679992599,0.7142857142857143,0.9,-0.18571428571428572,113.95327656619189,False
all_2021,oof_folds,4,30,by_operating_x_pred_level,3,302,423,0.9807574913372467,0.8817966903073287,0.9,-0.018203309692671366,45.05097093075182,False
all_2021,oof_folds,4,30,by_operating_x_pred_level,4,1158,1119,0.9674055150619629,0.90437890974084,0.9,0.004378909740839987,41.12545769095916,False
all_2021,oof_folds,4,30,by_operating_x_pred_level,5,968,924,10.254386474216709,0.9253246753246753,0.9,0.025324675324675305,74.92440428230758,False
all_2021,oof_folds,4,30,by_latent_state,0,1240,1355,0.18766472454113364,0.8863468634686347,0.9,-0.01365313653136535,7.680936165232405,False
all_2021,oof_folds,4,30,by_latent_state,1,1520,1385,5.70708342669977,0.9379061371841155,0.9,0.03790613718411551,53.55590473681291,False
all_2021,oof_folds,4,30,by_latent_state,2,1333,1353,6.878084997192436,0.877309682187731,0.9,-0.022690317812269045,62.919580894428925,False
all_2021,holdout_60_20_20,-1,45,global,0,4911,4912,1.3416028934601028,0.8737785016286646,0.9,-0.026221498371335472,83.32512925306914,False
all_2021,holdout_60_20_20,-1,45,by_operating,0,1893,2043,0.7988954665252684,0.908957415565345,0.9,0.008957415565345017,22.23893458087426,False
all_2021,holdout_60_20_20,-1,45,by_operating,1,3018,2869,1.7426901300028383,0.8396653886371558,0.9,-0.06033461136284424,126.85354742390237,False
all_2021,holdout_60_20_20,-1,45,by_pred_level,0,2087,2400,-0.05785442569986898,0.8279166666666666,0.9,-0.07208333333333339,29.470992334578124,False
all_2021,holdout_60_20_20,-1,45,by_pred_level,1,1718,1465,0.16424459162329372,0.8996587030716724,0.9,-0.0003412969283276279,112.25437582593707,False
all_2021,holdout_60_20_20,-1,45,by_pred_level,2,1106,1047,6.890712683916257,0.8042024832855779,0.9,-0.09579751671442216,167.68173223300445,False
all_2021,holdout_60_20_20,-1,45,by_abs_ramp,0,2222,2474,0.5321475253729631,0.8868229587712207,0.9,-0.013177041228779274,40.78777045664126,False
all_2021,holdout_60_20_20,-1,45,by_abs_ramp,1,2200,1971,1.7394134803752552,0.8554033485540334,0.9,-0.044596651445966584,120.37978182377493,False
all_2021,holdout_60_20_20,-1,45,by_abs_ramp,2,489,467,5.484605718677465,0.815845824411135,0.9,-0.08415417558886507,155.349228303559,False
all_2021,holdout_60_20_20,-1,45,by_operating_x_pred_level,0,1560,1909,-0.032910218415038654,0.8082765845992667,0.9,-0.09172341540073337,14.102865798664796,False
all_2021,holdout_60_20_20,-1,45,by_operating_x_pred_level,1,259,103,23.597214672731383,1.0,0.9,0.09999999999999998,148.61613485795024,False
all_2021,holdout_60_20_20,-1,45,by_operating_x_pred_level,2,74,31,10.10718957804649,0.7419354838709677,0.9,-0.15806451612903227,171.03369467731696,False
all_2021,holdout_60_20_20,-1,45,by_operating_x_pred_level,3,527,491,-2.914986989071072,0.890020366598778,0.9,-0.009979633401221988,83.70171812529404,False
all_2021,holdout_60_20_20,-1,45,by_operating_x_pred_level,4,1459,1362,-0.7552042585065887,0.8751835535976505,0.9,-0.02481644640234948,111.20984718324776,False
all_2021,holdout_60_20_20,-1,45,by_operating_x_pred_level,5,1032,1016,6.586301424778627,0.8031496062992126,0.9,-0.09685039370078741,167.16691634038114,False
all_2021,holdout_60_20_20,-1,45,by_latent_state,0,1435,1721,-0.020122153486964056,0.8373038930854154,0.9,-0.0626961069145846,10.197573548201818,False
all_2021,holdout_60_20_20,-1,45,by_latent_state,1,1917,1611,0.8708058022132076,0.8758535071384234,0.9,-0.024146492861576663,115.10525218437206,False
all_2021,holdout_60_20_20,-1,45,by_latent_state,2,1559,1580,3.400177697671911,0.7949367088607595,0.9,-0.10506329113924051,130.7655570172891,False
all_2021,oof_folds,0,45,global,0,820,4092,3.9773297096914644,0.9369501466275659,0.9,0.036950146627565905,70.40091161941,False
all_2021,oof_folds,0,45,by_operating,0,505,1784,0.00921086830360934,0.8822869955156951,0.9,-0.017713004484304906,43.84926163938702,False
all_2021,oof_folds,0,45,by_operating,1,315,2308,6.822515418091388,0.9540727902946274,0.9,0.054072790294627415,90.48031923130911,False
all_2021,oof_folds,0,45,by_pred_level,0,441,1737,4.931363250285726,0.952216465169833,0.9,0.052216465169833026,51.196400417929354,False
all_2021,oof_folds,0,45,by_pred_level,1,275,1491,1.1821993196827982,0.8886653252850436,0.9,-0.011334674714956416,83.42747765435695,False
all_2021,oof_folds,0,45,by_pred_level,2,104,864,4.477034657683216,0.9375,0.9,0.03749999999999998,81.71844616340806,False
all_2021,oof_folds,0,45,by_abs_ramp,0,411,1840,4.538976037299545,0.9510869565217391,0.9,0.05108695652173911,53.39016396317295,False
all_2021,oof_folds,0,45,by_abs_ramp,1,368,1926,3.013478395161974,0.9164070612668743,0.9,0.0164070612668743,82.4164004160256,False
all_2021,oof_folds,0,45,by_abs_ramp,2,41,326,3.9773297096914644,0.9294478527607362,0.9,0.029447852760736137,90.3765174084427,True
all_2021,oof_folds,0,45,by_operating_x_pred_level,0,325,1325,-0.0030407545438817037,0.7086792452830188,0.9,-0.19132075471698118,30.98439359118279,False
all_2021,oof_folds,0,45,by_operating_x_pred_level,1,154,320,1.4761913319665876,0.85,0.9,-0.050000000000000044,83.50136932686345,False
all_2021,oof_folds,0,45,by_operating_x_pred_level,2,26,139,3.9773297096914644,0.9064748201438849,0.9,0.006474820143884896,89.65367486228222,True
all_2021,oof_folds,0,45,by_operating_x_pred_level,3,116,412,17.172327891731005,0.9611650485436893,0.9,0.061165048543689315,108.94225793538482,False
all_2021,oof_folds,0,45,by_operating_x_pred_level,4,121,1171,0.802541985885207,0.89666951323655,0.9,-0.003330486763450047,82.80864936819606,False
all_2021,oof_folds,0,45,by_operating_x_pred_level,5,78,725,5.023528345591372,0.9572413793103448,0.9,0.05724137931034479,81.09844765689992,False
all_2021,oof_folds,0,45,by_latent_state,0,317,1305,5.1772851710096806,0.9547892720306513,0.9,0.054789272030651315,39.03723848946133,False
all_2021,oof_folds,0,45,by_latent_state,1,302,1552,2.0775207232705286,0.9059278350515464,0.9,0.005927835051546371,84.30930549935641,False
all_2021,oof_folds,0,45,by_latent_state,2,201,1235,3.5071566376480923,0.9206477732793522,0.9,0.02064777327935219,82.88456773693956,False
all_2021,oof_folds,1,45,global,0,1638,4092,0.5488577752464505,0.8184261974584556,0.9,-0.08157380254154445,43.43392091280728,False
all_2021,oof_folds,1,45,by_operating,0,805,1636,0.5376628975420429,0.7438875305623472,0.9,-0.15611246943765278,24.133390321837563,False
all_2021,oof_folds,1,45,by_operating,1,833,2456,0.6284764226707459,0.868485342019544,0.9,-0.03151465798045605,56.43478622352623,False
all_2021,oof_folds,1,45,by_pred_level,0,743,1935,0.5485471960998519,0.7483204134366925,0.9,-0.1516795865633075,28.19156561887989,False
all_2021,oof_folds,1,45,by_pred_level,1,505,1279,0.15647999252510697,0.8670836591086787,0.9,-0.03291634089132134,50.16702519478442,False
all_2021,oof_folds,1,45,by_pred_level,2,390,878,0.9869431730080391,0.9009111617312073,0.9,0.0009111617312073106,66.9495140404514,False
all_2021,oof_folds,1,45,by_abs_ramp,0,805,1928,0.2484398349091235,0.7422199170124482,0.9,-0.15778008298755186,26.125771009472917,False
all_2021,oof_folds,1,45,by_abs_ramp,1,655,1707,0.730967114596524,0.8635032220269478,0.9,-0.036496777973052175,55.8498649685662,False
all_2021,oof_folds,1,45,by_abs_ramp,2,178,457,0.9823344127238575,0.8818380743982495,0.9,-0.01816192560175056,69.77003440012219,False
all_2021,oof_folds,1,45,by_operating_x_pred_level,0,596,1319,0.2455312668216586,0.6785443517816527,0.9,-0.2214556482183473,15.046462939604135,False
all_2021,oof_folds,1,45,by_operating_x_pred_level,1,124,222,0.6332749862355894,0.8918918918918919,0.9,-0.008108108108108136,52.938352817633735,False
all_2021,oof_folds,1,45,by_operating_x_pred_level,2,85,95,5.126505820493799,0.968421052631579,0.9,0.06842105263157894,84.49806636393794,False
all_2021,oof_folds,1,45,by_operating_x_pred_level,3,147,616,5.937124059231612,0.9042207792207793,0.9,0.004220779220779236,65.81780118366427,False
all_2021,oof_folds,1,45,by_operating_x_pred_level,4,381,1057,0.12941821306782353,0.8656575212866604,0.9,-0.03434247871333962,49.731125141011674,False
all_2021,oof_folds,1,45,by_operating_x_pred_level,5,305,783,0.03856895078639307,0.8786717752234994,0.9,-0.02132822477650065,63.928122469943055,False
all_2021,oof_folds,1,45,by_latent_state,0,558,1256,0.19705839699556046,0.6624203821656051,0.9,-0.23757961783439496,11.413093593594585,False
all_2021,oof_folds,1,45,by_latent_state,1,585,1541,0.5339562035700632,0.8481505515898767,0.9,-0.05184944841012329,55.38342066765756,False
all_2021,oof_folds,1,45,by_latent_state,2,495,1295,1.3535206986187862,0.9057915057915058,0.9,0.00579150579150578,61.162423059655424,False
all_2021,oof_folds,2,45,global,0,2457,4092,0.2416130672941069,0.9103128054740958,0.9,0.010312805474095743,37.07957224820938,False
all_2021,oof_folds,2,45,by_operating,0,917,1443,0.11407919172227374,0.93000693000693,0.9,0.03000693000693,16.51676156343319,False
all_2021,oof_folds,2,45,by_operating,1,1540,2649,0.6783185472611845,0.9105322763306908,0.9,0.01053227633069076,49.01529844152661,False
all_2021,oof_folds,2,45,by_pred_level,0,1342,2185,0.2837655240312682,0.9189931350114416,0.9,0.01899313501144162,24.511606285540253,False
all_2021,oof_folds,2,45,by_pred_level,1,683,1129,1.7384451552824054,0.929140832595217,0.9,0.029140832595216937,46.88726075273672,False
all_2021,oof_folds,2,45,by_pred_level,2,432,778,-0.8248869913405497,0.8534704370179949,0.9,-0.04652956298200517,60.592045649500065,False
all_2021,oof_folds,2,45,by_abs_ramp,0,1155,1943,0.1888695127337896,0.9253731343283582,0.9,0.025373134328358193,24.242056949041956,False
all_2021,oof_folds,2,45,by_abs_ramp,1,1035,1767,1.3976994949152268,0.9269949066213922,0.9,0.026994906621392145,48.34346549518206,False
all_2021,oof_folds,2,45,by_abs_ramp,2,267,382,-0.20545455079464792,0.8664921465968587,0.9,-0.03350785340314133,59.537899946778616,False
all_2021,oof_folds,2,45,by_operating_x_pred_level,0,814,1363,0.1153370512034495,0.9303008070432869,0.9,0.03030080704328686,13.973226045676906,False
all_2021,oof_folds,2,45,by_operating_x_pred_level,1,66,51,0.7279620384249348,0.9607843137254902,0.9,0.0607843137254902,31.327648718513228,False
all_2021,oof_folds,2,45,by_operating_x_pred_level,2,37,29,0.2416130672941069,0.896551724137931,0.9,-0.0034482758620689724,112.54867900775243,True
all_2021,oof_folds,2,45,by_operating_x_pred_level,3,528,822,2.310830496925226,0.9075425790754258,0.9,0.0075425790754257704,45.481400769047276,False
all_2021,oof_folds,2,45,by_operating_x_pred_level,4,617,1078,1.9608301527052718,0.9285714285714286,0.9,0.02857142857142858,47.972541819777206,False
all_2021,oof_folds,2,45,by_operating_x_pred_level,5,395,749,-0.8131441477794186,0.8531375166889186,0.9,-0.04686248331108145,58.686445403393336,False
all_2021,oof_folds,2,45,by_latent_state,0,738,1238,0.08469642685636064,0.9321486268174475,0.9,0.03214862681744746,11.783436774034165,False
all_2021,oof_folds,2,45,by_latent_state,1,932,1612,1.9074360834436999,0.9255583126550868,0.9,0.02555831265508679,48.695416606686955,False
all_2021,oof_folds,2,45,by_latent_state,2,787,1242,0.10599088830305121,0.8792270531400966,0.9,-0.020772946859903385,50.95805608145556,False
all_2021,oof_folds,3,45,global,0,3275,4092,0.3900904346011325,0.8162267839687195,0.9,-0.08377321603128052,42.53952693088454,False
all_2021,oof_folds,3,45,by_operating,0,1180,1665,0.10421403016914196,0.8414414414414414,0.9,-0.05855855855855863,24.161047976797676,False
all_2021,oof_folds,3,45,by_operating,1,2095,2427,0.8462686889887767,0.7935723114956736,0.9,-0.10642768850432638,55.66786985572745,False
all_2021,oof_folds,3,45,by_pred_level,0,1748,1938,0.3188332580660737,0.8926728586171311,0.9,-0.00732714138286894,25.645193957903484,False
all_2021,oof_folds,3,45,by_pred_level,1,934,1321,0.03192254374807099,0.8236184708554126,0.9,-0.0763815291445874,50.37207751351637,False
all_2021,oof_folds,3,45,by_pred_level,2,593,833,0.9688861827061879,0.6230492196878752,0.9,-0.27695078031212483,69.11361974533833,False
all_2021,oof_folds,3,45,by_abs_ramp,0,1575,1858,0.10156485043333262,0.8498385360602799,0.9,-0.0501614639397201,27.120500999214254,False
all_2021,oof_folds,3,45,by_abs_ramp,1,1401,1784,0.9130940896033777,0.8088565022421524,0.9,-0.09114349775784758,54.366263143439426,False
all_2021,oof_folds,3,45,by_abs_ramp,2,299,450,0.9980072404469499,0.6822222222222222,0.9,-0.21777777777777785,62.296624427300536,False
all_2021,oof_folds,3,45,by_operating_x_pred_level,0,1108,1374,0.06957093299390668,0.8828238719068413,0.9,-0.017176128093158716,17.364970701581825,False
all_2021,oof_folds,3,45,by_operating_x_pred_level,1,49,226,0.3900904346011325,0.6460176991150443,0.9,-0.25398230088495577,50.62626980703412,True
all_2021,oof_folds,3,45,by_operating_x_pred_level,2,23,65,0.3900904346011325,0.6307692307692307,0.9,-0.2692307692307693,76.8972153437978,True
all_2021,oof_folds,3,45,by_operating_x_pred_level,3,640,564,2.1363020678731512,0.8971631205673759,0.9,-0.0028368794326241176,48.23767392660921,False
all_2021,oof_folds,3,45,by_operating_x_pred_level,4,885,1095,-0.008319367187779593,0.8575342465753425,0.9,-0.042465753424657526,50.386976731215974,False
all_2021,oof_folds,3,45,by_operating_x_pred_level,5,570,768,0.9469312032911265,0.6197916666666666,0.9,-0.2802083333333334,68.31296869125622,False
all_2021,oof_folds,3,45,by_latent_state,0,1026,1240,0.047256395396877496,0.8830645161290323,0.9,-0.01693548387096777,14.32657475633291,False
all_2021,oof_folds,3,45,by_latent_state,1,1281,1519,0.6849393901359386,0.8275181040157998,0.9,-0.07248189598420018,53.14975934348535,False
all_2021,oof_folds,3,45,by_latent_state,2,968,1333,1.0107108018546658,0.735933983495874,0.9,-0.164066016504126,57.96879495075666,False
all_2021,oof_folds,4,45,global,0,4093,4092,3.941555470129663,0.9098240469208211,0.9,0.009824046920821061,42.60927474009001,False
all_2021,oof_folds,4,45,by_operating,0,1665,1627,1.4631057363811377,0.931161647203442,0.9,0.031161647203441944,18.928266975745554,False
all_2021,oof_folds,4,45,by_operating,1,2428,2465,5.6400752005696555,0.9123732251521298,0.9,0.012373225152129796,58.364985275603146,False
all_2021,oof_folds,4,45,by_pred_level,0,1623,1882,0.4570396836521799,0.879383634431456,0.9,-0.02061636556854407,20.571723813321128,False
all_2021,oof_folds,4,45,by_pred_level,1,1424,1279,3.8174102194010904,0.9413604378420641,0.9,0.04136043784206411,48.60408377786888,False
all_2021,oof_folds,4,45,by_pred_level,2,1046,931,10.715688964410093,0.9269602577873255,0.9,0.02696025778732547,78.04156870308151,False
all_2021,oof_folds,4,45,by_abs_ramp,0,1858,2017,1.1055298355641028,0.9117501239464552,0.9,0.011750123946455138,23.74092571904908,False
all_2021,oof_folds,4,45,by_abs_ramp,1,1785,1704,5.713505739470901,0.9213615023474179,0.9,0.02136150234741785,56.76162986400382,False
all_2021,oof_folds,4,45,by_abs_ramp,2,450,371,10.178133622133117,0.9245283018867925,0.9,0.024528301886792447,78.10163846287826,False
all_2021,oof_folds,4,45,by_operating_x_pred_level,0,1322,1504,0.4389171659550216,0.8816489361702128,0.9,-0.01835106382978724,13.037108918240461,False
all_2021,oof_folds,4,45,by_operating_x_pred_level,1,261,104,24.968209448779955,0.9903846153846154,0.9,0.0903846153846154,109.21445754001503,False
all_2021,oof_folds,4,45,by_operating_x_pred_level,2,82,19,14.433422817562573,1.0,0.9,0.09999999999999998,112.17628282973065,False
all_2021,oof_folds,4,45,by_operating_x_pred_level,3,301,378,0.6946085207205315,0.8677248677248677,0.9,-0.032275132275132346,50.881645267797175,False
all_2021,oof_folds,4,45,by_operating_x_pred_level,4,1163,1175,1.594935839412555,0.9114893617021277,0.9,0.011489361702127665,42.53861362933657,False
all_2021,oof_folds,4,45,by_operating_x_pred_level,5,964,912,10.377271172890577,0.9221491228070176,0.9,0.02214912280701753,76.80849881961863,False
all_2021,oof_folds,4,45,by_latent_state,0,1240,1355,0.39057833351573595,0.9188191881918819,0.9,0.018819188191881886,10.498018027680123,False
all_2021,oof_folds,4,45,by_latent_state,1,1520,1384,4.462863221792693,0.9147398843930635,0.9,0.014739884393063507,53.98881682616551,False
all_2021,oof_folds,4,45,by_latent_state,2,1333,1353,9.545554488199642,0.8965262379896526,0.9,-0.0034737620103474365,68.28977714767596,False
all_2021,holdout_60_20_20,-1,60,global,0,4911,4912,1.5313474944723922,0.8615635179153095,0.9,-0.038436482084690526,39.95572049962565,False
all_2021,holdout_60_20_20,-1,60,by_operating,0,1892,2044,-0.385357423882221,0.6555772994129159,0.9,-0.24442270058708415,19.171448090138238,False
all_2021,holdout_60_20_20,-1,60,by_operating,1,3019,2868,2.8386462820876877,0.8378661087866108,0.9,-0.06213389121338919,54.65105834638991,False
all_2021,holdout_60_20_20,-1,60,by_pred_level,0,2167,2433,-0.5751753720827644,0.6489930127414715,0.9,-0.25100698725852855,21.402102408654024,False
all_2021,holdout_60_20_20,-1,60,by_pred_level,1,1698,1469,1.1855286017786302,0.8938053097345132,0.9,-0.006194690265486802,44.72418009786035,False
all_2021,holdout_60_20_20,-1,60,by_pred_level,2,1046,1010,8.455566126580907,0.8198019801980198,0.9,-0.08019801980198027,80.40785032833327,False
all_2021,holdout_60_20_20,-1,60,by_abs_ramp,0,2222,2475,-0.3050937459276165,0.7022222222222222,0.9,-0.19777777777777783,24.00797783907688,False
all_2021,holdout_60_20_20,-1,60,by_abs_ramp,1,2200,1970,2.7278086376988284,0.8598984771573605,0.9,-0.04010152284263957,52.00010230721356,False
all_2021,holdout_60_20_20,-1,60,by_abs_ramp,2,489,467,5.877753901276557,0.8115631691648822,0.9,-0.08843683083511777,72.9887981702835,False
all_2021,holdout_60_20_20,-1,60,by_operating_x_pred_level,0,1551,1869,-0.5989993515682119,0.5815944355270198,0.9,-0.3184055644729802,15.148455191994577,False
all_2021,holdout_60_20_20,-1,60,by_operating_x_pred_level,1,249,138,23.878799762147825,0.9927536231884058,0.9,0.09275362318840574,100.59336763648318,False
all_2021,holdout_60_20_20,-1,60,by_operating_x_pred_level,2,92,37,9.229408938094608,0.7567567567567568,0.9,-0.14324324324324322,97.34862100028032,False
all_2021,holdout_60_20_20,-1,60,by_operating_x_pred_level,3,616,564,0.6887832744900666,0.8776595744680851,0.9,-0.022340425531914954,44.49564490148037,False
all_2021,holdout_60_20_20,-1,60,by_operating_x_pred_level,4,1449,1331,0.3299988370857417,0.8745304282494365,0.9,-0.025469571750563524,41.92626479081263,False
all_2021,holdout_60_20_20,-1,60,by_operating_x_pred_level,5,954,973,8.326167162553622,0.8180883864337102,0.9,-0.08191161356628984,79.56370384240613,False
all_2021,holdout_60_20_20,-1,60,by_latent_state,0,1434,1722,-0.6068966716909087,0.5969802555168409,0.9,-0.30301974448315916,14.153387487102435,False
all_2021,holdout_60_20_20,-1,60,by_latent_state,1,1918,1610,2.628732539929339,0.8708074534161491,0.9,-0.029192546583850953,51.014015333166014,False
all_2021,holdout_60_20_20,-1,60,by_latent_state,2,1559,1580,4.507774253060176,0.7949367088607595,0.9,-0.10506329113924051,60.33720041152902,False
all_2021,oof_folds,0,60,global,0,820,4092,8.965950929419447,0.8211143695014663,0.9,-0.0788856304985337,92.3451232012209,False
all_2021,oof_folds,0,60,by_operating,0,504,1784,9.402782331275594,0.649103139013453,0.9,-0.25089686098654707,69.18291300149717,False
all_2021,oof_folds,0,60,by_operating,1,316,2308,1.1981989321237474,0.8795493934142115,0.9,-0.020450606585788567,95.38847424914677,False
all_2021,oof_folds,0,60,by_pred_level,0,463,1714,9.351134057591569,0.6295215869311552,0.9,-0.2704784130688448,64.9981342861209,False
all_2021,oof_folds,0,60,by_pred_level,1,278,1589,2.6462192112431793,0.9150409062303335,0.9,0.015040906230333495,96.564717806504,False
all_2021,oof_folds,0,60,by_pred_level,2,79,789,5.715179036100403,0.9239543726235742,0.9,0.02395437262357414,112.97172077794963,False
all_2021,oof_folds,0,60,by_abs_ramp,0,410,1841,9.528528752181076,0.6795219989136339,0.9,-0.22047800108636617,72.66221444683231,False
all_2021,oof_folds,0,60,by_abs_ramp,1,369,1926,3.0342486809139815,0.8961578400830738,0.9,-0.003842159916926269,96.21295461014006,False
all_2021,oof_folds,0,60,by_abs_ramp,2,41,325,8.965950929419447,0.9230769230769231,0.9,0.023076923076923106,116.9890807563482,True
all_2021,oof_folds,0,60,by_operating_x_pred_level,0,337,1305,10.356330453214845,0.5869731800766284,0.9,-0.31302681992337167,57.48828252673843,False
all_2021,oof_folds,0,60,by_operating_x_pred_level,1,158,384,4.545657252926477,0.9375,0.9,0.03749999999999998,95.05235571326352,False
all_2021,oof_folds,0,60,by_operating_x_pred_level,2,9,95,8.965950929419447,0.8842105263157894,0.9,-0.015789473684210575,111.3209902644292,True
all_2021,oof_folds,0,60,by_operating_x_pred_level,3,126,409,-1.0,0.8704156479217604,0.9,-0.029584352078239617,74.67219658309146,False
all_2021,oof_folds,0,60,by_operating_x_pred_level,4,120,1205,0.7891289616777366,0.8937759336099586,0.9,-0.006224066390041472,94.54308125742884,False
all_2021,oof_folds,0,60,by_operating_x_pred_level,5,70,694,5.617194781968996,0.9365994236311239,0.9,0.036599423631123895,113.89169759895924,False
all_2021,oof_folds,0,60,by_latent_state,0,316,1306,10.408767183790298,0.5918836140888208,0.9,-0.3081163859111792,58.98744738227841,False
all_2021,oof_folds,0,60,by_latent_state,1,303,1552,3.0572277872176548,0.9104381443298969,0.9,0.01043814432989687,96.92455843293654,False
all_2021,oof_folds,0,60,by_latent_state,2,201,1234,2.4091946144947998,0.8833063209076175,0.9,-0.016693679092382507,96.96726742950656,False
all_2021,oof_folds,1,60,global,0,1638,4092,1.0049691817648638,0.8418866080156403,0.9,-0.05811339198435972,82.00039018533472,False
all_2021,oof_folds,1,60,by_operating,0,804,1636,1.490911669090785,0.7555012224938875,0.9,-0.1444987775061125,37.36425210921021,False
all_2021,oof_folds,1,60,by_operating,1,834,2456,0.21948045170973077,0.8994299674267101,0.9,-0.0005700325732899136,110.81000136979699,False
all_2021,oof_folds,1,60,by_pred_level,0,734,1988,1.9598368806229807,0.8309859154929577,0.9,-0.06901408450704227,41.78279412720636,False
all_2021,oof_folds,1,60,by_pred_level,1,514,1286,-0.6774201810251809,0.9206842923794712,0.9,0.020684292379471225,107.07075520868766,False
all_2021,oof_folds,1,60,by_pred_level,2,390,818,0.9920132246147321,0.8753056234718827,0.9,-0.024694376528117346,139.65362261466677,False
all_2021,oof_folds,1,60,by_abs_ramp,0,805,1928,1.1098319305957032,0.766597510373444,0.9,-0.133402489626556,48.57144015404976,False
all_2021,oof_folds,1,60,by_abs_ramp,1,656,1706,0.356363962729746,0.9091441969519344,0.9,0.009144196951934358,106.83739132097845,False
all_2021,oof_folds,1,60,by_abs_ramp,2,177,458,2.799898735583941,0.9192139737991266,0.9,0.019213973799126594,129.8487677974557,False
all_2021,oof_folds,1,60,by_operating_x_pred_level,0,590,1307,1.703941815497434,0.7505738332058148,0.9,-0.1494261667941852,21.29794798450015,False
all_2021,oof_folds,1,60,by_operating_x_pred_level,1,126,230,-0.3564349393246634,0.9217391304347826,0.9,0.021739130434782594,90.87710090255057,False
all_2021,oof_folds,1,60,by_operating_x_pred_level,2,88,99,3.271816306273336,0.8282828282828283,0.9,-0.07171717171717173,125.75217887209698,False
all_2021,oof_folds,1,60,by_operating_x_pred_level,3,144,681,6.258365530553382,0.9588839941262849,0.9,0.058883994126284867,88.71286788562638,False
all_2021,oof_folds,1,60,by_operating_x_pred_level,4,388,1056,-0.9913532627895414,0.9176136363636364,0.9,0.01761363636363633,110.10973914136517,False
all_2021,oof_folds,1,60,by_operating_x_pred_level,5,302,719,0.4709822287539953,0.874826147426982,0.9,-0.025173852573018074,141.1534854361342,False
all_2021,oof_folds,1,60,by_latent_state,0,558,1256,1.2651628187782888,0.6823248407643312,0.9,-0.21767515923566882,15.754887077610784,False
all_2021,oof_folds,1,60,by_latent_state,1,586,1540,-0.2635484405103838,0.9175324675324675,0.9,0.01753246753246751,103.44993487518292,False
all_2021,oof_folds,1,60,by_latent_state,2,494,1296,1.067087570589689,0.904320987654321,0.9,0.004320987654320985,118.32726988004075,False
all_2021,oof_folds,2,60,global,0,2456,4092,0.5022946150810916,0.9090909090909091,0.9,0.009090909090909038,38.94805953626787,False
all_2021,oof_folds,2,60,by_operating,0,916,1444,0.2929557907722569,0.9120498614958449,0.9,0.01204986149584486,19.414591876924806,False
all_2021,oof_folds,2,60,by_operating,1,1540,2648,0.9944910796455985,0.9123867069486404,0.9,0.012386706948640414,50.35607662532417,False
all_2021,oof_folds,2,60,by_pred_level,0,1387,2230,0.48280820554135245,0.9085201793721973,0.9,0.00852017937219729,27.031990874486063,False
all_2021,oof_folds,2,60,by_pred_level,1,690,1106,1.0963705607688559,0.9104882459312839,0.9,0.010488245931283835,46.736314102035244,False
all_2021,oof_folds,2,60,by_pred_level,2,379,756,-0.2822803065993772,0.8743386243386243,0.9,-0.025661375661375718,62.757494575643456,False
all_2021,oof_folds,2,60,by_abs_ramp,0,1155,1943,0.3040583657838111,0.9119917653113742,0.9,0.011991765311374136,26.124908146911064,False
all_2021,oof_folds,2,60,by_abs_ramp,1,1034,1767,1.1040513651970145,0.9105829088851161,0.9,0.010582908885116038,48.59783201372332,False
all_2021,oof_folds,2,60,by_abs_ramp,2,267,382,0.4747181877827924,0.8821989528795812,0.9,-0.017801047120418856,63.03033461883601,False
all_2021,oof_folds,2,60,by_operating_x_pred_level,0,821,1374,0.26893376006225866,0.9112081513828238,0.9,0.011208151382823828,17.055314824992983,False
all_2021,oof_folds,2,60,by_operating_x_pred_level,1,61,38,2.1973349488782206,1.0,0.9,0.09999999999999998,31.575263507880393,False
all_2021,oof_folds,2,60,by_operating_x_pred_level,2,34,32,0.5022946150810916,0.8125,0.9,-0.08750000000000002,109.15393899438583,True
all_2021,oof_folds,2,60,by_operating_x_pred_level,3,566,856,2.453610888964742,0.919392523364486,0.9,0.019392523364485936,46.30096296542973,False
all_2021,oof_folds,2,60,by_operating_x_pred_level,4,629,1068,1.0981665490404082,0.9073033707865169,0.9,0.007303370786516883,47.35768998876018,False
all_2021,oof_folds,2,60,by_operating_x_pred_level,5,345,724,-0.3142669137919769,0.8770718232044199,0.9,-0.022928176795580124,60.71220447394858,False
all_2021,oof_folds,2,60,by_latent_state,0,738,1238,0.2593354360657947,0.9119547657512116,0.9,0.011954765751211571,14.810942082193678,False
all_2021,oof_folds,2,60,by_latent_state,1,931,1612,2.83856813580443,0.9398263027295285,0.9,0.03982630272952847,51.733855544268955,False
all_2021,oof_folds,2,60,by_latent_state,2,787,1242,0.24708684657781138,0.8896940418679549,0.9,-0.010305958132045157,51.48243236223736,False
all_2021,oof_folds,3,60,global,0,3275,4092,0.9138354041430616,0.8203812316715543,0.9,-0.07961876832844572,47.34398942713104,False
all_2021,oof_folds,3,60,by_operating,0,1180,1664,0.9253535697802443,0.8888221153846154,0.9,-0.011177884615384603,29.97093215630582,False
all_2021,oof_folds,3,60,by_operating,1,2095,2428,0.8045630554982112,0.7730642504118617,0.9,-0.12693574958813836,59.047643969501024,False
all_2021,oof_folds,3,60,by_pred_level,0,1767,1849,1.032021823968264,0.9232017306652245,0.9,0.023201730665224463,30.175628059695953,False
all_2021,oof_folds,3,60,by_pred_level,1,923,1408,-0.032738703743551145,0.8132102272727273,0.9,-0.08678977272727273,53.413872837514695,False
all_2021,oof_folds,3,60,by_pred_level,2,585,835,1.6548857070991005,0.592814371257485,0.9,-0.307185628742515,73.93914993636311,False
all_2021,oof_folds,3,60,by_abs_ramp,0,1576,1857,0.9200853706964276,0.8879913839526118,0.9,-0.012008616047388232,32.842576120928776,False
all_2021,oof_folds,3,60,by_abs_ramp,1,1400,1785,0.8178943660707318,0.7876750700280112,0.9,-0.11232492997198884,57.610683600599124,False
all_2021,oof_folds,3,60,by_abs_ramp,2,299,450,1.6279584220847658,0.7066666666666667,0.9,-0.19333333333333336,67.18063164043242,False
all_2021,oof_folds,3,60,by_operating_x_pred_level,0,1111,1343,0.9266599873525141,0.9404318689501117,0.9,0.04043186895011164,22.56967616036931,False
all_2021,oof_folds,3,60,by_operating_x_pred_level,1,45,236,0.9138354041430616,0.673728813559322,0.9,-0.226271186440678,54.84448325748554,True
all_2021,oof_folds,3,60,by_operating_x_pred_level,2,24,85,0.9138354041430616,0.6705882352941176,0.9,-0.22941176470588243,77.80438060247492,True
all_2021,oof_folds,3,60,by_operating_x_pred_level,3,656,506,1.811253481322117,0.8754940711462451,0.9,-0.02450592885375491,51.36213783220165,False
all_2021,oof_folds,3,60,by_operating_x_pred_level,4,878,1172,-0.15314242112005005,0.8395904436860068,0.9,-0.06040955631399325,53.26620441283793,False
all_2021,oof_folds,3,60,by_operating_x_pred_level,5,561,750,1.6636331538822322,0.5826666666666667,0.9,-0.31733333333333336,73.35061395243333,False
all_2021,oof_folds,3,60,by_latent_state,0,1026,1239,0.9524885830149348,0.9523809523809523,0.9,0.052380952380952306,20.880001627765434,False
all_2021,oof_folds,3,60,by_latent_state,1,1281,1520,0.7638397099551058,0.8006578947368421,0.9,-0.0993421052631579,56.911459746477156,False
all_2021,oof_folds,3,60,by_latent_state,2,968,1333,0.8012873756963966,0.7186796699174793,0.9,-0.1813203300825207,60.53683910536225,False
all_2021,oof_folds,4,60,global,0,4093,4092,4.267106668199137,0.9147116324535679,0.9,0.01471163245356788,43.51217868412591,False
all_2021,oof_folds,4,60,by_operating,0,1664,1628,2.005413348285987,0.9269041769041769,0.9,0.026904176904176902,21.47539392824973,False
all_2021,oof_folds,4,60,by_operating,1,2429,2464,5.911102901658313,0.9151785714285714,0.9,0.015178571428571375,58.37152347772006,False
all_2021,oof_folds,4,60,by_pred_level,0,1649,1911,0.8568449113481206,0.8838304552590267,0.9,-0.01616954474097332,21.840197799022622,False
all_2021,oof_folds,4,60,by_pred_level,1,1390,1275,4.520971927211148,0.9411764705882353,0.9,0.04117647058823526,50.85159412024674,False
all_2021,oof_folds,4,60,by_pred_level,2,1054,906,10.983865198842347,0.9282560706401766,0.9,0.028256070640176545,78.65732573015222,False
all_2021,oof_folds,4,60,by_abs_ramp,0,1857,2018,1.9392080898819024,0.9122893954410307,0.9,0.012289395441030693,26.109566808132794,False
all_2021,oof_folds,4,60,by_abs_ramp,1,1786,1703,6.958586490212403,0.9312977099236641,0.9,0.0312977099236641,59.04587305897625,False
all_2021,oof_folds,4,60,by_abs_ramp,2,450,371,7.969477600216169,0.9002695417789758,0.9,0.00026954177897575704,73.65646463730495,False
all_2021,oof_folds,4,60,by_operating_x_pred_level,0,1313,1487,0.6556560777350957,0.8688634835238735,0.9,-0.031136516476126475,14.05530315319053,False
all_2021,oof_folds,4,60,by_operating_x_pred_level,1,249,120,24.419223267438646,0.9833333333333333,0.9,0.08333333333333326,111.7434451341078,False
all_2021,oof_folds,4,60,by_operating_x_pred_level,2,102,21,13.129176268700576,1.0,0.9,0.09999999999999998,118.32506718757163,False
all_2021,oof_folds,4,60,by_operating_x_pred_level,3,336,424,2.5619599695596484,0.9150943396226415,0.9,0.015094339622641506,51.141472130509804,False
all_2021,oof_folds,4,60,by_operating_x_pred_level,4,1141,1155,2.7280328410012094,0.9125541125541126,0.9,0.01255411255411254,45.0739914456548,False
all_2021,oof_folds,4,60,by_operating_x_pred_level,5,952,885,10.968385742964815,0.927683615819209,0.9,0.027683615819208973,77.78690974984148,False
all_2021,oof_folds,4,60,by_latent_state,0,1239,1356,0.5783733557572139,0.9085545722713865,0.9,0.008554572271386451,13.052506689509245,False
all_2021,oof_folds,4,60,by_latent_state,1,1520,1383,6.46229078932872,0.9385394070860448,0.9,0.03853940708604475,57.80152503133242,False
all_2021,oof_folds,4,60,by_latent_state,2,1334,1353,8.368288228359836,0.8824833702882483,0.9,-0.01751662971175172,64.72945958878988,False
clean_Jul_Sep,holdout_60_20_20,-1,15,global,0,1458,1459,4.73542562234426,0.9362577107607951,0.9,0.03625771076079509,35.53496012426393,False
clean_Jul_Sep,holdout_60_20_20,-1,15,by_operating,0,478,408,20.08230544896127,0.9950980392156863,0.9,0.09509803921568627,48.68960968653502,False
clean_Jul_Sep,holdout_60_20_20,-1,15,by_operating,1,980,1051,3.0314714329830403,0.8924833491912464,0.9,-0.007516650808753633,38.93576432129114,False
clean_Jul_Sep,holdout_60_20_20,-1,15,by_pred_level,0,610,522,20.023400489156856,0.9961685823754789,0.9,0.09616858237547887,53.26797855058692,False
clean_Jul_Sep,holdout_60_20_20,-1,15,by_pred_level,1,536,615,4.28265006648115,0.8975609756097561,0.9,-0.0024390243902439046,41.1296252114143,False
clean_Jul_Sep,holdout_60_20_20,-1,15,by_pred_level,2,312,322,-0.6654837369644426,0.8478260869565217,0.9,-0.05217391304347829,33.13803948049949,False
clean_Jul_Sep,holdout_60_20_20,-1,15,by_abs_ramp,0,560,484,20.030198597936362,1.0,0.9,0.09999999999999998,53.83000484316652,False
clean_Jul_Sep,holdout_60_20_20,-1,15,by_abs_ramp,1,736,832,2.53145039038639,0.8870192307692307,0.9,-0.012980769230769296,36.270860117813044,False
clean_Jul_Sep,holdout_60_20_20,-1,15,by_abs_ramp,2,162,143,7.163826423593574,0.9020979020979021,0.9,0.00209790209790206,52.07606253664752,False
clean_Jul_Sep,holdout_60_20_20,-1,15,by_operating_x_pred_level,0,460,401,20.08245523495084,1.0,0.9,0.09999999999999998,48.2887845998611,False
clean_Jul_Sep,holdout_60_20_20,-1,15,by_operating_x_pred_level,1,18,7,4.73542562234426,0.5714285714285714,0.9,-0.3285714285714286,40.9745626218538,True
clean_Jul_Sep,holdout_60_20_20,-1,15,by_operating_x_pred_level,3,150,121,3.8041867993875984,0.8512396694214877,0.9,-0.04876033057851237,37.7222675377246,False
clean_Jul_Sep,holdout_60_20_20,-1,15,by_operating_x_pred_level,4,518,608,3.9583627711593286,0.8947368421052632,0.9,-0.0052631578947368585,40.4932616337789,False
clean_Jul_Sep,holdout_60_20_20,-1,15,by_operating_x_pred_level,5,312,322,-0.6654837369644426,0.8478260869565217,0.9,-0.05217391304347829,33.13803948049949,False
clean_Jul_Sep,holdout_60_20_20,-1,15,by_latent_state,0,329,334,0.8488844301709039,0.9700598802395209,0.9,0.07005988023952092,5.830875773212276,False
clean_Jul_Sep,holdout_60_20_20,-1,15,by_latent_state,1,544,586,3.1135411545552314,0.8993174061433447,0.9,-0.0006825938566553669,38.078853513263105,False
clean_Jul_Sep,holdout_60_20_20,-1,15,by_latent_state,2,585,539,20.039321327235328,0.9907235621521335,0.9,0.09072356215213351,73.44031096758448,False
clean_Jul_Sep,oof_folds,0,15,global,0,244,1215,2.4574062666354886,0.908641975308642,0.9,0.00864197530864197,96.5163313823213,False
clean_Jul_Sep,oof_folds,0,15,by_operating,0,180,548,1.0,0.9051094890510949,0.9,0.005109489051094873,48.14719492731234,False
clean_Jul_Sep,oof_folds,0,15,by_operating,1,64,667,5.520663254158595,0.9340329835082459,0.9,0.034032983508245906,139.98762723009975,False
clean_Jul_Sep,oof_folds,0,15,by_pred_level,0,133,616,0.6362671149664189,0.9383116883116883,0.9,0.0383116883116883,42.796500458256006,False
clean_Jul_Sep,oof_folds,0,15,by_pred_level,1,67,345,5.087183285352193,0.9391304347826087,0.9,0.03913043478260869,137.08955984758634,False
clean_Jul_Sep,oof_folds,0,15,by_pred_level,2,44,254,2.4574062666354886,0.7283464566929134,0.9,-0.1716535433070866,169.99883034596695,True
clean_Jul_Sep,oof_folds,0,15,by_abs_ramp,0,154,632,1.0,0.9161392405063291,0.9,0.01613924050632909,57.83127406438943,False
clean_Jul_Sep,oof_folds,0,15,by_abs_ramp,1,69,452,4.59451535215045,0.9048672566371682,0.9,0.004867256637168138,134.01075948879694,False
clean_Jul_Sep,oof_folds,0,15,by_abs_ramp,2,21,131,2.4574062666354886,0.8549618320610687,0.9,-0.04503816793893134,154.46487957380376,True
clean_Jul_Sep,oof_folds,0,15,by_operating_x_pred_level,0,127,421,0.778816418813763,0.9311163895486936,0.9,0.031116389548693557,20.065372336285396,False
clean_Jul_Sep,oof_folds,0,15,by_operating_x_pred_level,1,41,88,2.4574062666354886,0.8522727272727273,0.9,-0.04772727272727273,133.53284049975935,True
clean_Jul_Sep,oof_folds,0,15,by_operating_x_pred_level,2,12,39,2.4574062666354886,0.6666666666666666,0.9,-0.2333333333333334,163.33835176868692,True
clean_Jul_Sep,oof_folds,0,15,by_operating_x_pred_level,3,6,195,2.4574062666354886,0.9794871794871794,0.9,0.07948717948717943,96.13022211128175,True
clean_Jul_Sep,oof_folds,0,15,by_operating_x_pred_level,4,26,257,2.4574062666354886,0.9377431906614786,0.9,0.037743190661478576,131.2469340098208,True
clean_Jul_Sep,oof_folds,0,15,by_operating_x_pred_level,5,32,215,2.4574062666354886,0.7395348837209302,0.9,-0.16046511627906979,171.20701018091543,True
clean_Jul_Sep,oof_folds,0,15,by_latent_state,0,108,374,0.03944415348475777,0.8609625668449198,0.9,-0.03903743315508024,10.522369496181879,False
clean_Jul_Sep,oof_folds,0,15,by_latent_state,1,72,450,9.01404723911496,0.9444444444444444,0.9,0.0444444444444444,137.20561585361455,False
clean_Jul_Sep,oof_folds,0,15,by_latent_state,2,64,391,3.9968318860531387,0.8721227621483376,0.9,-0.027877237851662406,145.4875226414352,False
clean_Jul_Sep,oof_folds,1,15,global,0,487,1215,2.639693094422559,0.9267489711934156,0.9,0.02674897119341557,23.076784143715713,False
clean_Jul_Sep,oof_folds,1,15,by_operating,0,220,814,0.19327739556406429,0.25184275184275184,0.9,-0.6481572481572482,8.222069106325323,False
clean_Jul_Sep,oof_folds,1,15,by_operating,1,267,401,6.255215049999063,0.9201995012468828,0.9,0.020199501246882745,50.52970656532794,False
clean_Jul_Sep,oof_folds,1,15,by_pred_level,0,286,857,0.5110022621373612,0.352392065344224,0.9,-0.5476079346557761,9.821593384059625,False
clean_Jul_Sep,oof_folds,1,15,by_pred_level,1,107,185,4.2090032838544555,0.918918918918919,0.9,0.018918918918918948,51.93268662077819,False
clean_Jul_Sep,oof_folds,1,15,by_pred_level,2,94,173,9.639972733398855,0.9364161849710982,0.9,0.03641618497109822,54.14916542352775,False
clean_Jul_Sep,oof_folds,1,15,by_abs_ramp,0,280,892,0.1933125348527484,0.297085201793722,0.9,-0.602914798206278,10.39823546630936,False
clean_Jul_Sep,oof_folds,1,15,by_abs_ramp,1,155,232,4.823607054770744,0.9094827586206896,0.9,0.00948275862068959,48.36974628508932,False
clean_Jul_Sep,oof_folds,1,15,by_abs_ramp,2,52,91,11.190990656915309,0.945054945054945,0.9,0.045054945054945006,63.14961402449029,False
clean_Jul_Sep,oof_folds,1,15,by_operating_x_pred_level,0,205,779,0.17322298768132055,0.21437740693196405,0.9,-0.685622593068036,6.635058648593909,False
clean_Jul_Sep,oof_folds,1,15,by_operating_x_pred_level,1,15,29,2.639693094422559,0.8620689655172413,0.9,-0.037931034482758696,48.05953643812841,True
clean_Jul_Sep,oof_folds,1,15,by_operating_x_pred_level,2,0,6,2.639693094422559,1.0,0.9,0.09999999999999998,45.055223337868654,True
clean_Jul_Sep,oof_folds,1,15,by_operating_x_pred_level,3,81,78,2.1565098189797665,0.8589743589743589,0.9,-0.0410256410256411,38.19017836088907,False
clean_Jul_Sep,oof_folds,1,15,by_operating_x_pred_level,4,92,156,6.694914214976316,0.9294871794871795,0.9,0.029487179487179493,57.04105569013598,False
clean_Jul_Sep,oof_folds,1,15,by_operating_x_pred_level,5,94,167,9.639972733398855,0.9341317365269461,0.9,0.03413173652694612,53.97287977590045,False
clean_Jul_Sep,oof_folds,1,15,by_latent_state,0,187,767,-0.09666020535688163,0.15254237288135594,0.9,-0.747457627118644,5.447571064097326,False
clean_Jul_Sep,oof_folds,1,15,by_latent_state,1,160,227,2.8119259944544077,0.8722466960352423,0.9,-0.027753303964757725,43.52928876049945,False
clean_Jul_Sep,oof_folds,1,15,by_latent_state,2,140,221,8.902055107542488,0.9366515837104072,0.9,0.03665158371040722,57.13777811932298,False
clean_Jul_Sep,oof_folds,2,15,global,0,730,1215,9.935252206890345,0.9563786008230453,0.9,0.056378600823045244,44.37751596099836,False
clean_Jul_Sep,oof_folds,2,15,by_operating,0,730,370,9.935252206890345,0.9351351351351351,0.9,0.03513513513513511,23.822931921262292,False
clean_Jul_Sep,oof_folds,2,15,by_operating,1,0,845,9.935252206890345,0.9656804733727811,0.9,0.06568047337278105,53.37774802573485,True
clean_Jul_Sep,oof_folds,2,15,by_pred_level,0,730,622,9.935252206890345,0.9517684887459807,0.9,0.05176848874598072,33.07296269072353,False
clean_Jul_Sep,oof_folds,2,15,by_pred_level,1,0,362,9.935252206890345,0.9640883977900553,0.9,0.06408839779005526,57.230383959446826,True
clean_Jul_Sep,oof_folds,2,15,by_pred_level,2,0,231,9.935252206890345,0.9567099567099567,0.9,0.05670995670995671,54.67489223230829,True
clean_Jul_Sep,oof_folds,2,15,by_abs_ramp,0,730,597,9.935252206890345,0.9514237855946399,0.9,0.05142378559463989,33.35372973251468,False
clean_Jul_Sep,oof_folds,2,15,by_abs_ramp,1,0,498,9.935252206890345,0.9698795180722891,0.9,0.06987951807228909,53.46571480800552,True
clean_Jul_Sep,oof_folds,2,15,by_abs_ramp,2,0,120,9.935252206890345,0.925,0.9,0.025000000000000022,61.504827232624926,True
clean_Jul_Sep,oof_folds,2,15,by_operating_x_pred_level,0,730,352,9.935252206890345,0.9346590909090909,0.9,0.03465909090909092,22.363119638769668,False
clean_Jul_Sep,oof_folds,2,15,by_operating_x_pred_level,1,0,18,9.935252206890345,0.9444444444444444,0.9,0.0444444444444444,52.370372112229134,True
clean_Jul_Sep,oof_folds,2,15,by_operating_x_pred_level,3,0,270,9.935252206890345,0.9740740740740741,0.9,0.07407407407407407,47.035424743641165,True
clean_Jul_Sep,oof_folds,2,15,by_operating_x_pred_level,4,0,344,9.935252206890345,0.9651162790697675,0.9,0.06511627906976747,57.48468690494078,True
clean_Jul_Sep,oof_folds,2,15,by_operating_x_pred_level,5,0,231,9.935252206890345,0.9567099567099567,0.9,0.05670995670995671,54.67489223230829,True
clean_Jul_Sep,oof_folds,2,15,by_latent_state,0,730,311,9.935252206890345,0.9228295819935691,0.9,0.022829581993569104,18.249975352643013,False
clean_Jul_Sep,oof_folds,2,15,by_latent_state,1,0,488,9.935252206890345,0.9795081967213115,0.9,0.07950819672131149,51.193027167525884,True
clean_Jul_Sep,oof_folds,2,15,by_latent_state,2,0,416,9.935252206890345,0.9543269230769231,0.9,0.054326923076923106,55.91524591391442,True
clean_Jul_Sep,oof_folds,3,15,global,0,973,1215,2.746985332626559,0.8699588477366255,0.9,-0.03004115226337456,30.678965410123354,False
clean_Jul_Sep,oof_folds,3,15,by_operating,0,232,400,0.76862964495975,0.735,0.9,-0.16500000000000004,11.878725879133658,False
clean_Jul_Sep,oof_folds,3,15,by_operating,1,741,815,3.6149193503110757,0.9165644171779141,0.9,0.016564417177914126,39.70000063845242,False
clean_Jul_Sep,oof_folds,3,15,by_pred_level,0,300,489,1.0117818500684261,0.7648261758691206,0.9,-0.13517382413087942,16.216443079226384,False
clean_Jul_Sep,oof_folds,3,15,by_pred_level,1,424,468,3.3589267592673275,0.9038461538461539,0.9,0.0038461538461538325,38.427524971314945,False
clean_Jul_Sep,oof_folds,3,15,by_pred_level,2,249,258,4.330545093432577,0.9612403100775194,0.9,0.0612403100775194,42.844517933924735,False
clean_Jul_Sep,oof_folds,3,15,by_abs_ramp,0,292,458,1.1920353844498701,0.7903930131004366,0.9,-0.10960698689956339,16.010317799531396,False
clean_Jul_Sep,oof_folds,3,15,by_abs_ramp,1,549,621,3.314379755976592,0.9114331723027376,0.9,0.011433172302737549,37.21656351306245,False
clean_Jul_Sep,oof_folds,3,15,by_abs_ramp,2,132,136,5.293872174277816,0.9044117647058824,0.9,0.004411764705882337,50.02834133604962,False
clean_Jul_Sep,oof_folds,3,15,by_operating_x_pred_level,0,204,393,0.7035025886099697,0.7251908396946565,0.9,-0.17480916030534355,11.1342822555714,False
clean_Jul_Sep,oof_folds,3,15,by_operating_x_pred_level,1,28,7,2.746985332626559,0.8571428571428571,0.9,-0.04285714285714293,50.31779122147293,True
clean_Jul_Sep,oof_folds,3,15,by_operating_x_pred_level,3,96,96,3.6854809252763108,0.8854166666666666,0.9,-0.014583333333333393,39.84490064828861,False
clean_Jul_Sep,oof_folds,3,15,by_operating_x_pred_level,4,396,461,3.388084690373023,0.9067245119305857,0.9,0.006724511930585653,38.28671058683638,False
clean_Jul_Sep,oof_folds,3,15,by_operating_x_pred_level,5,249,258,4.330545093432577,0.9612403100775194,0.9,0.0612403100775194,42.844517933924735,False
clean_Jul_Sep,oof_folds,3,15,by_latent_state,0,188,261,0.643249498502322,0.8888888888888888,0.9,-0.011111111111111183,7.420467075479112,False
clean_Jul_Sep,oof_folds,3,15,by_latent_state,1,424,449,3.223016698420712,0.9064587973273942,0.9,0.0064587973273941834,37.10824213856873,False
clean_Jul_Sep,oof_folds,3,15,by_latent_state,2,361,505,3.789250419722085,0.7940594059405941,0.9,-0.10594059405940592,37.739829990929195,False
clean_Jul_Sep,oof_folds,4,15,global,0,1216,1215,5.801479872864071,0.9555555555555556,0.9,0.05555555555555558,36.01554469968066,False
clean_Jul_Sep,oof_folds,4,15,by_operating,0,400,408,20.175507762979258,0.9950980392156863,0.9,0.09509803921568627,48.976514119448154,False
clean_Jul_Sep,oof_folds,4,15,by_operating,1,816,807,2.420740372200379,0.8822800495662949,0.9,-0.01771995043370511,37.23564095866165,False
clean_Jul_Sep,oof_folds,4,15,by_pred_level,0,524,515,20.132359465409404,0.9980582524271845,0.9,0.09805825242718447,53.245381943744796,False
clean_Jul_Sep,oof_folds,4,15,by_pred_level,1,446,454,2.502966833117616,0.8722466960352423,0.9,-0.027753303964757725,37.265136810825766,False
clean_Jul_Sep,oof_folds,4,15,by_pred_level,2,246,246,1.923206814025849,0.9146341463414634,0.9,0.014634146341463428,37.710523545739996,False
clean_Jul_Sep,oof_folds,4,15,by_abs_ramp,0,498,507,20.142314308404387,1.0,0.9,0.09999999999999998,53.716748766196275,False
clean_Jul_Sep,oof_folds,4,15,by_abs_ramp,1,590,594,3.390729630187562,0.9023569023569024,0.9,0.002356902356902335,37.65378495790579,False
clean_Jul_Sep,oof_folds,4,15,by_abs_ramp,2,128,114,3.9461847111008406,0.8859649122807017,0.9,-0.01403508771929829,47.480477658865176,False
clean_Jul_Sep,oof_folds,4,15,by_operating_x_pred_level,0,393,404,20.180600894425577,1.0,0.9,0.09999999999999998,48.779170645554146,False
clean_Jul_Sep,oof_folds,4,15,by_operating_x_pred_level,1,7,4,5.801479872864071,0.5,0.9,-0.4,41.1889617546696,True
clean_Jul_Sep,oof_folds,4,15,by_operating_x_pred_level,3,131,111,3.222933403141852,0.8558558558558559,0.9,-0.04414414414414414,36.03309233375106,False
clean_Jul_Sep,oof_folds,4,15,by_operating_x_pred_level,4,439,450,2.350960911796645,0.8755555555555555,0.9,-0.02444444444444449,36.98488675605627,False
clean_Jul_Sep,oof_folds,4,15,by_operating_x_pred_level,5,246,246,1.923206814025849,0.9146341463414634,0.9,0.014634146341463428,37.710523545739996,False
clean_Jul_Sep,oof_folds,4,15,by_latent_state,0,261,334,0.6194320008118145,0.9550898203592815,0.9,0.05508982035928145,5.456997527319419,False
clean_Jul_Sep,oof_folds,4,15,by_latent_state,1,450,449,2.411536585690998,0.8819599109131403,0.9,-0.018040089086859723,35.36510465705937,False
clean_Jul_Sep,oof_folds,4,15,by_latent_state,2,505,432,20.142393077439433,0.9930555555555556,0.9,0.09305555555555556,73.94002222988067,False
clean_Jul_Sep,holdout_60_20_20,-1,30,global,0,1458,1458,7.1293613943457785,0.9554183813443072,0.9,0.05541838134430721,48.17604715947168,False
clean_Jul_Sep,holdout_60_20_20,-1,30,by_operating,0,478,408,20.033288556338924,0.9975490196078431,0.9,0.09754901960784312,50.95506510368134,False
clean_Jul_Sep,holdout_60_20_20,-1,30,by_operating,1,980,1050,4.332986381532362,0.9142857142857143,0.9,0.014285714285714235,51.53164498427234,False
clean_Jul_Sep,holdout_60_20_20,-1,30,by_pred_level,0,602,529,19.796048088203246,0.996219281663516,0.9,0.09621928166351601,57.81225207186653,False
clean_Jul_Sep,holdout_60_20_20,-1,30,by_pred_level,1,520,602,8.714235557179926,0.9385382059800664,0.9,0.03853820598006641,58.06622992390658,False
clean_Jul_Sep,holdout_60_20_20,-1,30,by_pred_level,2,336,327,-1.7202433252826708,0.8715596330275229,0.9,-0.028440366972477094,43.49855206671883,False
clean_Jul_Sep,holdout_60_20_20,-1,30,by_abs_ramp,0,560,484,19.84426604436511,0.9979338842975206,0.9,0.09793388429752059,57.67479781912206,False
clean_Jul_Sep,holdout_60_20_20,-1,30,by_abs_ramp,1,736,831,3.783594541568007,0.9049338146811071,0.9,0.004933814681107096,47.97758410803159,False
clean_Jul_Sep,holdout_60_20_20,-1,30,by_abs_ramp,2,162,143,9.887254721551908,0.951048951048951,0.9,0.05104895104895102,69.87988044589777,False
clean_Jul_Sep,holdout_60_20_20,-1,30,by_operating_x_pred_level,0,455,398,20.048075655572397,1.0,0.9,0.09999999999999998,50.06558411870324,False
clean_Jul_Sep,holdout_60_20_20,-1,30,by_operating_x_pred_level,1,20,9,7.1293613943457785,0.4444444444444444,0.9,-0.4555555555555556,56.272401863265955,True
clean_Jul_Sep,holdout_60_20_20,-1,30,by_operating_x_pred_level,2,3,1,7.1293613943457785,1.0,0.9,0.09999999999999998,110.80445403868418,True
clean_Jul_Sep,holdout_60_20_20,-1,30,by_operating_x_pred_level,3,147,131,4.64346079040139,0.8854961832061069,0.9,-0.01450381679389312,52.57415983492569,False
clean_Jul_Sep,holdout_60_20_20,-1,30,by_operating_x_pred_level,4,500,593,8.714156149594544,0.9443507588532883,0.9,0.04435075885328832,58.045188676382956,False
clean_Jul_Sep,holdout_60_20_20,-1,30,by_operating_x_pred_level,5,333,326,-1.8123300069117134,0.8711656441717791,0.9,-0.028834355828220914,43.162210934955496,False
clean_Jul_Sep,holdout_60_20_20,-1,30,by_latent_state,0,329,334,0.6651824673014357,0.9760479041916168,0.9,0.07604790419161678,6.576038492875993,False
clean_Jul_Sep,holdout_60_20_20,-1,30,by_latent_state,1,544,585,4.994318816176142,0.9162393162393162,0.9,0.01623931623931618,51.393630954434634,False
clean_Jul_Sep,holdout_60_20_20,-1,30,by_latent_state,2,585,539,19.847541533100284,0.9907235621521335,0.9,0.09072356215213351,83.2525652011097,False
clean_Jul_Sep,oof_folds,0,30,global,0,243,1215,6.0595790554405555,0.8633744855967078,0.9,-0.0366255144032922,50.19849172322495,False
clean_Jul_Sep,oof_folds,0,30,by_operating,0,179,549,3.7364452526773335,0.9016393442622951,0.9,0.0016393442622950616,35.528036746430196,False
clean_Jul_Sep,oof_folds,0,30,by_operating,1,64,666,7.2303318884675125,0.8363363363363363,0.9,-0.06366366366366372,60.803178871000014,False
clean_Jul_Sep,oof_folds,0,30,by_pred_level,0,126,585,1.4821985688223602,0.8974358974358975,0.9,-0.002564102564102555,29.816359192720792,False
clean_Jul_Sep,oof_folds,0,30,by_pred_level,1,78,430,15.755518493939983,0.8976744186046511,0.9,-0.0023255813953488857,78.75842353618205,False
clean_Jul_Sep,oof_folds,0,30,by_pred_level,2,39,200,6.0595790554405555,0.76,0.9,-0.14,63.32723971592286,True
clean_Jul_Sep,oof_folds,0,30,by_abs_ramp,0,153,633,1.4480625981801907,0.8467614533965245,0.9,-0.05323854660347549,31.4396573429856,False
clean_Jul_Sep,oof_folds,0,30,by_abs_ramp,1,69,452,13.961092773474451,0.915929203539823,0.9,0.015929203539822967,73.88819303645882,False
clean_Jul_Sep,oof_folds,0,30,by_abs_ramp,2,21,130,6.0595790554405555,0.7615384615384615,0.9,-0.13846153846153852,69.20915122569265,True
clean_Jul_Sep,oof_folds,0,30,by_operating_x_pred_level,0,122,411,1.5158097415675482,0.9537712895377128,0.9,0.05377128953771282,24.54584937601785,False
clean_Jul_Sep,oof_folds,0,30,by_operating_x_pred_level,1,44,122,6.0595790554405555,0.680327868852459,0.9,-0.21967213114754103,58.47651659941755,True
clean_Jul_Sep,oof_folds,0,30,by_operating_x_pred_level,2,13,16,6.0595790554405555,0.875,0.9,-0.025000000000000022,68.63972465926929,True
clean_Jul_Sep,oof_folds,0,30,by_operating_x_pred_level,3,4,174,6.0595790554405555,0.8620689655172413,0.9,-0.037931034482758696,51.57921165251725,True
clean_Jul_Sep,oof_folds,0,30,by_operating_x_pred_level,4,34,308,6.0595790554405555,0.8376623376623377,0.9,-0.06233766233766236,59.7190882412982,True
clean_Jul_Sep,oof_folds,0,30,by_operating_x_pred_level,5,26,184,6.0595790554405555,0.75,0.9,-0.15000000000000002,62.86528450345794,True
clean_Jul_Sep,oof_folds,0,30,by_latent_state,0,108,374,1.4010226017031906,0.9652406417112299,0.9,0.0652406417112299,22.18970601117004,False
clean_Jul_Sep,oof_folds,0,30,by_latent_state,1,71,451,14.734817075955835,0.9246119733924612,0.9,0.02461197339246113,72.65695200504896,False
clean_Jul_Sep,oof_folds,0,30,by_latent_state,2,64,390,9.847624365804428,0.8538461538461538,0.9,-0.04615384615384621,69.7924919242479,False
clean_Jul_Sep,oof_folds,1,30,global,0,486,1215,1.9874488185979542,0.8658436213991769,0.9,-0.0341563786008231,32.98629127319478,False
clean_Jul_Sep,oof_folds,1,30,by_operating,0,220,813,-1.1898165997581702,0.14883148831488316,0.9,-0.7511685116851169,14.9079945559223,False
clean_Jul_Sep,oof_folds,1,30,by_operating,1,266,402,6.184469993340465,0.8606965174129353,0.9,-0.03930348258706473,65.09033775426055,False
clean_Jul_Sep,oof_folds,1,30,by_pred_level,0,275,860,-1.0199190732639551,0.18023255813953487,0.9,-0.7197674418604652,15.429018665111256,False
clean_Jul_Sep,oof_folds,1,30,by_pred_level,1,120,196,0.8369718333081672,0.8418367346938775,0.9,-0.05816326530612248,54.341369291866854,False
clean_Jul_Sep,oof_folds,1,30,by_pred_level,2,91,159,10.47154768821983,0.8930817610062893,0.9,-0.00691823899371069,83.22492548448899,False
clean_Jul_Sep,oof_folds,1,30,by_abs_ramp,0,280,891,-1.0539248838561786,0.2031425364758698,0.9,-0.6968574635241302,18.104467204026243,False
clean_Jul_Sep,oof_folds,1,30,by_abs_ramp,1,155,232,5.081344594655863,0.8362068965517241,0.9,-0.06379310344827593,60.4848471858127,False
clean_Jul_Sep,oof_folds,1,30,by_abs_ramp,2,51,92,10.82240465267589,0.9239130434782609,0.9,0.023913043478260843,82.13315920460512,False
clean_Jul_Sep,oof_folds,1,30,by_operating_x_pred_level,0,197,778,-1.2159943685899544,0.12082262210796915,0.9,-0.7791773778920309,13.215734727895931,False
clean_Jul_Sep,oof_folds,1,30,by_operating_x_pred_level,1,21,32,1.9874488185979542,0.8125,0.9,-0.08750000000000002,55.84922917600845,True
clean_Jul_Sep,oof_folds,1,30,by_operating_x_pred_level,2,2,3,1.9874488185979542,0.3333333333333333,0.9,-0.5666666666666667,77.61953100406687,True
clean_Jul_Sep,oof_folds,1,30,by_operating_x_pred_level,3,78,82,3.376186456503747,0.8658536585365854,0.9,-0.034146341463414664,41.49978757374747,False
clean_Jul_Sep,oof_folds,1,30,by_operating_x_pred_level,4,99,164,2.3156090268495775,0.8902439024390244,0.9,-0.009756097560975618,57.453393744596106,False
clean_Jul_Sep,oof_folds,1,30,by_operating_x_pred_level,5,89,156,10.190628988599627,0.8974358974358975,0.9,-0.002564102564102555,82.44457263796356,False
clean_Jul_Sep,oof_folds,1,30,by_latent_state,0,187,766,-1.2159971013688873,0.1174934725848564,0.9,-0.7825065274151436,12.708785507987253,False
clean_Jul_Sep,oof_folds,1,30,by_latent_state,1,160,227,2.297488508463588,0.801762114537445,0.9,-0.09823788546255507,53.86283758702396,False
clean_Jul_Sep,oof_folds,1,30,by_latent_state,2,139,222,8.964915716305754,0.9009009009009009,0.9,0.0009009009009008917,74.08839746824792,False
clean_Jul_Sep,oof_folds,2,30,global,0,729,1215,3.2731344685662576,0.8493827160493828,0.9,-0.050617283950617264,38.608484568417374,False
clean_Jul_Sep,oof_folds,2,30,by_operating,0,729,371,3.2731344685662576,0.8490566037735849,0.9,-0.05094339622641508,16.505362723370368,False
clean_Jul_Sep,oof_folds,2,30,by_operating,1,0,844,3.2731344685662576,0.8495260663507109,0.9,-0.05047393364928909,48.32443030836102,True
clean_Jul_Sep,oof_folds,2,30,by_pred_level,0,729,601,3.2731344685662576,0.870216306156406,0.9,-0.029783693843594028,25.068989031284232,False
clean_Jul_Sep,oof_folds,2,30,by_pred_level,1,0,381,3.2731344685662576,0.8188976377952756,0.9,-0.08110236220472444,51.14739736775022,True
clean_Jul_Sep,oof_folds,2,30,by_pred_level,2,0,233,3.2731344685662576,0.8454935622317596,0.9,-0.05450643776824038,53.02870362966718,True
clean_Jul_Sep,oof_folds,2,30,by_abs_ramp,0,729,598,3.2731344685662576,0.8494983277591973,0.9,-0.05050167224080271,27.410588766902983,False
clean_Jul_Sep,oof_folds,2,30,by_abs_ramp,1,0,498,3.2731344685662576,0.8714859437751004,0.9,-0.028514056224899664,47.2070401156238,True
clean_Jul_Sep,oof_folds,2,30,by_abs_ramp,2,0,119,3.2731344685662576,0.7563025210084033,0.9,-0.14369747899159668,58.89639235662579,True
clean_Jul_Sep,oof_folds,2,30,by_operating_x_pred_level,0,729,339,3.2731344685662576,0.855457227138643,0.9,-0.044542772861356994,13.523940547022304,False
clean_Jul_Sep,oof_folds,2,30,by_operating_x_pred_level,1,0,31,3.2731344685662576,0.8064516129032258,0.9,-0.09354838709677427,47.75850511261608,True
clean_Jul_Sep,oof_folds,2,30,by_operating_x_pred_level,2,0,1,3.2731344685662576,0.0,0.9,-0.9,58.360066438746124,True
clean_Jul_Sep,oof_folds,2,30,by_operating_x_pred_level,3,0,262,3.2731344685662576,0.8893129770992366,0.9,-0.010687022900763399,40.00704794794375,True
clean_Jul_Sep,oof_folds,2,30,by_operating_x_pred_level,4,0,350,3.2731344685662576,0.82,0.9,-0.08000000000000007,51.4475563960621,True
clean_Jul_Sep,oof_folds,2,30,by_operating_x_pred_level,5,0,232,3.2731344685662576,0.8491379310344828,0.9,-0.05086206896551726,53.00572361755908,True
clean_Jul_Sep,oof_folds,2,30,by_latent_state,0,729,312,3.2731344685662576,0.8461538461538461,0.9,-0.05384615384615388,10.278848870148156,False
clean_Jul_Sep,oof_folds,2,30,by_latent_state,1,0,487,3.2731344685662576,0.839835728952772,0.9,-0.06016427104722799,44.99430073848239,True
clean_Jul_Sep,oof_folds,2,30,by_latent_state,2,0,416,3.2731344685662576,0.8629807692307693,0.9,-0.03701923076923075,52.38000827764414,True
clean_Jul_Sep,oof_folds,3,30,global,0,972,1215,3.243472364161814,0.8707818930041152,0.9,-0.029218106995884785,41.80277866545491,False
clean_Jul_Sep,oof_folds,3,30,by_operating,0,232,400,1.0707875772794742,0.7075,0.9,-0.1925,16.354088652833813,False
clean_Jul_Sep,oof_folds,3,30,by_operating,1,740,815,5.291471986342129,0.9447852760736196,0.9,0.044785276073619595,56.25623579391685,False
clean_Jul_Sep,oof_folds,3,30,by_pred_level,0,299,496,1.61376802096617,0.7661290322580645,0.9,-0.13387096774193552,23.789975479204685,False
clean_Jul_Sep,oof_folds,3,30,by_pred_level,1,423,452,7.012734176540252,0.9446902654867256,0.9,0.04469026548672561,55.88121403592754,False
clean_Jul_Sep,oof_folds,3,30,by_pred_level,2,250,267,3.1689987776125714,0.9438202247191011,0.9,0.043820224719101075,57.989575173504385,False
clean_Jul_Sep,oof_folds,3,30,by_abs_ramp,0,292,458,1.516395386474512,0.7969432314410481,0.9,-0.10305676855895196,22.306937090126024,False
clean_Jul_Sep,oof_folds,3,30,by_abs_ramp,1,549,620,4.002881637157238,0.9145161290322581,0.9,0.014516129032258074,51.33677903674438,False
clean_Jul_Sep,oof_folds,3,30,by_abs_ramp,2,131,137,8.868495712469464,0.9416058394160584,0.9,0.04160583941605833,70.40815527633232,False
clean_Jul_Sep,oof_folds,3,30,by_operating_x_pred_level,0,205,387,1.0118979933733956,0.7028423772609819,0.9,-0.19715762273901816,14.629169129348394,False
clean_Jul_Sep,oof_folds,3,30,by_operating_x_pred_level,1,26,11,3.243472364161814,0.8181818181818182,0.9,-0.08181818181818179,62.63527600777472,True
clean_Jul_Sep,oof_folds,3,30,by_operating_x_pred_level,2,1,2,3.243472364161814,1.0,0.9,0.09999999999999998,101.03411925290507,True
clean_Jul_Sep,oof_folds,3,30,by_operating_x_pred_level,3,94,109,6.276176993214428,0.944954128440367,0.9,0.04495412844036695,61.36602880019273,False
clean_Jul_Sep,oof_folds,3,30,by_operating_x_pred_level,4,397,441,7.680406317641123,0.9478458049886621,0.9,0.04784580498866209,56.860053915492905,False
clean_Jul_Sep,oof_folds,3,30,by_operating_x_pred_level,5,249,265,3.200151157075061,0.9433962264150944,0.9,0.04339622641509433,57.72813957841954,False
clean_Jul_Sep,oof_folds,3,30,by_latent_state,0,188,261,1.0867379449012076,0.8812260536398467,0.9,-0.018773946360153282,8.233806510172043,False
clean_Jul_Sep,oof_folds,3,30,by_latent_state,1,423,450,7.127169687699375,0.9555555555555556,0.9,0.05555555555555558,56.68844928402106,False
clean_Jul_Sep,oof_folds,3,30,by_latent_state,2,361,504,3.1193878417993224,0.7857142857142857,0.9,-0.11428571428571432,50.34917743522164,False
clean_Jul_Sep,oof_folds,4,30,global,0,1215,1215,6.030435001720575,0.9481481481481482,0.9,0.04814814814814816,44.794309995862726,False
clean_Jul_Sep,oof_folds,4,30,by_operating,0,400,408,20.51199926962575,0.9975490196078431,0.9,0.09754901960784312,55.53750060275829,False
clean_Jul_Sep,oof_folds,4,30,by_operating,1,815,807,2.7287719576966385,0.872366790582404,0.9,-0.02763320941759606,47.402551039162105,False
clean_Jul_Sep,oof_folds,4,30,by_pred_level,0,537,527,20.115701425774102,0.9981024667931688,0.9,0.09810246679316881,61.129366283588595,False
clean_Jul_Sep,oof_folds,4,30,by_pred_level,1,438,440,2.2504551442447704,0.8477272727272728,0.9,-0.05227272727272725,44.57145285173684,False
clean_Jul_Sep,oof_folds,4,30,by_pred_level,2,240,248,1.5841500342673749,0.8790322580645161,0.9,-0.020967741935483897,48.03468770675298,False
clean_Jul_Sep,oof_folds,4,30,by_abs_ramp,0,498,507,20.03946917670823,0.9980276134122288,0.9,0.09802761341222876,59.3726840632964,False
clean_Jul_Sep,oof_folds,4,30,by_abs_ramp,1,589,594,3.1573131379311876,0.8754208754208754,0.9,-0.02457912457912459,47.16415524936046,False
clean_Jul_Sep,oof_folds,4,30,by_abs_ramp,2,128,114,5.294561049134404,0.9210526315789473,0.9,0.021052631578947323,60.804738814279574,False
clean_Jul_Sep,oof_folds,4,30,by_operating_x_pred_level,0,388,402,20.513229165234357,1.0,0.9,0.09999999999999998,54.98255171053993,False
clean_Jul_Sep,oof_folds,4,30,by_operating_x_pred_level,1,11,6,6.030435001720575,0.5,0.9,-0.4,63.920753857132354,True
clean_Jul_Sep,oof_folds,4,30,by_operating_x_pred_level,3,149,125,4.198510132919137,0.888,0.9,-0.01200000000000001,51.62003778501153,False
clean_Jul_Sep,oof_folds,4,30,by_operating_x_pred_level,4,427,434,2.4997295508090493,0.8548387096774194,0.9,-0.04516129032258065,44.90701537974406,False
clean_Jul_Sep,oof_folds,4,30,by_operating_x_pred_level,5,239,248,1.6167627959863142,0.8790322580645161,0.9,-0.020967741935483897,48.099913230190865,False
clean_Jul_Sep,oof_folds,4,30,by_latent_state,0,261,334,0.4551602722251226,0.9580838323353293,0.9,0.05808383233532932,6.1217524975807835,False
clean_Jul_Sep,oof_folds,4,30,by_latent_state,1,450,448,2.792256282795503,0.8526785714285714,0.9,-0.047321428571428625,45.66476992508428,False
clean_Jul_Sep,oof_folds,4,30,by_latent_state,2,504,433,20.220963920958447,0.9861431870669746,0.9,0.08614318706697455,86.8034890922486,False
clean_Jul_Sep,holdout_60_20_20,-1,45,global,0,1458,1458,5.992296159417366,0.9458161865569273,0.9,0.04581618655692732,49.931961718455796,False
clean_Jul_Sep,holdout_60_20_20,-1,45,by_operating,0,479,408,20.369388191190453,1.0,0.9,0.09999999999999998,55.96903756031681,False
clean_Jul_Sep,holdout_60_20_20,-1,45,by_operating,1,979,1050,3.9013700510666385,0.9076190476190477,0.9,0.007619047619047636,54.57732869646629,False
clean_Jul_Sep,holdout_60_20_20,-1,45,by_pred_level,0,606,540,20.210568058906706,0.9944444444444445,0.9,0.09444444444444444,63.74771167749048,False
clean_Jul_Sep,holdout_60_20_20,-1,45,by_pred_level,1,515,587,6.077031844100778,0.9165247018739353,0.9,0.016524701873935288,54.0209317476063,False
clean_Jul_Sep,holdout_60_20_20,-1,45,by_pred_level,2,337,331,-1.2642939444456434,0.8912386706948641,0.9,-0.008761329305135956,52.32054272002506,False
clean_Jul_Sep,holdout_60_20_20,-1,45,by_abs_ramp,0,560,485,20.031575927662228,0.9979381443298969,0.9,0.09793814432989689,61.10616530876177,False
clean_Jul_Sep,holdout_60_20_20,-1,45,by_abs_ramp,1,736,830,4.442036431419051,0.9228915662650602,0.9,0.02289156626506017,54.271772561427746,False
clean_Jul_Sep,holdout_60_20_20,-1,45,by_abs_ramp,2,162,143,2.9911419055739135,0.8811188811188811,0.9,-0.018881118881118875,58.07747478947656,False
clean_Jul_Sep,holdout_60_20_20,-1,45,by_operating_x_pred_level,0,451,395,20.389709668510363,1.0,0.9,0.09999999999999998,54.218033702242835,False
clean_Jul_Sep,holdout_60_20_20,-1,45,by_operating_x_pred_level,1,19,10,5.992296159417366,0.8,0.9,-0.09999999999999998,61.43957833707341,True
clean_Jul_Sep,holdout_60_20_20,-1,45,by_operating_x_pred_level,2,9,3,5.992296159417366,1.0,0.9,0.09999999999999998,149.03260103641085,True
clean_Jul_Sep,holdout_60_20_20,-1,45,by_operating_x_pred_level,3,155,145,4.8899004868596805,0.8827586206896552,0.9,-0.017241379310344862,60.042546683808226,False
clean_Jul_Sep,holdout_60_20_20,-1,45,by_operating_x_pred_level,4,496,577,6.199536950029698,0.9202772963604853,0.9,0.020277296360485253,54.13443211615678,False
clean_Jul_Sep,holdout_60_20_20,-1,45,by_operating_x_pred_level,5,328,328,-1.0381624905471574,0.8963414634146342,0.9,-0.003658536585365857,52.02098662073064,False
clean_Jul_Sep,holdout_60_20_20,-1,45,by_latent_state,0,330,334,0.8660512669196977,0.9520958083832335,0.9,0.052095808383233466,7.2493475344165335,False
clean_Jul_Sep,holdout_60_20_20,-1,45,by_latent_state,1,543,585,5.765615469183537,0.9179487179487179,0.9,0.017948717948717885,57.39002359652089,False
clean_Jul_Sep,holdout_60_20_20,-1,45,by_latent_state,2,585,539,20.2187206988947,0.9888682745825603,0.9,0.0888682745825603,89.89404816854035,False
clean_Jul_Sep,oof_folds,0,45,global,0,244,1214,4.855199285047066,0.899505766062603,0.9,-0.0004942339373970039,104.90824071449997,False
clean_Jul_Sep,oof_folds,0,45,by_operating,0,180,545,4.424412033415914,0.9009174311926605,0.9,0.0009174311926605228,59.85864522121399,False
clean_Jul_Sep,oof_folds,0,45,by_operating,1,64,669,5.460200745380842,0.9043348281016442,0.9,0.004334828101644206,142.11595879146486,False
clean_Jul_Sep,oof_folds,0,45,by_pred_level,0,134,620,1.0,0.9693548387096774,0.9,0.0693548387096774,49.00056950545119,False
clean_Jul_Sep,oof_folds,0,45,by_pred_level,1,74,394,5.570910139756962,0.8350253807106599,0.9,-0.06497461928934012,147.18794336342998,False
clean_Jul_Sep,oof_folds,0,45,by_pred_level,2,36,200,4.855199285047066,0.78,0.9,-0.12,173.84867244442427,True
clean_Jul_Sep,oof_folds,0,45,by_abs_ramp,0,151,633,0.0,0.8941548183254344,0.9,-0.005845181674565603,59.5039003664693,False
clean_Jul_Sep,oof_folds,0,45,by_abs_ramp,1,72,449,13.628843206560472,0.9265033407572383,0.9,0.02650334075723826,154.44664017989814,False
clean_Jul_Sep,oof_folds,0,45,by_abs_ramp,2,21,132,4.855199285047066,0.8712121212121212,0.9,-0.028787878787878807,167.258665161387,True
clean_Jul_Sep,oof_folds,0,45,by_operating_x_pred_level,0,126,410,1.523316757632009,0.9804878048780488,0.9,0.08048780487804874,25.783559858954607,False
clean_Jul_Sep,oof_folds,0,45,by_operating_x_pred_level,1,40,116,4.855199285047066,0.6206896551724138,0.9,-0.2793103448275862,142.85412710988908,True
clean_Jul_Sep,oof_folds,0,45,by_operating_x_pred_level,2,14,19,4.855199285047066,0.8947368421052632,0.9,-0.0052631578947368585,169.3704100231951,True
clean_Jul_Sep,oof_folds,0,45,by_operating_x_pred_level,3,8,210,4.855199285047066,0.9857142857142858,0.9,0.08571428571428574,104.08284281993505,True
clean_Jul_Sep,oof_folds,0,45,by_operating_x_pred_level,4,34,278,4.855199285047066,0.9136690647482014,0.9,0.013669064748201398,146.96759275875135,True
clean_Jul_Sep,oof_folds,0,45,by_operating_x_pred_level,5,22,181,4.855199285047066,0.7679558011049724,0.9,-0.1320441988950276,174.31876628974666,True
clean_Jul_Sep,oof_folds,0,45,by_latent_state,0,105,374,0.0,0.983957219251337,0.9,0.08395721925133692,16.348400846074824,False
clean_Jul_Sep,oof_folds,0,45,by_latent_state,1,72,450,12.520371021775537,0.9044444444444445,0.9,0.004444444444444473,144.81387964370145,False
clean_Jul_Sep,oof_folds,0,45,by_latent_state,2,67,390,7.159557395326547,0.8846153846153846,0.9,-0.015384615384615441,156.77543921836855,False
clean_Jul_Sep,oof_folds,1,45,global,0,487,1214,6.184706549911507,0.9456342668863262,0.9,0.045634266886326214,47.16840825616346,False
clean_Jul_Sep,oof_folds,1,45,by_operating,0,220,815,9.825782813373225,0.9852760736196319,0.9,0.08527607361963185,42.464553543192544,False
clean_Jul_Sep,oof_folds,1,45,by_operating,1,267,399,4.293559205016534,0.8295739348370927,0.9,-0.07042606516290728,67.86881005888954,False
clean_Jul_Sep,oof_folds,1,45,by_pred_level,0,280,879,6.093301326109401,0.981797497155859,0.9,0.08179749715585893,35.73355426741905,False
clean_Jul_Sep,oof_folds,1,45,by_pred_level,1,115,191,3.2956081185900152,0.8952879581151832,0.9,-0.0047120418848167755,67.08517852185938,False
clean_Jul_Sep,oof_folds,1,45,by_pred_level,2,92,144,8.265611913688987,0.8333333333333334,0.9,-0.06666666666666665,85.93304920003438,False
clean_Jul_Sep,oof_folds,1,45,by_abs_ramp,0,280,892,8.251739144715172,0.984304932735426,0.9,0.08430493273542594,42.36268587671838,False
clean_Jul_Sep,oof_folds,1,45,by_abs_ramp,1,154,232,5.611408442127947,0.896551724137931,0.9,-0.0034482758620689724,68.55904961504626,False
clean_Jul_Sep,oof_folds,1,45,by_abs_ramp,2,53,90,6.733592479750184,0.7888888888888889,0.9,-0.11111111111111116,78.77341783053377,False
clean_Jul_Sep,oof_folds,1,45,by_operating_x_pred_level,0,197,781,10.102310227417933,0.9897567221510883,0.9,0.08975672215108832,41.21121481644436,False
clean_Jul_Sep,oof_folds,1,45,by_operating_x_pred_level,1,18,28,6.184706549911507,0.8571428571428571,0.9,-0.04285714285714293,74.77379391405802,True
clean_Jul_Sep,oof_folds,1,45,by_operating_x_pred_level,2,5,6,6.184706549911507,0.8333333333333334,0.9,-0.06666666666666665,85.55479521461466,True
clean_Jul_Sep,oof_folds,1,45,by_operating_x_pred_level,3,83,98,2.395181248368135,0.8775510204081632,0.9,-0.022448979591836782,48.58240610229532,False
clean_Jul_Sep,oof_folds,1,45,by_operating_x_pred_level,4,97,163,3.499338037454814,0.901840490797546,0.9,0.0018404907975460016,67.16446830543217,False
clean_Jul_Sep,oof_folds,1,45,by_operating_x_pred_level,5,87,138,7.57007587939725,0.8260869565217391,0.9,-0.07391304347826089,84.37747466440152,False
clean_Jul_Sep,oof_folds,1,45,by_latent_state,0,187,768,10.492947245150978,0.9986979166666666,0.9,0.09869791666666661,41.62390338030502,False
clean_Jul_Sep,oof_folds,1,45,by_latent_state,1,158,227,2.87119246752899,0.8590308370044053,0.9,-0.04096916299559472,63.48285722103991,False
clean_Jul_Sep,oof_folds,1,45,by_latent_state,2,142,219,6.069361077807903,0.8036529680365296,0.9,-0.09634703196347039,72.81864034446077,False
clean_Jul_Sep,oof_folds,2,45,global,0,730,1214,1.9046550168233123,0.8401976935749588,0.9,-0.05980230642504125,37.44536963981307,False
clean_Jul_Sep,oof_folds,2,45,by_operating,0,730,369,1.9046550168233123,0.9051490514905149,0.9,0.005149051490514922,13.922075103676207,False
clean_Jul_Sep,oof_folds,2,45,by_operating,1,0,845,1.9046550168233123,0.8118343195266272,0.9,-0.08816568047337281,47.7176722242326,True
clean_Jul_Sep,oof_folds,2,45,by_pred_level,0,730,572,1.9046550168233123,0.8758741258741258,0.9,-0.02412587412587419,23.40148679602831,False
clean_Jul_Sep,oof_folds,2,45,by_pred_level,1,0,409,1.9046550168233123,0.7995110024449877,0.9,-0.10048899755501228,47.877504964210715,True
clean_Jul_Sep,oof_folds,2,45,by_pred_level,2,0,233,1.9046550168233123,0.8240343347639485,0.9,-0.07596566523605153,53.60999469975406,True
clean_Jul_Sep,oof_folds,2,45,by_abs_ramp,0,730,596,1.9046550168233123,0.8624161073825504,0.9,-0.037583892617449655,26.437448330086667,False
clean_Jul_Sep,oof_folds,2,45,by_abs_ramp,1,0,498,1.9046550168233123,0.8232931726907631,0.9,-0.07670682730923695,47.229636912456044,True
clean_Jul_Sep,oof_folds,2,45,by_abs_ramp,2,0,120,1.9046550168233123,0.8,0.9,-0.09999999999999998,51.51333629665255,True
clean_Jul_Sep,oof_folds,2,45,by_operating_x_pred_level,0,730,333,1.9046550168233123,0.924924924924925,0.9,0.02492492492492493,10.739683383194475,False
clean_Jul_Sep,oof_folds,2,45,by_operating_x_pred_level,1,0,31,1.9046550168233123,0.6774193548387096,0.9,-0.2225806451612904,39.40550688466516,True
clean_Jul_Sep,oof_folds,2,45,by_operating_x_pred_level,2,0,5,1.9046550168233123,1.0,0.9,0.09999999999999998,67.87208664562804,True
clean_Jul_Sep,oof_folds,2,45,by_operating_x_pred_level,3,0,239,1.9046550168233123,0.8075313807531381,0.9,-0.0924686192468619,41.04324636286373,True
clean_Jul_Sep,oof_folds,2,45,by_operating_x_pred_level,4,0,378,1.9046550168233123,0.8095238095238095,0.9,-0.09047619047619049,48.57229845750677,True
clean_Jul_Sep,oof_folds,2,45,by_operating_x_pred_level,5,0,228,1.9046550168233123,0.8201754385964912,0.9,-0.0798245614035088,53.297229525502445,True
clean_Jul_Sep,oof_folds,2,45,by_latent_state,0,730,310,1.9046550168233123,0.9193548387096774,0.9,0.019354838709677358,8.353989071084088,False
clean_Jul_Sep,oof_folds,2,45,by_latent_state,1,0,488,1.9046550168233123,0.8012295081967213,0.9,-0.09877049180327868,45.87153512270595,True
clean_Jul_Sep,oof_folds,2,45,by_latent_state,2,0,416,1.9046550168233123,0.8269230769230769,0.9,-0.07307692307692315,49.23950238177042,True
clean_Jul_Sep,oof_folds,3,45,global,0,973,1214,2.9536562221321176,0.8632619439868204,0.9,-0.03673805601317959,44.838487551474984,False
clean_Jul_Sep,oof_folds,3,45,by_operating,0,232,400,0.6072118441229846,0.74,0.9,-0.16000000000000003,18.300034072103085,False
clean_Jul_Sep,oof_folds,3,45,by_operating,1,741,814,5.747358371249981,0.9361179361179361,0.9,0.03611793611793612,61.16081308968792,False
clean_Jul_Sep,oof_folds,3,45,by_pred_level,0,289,504,1.2593940481748098,0.7817460317460317,0.9,-0.11825396825396828,25.215317619654602,False
clean_Jul_Sep,oof_folds,3,45,by_pred_level,1,440,453,6.08862482397846,0.9293598233995585,0.9,0.02935982339955845,56.24304998752675,False
clean_Jul_Sep,oof_folds,3,45,by_pred_level,2,244,257,2.1227650647519303,0.9455252918287937,0.9,0.045525291828793724,65.96377194500194,False
clean_Jul_Sep,oof_folds,3,45,by_abs_ramp,0,292,458,1.175997850729847,0.8078602620087336,0.9,-0.0921397379912664,24.464359299207505,False
clean_Jul_Sep,oof_folds,3,45,by_abs_ramp,1,549,620,5.496194366627431,0.9290322580645162,0.9,0.029032258064516148,58.54043273757362,False
clean_Jul_Sep,oof_folds,3,45,by_abs_ramp,2,132,136,2.4547337687733357,0.875,0.9,-0.025000000000000022,61.19767907951524,False
clean_Jul_Sep,oof_folds,3,45,by_operating_x_pred_level,0,200,383,0.6075042440610645,0.7336814621409922,0.9,-0.16631853785900785,15.523129781404606,False
clean_Jul_Sep,oof_folds,3,45,by_operating_x_pred_level,1,29,11,2.9536562221321176,0.9090909090909091,0.9,0.009090909090909038,56.121883859153314,True
clean_Jul_Sep,oof_folds,3,45,by_operating_x_pred_level,2,3,6,2.9536562221321176,1.0,0.9,0.09999999999999998,139.5528812195771,True
clean_Jul_Sep,oof_folds,3,45,by_operating_x_pred_level,3,89,121,6.296670216210355,0.9090909090909091,0.9,0.009090909090909038,61.84160840282172,False
clean_Jul_Sep,oof_folds,3,45,by_operating_x_pred_level,4,411,442,6.659475058361386,0.9321266968325792,0.9,0.03212669683257918,57.23172674174847,False
clean_Jul_Sep,oof_folds,3,45,by_operating_x_pred_level,5,241,251,2.21895330023012,0.9442231075697212,0.9,0.04422310756972114,64.43677008225755,False
clean_Jul_Sep,oof_folds,3,45,by_latent_state,0,188,261,0.6109835438860601,0.9080459770114943,0.9,0.008045977011494232,7.156148793722988,False
clean_Jul_Sep,oof_folds,3,45,by_latent_state,1,424,449,6.183207981950293,0.9242761692650334,0.9,0.024276169265033398,59.939743891674865,False
clean_Jul_Sep,oof_folds,3,45,by_latent_state,2,361,504,2.5446290359701953,0.7936507936507936,0.9,-0.10634920634920642,53.40910115791265,False
clean_Jul_Sep,oof_folds,4,45,global,0,1215,1214,6.347007792317586,0.9522240527182867,0.9,0.05222405271828667,49.737660283235414,False
clean_Jul_Sep,oof_folds,4,45,by_operating,0,400,408,20.390253428330887,1.0,0.9,0.09999999999999998,57.201266740511436,False
clean_Jul_Sep,oof_folds,4,45,by_operating,1,815,806,2.5508806481665594,0.8684863523573201,0.9,-0.03151364764267994,52.58478193093614,False
clean_Jul_Sep,oof_folds,4,45,by_pred_level,0,553,537,20.240711451698896,0.994413407821229,0.9,0.09441340782122898,63.65223835589103,False
clean_Jul_Sep,oof_folds,4,45,by_pred_level,1,419,433,4.272827304450539,0.8683602771362586,0.9,-0.03163972286374139,51.15491431646348,False
clean_Jul_Sep,oof_folds,4,45,by_pred_level,2,243,244,0.31410451294226766,0.8852459016393442,0.9,-0.014754098360655776,58.32676358628335,False
clean_Jul_Sep,oof_folds,4,45,by_abs_ramp,0,498,507,20.227125971607453,0.9980276134122288,0.9,0.09802761341222876,62.49292932418407,False
clean_Jul_Sep,oof_folds,4,45,by_abs_ramp,1,589,593,3.3812900979563913,0.8768971332209107,0.9,-0.02310286677908935,53.320041937115896,False
clean_Jul_Sep,oof_folds,4,45,by_abs_ramp,2,128,114,5.242899320556522,0.9210526315789473,0.9,0.021052631578947323,64.77352161844536,False
clean_Jul_Sep,oof_folds,4,45,by_operating_x_pred_level,0,385,402,20.42784243897359,1.0,0.9,0.09999999999999998,56.265885080396224,False
clean_Jul_Sep,oof_folds,4,45,by_operating_x_pred_level,1,9,3,6.347007792317586,1.0,0.9,0.09999999999999998,69.53603327406783,True
clean_Jul_Sep,oof_folds,4,45,by_operating_x_pred_level,2,6,3,6.347007792317586,1.0,0.9,0.09999999999999998,124.10851497058552,True
clean_Jul_Sep,oof_folds,4,45,by_operating_x_pred_level,3,168,135,2.377613319532529,0.8222222222222222,0.9,-0.07777777777777783,51.035429725023214,False
clean_Jul_Sep,oof_folds,4,45,by_operating_x_pred_level,4,410,430,4.253463509563511,0.8651162790697674,0.9,-0.03488372093023262,51.016888415188,False
clean_Jul_Sep,oof_folds,4,45,by_operating_x_pred_level,5,237,241,0.30642799054872394,0.8879668049792531,0.9,-0.012033195020746956,57.642747327900175,False
clean_Jul_Sep,oof_folds,4,45,by_latent_state,0,261,334,0.4401172433006313,0.9580838323353293,0.9,0.05808383233532932,6.670293812009414,False
clean_Jul_Sep,oof_folds,4,45,by_latent_state,1,450,447,2.94640788425768,0.8702460850111857,0.9,-0.0297539149888143,52.02974151345854,False
clean_Jul_Sep,oof_folds,4,45,by_latent_state,2,504,433,20.30222827375237,0.9884526558891455,0.9,0.08845265588914553,92.36865756696149,False
clean_Jul_Sep,holdout_60_20_20,-1,60,global,0,1458,1458,6.077394671584362,0.9526748971193416,0.9,0.05267489711934159,53.04265321158711,False
clean_Jul_Sep,holdout_60_20_20,-1,60,by_operating,0,480,408,20.500327521903603,0.9975490196078431,0.9,0.09754901960784312,58.398235953771824,False
clean_Jul_Sep,holdout_60_20_20,-1,60,by_operating,1,978,1050,3.6435293342986403,0.9047619047619048,0.9,0.004761904761904745,57.302575343729124,False
clean_Jul_Sep,holdout_60_20_20,-1,60,by_pred_level,0,588,531,20.253276274323554,0.9887005649717514,0.9,0.08870056497175138,65.24559103776168,False
clean_Jul_Sep,holdout_60_20_20,-1,60,by_pred_level,1,516,607,6.700237816400178,0.9406919275123559,0.9,0.04069192751235584,56.67455629755264,False
clean_Jul_Sep,holdout_60_20_20,-1,60,by_pred_level,2,354,320,-2.615689194103712,0.84375,0.9,-0.05625000000000002,57.927087608447366,False
clean_Jul_Sep,holdout_60_20_20,-1,60,by_abs_ramp,0,561,485,20.09264074357091,0.9938144329896907,0.9,0.09381443298969072,64.42920960098752,False
clean_Jul_Sep,holdout_60_20_20,-1,60,by_abs_ramp,1,735,830,4.175749545284568,0.9204819277108434,0.9,0.02048192771084334,56.613177431869026,False
clean_Jul_Sep,holdout_60_20_20,-1,60,by_abs_ramp,2,162,143,1.6533085399628906,0.9020979020979021,0.9,0.00209790209790206,57.84513009852671,False
clean_Jul_Sep,holdout_60_20_20,-1,60,by_operating_x_pred_level,0,449,392,20.51503452885738,0.9974489795918368,0.9,0.09744897959183674,56.722691320172736,False
clean_Jul_Sep,holdout_60_20_20,-1,60,by_operating_x_pred_level,1,19,13,6.077394671584362,0.9230769230769231,0.9,0.023076923076923106,50.904580190758104,True
clean_Jul_Sep,holdout_60_20_20,-1,60,by_operating_x_pred_level,2,12,3,6.077394671584362,1.0,0.9,0.09999999999999998,159.80739046429554,True
clean_Jul_Sep,holdout_60_20_20,-1,60,by_operating_x_pred_level,3,139,139,5.346834658569451,0.8776978417266187,0.9,-0.022302158273381334,60.94490320804766,False
clean_Jul_Sep,holdout_60_20_20,-1,60,by_operating_x_pred_level,4,497,594,7.291604583352311,0.9494949494949495,0.9,0.04949494949494948,57.95630627526686,False
clean_Jul_Sep,holdout_60_20_20,-1,60,by_operating_x_pred_level,5,342,317,-2.5964979271764252,0.8422712933753943,0.9,-0.05772870662460572,57.165841103269074,False
clean_Jul_Sep,holdout_60_20_20,-1,60,by_latent_state,0,331,334,1.584399669047404,0.9880239520958084,0.9,0.08802395209580838,10.785617485298962,False
clean_Jul_Sep,holdout_60_20_20,-1,60,by_latent_state,1,542,585,5.490252478213891,0.9333333333333333,0.9,0.033333333333333326,60.76599874521519,False
clean_Jul_Sep,holdout_60_20_20,-1,60,by_latent_state,2,585,539,20.254528358541776,0.9925788497217068,0.9,0.09257884972170682,92.35687562718965,False
clean_Jul_Sep,oof_folds,0,60,global,0,244,1214,7.460560861761366,0.8632619439868204,0.9,-0.03673805601317959,53.62945997539792,False
clean_Jul_Sep,oof_folds,0,60,by_operating,0,180,546,7.784028741934305,0.8827838827838828,0.9,-0.017216117216117266,47.11513826343195,False
clean_Jul_Sep,oof_folds,0,60,by_operating,1,64,668,7.633328603734555,0.8502994011976048,0.9,-0.04970059880239519,59.82835860288064,False
clean_Jul_Sep,oof_folds,0,60,by_pred_level,0,127,568,2.1224298684350087,0.8961267605633803,0.9,-0.0038732394366197687,33.03278006468555,False
clean_Jul_Sep,oof_folds,0,60,by_pred_level,1,81,441,13.993799845481824,0.8707482993197279,0.9,-0.029251700680272164,70.88089653289572,False
clean_Jul_Sep,oof_folds,0,60,by_pred_level,2,36,205,7.460560861761366,0.7804878048780488,0.9,-0.11951219512195121,72.11351189076771,True
clean_Jul_Sep,oof_folds,0,60,by_abs_ramp,0,152,632,2.470763539379485,0.8322784810126582,0.9,-0.0677215189873418,37.04162589672228,False
clean_Jul_Sep,oof_folds,0,60,by_abs_ramp,1,71,450,15.585972735113911,0.9066666666666666,0.9,0.006666666666666599,73.71973708904915,False
clean_Jul_Sep,oof_folds,0,60,by_abs_ramp,2,21,132,7.460560861761366,0.8636363636363636,0.9,-0.036363636363636376,72.1798638171143,True
clean_Jul_Sep,oof_folds,0,60,by_operating_x_pred_level,0,119,393,0.9907852862736167,0.9414758269720102,0.9,0.04147582697201013,27.874427493678798,False
clean_Jul_Sep,oof_folds,0,60,by_operating_x_pred_level,1,49,123,7.460560861761366,0.6178861788617886,0.9,-0.2821138211382114,55.23216331525995,True
clean_Jul_Sep,oof_folds,0,60,by_operating_x_pred_level,2,12,30,7.460560861761366,0.7,0.9,-0.20000000000000007,84.60629571862943,True
clean_Jul_Sep,oof_folds,0,60,by_operating_x_pred_level,3,8,175,7.460560861761366,0.8857142857142857,0.9,-0.014285714285714346,50.2105273017771,True
clean_Jul_Sep,oof_folds,0,60,by_operating_x_pred_level,4,32,318,7.460560861761366,0.8584905660377359,0.9,-0.04150943396226414,58.81321540751131,True
clean_Jul_Sep,oof_folds,0,60,by_operating_x_pred_level,5,24,175,7.460560861761366,0.7942857142857143,0.9,-0.10571428571428576,69.9718918059914,True
clean_Jul_Sep,oof_folds,0,60,by_latent_state,0,106,374,0.5080532973885064,0.9385026737967914,0.9,0.0385026737967914,26.773734574346438,False
clean_Jul_Sep,oof_folds,0,60,by_latent_state,1,72,450,15.657307853857864,0.8844444444444445,0.9,-0.015555555555555545,73.62690988154621,False
clean_Jul_Sep,oof_folds,0,60,by_latent_state,2,66,390,14.210900959692102,0.9282051282051282,0.9,0.028205128205128216,75.39112857372729,False
clean_Jul_Sep,oof_folds,1,60,global,0,487,1214,6.490610704549368,0.9184514003294892,0.9,0.01845140032948922,60.5804648902798,False
clean_Jul_Sep,oof_folds,1,60,by_operating,0,220,814,2.065876897857667,0.8955773955773956,0.9,-0.004422604422604448,48.48250436341811,False
clean_Jul_Sep,oof_folds,1,60,by_operating,1,267,400,9.21172081330553,0.87,0.9,-0.030000000000000027,72.63336818672046,False
clean_Jul_Sep,oof_folds,1,60,by_pred_level,0,279,871,2.6815764530545754,0.9414466130884042,0.9,0.04144661308840414,48.96515833831446,False
clean_Jul_Sep,oof_folds,1,60,by_pred_level,1,114,183,10.46901658626964,0.912568306010929,0.9,0.012568306010928953,71.71354528741549,False
clean_Jul_Sep,oof_folds,1,60,by_pred_level,2,94,160,13.20638021571725,0.9,0.9,0.0,92.13911129193852,False
clean_Jul_Sep,oof_folds,1,60,by_abs_ramp,0,279,892,3.7498917037729815,0.9540358744394619,0.9,0.054035874439461895,53.009013876180695,False
clean_Jul_Sep,oof_folds,1,60,by_abs_ramp,1,155,232,7.358211817092074,0.8146551724137931,0.9,-0.08534482758620687,66.7848282796065,False
clean_Jul_Sep,oof_folds,1,60,by_abs_ramp,2,53,90,11.493291632526999,0.8666666666666667,0.9,-0.033333333333333326,79.77967360276126,False
clean_Jul_Sep,oof_folds,1,60,by_operating_x_pred_level,0,196,785,1.5520194885734375,0.8140127388535032,0.9,-0.0859872611464968,46.906194792917034,False
clean_Jul_Sep,oof_folds,1,60,by_operating_x_pred_level,1,18,19,6.490610704549368,0.7894736842105263,0.9,-0.1105263157894737,69.79224101300781,True
clean_Jul_Sep,oof_folds,1,60,by_operating_x_pred_level,2,6,10,6.490610704549368,0.7,0.9,-0.20000000000000007,76.72214883472017,True
clean_Jul_Sep,oof_folds,1,60,by_operating_x_pred_level,3,83,86,5.803842295196833,0.9418604651162791,0.9,0.041860465116279055,53.38273594005941,False
clean_Jul_Sep,oof_folds,1,60,by_operating_x_pred_level,4,96,164,10.396063401363934,0.9146341463414634,0.9,0.014634146341463428,70.86840329387466,False
clean_Jul_Sep,oof_folds,1,60,by_operating_x_pred_level,5,88,150,11.183908539242193,0.8333333333333334,0.9,-0.06666666666666665,88.22652950131392,False
clean_Jul_Sep,oof_folds,1,60,by_latent_state,0,187,767,1.5192904846724342,0.8148631029986962,0.9,-0.08513689700130378,46.75031924816431,False
clean_Jul_Sep,oof_folds,1,60,by_latent_state,1,159,227,10.288782610776764,0.9074889867841409,0.9,0.007488986784140894,74.82803879561001,False
clean_Jul_Sep,oof_folds,1,60,by_latent_state,2,141,220,9.206713016851145,0.8136363636363636,0.9,-0.08636363636363642,72.70306614728632,False
clean_Jul_Sep,oof_folds,2,60,global,0,730,1214,1.5442745473582982,0.8410214168039539,0.9,-0.0589785831960461,42.146659368481004,False
clean_Jul_Sep,oof_folds,2,60,by_operating,0,730,370,1.5442745473582982,0.9486486486486486,0.9,0.048648648648648596,22.03459498700425,False
clean_Jul_Sep,oof_folds,2,60,by_operating,1,0,844,1.5442745473582982,0.7938388625592417,0.9,-0.10616113744075828,50.9635596305028,True
clean_Jul_Sep,oof_folds,2,60,by_pred_level,0,730,579,1.5442745473582982,0.8998272884283247,0.9,-0.00017271157167531026,27.16577066116499,False
clean_Jul_Sep,oof_folds,2,60,by_pred_level,1,0,423,1.5442745473582982,0.7777777777777778,0.9,-0.12222222222222223,52.49293689692159,True
clean_Jul_Sep,oof_folds,2,60,by_pred_level,2,0,212,1.5442745473582982,0.8066037735849056,0.9,-0.09339622641509437,62.41769317511122,True
clean_Jul_Sep,oof_folds,2,60,by_abs_ramp,0,730,597,1.5442745473582982,0.8827470686767169,0.9,-0.017252931323283094,32.93236400236853,False
clean_Jul_Sep,oof_folds,2,60,by_abs_ramp,1,0,498,1.5442745473582982,0.8052208835341366,0.9,-0.09477911646586346,48.823973421782796,True
clean_Jul_Sep,oof_folds,2,60,by_abs_ramp,2,0,119,1.5442745473582982,0.7815126050420168,0.9,-0.11848739495798322,60.429280671210876,True
clean_Jul_Sep,oof_folds,2,60,by_operating_x_pred_level,0,730,334,1.5442745473582982,0.9700598802395209,0.9,0.07005988023952092,18.990274826782745,False
clean_Jul_Sep,oof_folds,2,60,by_operating_x_pred_level,1,0,36,1.5442745473582982,0.75,0.9,-0.15000000000000002,50.279120917948205,True
clean_Jul_Sep,oof_folds,2,60,by_operating_x_pred_level,3,0,245,1.5442745473582982,0.8040816326530612,0.9,-0.09591836734693882,38.31114049252691,True
clean_Jul_Sep,oof_folds,2,60,by_operating_x_pred_level,4,0,387,1.5442745473582982,0.7803617571059431,0.9,-0.11963824289405689,52.69887326705865,True
clean_Jul_Sep,oof_folds,2,60,by_operating_x_pred_level,5,0,212,1.5442745473582982,0.8066037735849056,0.9,-0.09339622641509437,62.41769317511122,True
clean_Jul_Sep,oof_folds,2,60,by_latent_state,0,730,311,1.5442745473582982,0.9710610932475884,0.9,0.07106109324758836,18.23139632284741,False
clean_Jul_Sep,oof_folds,2,60,by_latent_state,1,0,487,1.5442745473582982,0.7905544147843943,0.9,-0.10944558521560577,49.75174510388845,True
clean_Jul_Sep,oof_folds,2,60,by_latent_state,2,0,416,1.5442745473582982,0.8028846153846154,0.9,-0.0971153846153846,51.1225489214825,True
clean_Jul_Sep,oof_folds,3,60,global,0,972,1214,4.124155032197543,0.8780889621087314,0.9,-0.02191103789126858,50.865482725138236,False
clean_Jul_Sep,oof_folds,3,60,by_operating,0,232,400,0.5533850760225547,0.7275,0.9,-0.1725,19.022949259426362,False
clean_Jul_Sep,oof_folds,3,60,by_operating,1,740,814,5.48906959059147,0.9336609336609336,0.9,0.03366093366093359,65.73339221212849,False
clean_Jul_Sep,oof_folds,3,60,by_pred_level,0,284,504,2.125144270275914,0.8174603174603174,0.9,-0.08253968253968258,29.960374650989216,False
clean_Jul_Sep,oof_folds,3,60,by_pred_level,1,448,448,5.4375525816256065,0.9285714285714286,0.9,0.02857142857142858,57.77257346253475,False
clean_Jul_Sep,oof_folds,3,60,by_pred_level,2,240,262,4.894535928172332,0.9045801526717557,0.9,0.004580152671755711,77.61082152200387,False
clean_Jul_Sep,oof_folds,3,60,by_abs_ramp,0,292,458,1.314863986863009,0.8165938864628821,0.9,-0.08340611353711791,26.109337594260833,False
clean_Jul_Sep,oof_folds,3,60,by_abs_ramp,1,549,620,5.491557781718894,0.932258064516129,0.9,0.032258064516129004,64.15989364666166,False
clean_Jul_Sep,oof_folds,3,60,by_abs_ramp,2,131,136,1.7694756298337888,0.7867647058823529,0.9,-0.1132352941176471,62.4653041445091,False
clean_Jul_Sep,oof_folds,3,60,by_operating_x_pred_level,0,197,380,0.5496795560961895,0.7210526315789474,0.9,-0.17894736842105263,16.133363540796772,False
clean_Jul_Sep,oof_folds,3,60,by_operating_x_pred_level,1,32,13,4.124155032197543,1.0,0.9,0.09999999999999998,33.52269161624529,True
clean_Jul_Sep,oof_folds,3,60,by_operating_x_pred_level,2,3,7,4.124155032197543,0.8571428571428571,0.9,-0.04285714285714293,168.96016719422076,True
clean_Jul_Sep,oof_folds,3,60,by_operating_x_pred_level,3,87,124,5.672559292738897,0.9758064516129032,0.9,0.07580645161290323,69.77222920475825,False
clean_Jul_Sep,oof_folds,3,60,by_operating_x_pred_level,4,416,435,6.055009984134602,0.9402298850574713,0.9,0.04022988505747127,59.653695457705936,False
clean_Jul_Sep,oof_folds,3,60,by_operating_x_pred_level,5,237,255,5.057379507178532,0.9137254901960784,0.9,0.013725490196078383,75.3865841613921,False
clean_Jul_Sep,oof_folds,3,60,by_latent_state,0,188,261,0.5680561786499181,0.89272030651341,0.9,-0.0072796934865900775,8.187408901183002,False
clean_Jul_Sep,oof_folds,3,60,by_latent_state,1,423,450,5.196529601470535,0.92,0.9,0.020000000000000018,64.65720441078439,False
clean_Jul_Sep,oof_folds,3,60,by_latent_state,2,361,503,5.298383943037348,0.8131212723658051,0.9,-0.08687872763419491,61.24884317167943,False
clean_Jul_Sep,oof_folds,4,60,global,0,1215,1214,6.016720650551307,0.9514003294892917,0.9,0.05140032948929163,48.87500127042214,False
clean_Jul_Sep,oof_folds,4,60,by_operating,0,400,408,20.79310121227312,0.9975490196078431,0.9,0.09754901960784312,59.26098870254391,False
clean_Jul_Sep,oof_folds,4,60,by_operating,1,815,806,2.534451899539833,0.8808933002481389,0.9,-0.019106699751861078,51.612751195271784,False
clean_Jul_Sep,oof_folds,4,60,by_pred_level,0,558,535,20.65259178526374,0.9925233644859813,0.9,0.09252336448598131,64.6427572236608,False
clean_Jul_Sep,oof_folds,4,60,by_pred_level,1,405,448,2.4442968601412614,0.8683035714285714,0.9,-0.031696428571428625,47.71970967144902,False
clean_Jul_Sep,oof_folds,4,60,by_pred_level,2,252,231,3.229108305171565,0.9393939393939394,0.9,0.039393939393939426,62.959134152356064,False
clean_Jul_Sep,oof_folds,4,60,by_abs_ramp,0,498,507,20.662463139196138,0.9940828402366864,0.9,0.09408284023668634,64.76141894550629,False
clean_Jul_Sep,oof_folds,4,60,by_abs_ramp,1,589,593,2.533648007035583,0.8819561551433389,0.9,-0.018043844856661106,51.085860231594886,False
clean_Jul_Sep,oof_folds,4,60,by_abs_ramp,2,128,114,6.261375457302636,0.9298245614035088,0.9,0.029824561403508754,61.245061787724005,False
clean_Jul_Sep,oof_folds,4,60,by_operating_x_pred_level,0,383,393,20.922257670192142,0.9974554707379135,0.9,0.0974554707379135,58.24488003888958,False
clean_Jul_Sep,oof_folds,4,60,by_operating_x_pred_level,1,10,12,6.016720650551307,1.0,0.9,0.09999999999999998,46.81139980858544,True
clean_Jul_Sep,oof_folds,4,60,by_operating_x_pred_level,2,7,3,6.016720650551307,1.0,0.9,0.09999999999999998,128.24476557466178,True
clean_Jul_Sep,oof_folds,4,60,by_operating_x_pred_level,3,175,142,2.722042710488126,0.8309859154929577,0.9,-0.06901408450704227,47.981117659805456,False
clean_Jul_Sep,oof_folds,4,60,by_operating_x_pred_level,4,395,436,2.509626602299437,0.8738532110091743,0.9,-0.026146788990825676,48.07201569091262,False
clean_Jul_Sep,oof_folds,4,60,by_operating_x_pred_level,5,245,228,3.169237621775806,0.9385964912280702,0.9,0.038596491228070184,62.053729539096835,False
clean_Jul_Sep,oof_folds,4,60,by_latent_state,0,261,334,1.0424833853152218,0.9640718562874252,0.9,0.06407185628742518,10.254891346953338,False
clean_Jul_Sep,oof_folds,4,60,by_latent_state,1,450,446,2.5812671759373824,0.874439461883408,0.9,-0.02556053811659198,52.01722690699601,False
clean_Jul_Sep,oof_folds,4,60,by_latent_state,2,504,434,20.697868290836507,0.988479262672811,0.9,0.08847926267281103,90.01257094729051,False
