window,eval_mode,fold,horizon_min,grouping,n_groups,n_test,n_fallback_rows,target_coverage,coverage,coverage_gap,cov_operating,cov_idle,cov_when_peak,cov_top_pred_decile,worst_group_coverage,worst_group_gap,fixed_partition_worst_gap,fixed_partition_worst_coverage,n_fixed_groups,mean_interval_width,width_when_peak,alert_precision,alert_recall,alerts_per_day,peak_threshold_kw,peak_prevalence,d_cov_when_peak_vs_global,d_cov_operating_vs_global,d_fixed_partition_worst_gap_vs_global,d_mean_interval_width_vs_global,d_alert_precision_vs_global,d_alert_recall_vs_global
all_2021,holdout_60_20_20,-1,15,global,1,4912,0,0.9,0.866042345276873,-0.03395765472312706,0.8258446534308603,0.9225869671729544,0.5077186963979416,0.6868131868131868,0.866042345276873,0.03395765472312706,0.19291044776119404,0.707089552238806,5,25.368657385390634,39.181247196752246,0.6061946902654868,0.9399656946826758,17.667752442996743,175.0,0.11868892508143322,0.0,0.0,0.0,0.0,0.0,0.0
all_2021,holdout_60_20_20,-1,15,by_operating,2,4912,0,0.9,0.8558631921824105,-0.04413680781758955,0.8369905956112853,0.8824105830475257,0.5231560891938251,0.6991758241758241,0.8369905956112853,0.06300940438871472,0.1798507462686567,0.7201492537313433,5,25.357187288731907,40.007332162603596,0.5956989247311828,0.9502572898799314,18.175895765472312,175.0,0.11868892508143322,0.015437392795883409,0.011145942180424973,-0.013059701492537323,-0.011470096658726447,-0.01049576553430398,0.010291595197255643
all_2021,holdout_60_20_20,-1,15,by_pred_level,3,4912,0,0.9,0.8513843648208469,-0.04861563517915313,0.8659003831417624,0.8309652131308183,0.6895368782161235,0.8021978021978022,0.8308687615526802,0.06913123844731983,0.11875000000000002,0.78125,5,26.00940335390151,46.92391654898877,0.5495238095238095,0.9897084048027445,20.521172638436482,175.0,0.11868892508143322,0.18181818181818188,0.0400557297109021,-0.07416044776119401,0.6407459685108776,-0.056670880741677254,0.0497427101200687
all_2021,holdout_60_20_20,-1,15,by_abs_ramp,3,4912,0,0.9,0.8542345276872965,-0.04576547231270356,0.8411703239289446,0.8726114649681529,0.5591766723842195,0.7197802197802198,0.8499746578813989,0.0500253421186011,0.16026119402985073,0.7397388059701493,5,25.78618029912078,41.60029325015009,0.5921192758253461,0.9536878216123499,18.351791530944624,175.0,0.11868892508143322,0.05145797598627788,0.01532567049808431,-0.03264925373134331,0.4175229137301457,-0.01407541444014071,0.013722126929674117
all_2021,holdout_60_20_20,-1,15,by_operating_x_pred_level,6,4912,0,0.9,0.8432410423452769,-0.05675895765472316,0.845350052246604,0.8402743753062224,0.660377358490566,0.7857142857142857,0.8059701492537313,0.09999999999999998,0.09402985074626868,0.8059701492537313,5,25.50314414593711,45.33448780460791,0.5631733594515181,0.9862778730703259,19.95439739413681,175.0,0.11868892508143322,0.15265866209262435,0.019505398815743646,-0.09888059701492535,0.13448676054647635,-0.04302133081396864,0.046312178387650116
all_2021,holdout_60_20_20,-1,15,by_latent_state,3,4912,0,0.9,0.8446661237785016,-0.055333876221498435,0.8488331591779867,0.8388045075943165,0.5540308747855918,0.7184065934065934,0.8107594936708861,0.08924050632911396,0.16119402985074627,0.7388059701492538,5,25.944140765543786,41.51583381148431,0.5865687303252886,0.9588336192109777,18.62540716612378,175.0,0.11868892508143322,0.046312178387650116,0.02298850574712641,-0.03171641791044777,0.5754833801531518,-0.019625959940198223,0.018867924528301883
all_2021,oof_folds,0,15,global,1,4093,0,0.9,0.8270217444417298,-0.0729782555582702,0.901213171577123,0.7310924369747899,0.7233009708737864,0.8317535545023697,0.8270217444417298,0.0729782555582702,0.2113417346182358,0.6886582653817642,6,40.02386728720029,38.96718130916838,0.4107883817427386,0.9611650485436893,11.30515514292695,178.0,0.0503298314194967,0.0,0.0,0.0,0.0,0.0,0.0
all_2021,oof_folds,0,15,by_operating,2,4093,0,0.9,0.8294649401417054,-0.07053505985829467,0.9129116117850953,0.7215686274509804,0.7475728155339806,0.8436018957345972,0.7215686274509804,0.17843137254901964,0.22097850259451446,0.6790214974054856,6,40.32793612463833,39.430478791348044,0.4032258064516129,0.970873786407767,11.633520645003665,178.0,0.0503298314194967,0.024271844660194164,0.011698440207972283,0.00963676797627866,0.30406883743803803,-0.007562575291125695,0.009708737864077666
all_2021,oof_folds,0,15,by_pred_level,3,4093,0,0.9,0.829709259711703,-0.07029074028829707,0.9137781629116117,0.7210084033613445,0.8300970873786407,0.8981042654028436,0.7217294900221729,0.17827050997782712,0.23358042994810968,0.6664195700518903,6,40.17032436381891,42.32187470618657,0.3686131386861314,0.9805825242718447,12.853163938431468,178.0,0.0503298314194967,0.10679611650485432,0.01256499133448874,0.02223869532987388,0.14645707661861707,-0.04217524305660719,0.01941747572815533
all_2021,oof_folds,0,15,by_abs_ramp,3,4093,325,0.9,0.8025897874419741,-0.09741021255802595,0.9163778162911612,0.6554621848739496,0.7378640776699029,0.8341232227488151,0.6737242128121607,0.22627578718783936,0.31512231282431435,0.5848776871756857,6,40.30443080417056,39.85180109517588,0.38943248532289626,0.9660194174757282,11.985340825800147,178.0,0.0503298314194967,0.014563106796116498,0.015164644714038222,0.10378057820607856,0.28056351697026827,-0.021355896419842313,0.004854368932038833
all_2021,oof_folds,0,15,by_operating_x_pred_level,6,4093,148,0.9,0.8155387246518446,-0.0844612753481554,0.9133448873483535,0.6890756302521008,0.8009708737864077,0.8815165876777251,0.6330615270570793,0.2669384729429207,0.2669384729429207,0.6330615270570793,6,40.0105243553582,41.40633461318696,0.3754646840148699,0.9805825242718447,12.618617151233813,178.0,0.0503298314194967,0.07766990291262132,0.012131715771230511,0.055596738324684924,-0.013342931842089456,-0.0353236977278687,0.01941747572815533
all_2021,oof_folds,0,15,by_latent_state,3,4093,0,0.9,0.8111409723918885,-0.08885902760811148,0.9306759098786829,0.6565826330532213,0.8203883495145631,0.8933649289099526,0.5631216526396328,0.33687834736036726,0.32179392142327656,0.5782060785767235,6,40.98521315379136,41.46514694991275,0.3771106941838649,0.9757281553398058,12.501343757634986,178.0,0.0503298314194967,0.09708737864077666,0.029462738301559876,0.11045218680504076,0.9613458665910741,-0.03367768755887368,0.014563106796116498
all_2021,oof_folds,1,15,global,1,4093,0,0.9,0.8028341070119717,-0.09716589298802836,0.8802931596091205,0.6866218692730605,0.5526315789473685,0.8848167539267016,0.8028341070119717,0.09716589298802836,0.2564064801178203,0.6435935198821797,6,51.544006494025794,109.44207524902872,0.3427835051546392,0.875,9.100415343268995,176.0,0.03713657463962863,0.0,0.0,0.0,0.0,0.0,0.0
all_2021,oof_folds,1,15,by_operating,2,4093,0,0.9,0.8028341070119717,-0.09716589298802836,0.8623778501628665,0.7135003054367746,0.5526315789473685,0.8848167539267016,0.7135003054367746,0.18649969456322546,0.2254786450662739,0.6745213549337261,6,51.448245576977904,109.16232979381896,0.35278514588859416,0.875,8.842413877351575,176.0,0.03713657463962863,0.0,-0.01791530944625397,-0.030927835051546393,-0.09576091704789036,0.010001640733954986,0.0
all_2021,oof_folds,1,15,by_pred_level,3,4093,0,0.9,0.8096750549719033,-0.09032494502809674,0.876628664495114,0.7092241905925474,0.5723684210526315,0.8979057591623036,0.7275931520644512,0.17240684793554883,0.22695139911634754,0.6730486008836525,6,51.33976024390745,110.01088400403708,0.3333333333333333,0.875,9.358416809186416,176.0,0.03713657463962863,0.019736842105263053,-0.0036644951140064608,-0.02945508100147276,-0.20424625011834507,-0.009450171821305864,0.0
all_2021,oof_folds,1,15,by_abs_ramp,3,4093,0,0.9,0.8079648179819203,-0.0920351820180797,0.879071661237785,0.7012828344532682,0.5460526315789473,0.887434554973822,0.7439087610160705,0.15609123898392951,0.23726067746686308,0.6627393225331369,6,51.55716043382777,109.60972537233825,0.344559585492228,0.875,9.053505985829466,176.0,0.03713657463962863,-0.006578947368421129,-0.00122149837133545,-0.019145802650957222,0.01315393980197399,0.0017760803375888035,0.0
all_2021,oof_folds,1,15,by_operating_x_pred_level,6,4093,0,0.9,0.7972147569020278,-0.10278524309797221,0.8526058631921825,0.7141111789859499,0.5789473684210527,0.8979057591623036,0.6767304860088366,0.22326951399116346,0.22326951399116346,0.6767304860088366,6,50.99287771415574,110.10997455969611,0.3384223918575064,0.875,9.217688736867823,176.0,0.03713657463962863,0.02631578947368418,-0.027687296416938012,-0.03313696612665684,-0.551128779870055,-0.00436111329713279,0.0
all_2021,oof_folds,1,15,by_latent_state,3,4093,0,0.9,0.8069875397019302,-0.09301246029806987,0.8745928338762216,0.7055589492974954,0.5526315789473685,0.8821989528795812,0.654733492442323,0.24526650755767698,0.23136966126656855,0.6686303387334315,6,51.22342858886232,109.25336202773556,0.3575268817204301,0.875,8.72514048375275,176.0,0.03713657463962863,0.0,-0.005700325732898914,-0.025036818851251752,-0.32057790516347495,0.014743376565790944,0.0
all_2021,oof_folds,2,15,global,1,4093,0,0.9,0.9039824089909602,0.00398240899096014,0.8984522461306154,0.9141274238227147,0.8670886075949367,0.9529780564263323,0.9039824089909602,0.00398240899096014,0.10473537604456828,0.7952646239554317,5,34.50136345164827,77.76986105014326,0.44476744186046513,0.9683544303797469,8.068409479599316,177.0,0.038602492059613976,0.0,0.0,0.0,0.0,0.0,0.0
all_2021,oof_folds,2,15,by_operating,2,4093,0,0.9,0.900806254580992,0.0008062545809919275,0.9060022650056625,0.8912742382271468,0.879746835443038,0.9592476489028213,0.8912742382271468,0.008725761772853224,0.08941504178272985,0.8105849582172702,5,34.74280115461963,78.33580529838092,0.42265193370165743,0.9683544303797469,8.490593696555095,177.0,0.038602492059613976,0.012658227848101333,0.0075500188750471375,-0.01532033426183843,0.24143770297136058,-0.022115508158807695,0.0
all_2021,oof_folds,2,15,by_pred_level,3,4093,0,0.9,0.8876129978011239,-0.012387002198876118,0.8588146470366176,0.9404432132963989,0.4810126582278481,0.7398119122257053,0.8284250960307298,0.07157490396927024,0.08802228412256274,0.8119777158774373,5,33.92163646627775,74.55485482210901,0.5,0.8987341772151899,6.6611287564133885,177.0,0.038602492059613976,-0.38607594936708856,-0.03963759909399778,-0.01671309192200554,-0.5797269853705203,0.05523255813953487,-0.069620253164557
all_2021,oof_folds,2,15,by_abs_ramp,3,4093,0,0.9,0.9025164915709748,0.002516491570974777,0.9082672706681767,0.8919667590027701,0.8924050632911392,0.9623824451410659,0.8993212669683258,0.02408376963350778,0.08523676880222841,0.8147632311977716,5,34.80830212061443,78.77539620497502,0.42618384401114207,0.9683544303797469,8.420229660395798,177.0,0.038602492059613976,0.025316455696202556,0.009815024537561334,-0.01949860724233987,0.3069386689661613,-0.018583597849323064,0.0
all_2021,oof_folds,2,15,by_operating_x_pred_level,6,4093,4,0.9,0.8866357195211336,-0.013364280478866397,0.8848622121555304,0.8898891966759003,0.4810126582278481,0.7429467084639498,0.75,0.15000000000000002,0.0698841698841699,0.8301158301158301,5,34.667357633346505,74.64895286107547,0.4982456140350877,0.8987341772151899,6.684583435133154,177.0,0.038602492059613976,-0.38607594936708856,-0.013590033975084959,-0.034851206160398385,0.1659941816982382,0.053478172174622585,-0.069620253164557
all_2021,oof_folds,2,15,by_latent_state,3,4093,0,0.9,0.9032494502809675,0.0032494502809674586,0.9139297848244621,0.8836565096952909,0.9240506329113924,0.9780564263322884,0.8852988691437803,0.01706924315619962,0.07827298050139275,0.8217270194986073,5,35.13055705915787,79.53143368661465,0.40476190476190477,0.9683544303797469,8.86586855607134,177.0,0.038602492059613976,0.05696202531645578,0.015477538693846715,-0.026462395543175532,0.6291936075096061,-0.04000553709856036,0.0
all_2021,oof_folds,3,15,global,1,4093,0,0.9,0.830197898851698,-0.06980210114830199,0.8071693448702101,0.8637454981992797,0.4642857142857143,0.6180124223602484,0.830197898851698,0.06980210114830199,0.46923076923076923,0.4307692307692308,6,27.611397665391404,41.23197787487311,0.6197854588796186,0.9285714285714286,19.678475445883215,175.14999999999964,0.13681895919863182,0.0,0.0,0.0,0.0,0.0,0.0
all_2021,oof_folds,3,15,by_operating,2,4093,0,0.9,0.8299535792817004,-0.07004642071829958,0.8071693448702101,0.8631452581032413,0.4642857142857143,0.6180124223602484,0.8071693448702101,0.09283065512978994,0.46923076923076923,0.4307692307692308,6,27.62074613995829,41.247545099301,0.6197854588796186,0.9285714285714286,19.678475445883215,175.14999999999964,0.13681895919863182,0.0,0.0,0.0,0.00934847456688459,0.0,0.0
all_2021,oof_folds,3,15,by_pred_level,3,4093,0,0.9,0.8304422184216956,-0.06955778157830439,0.8088174701277298,0.8619447779111644,0.5,0.6459627329192547,0.6991951710261569,0.2008048289738431,0.43846153846153846,0.46153846153846156,6,27.614640410926373,42.20389173043872,0.6136631330977621,0.9303571428571429,19.91302223308087,175.14999999999964,0.13681895919863182,0.0357142857142857,0.0016481252575196725,-0.03076923076923077,0.0032427455349690604,-0.0061223257818564525,0.0017857142857142794
all_2021,oof_folds,3,15,by_abs_ramp,3,4093,0,0.9,0.830197898851698,-0.06980210114830199,0.8096415327564895,0.8601440576230492,0.4714285714285714,0.6226708074534162,0.7777777777777778,0.12222222222222223,0.46923076923076923,0.4307692307692308,6,27.654835228018985,41.381306384787344,0.6175771971496437,0.9285714285714286,19.748839482042513,175.14999999999964,0.13681895919863182,0.0071428571428571175,0.0024721878862794533,0.0,0.04343756262758092,-0.002208261729974903,0.0
all_2021,oof_folds,3,15,by_operating_x_pred_level,6,4093,65,0.9,0.8304422184216956,-0.06955778157830439,0.8092295014421096,0.8613445378151261,0.4982142857142857,0.6444099378881988,0.4307692307692308,0.46923076923076923,0.46923076923076923,0.4307692307692308,6,27.604810184161504,42.14700664056652,0.6143867924528302,0.9303571428571429,19.889567554361104,175.14999999999964,0.13681895919863182,0.03392857142857142,0.0020601565718995074,0.0,-0.00658748122990005,-0.005398666426788323,0.0017857142857142794
all_2021,oof_folds,3,15,by_latent_state,3,4093,0,0.9,0.8292206205717078,-0.07077937942829227,0.8055212196126905,0.8637454981992797,0.4660714285714286,0.6195652173913043,0.7831957989497375,0.11680420105026257,0.46923076923076923,0.4307692307692308,6,27.57316493682007,41.2093514222098,0.6200716845878136,0.9267857142857143,19.631566088443684,175.14999999999964,0.13681895919863182,0.0017857142857142794,-0.0016481252575195615,0.0,-0.03823272857133375,0.00028622570819503146,-0.0017857142857142794
all_2021,oof_folds,4,15,global,1,4093,0,0.9,0.9052040068409479,0.005204006840947906,0.8783948115119579,0.9458794587945879,0.6261467889908257,0.7834179357021996,0.9052040068409479,0.005204006840947906,0.10659340659340666,0.7934065934065934,5,28.03419056139285,41.35743299559952,0.5447570332480819,0.9770642201834863,18.341558758856586,175.0,0.10652333251893477,0.0,0.0,0.0,0.0,0.0,0.0
all_2021,oof_folds,4,15,by_operating,2,4093,0,0.9,0.9059369655509406,0.005936965550940587,0.9160924199432509,0.8905289052890529,0.731651376146789,0.8392554991539763,0.8905289052890529,0.016092419943250835,0.06732026143790848,0.8421052631578947,5,28.963921968253896,45.40499520041967,0.4915445321307779,1.0,20.804300024431956,175.0,0.10652333251893477,0.10550458715596334,0.037697608431292995,-0.03927314515549818,0.9297314068610447,-0.05321250111730397,0.022935779816513735
all_2021,oof_folds,4,15,by_pred_level,3,4093,0,0.9,0.8736867823112632,-0.026313217688736845,0.9120389136603162,0.8154981549815498,0.8761467889908257,0.9306260575296108,0.8269794721407625,0.07302052785923752,0.08525519848771268,0.8147448015122873,5,28.16289545652932,54.86768322050884,0.4692556634304207,0.9977064220183486,21.742487173222575,175.0,0.10652333251893477,0.25,0.033644102148358335,-0.02133820810569398,0.12870489513646888,-0.0755013698176612,0.020642201834862317
all_2021,oof_folds,4,15,by_abs_ramp,3,4093,0,0.9,0.8964085023210359,-0.0035914976789641617,0.8962302391568707,0.8966789667896679,0.7018348623853211,0.8138747884940778,0.878968253968254,0.021031746031746068,0.06703296703296702,0.832967032967033,5,28.67725374326581,45.64012486425014,0.5087924970691676,0.9954128440366973,20.006840947959933,175.0,0.10652333251893477,0.07568807339449546,0.01783542764491286,-0.03956043956043964,0.6430631818729573,-0.035964536178914264,0.01834862385321101
all_2021,oof_folds,4,15,by_operating_x_pred_level,6,4093,0,0.9,0.866601514781334,-0.03339848521866606,0.8986623429266315,0.8179581795817958,0.8532110091743119,0.9170896785109983,0.8153749212350346,0.09999999999999998,0.08462507876496539,0.8153749212350346,5,27.617517962479734,53.40883033173969,0.47692307692307695,0.9954128440366973,21.343757634986563,175.0,0.10652333251893477,0.22706422018348627,0.020267531414673634,-0.02196832782844127,-0.4166725989131166,-0.06783395632500494,0.01834862385321101
all_2021,oof_folds,4,15,by_latent_state,3,4093,0,0.9,0.8846811629611532,-0.015318837038846844,0.9266315362788813,0.8210332103321033,0.7660550458715596,0.8578680203045685,0.8441654357459379,0.05583456425406208,0.07958412098298684,0.8204158790170132,5,29.95579640706716,47.322448378231066,0.481767955801105,1.0,21.226484241387734,175.0,0.10652333251893477,0.13990825688073394,0.04823672476692342,-0.02700928561041982,1.9216058456743106,-0.0629890774469769,0.022935779816513735
all_2021,holdout_60_20_20,-1,30,global,1,4912,0,0.9,0.8713355048859935,-0.028664495114006483,0.8257839721254355,0.9353574926542605,0.42538593481989706,0.6329704510108864,0.8713355048859935,0.028664495114006483,0.21109022556390977,0.6889097744360902,5,36.59513615941433,63.3344596903867,0.5273088381330685,0.9108061749571184,19.680781758957657,175.0,0.11868892508143322,0.0,0.0,0.0,0.0,0.0,0.0
all_2021,holdout_60_20_20,-1,30,by_operating,2,4912,0,0.9,0.86685667752443,-0.03314332247557006,0.8414634146341463,0.9025465230166504,0.45797598627787306,0.6594090202177294,0.8414634146341463,0.05853658536585371,0.19041353383458648,0.7095864661654135,5,36.61771598223232,64.42027225549388,0.5119388729703916,0.9193825042881647,20.46254071661238,175.0,0.11868892508143322,0.032590051457976,0.015679442508710784,-0.020676691729323293,0.022579822817988315,-0.015369965162676857,0.00857632933104635
all_2021,holdout_60_20_20,-1,30,by_pred_level,3,4912,0,0.9,0.8497557003257329,-0.050244299674267134,0.8658536585365854,0.827130264446621,0.6329331046312179,0.7729393468118196,0.8070175438596491,0.09298245614035094,0.08918918918918917,0.8108108108108109,5,37.419581229497986,72.84373635477982,0.49606299212598426,0.9725557461406518,22.338762214983714,175.0,0.11868892508143322,0.20754716981132082,0.04006968641114983,-0.1219010363747206,0.8244450700836552,-0.031245846007084244,0.061749571183533414
all_2021,holdout_60_20_20,-1,30,by_abs_ramp,3,4912,0,0.9,0.8670602605863192,-0.03293973941368078,0.8421602787456446,0.9020568070519099,0.48198970840480276,0.6671850699844479,0.8244111349036403,0.07558886509635976,0.18007518796992483,0.7199248120300752,5,36.88325939879525,65.97678599651135,0.5118035882908404,0.9296740994854202,20.697068403908794,175.0,0.11868892508143322,0.0566037735849057,0.016376306620209058,-0.03101503759398494,0.28812323938092277,-0.01550524984222812,0.018867924528301883
all_2021,holdout_60_20_20,-1,30,by_operating_x_pred_level,6,4912,0,0.9,0.8448697068403909,-0.055130293159609156,0.8526132404181185,0.8339862879529872,0.6174957118353345,0.7542768273716952,0.7368421052631579,0.16315789473684217,0.10394736842105268,0.7960526315789473,5,37.41656826764115,71.69505605756044,0.5008818342151675,0.9742710120068611,22.162866449511398,175.0,0.11868892508143322,0.1921097770154374,0.02682926829268295,-0.1071428571428571,0.8214321082268228,-0.026427003917900982,0.0634648370497427
all_2021,holdout_60_20_20,-1,30,by_latent_state,3,4912,0,0.9,0.8436482084690554,-0.056351791530944606,0.8522648083623693,0.8315377081292851,0.4939965694682676,0.6811819595645412,0.8,0.09999999999999998,0.17255639097744369,0.7274436090225563,5,37.09147012160472,66.21633032264123,0.5004591368227732,0.934819897084048,21.283387622149835,175.0,0.11868892508143322,0.06861063464837053,0.026480836236933758,-0.03853383458646609,0.4963339621903913,-0.026849701310295293,0.02401372212692965
all_2021,oof_folds,0,30,global,1,4093,0,0.9,0.7669191302223308,-0.1330808697776692,0.8717504332755632,0.6313725490196078,0.46601941747572817,0.7683215130023641,0.7669191302223308,0.1330808697776692,0.3332075471698114,0.5667924528301886,6,78.76100574120487,123.80857766848077,0.4334862385321101,0.9174757281553398,10.226239921817738,178.0,0.0503298314194967,0.0,0.0,0.0,0.0,0.0,0.0
all_2021,oof_folds,0,30,by_operating,2,4093,0,0.9,0.7544588321524555,-0.14554116784754456,0.8431542461005199,0.6397759103641456,0.41262135922330095,0.7328605200945626,0.6397759103641456,0.2602240896358544,0.32716981132075473,0.5728301886792453,6,78.01111227640172,122.72138691492471,0.45544554455445546,0.8932038834951457,9.475690202785243,178.0,0.0503298314194967,-0.053398058252427216,-0.02859618717504331,-0.006037735849056647,-0.7498934648031508,0.02195930602234536,-0.024271844660194164
all_2021,oof_folds,0,30,by_pred_level,3,4093,0,0.9,0.7190324945028097,-0.18096750549719032,0.8947140381282496,0.4918767507002801,0.7330097087378641,0.8983451536643026,0.5044994375703037,0.39550056242969633,0.529433962264151,0.37056603773584906,6,79.3597910659516,128.80127821245765,0.3608617594254937,0.9757281553398058,13.064256046909357,178.0,0.0503298314194967,0.2669902912621359,0.022963604852686337,0.19622641509433958,0.5987853247467285,-0.0726244791066164,0.058252427184465994
all_2021,oof_folds,0,30,by_abs_ramp,3,4093,325,0.9,0.7666748106523332,-0.1333251893476668,0.8760831889081456,0.6252100840336134,0.4854368932038835,0.7777777777777778,0.6492942453854506,0.25070575461454947,0.3445283018867925,0.5554716981132075,6,78.92103356305233,124.08045871837855,0.42857142857142855,0.9174757281553398,10.343513315416565,178.0,0.0503298314194967,0.01941747572815533,0.004332755632582397,0.01132075471698113,0.16002782184746422,-0.004914809960681554,0.0
all_2021,oof_folds,0,30,by_operating_x_pred_level,6,4093,148,0.9,0.7710725629122893,-0.1289274370877107,0.8782495667244368,0.6324929971988795,0.6990291262135923,0.8817966903073287,0.5562264150943397,0.34377358490566035,0.34377358490566035,0.5562264150943397,6,78.75948923880125,128.79202099384798,0.3548951048951049,0.9854368932038835,13.41607622770584,178.0,0.0503298314194967,0.23300970873786409,0.00649913344887354,0.010566037735848965,-0.001516502403617892,-0.0785911336370052,0.06796116504854366
all_2021,oof_folds,0,30,by_latent_state,3,4093,0,0.9,0.7195211336428048,-0.18047886635719523,0.8929809358752167,0.49523809523809526,0.558252427184466,0.8085106382978723,0.369548584544759,0.5304514154552411,0.5264150943396226,0.37358490566037733,6,79.51372071437436,124.95835262229674,0.4132762312633833,0.9368932038834952,10.953334962130466,178.0,0.0503298314194967,0.09223300970873782,0.021230502599653422,0.19320754716981126,0.7527149731694891,-0.020210007268726793,0.01941747572815533
all_2021,oof_folds,1,30,global,1,4093,0,0.9,0.7864646958221354,-0.11353530417786462,0.8587133550488599,0.678069639584606,0.5592105263157895,0.8655913978494624,0.7864646958221354,0.11353530417786462,0.24549516008935224,0.6545048399106478,6,39.63188577133134,66.85085908424665,0.2721518987341772,0.8486842105263158,11.117517713168825,176.0,0.03713657463962863,0.0,0.0,0.0,0.0,0.0,0.0
all_2021,oof_folds,1,30,by_operating,2,4093,0,0.9,0.7864646958221354,-0.11353530417786462,0.8587133550488599,0.678069639584606,0.5592105263157895,0.8655913978494624,0.678069639584606,0.22193036041539405,0.24549516008935224,0.6545048399106478,6,39.62717370398358,66.84169670744156,0.2721518987341772,0.8486842105263158,11.117517713168825,176.0,0.03713657463962863,0.0,0.0,0.0,-0.004712067347760751,0.0,0.0
all_2021,oof_folds,1,30,by_pred_level,3,4093,0,0.9,0.7561690691424383,-0.1438309308575617,0.8591205211726385,0.6017104459376909,0.631578947368421,0.8844086021505376,0.6317380352644836,0.26826196473551644,0.34229337304542073,0.5577066269545793,6,39.67413412352547,68.32263078695544,0.25338491295938104,0.8618421052631579,12.12606889811874,176.0,0.03713657463962863,0.07236842105263153,0.0004071661237785573,0.0967982129560685,0.04224835219412881,-0.018766985774796185,0.013157894736842035
all_2021,oof_folds,1,30,by_abs_ramp,3,4093,0,0.9,0.7588565844124114,-0.14114341558758858,0.8611563517915309,0.6053756872327428,0.6776315789473685,0.8897849462365591,0.6360808709175739,0.2639191290824261,0.3408041697691735,0.5591958302308265,6,40.35884221485488,69.08878913904736,0.2528957528957529,0.8618421052631579,12.149523576838504,176.0,0.03713657463962863,0.11842105263157898,0.002442996742671011,0.09530900967982125,0.7269564435235409,-0.019256145838424332,0.013157894736842035
all_2021,oof_folds,1,30,by_operating_x_pred_level,6,4093,0,0.9,0.7664304910823357,-0.13356950891766428,0.868485342019544,0.613317043372022,0.6381578947368421,0.8924731182795699,0.5480268056589724,0.3519731943410276,0.3519731943410276,0.5480268056589724,6,40.88499161289385,68.48881911396418,0.26043737574552683,0.8618421052631579,11.797703396042023,176.0,0.03713657463962863,0.07894736842105265,0.009771986970684043,0.10647803425167535,1.2531058415625083,-0.011714522988650389,0.013157894736842035
all_2021,oof_folds,1,30,by_latent_state,3,4093,0,0.9,0.7586122648424138,-0.14138773515758618,0.8680781758957655,0.594379963347587,0.6710526315789473,0.8924731182795699,0.5182829888712241,0.3817170111287759,0.35495160089352196,0.5450483991064781,6,40.55338243035222,69.1347610158003,0.24394785847299813,0.8618421052631579,12.595162472514048,176.0,0.03713657463962863,0.11184210526315785,0.009364820846905597,0.10945644080416972,0.9214966590208817,-0.028204040261179092,0.013157894736842035
all_2021,oof_folds,2,30,global,1,4093,0,0.9,0.8937209870510628,-0.006279012948937179,0.8916163141993958,0.8975778546712803,0.8037974683544303,0.9243421052631579,0.8937209870510628,0.006279012948937179,0.09515306122448985,0.8048469387755102,5,41.64847323937059,85.06270312620205,0.3356164383561644,0.930379746835443,10.273149279257268,177.0,0.038602492059613976,0.0,0.0,0.0,0.0,0.0,0.0
all_2021,oof_folds,2,30,by_operating,2,4093,0,0.9,0.8934766674810652,-0.006523332518934777,0.9025679758308157,0.8768166089965398,0.8481012658227848,0.9375,0.8768166089965398,0.02318339100346023,0.08239795918367354,0.8176020408163265,5,41.904170519334784,85.79164879677636,0.3170212765957447,0.9430379746835443,11.023698998289763,177.0,0.038602492059613976,0.044303797468354444,0.010951661631419918,-0.012755102040816313,0.25569727996419545,-0.0185951617604197,0.012658227848101333
all_2021,oof_folds,2,30,by_pred_level,3,4093,0,0.9,0.8849254825311508,-0.015074517468849247,0.861404833836858,0.9280276816608997,0.37341772151898733,0.7039473684210527,0.8015665796344648,0.09843342036553526,0.09840213049267643,0.8015978695073236,5,41.462920137824845,79.65895585149454,0.4169278996865204,0.8417721518987342,7.482042511605179,177.0,0.038602492059613976,-0.430379746835443,-0.030211480362537846,0.0032490692681865774,-0.185553101545743,0.081311461330356,-0.08860759493670878
all_2021,oof_folds,2,30,by_abs_ramp,3,4093,0,0.9,0.8944539457610554,-0.005546054238944609,0.8969033232628398,0.8899653979238754,0.8354430379746836,0.930921052631579,0.8821989528795812,0.017801047120418856,0.0926020408163265,0.8073979591836735,5,41.81652541302978,85.55955820360789,0.32891832229580575,0.9430379746835443,10.62496946005375,177.0,0.038602492059613976,0.03164556962025322,0.005287009063444037,-0.0025510204081633514,0.16805217365919134,-0.006698116060358639,0.012658227848101333
all_2021,oof_folds,2,30,by_operating_x_pred_level,6,4093,15,0.9,0.8851698021011483,-0.01483019789885176,0.8867069486404834,0.8823529411764706,0.4240506329113924,0.7269736842105263,0.8162450066577897,0.08375499334221037,0.08375499334221037,0.8162450066577897,5,42.54624035205524,80.04109774091405,0.3879310344827586,0.8544303797468354,8.162228194478377,177.0,0.038602492059613976,-0.37974683544303794,-0.004909365558912415,-0.011398067882279483,0.8977671126846545,0.052314596126594226,-0.07594936708860756
all_2021,oof_folds,2,30,by_latent_state,3,4093,0,0.9,0.8920107500610799,-0.00798924993892014,0.898036253776435,0.8809688581314878,0.7721518987341772,0.9078947368421053,0.8861066235864298,0.013893376413570246,0.0836734693877551,0.8163265306122449,5,42.2214959592898,85.04660939392525,0.31808278867102396,0.9240506329113924,10.765697532372343,177.0,0.038602492059613976,-0.03164556962025311,0.006419939577039235,-0.011479591836734748,0.5730227199192086,-0.01753364968514043,-0.006329113924050556
all_2021,oof_folds,3,30,global,1,4093,0,0.9,0.7986806743220132,-0.10131932567798685,0.7602965403624382,0.8546546546546546,0.26964285714285713,0.4733606557377049,0.7986806743220132,0.10131932567798685,0.36808510638297876,0.5319148936170213,6,35.64747231106262,54.926617414183625,0.5665488810365136,0.8589285714285714,19.91302223308087,175.1999999999989,0.13681895919863182,0.0,0.0,0.0,0.0,0.0,0.0
all_2021,oof_folds,3,30,by_operating,2,4093,0,0.9,0.8006352308819936,-0.0993647691180064,0.7697693574958814,0.8456456456456456,0.2857142857142857,0.48565573770491804,0.7697693574958814,0.13023064250411864,0.36808510638297876,0.5319148936170213,6,35.983337295996805,55.533213240526244,0.5600461893764435,0.8660714285714286,20.311751771316885,175.1999999999989,0.13681895919863182,0.01607142857142857,0.009472817133443168,0.0,0.33586498493418304,-0.0065026916600701146,0.0071428571428572285
all_2021,oof_folds,3,30,by_pred_level,3,4093,0,0.9,0.7989249938920108,-0.10107500610798925,0.7635914332784185,0.8504504504504504,0.31785714285714284,0.5061475409836066,0.6183628318584071,0.2816371681415929,0.325531914893617,0.574468085106383,6,35.777228446957956,56.70897942638737,0.574245939675174,0.8839285714285714,20.217933056437822,175.1999999999989,0.13681895919863182,0.04821428571428571,0.0032948929159802853,-0.042553191489361764,0.12975613589533452,0.007697058638660437,0.025000000000000022
all_2021,oof_folds,3,30,by_abs_ramp,3,4093,0,0.9,0.7984363547520157,-0.10156364524798434,0.764003294892916,0.8486486486486486,0.2785714285714286,0.48155737704918034,0.6955555555555556,0.20444444444444443,0.3468085106382979,0.5531914893617021,6,35.91898562710995,55.61631922024939,0.5632984901277585,0.8660714285714286,20.194478377718056,175.1999999999989,0.13681895919863182,0.008928571428571452,0.0037067545304777516,-0.021276595744680882,0.27151331604732576,-0.0032503909087551186,0.0071428571428572285
all_2021,oof_folds,3,30,by_operating_x_pred_level,6,4093,47,0.9,0.8006352308819936,-0.0993647691180064,0.7697693574958814,0.8456456456456456,0.31785714285714284,0.5061475409836066,0.5319148936170213,0.36808510638297876,0.36808510638297876,0.5319148936170213,6,36.096577337317996,56.682791748022005,0.5712630359212051,0.8803571428571428,20.241387735157588,175.1999999999989,0.13681895919863182,0.04821428571428571,0.009472817133443168,0.0,0.4491050262553742,0.004714154884691513,0.021428571428571463
all_2021,oof_folds,3,30,by_latent_state,3,4093,0,0.9,0.7996579526020035,-0.10034204739799657,0.7672981878088962,0.8468468468468469,0.28214285714285714,0.48155737704918034,0.7291822955738935,0.17081770442610655,0.3468085106382979,0.5531914893617021,6,35.984860351388086,55.51231915275312,0.562137049941928,0.8642857142857143,20.194478377718056,175.1999999999989,0.13681895919863182,0.012500000000000011,0.007001647446458037,-0.021276595744680882,0.33738804032546454,-0.004411831094585539,0.005357142857142949
all_2021,oof_folds,4,30,global,1,4093,0,0.9,0.9088688003909113,0.008868800390911313,0.8868613138686131,0.9422249539028887,0.5756880733944955,0.7719298245614035,0.9088688003909113,0.008868800390911313,0.10995670995671003,0.79004329004329,5,39.91304901512539,62.558713974314294,0.45654565456545654,0.9518348623853211,21.320302956266797,175.0,0.10652333251893477,0.0,0.0,0.0,0.0,0.0,0.0
all_2021,oof_folds,4,30,by_operating,2,4093,0,0.9,0.9147324700708527,0.014732470070852655,0.9193025141930251,0.9078057775046097,0.6811926605504587,0.8333333333333334,0.9078057775046097,0.01930251419302509,0.1641509433962265,0.7358490566037735,5,40.049577709521365,66.31315143747649,0.43047034764826175,0.9655963302752294,22.938675787930613,175.0,0.10652333251893477,0.10550458715596323,0.032441200324412,0.05419423343951646,0.13652869439597737,-0.026075306917194785,0.013761467889908285
all_2021,oof_folds,4,30,by_pred_level,3,4093,0,0.9,0.8942096261910579,-0.005790373808942095,0.9193025141930251,0.8561770129071912,0.841743119266055,0.9263157894736842,0.8597989949748743,0.04020100502512569,0.10754716981132073,0.7924528301886793,5,39.50423652875646,76.70962536817994,0.42757936507936506,0.9885321100917431,23.642316149523577,175.0,0.10652333251893477,0.2660550458715596,0.032441200324412,-0.0024095401453892995,-0.4088124863689302,-0.02896628948609148,0.03669724770642202
all_2021,oof_folds,4,30,by_abs_ramp,3,4093,0,0.9,0.9120449548008795,0.012044954800879526,0.9059205190592052,0.9213275968039336,0.6628440366972477,0.8210526315789474,0.9062964799206743,0.017888563049853312,0.0645021645021645,0.8354978354978355,5,39.59349150070983,66.68366307715571,0.4397463002114165,0.9541284403669725,22.188126068898118,175.0,0.10652333251893477,0.08715596330275222,0.01905920519059212,-0.045454545454545525,-0.3195575144155569,-0.016799354354040064,0.002293577981651418
all_2021,oof_folds,4,30,by_operating_x_pred_level,6,4093,0,0.9,0.8873686782311263,-0.012631321768873716,0.9083536090835361,0.8555623847572219,0.8394495412844036,0.9245614035087719,0.7142857142857143,0.18571428571428572,0.09999999999999998,0.8513082322910019,5,39.081240312695506,76.04351957001867,0.4350453172205438,0.9908256880733946,23.290495968727093,175.0,0.10652333251893477,0.2637614678899082,0.02149229521492302,-0.009956709956710053,-0.8318087024298819,-0.021500337344912746,0.03899082568807344
all_2021,oof_folds,4,30,by_latent_state,3,4093,0,0.9,0.900806254580992,0.0008062545809919275,0.9286293592862936,0.8586355255070682,0.7155963302752294,0.856140350877193,0.877309682187731,0.03790613718411551,0.07140303842716711,0.8564135290363752,5,41.46415575727782,68.63914935410408,0.41913214990138065,0.9747706422018348,23.78304422184217,175.0,0.10652333251893477,0.13990825688073394,0.04176804541768053,-0.03855367152954292,1.5511067421524345,-0.03741350466407589,0.022935779816513735
all_2021,holdout_60_20_20,-1,45,global,1,4912,0,0.9,0.8737785016286646,-0.026221498371335472,0.8313001045660509,0.9334312285854136,0.39451114922813035,0.6244131455399061,0.8737785016286646,0.026221498371335472,0.3516129032258065,0.5483870967741935,6,83.32512925306914,159.38648726312513,0.5313463514902363,0.8867924528301887,19.01628664495114,175.0,0.11868892508143322,0.0,0.0,0.0,0.0,0.0,0.0
all_2021,holdout_60_20_20,-1,45,by_operating,2,4912,0,0.9,0.868485342019544,-0.03151465798045605,0.8396653886371558,0.908957415565345,0.41509433962264153,0.6447574334898278,0.8396653886371558,0.06033461136284424,0.3516129032258065,0.5483870967741935,6,83.34221720437745,160.12714510291363,0.5270541082164328,0.902229845626072,19.504885993485342,175.0,0.11868892508143322,0.020583190394511175,0.008365284071104928,0.0,0.0170879513083122,-0.004292243273803509,0.015437392795883298
all_2021,holdout_60_20_20,-1,45,by_pred_level,3,4912,0,0.9,0.8442589576547231,-0.05574104234527688,0.8745207389334263,0.801762114537445,0.6346483704974271,0.7856025039123631,0.8042024832855779,0.09579751671442216,0.2548387096774194,0.6451612903225806,6,83.62089084607919,170.23087785942263,0.5145454545454545,0.9708404802744426,21.498371335504885,175.0,0.11868892508143322,0.2401372212692967,0.04322063436737544,-0.09677419354838712,0.2957615930100559,-0.016800896944781818,0.08404802744425388
all_2021,holdout_60_20_20,-1,45,by_abs_ramp,3,4912,0,0.9,0.8674674267100977,-0.03253257328990233,0.8466364586964099,0.8967205090553109,0.45969125214408235,0.6744913928012519,0.815845824411135,0.08415417558886507,0.2548387096774194,0.6451612903225806,6,83.61677192633405,162.5066012168754,0.5226824457593688,0.9090909090909091,19.81758957654723,175.0,0.11868892508143322,0.065180102915952,0.015336354130359053,-0.09677419354838712,0.2916426732649171,-0.008663905730867505,0.022298456260720356
all_2021,holdout_60_20_20,-1,45,by_operating_x_pred_level,6,4912,0,0.9,0.8375407166123778,-0.06245928338762219,0.8522133147438131,0.8169358786098874,0.6312178387650086,0.7824726134585289,0.7419354838709677,0.15806451612903227,0.15806451612903227,0.7419354838709677,6,83.4566001017807,169.89980145500374,0.5220994475138122,0.9725557461406518,21.22475570032573,175.0,0.11868892508143322,0.23670668953687823,0.020913210177762265,-0.19354838709677424,0.13147084871155812,-0.009246903976424137,0.08576329331046306
all_2021,holdout_60_20_20,-1,45,by_latent_state,3,4912,0,0.9,0.8363192182410424,-0.06368078175895764,0.851167654234925,0.8154674498286834,0.45969125214408235,0.6713615023474179,0.7949367088607595,0.10506329113924051,0.3193548387096774,0.5806451612903226,6,83.38643433078084,162.29752128503497,0.5204280155642024,0.9176672384219554,20.091205211726386,175.0,0.11868892508143322,0.065180102915952,0.019867549668874163,-0.032258064516129115,0.06130507771170812,-0.010918335926033973,0.030874785591766707
all_2021,oof_folds,0,45,global,1,4092,0,0.9,0.9369501466275659,0.036950146627565905,0.92157712305026,0.9568385650224215,0.7836538461538461,0.9130434782608695,0.9369501466275659,0.036950146627565905,0.07660377358490567,0.8567961165048543,6,70.40091161941,83.76062574678204,0.2829403606102635,0.9807692307692307,16.914956011730204,178.0,0.05083088954056696,0.0,0.0,0.0,0.0,0.0,0.0
all_2021,oof_folds,0,45,by_operating,2,4092,0,0.9,0.9227761485826002,0.02277614858260013,0.9540727902946274,0.8822869955156951,0.8076923076923077,0.9371980676328503,0.8822869955156951,0.054072790294627415,0.13741007194244603,0.762589928057554,6,70.15045443561287,85.19268181996452,0.2563131313131313,0.9759615384615384,18.58064516129032,178.0,0.05083088954056696,0.024038461538461564,0.03249566724436748,0.06080629835754037,-0.2504571837971241,-0.026627229297132182,-0.004807692307692291
all_2021,oof_folds,0,45,by_pred_level,3,4092,0,0.9,0.9259530791788856,0.025953079178885563,0.9090121317157712,0.9478699551569507,0.8028846153846154,0.9251207729468599,0.8886653252850436,0.052216465169833026,0.07811320754716977,0.840625,6,69.38495948039444,84.58742316528868,0.28854314002828857,0.9807692307692307,16.58651026392962,178.0,0.05083088954056696,0.019230769230769273,-0.01256499133448874,0.0015094339622641062,-1.0159521390155533,0.005602779418025061,0.0
all_2021,oof_folds,0,45,by_abs_ramp,3,4092,326,0.9,0.9330400782013685,0.03304007820136845,0.915944540727903,0.9551569506726457,0.7740384615384616,0.9130434782608695,0.9164070612668743,0.05108695652173911,0.07811320754716977,0.8543689320388349,6,69.99868855538999,82.96185397561422,0.2952243125904486,0.9807692307692307,16.211143695014663,178.0,0.05083088954056696,-0.009615384615384581,-0.0056325823223569715,0.0015094339622641062,-0.4022230640200064,0.012283951980185115,0.0
all_2021,oof_folds,0,45,by_operating_x_pred_level,6,4092,139,0.9,0.8497067448680352,-0.05029325513196481,0.9272097053726169,0.749439461883408,0.8269230769230769,0.9396135265700483,0.7086792452830188,0.19132075471698118,0.19132075471698118,0.7086792452830188,6,68.64275017828916,84.9017612545743,0.2786885245901639,0.9807692307692307,17.173020527859236,178.0,0.05083088954056696,0.043269230769230727,0.0056325823223569715,0.11471698113207551,-1.7581614411208335,-0.0042518360200995975,0.0
all_2021,oof_folds,0,45,by_latent_state,3,4092,0,0.9,0.9259530791788856,0.025953079178885563,0.9059792027729636,0.9517937219730942,0.7355769230769231,0.9009661835748792,0.9059278350515464,0.054789272030651315,0.07735849056603772,0.8495145631067961,6,69.4413684063706,82.02991993753231,0.3059360730593607,0.9663461538461539,15.413489736070382,178.0,0.05083088954056696,-0.04807692307692302,-0.01559792027729634,0.0007547169811320531,-0.9595432130393959,0.022995712449097205,-0.014423076923076872
all_2021,oof_folds,1,45,global,1,4092,0,0.9,0.8184261974584556,-0.08157380254154445,0.8672638436482085,0.7451100244498777,0.58,0.9273182957393483,0.8184261974584556,0.08157380254154445,0.18506444275966638,0.7149355572403336,6,43.43392091280728,81.23733012339287,0.2748267898383372,0.7933333333333333,10.158357771260997,176.0,0.036656891495601175,0.0,0.0,0.0,0.0,0.0,0.0
all_2021,oof_folds,1,45,by_operating,2,4092,0,0.9,0.8186705767350929,-0.08132942326490711,0.868485342019544,0.7438875305623472,0.58,0.9273182957393483,0.7438875305623472,0.15611246943765278,0.18582259287338898,0.714177407126611,6,43.52054289626264,81.35660946718482,0.2723112128146453,0.7933333333333333,10.252199413489736,176.0,0.036656891495601175,0.0,0.00122149837133545,0.0007581501137225999,0.08662198345535899,-0.002515577023691873,0.0
all_2021,oof_folds,1,45,by_pred_level,3,4092,0,0.9,0.8181818181818182,-0.08181818181818179,0.86685667752443,0.7451100244498777,0.6066666666666667,0.9373433583959899,0.7483204134366925,0.1516795865633075,0.18506444275966638,0.7149355572403336,6,43.376338715586066,81.99169965244519,0.2662192393736018,0.7933333333333333,10.486803519061583,176.0,0.036656891495601175,0.026666666666666727,-0.0004071661237785573,0.0,-0.05758219722121538,-0.00860755046473538,0.0
all_2021,oof_folds,1,45,by_abs_ramp,3,4092,0,0.9,0.8084066471163245,-0.09159335288367554,0.866042345276873,0.7218826405867971,0.6,0.9348370927318296,0.7422199170124482,0.15778008298755186,0.21690674753601213,0.6830932524639879,6,43.39958742142281,81.78911799137046,0.27419354838709675,0.7933333333333333,10.181818181818182,176.0,0.036656891495601175,0.020000000000000018,-0.001221498371335561,0.03184230477634575,-0.034333491384472836,-0.0006332414512404405,0.0
all_2021,oof_folds,1,45,by_operating_x_pred_level,6,4092,0,0.9,0.8174486803519062,-0.08255131964809381,0.8794788273615635,0.7243276283618582,0.6133333333333333,0.9223057644110275,0.6785443517816527,0.2214556482183473,0.2214556482183473,0.6785443517816527,6,44.67038121812771,82.28540605175034,0.26136363636363635,0.7666666666666667,10.32258064516129,176.0,0.036656891495601175,0.033333333333333326,0.012214983713354943,0.03639120545868091,1.2364603053204277,-0.01346315347470084,-0.026666666666666616
all_2021,oof_folds,1,45,by_latent_state,3,4092,0,0.9,0.8093841642228738,-0.09061583577712617,0.871742671009772,0.7157701711491442,0.6133333333333333,0.9448621553884712,0.6624203821656051,0.23757961783439496,0.22448824867323736,0.6755117513267627,6,43.716039751874106,82.55161275191998,0.2603938730853392,0.7933333333333333,10.72140762463343,176.0,0.036656891495601175,0.033333333333333326,0.004478827361563464,0.039423805913570975,0.28211883906682544,-0.014432916752998015,0.0
all_2021,oof_folds,2,45,global,1,4092,0,0.9,0.9103128054740958,0.010312805474095743,0.8916572291430729,0.9445599445599445,0.759493670886076,0.9024390243902439,0.9103128054740958,0.010312805474095743,0.04570799706529716,0.864963503649635,5,37.07957224820939,70.32586353459322,0.3787878787878788,0.9493670886075949,9.29032258064516,177.0,0.0386119257086999,0.0,0.0,0.0,0.0,0.0,0.0
all_2021,oof_folds,2,45,by_operating,2,4092,0,0.9,0.9173998044965787,0.01739980449657863,0.9105322763306908,0.93000693000693,0.8544303797468354,0.9420731707317073,0.9105322763306908,0.03000693000693,0.05594125500667557,0.8771289537712895,5,37.55503726970627,71.13499406161787,0.3584905660377358,0.9620253164556962,9.947214076246334,177.0,0.0386119257086999,0.09493670886075944,0.0188750471876179,0.010233257941378415,0.4754650214968805,-0.02029731275014296,0.012658227848101333
all_2021,oof_folds,2,45,by_pred_level,3,4092,0,0.9,0.9093352883675464,0.00933528836754638,0.8878822197055493,0.9487179487179487,0.5253164556962026,0.7957317073170732,0.8534704370179949,0.04652956298200517,0.08039215686274503,0.8531375166889186,5,37.54501188637738,68.22531065968623,0.40114613180515757,0.8860759493670886,8.187683284457478,177.0,0.0386119257086999,-0.23417721518987344,-0.0037750094375236243,0.03468415979744788,0.46543963816799305,0.022358253017278784,-0.06329113924050633
all_2021,oof_folds,2,45,by_abs_ramp,3,4092,0,0.9,0.9205767350928641,0.020576735092864062,0.9090222725556814,0.9417879417879418,0.8227848101265823,0.9237804878048781,0.8664921465968587,0.03350785340314133,0.08039215686274503,0.8819951338199513,5,37.94445209228853,71.14968555249463,0.3584905660377358,0.9620253164556962,9.947214076246334,177.0,0.0386119257086999,0.06329113924050633,0.017365043412608472,0.03468415979744788,0.864879844079141,-0.02029731275014296,0.012658227848101333
all_2021,oof_folds,2,45,by_operating_x_pred_level,6,4092,29,0.9,0.9112903225806451,0.011290322580645107,0.9007172517931294,0.9306999306999307,0.5253164556962026,0.7987804878048781,0.8531375166889186,0.0607843137254902,0.0607843137254902,0.8531375166889186,5,38.3585992172886,68.37162491756196,0.3954802259887006,0.8860759493670886,8.304985337243401,177.0,0.0386119257086999,-0.23417721518987344,0.009060022650056565,0.015076316660193045,1.2790269690792115,0.0166923472008218,-0.06329113924050633
all_2021,oof_folds,2,45,by_latent_state,3,4092,0,0.9,0.9134897360703812,0.013489736070381175,0.9067572668931673,0.9258489258489259,0.7468354430379747,0.899390243902439,0.8792270531400966,0.03214862681744746,0.04117647058823526,0.8856447688564477,5,38.214763428494976,70.96674332604941,0.35058823529411764,0.9430379746835443,9.970674486803519,177.0,0.0386119257086999,-0.012658227848101333,0.015100037750094386,-0.004531526477061898,1.135191180285588,-0.02819964349376114,-0.006329113924050556
all_2021,oof_folds,3,45,global,1,4092,0,0.9,0.8162267839687195,-0.08377321603128052,0.7861557478368356,0.8600600600600601,0.325,0.5689655172413793,0.8162267839687195,0.08377321603128052,0.29453125,0.60546875,6,42.53952693088454,68.31570695387417,0.575326215895611,0.8660714285714286,19.777126099706745,175.14999999999964,0.13685239491691104,0.0,0.0,0.0,0.0,0.0,0.0
all_2021,oof_folds,3,45,by_operating,2,4092,0,0.9,0.8130498533724341,-0.08695014662756595,0.7935723114956736,0.8414414414414414,0.3392857142857143,0.5763546798029556,0.7935723114956736,0.10642768850432638,0.30000000000000004,0.6,6,42.84801197976994,69.04785018836469,0.5635103926096998,0.8714285714285714,20.316715542521994,175.14999999999964,0.13685239491691104,0.01428571428571429,0.007416563658838027,0.005468750000000022,0.3084850488854016,-0.011815823285911131,0.005357142857142838
all_2021,oof_folds,3,45,by_pred_level,3,4092,0,0.9,0.8154936461388075,-0.08450635386119254,0.7865677791512155,0.8576576576576577,0.3464285714285714,0.5812807881773399,0.6230492196878752,0.27695078031212483,0.27760416666666665,0.6223958333333334,6,42.47642852728224,69.27252052745042,0.5791962174940898,0.875,19.8475073313783,175.14999999999964,0.13685239491691104,0.021428571428571408,0.00041203131437983487,-0.01692708333333337,-0.06309840360230368,0.003870001598478834,0.008928571428571397
all_2021,oof_folds,3,45,by_abs_ramp,3,4092,0,0.9,0.8135386119257088,-0.08646138807429127,0.7919241862381541,0.8450450450450451,0.3464285714285714,0.5812807881773399,0.6822222222222222,0.21777777777777785,0.2802083333333334,0.6197916666666666,6,42.867249583753974,69.17752573028395,0.5664739884393064,0.875,20.29325513196481,175.14999999999964,0.13685239491691104,0.021428571428571408,0.005768438401318465,-0.01432291666666663,0.3277226528694328,-0.00885222745630454,0.008928571428571397
all_2021,oof_folds,3,45,by_operating_x_pred_level,6,4092,291,0.9,0.8115835777126099,-0.0884164222873901,0.7915121549237742,0.8408408408408409,0.34464285714285714,0.5812807881773399,0.6197916666666666,0.2802083333333334,0.2802083333333334,0.6197916666666666,6,42.80143530984454,69.2054538944564,0.5795724465558195,0.8714285714285714,19.75366568914956,175.14999999999964,0.13685239491691104,0.01964285714285713,0.0053564070869386304,-0.01432291666666663,0.2619083789600012,0.004246230660208572,0.005357142857142838
all_2021,oof_folds,3,45,by_latent_state,3,4092,0,0.9,0.8145161290322581,-0.0854838709677419,0.7964565306963329,0.8408408408408409,0.3464285714285714,0.5812807881773399,0.735933983495874,0.164066016504126,0.27760416666666665,0.6223958333333334,6,42.9549953103533,69.39289851319433,0.565415244596132,0.8875,20.621700879765395,175.14999999999964,0.13685239491691104,0.021428571428571408,0.010300782859497315,-0.01692708333333337,0.4154683794687557,-0.009910971299478932,0.021428571428571352
all_2021,oof_folds,4,45,global,1,4092,0,0.9,0.9098240469208211,0.009824046920821061,0.886815415821501,0.9446834665027658,0.5894495412844036,0.7821612349914236,0.9098240469208211,0.009824046920821061,0.10285087719298247,0.7971491228070176,5,42.60927474009001,65.48764903990529,0.4242728184553661,0.9701834862385321,23.390029325513197,175.0,0.10654936461388075,0.0,0.0,0.0,0.0,0.0,0.0
all_2021,oof_folds,4,45,by_operating,2,4092,0,0.9,0.9198435972629521,0.01984359726295204,0.9123732251521298,0.931161647203442,0.6605504587155964,0.8216123499142367,0.9123732251521298,0.031161647203441944,0.06557017543859656,0.8344298245614035,5,42.6847456192326,68.78888644885437,0.4083570750237417,0.9862385321100917,24.703812316715542,175.0,0.10654936461388075,0.07110091743119273,0.02555780933062879,-0.037280701754385914,0.07547087914259265,-0.015915743431624385,0.016055045871559592
all_2021,oof_folds,4,45,by_pred_level,3,4092,0,0.9,0.9095796676441837,0.00957966764418372,0.9237322515212981,0.8881376767055931,0.8440366972477065,0.9296740994854202,0.879383634431456,0.04136043784206411,0.04297872340425535,0.8597883597883598,5,42.40892175736403,78.9726290675028,0.405607476635514,0.9954128440366973,25.102639296187682,175.0,0.10654936461388075,0.25458715596330284,0.03691683569979709,-0.05987215378872712,-0.20035298272598112,-0.018665341819852077,0.025229357798165153
all_2021,oof_folds,4,45,by_abs_ramp,3,4092,0,0.9,0.916911045943304,0.01691104594330395,0.9062880324543611,0.9330055316533498,0.6788990825688074,0.8421955403087479,0.9117501239464552,0.024528301886792447,0.06337719298245614,0.8366228070175439,5,42.420081215374466,70.8366061116493,0.41205053449951407,0.9724770642201835,24.14076246334311,175.0,0.10654936461388075,0.08944954128440374,0.01947261663286004,-0.03947368421052633,-0.18919352471554163,-0.012222283955852009,0.002293577981651418
all_2021,oof_folds,4,45,by_operating_x_pred_level,6,4092,0,0.9,0.9012707722385142,0.0012707722385141285,0.9087221095334685,0.8899815611555009,0.8371559633027523,0.9262435677530018,0.8677248677248677,0.09999999999999998,0.0903846153846154,0.8677248677248677,5,42.12193270287148,78.37153956265834,0.423828125,0.9954128440366973,24.023460410557185,175.0,0.10654936461388075,0.2477064220183487,0.021906693711967518,-0.012466261808367074,-0.4873420372185251,-0.0004446934553660742,0.025229357798165153
all_2021,oof_folds,4,45,by_latent_state,3,4092,0,0.9,0.9100684261974584,0.010068426197458402,0.9257606490872211,0.8862937922556853,0.7591743119266054,0.8816466552315609,0.8965262379896526,0.018819188191881886,0.056595744680851046,0.8809840425531915,5,44.316081475006165,74.1543014428418,0.3972350230414747,0.9885321100917431,25.454545454545453,175.0,0.10654936461388075,0.16972477064220182,0.03894523326572008,-0.046255132512131425,1.7068067349161566,-0.027037795413891397,0.01834862385321101
all_2021,holdout_60_20_20,-1,60,global,1,4912,0,0.9,0.8615635179153095,-0.038436482084690526,0.808228730822873,0.9363992172211351,0.36363636363636365,0.5557894736842105,0.8615635179153095,0.038436482084690526,0.2689619732785201,0.6310380267214799,6,39.95572049962564,69.12000746637861,0.5612565445026177,0.9193825042881647,18.664495114006513,175.0,0.11868892508143322,0.0,0.0,0.0,0.0,0.0,0.0
all_2021,holdout_60_20_20,-1,60,by_operating,2,4912,0,0.9,0.7620114006514658,-0.13798859934853425,0.8378661087866108,0.6555772994129159,0.4288164665523156,0.5894736842105263,0.6555772994129159,0.24442270058708415,0.2783783783783784,0.6216216216216216,6,39.88714886679334,71.46916391315887,0.5368932038834952,0.9485420240137221,20.13029315960912,175.0,0.11868892508143322,0.06518010291595194,0.029637377963737777,0.009416405099858305,-0.0685716328323025,-0.024363340619122598,0.029159519725557415
all_2021,holdout_60_20_20,-1,60,by_pred_level,3,4912,0,0.9,0.757328990228013,-0.142671009771987,0.858786610878661,0.6149706457925636,0.660377358490566,0.7494736842105263,0.6489930127414715,0.25100698725852855,0.3087747458533976,0.5912252541466024,6,40.509581546341344,82.35780216269522,0.5230202578268877,0.9742710120068611,21.22475570032573,175.0,0.11868892508143322,0.29674099485420236,0.050557880055787985,0.039812772574877475,0.5538610467157028,-0.03823628667573009,0.054888507718696355
all_2021,holdout_60_20_20,-1,60,by_abs_ramp,3,4912,0,0.9,0.7758550488599348,-0.12414495114006519,0.8329846582984658,0.6956947162426614,0.45797598627787306,0.6210526315789474,0.7022222222222222,0.19777777777777783,0.2220973782771536,0.6779026217228464,6,39.8912287138535,72.92222990181908,0.5417075564278705,0.9468267581475128,19.91530944625407,175.0,0.11868892508143322,0.09433962264150941,0.024755927475592743,-0.04686459500136653,-0.06449178577214099,-0.019548988074747253,0.027444253859348122
all_2021,holdout_60_20_20,-1,60,by_operating_x_pred_level,6,4912,0,0.9,0.7546824104234527,-0.14531758957654728,0.8559972105997211,0.6125244618395304,0.6552315608919382,0.7452631578947368,0.5815944355270198,0.3184055644729802,0.3184055644729802,0.5815944355270198,6,41.55356931277496,82.12061183607437,0.5236329935125116,0.9691252144082333,21.087947882736156,175.0,0.11868892508143322,0.2915951972555746,0.04776847977684806,0.04944359119446007,1.5978488131493194,-0.03762355099010617,0.04974271012006859
all_2021,holdout_60_20_20,-1,60,by_latent_state,3,4912,0,0.9,0.7504071661237784,-0.14959283387622158,0.8483263598326359,0.613013698630137,0.4734133790737564,0.6231578947368421,0.5969802555168409,0.30301974448315916,0.31305510968432315,0.5869448903156769,6,41.090691080904634,74.090190404893,0.5187214611872146,0.9742710120068611,21.400651465798045,175.0,0.11868892508143322,0.10977701543739277,0.04009762900976288,0.044093136405803035,1.134970581278992,-0.04253508331540312,0.054888507718696355
all_2021,oof_folds,0,60,global,1,4092,0,0.9,0.8211143695014663,-0.0788856304985337,0.9605719237435009,0.640695067264574,0.8557692307692307,0.946236559139785,0.8211143695014663,0.0788856304985337,0.3720306513409962,0.5279693486590038,6,92.3451232012209,118.68156967197544,0.21739130434782608,0.9615384615384616,21.58357771260997,178.0,0.05083088954056696,0.0,0.0,0.0,0.0,0.0,0.0
all_2021,oof_folds,0,60,by_operating,2,4092,0,0.9,0.7790811339198436,-0.12091886608015645,0.8795493934142115,0.649103139013453,0.5817307692307693,0.8198924731182796,0.649103139013453,0.25089686098654707,0.36130268199233717,0.5386973180076629,6,83.96356680393494,108.66838142681316,0.3532818532818533,0.8798076923076923,12.1524926686217,178.0,0.05083088954056696,-0.27403846153846145,-0.08102253032928941,-0.01072796934865905,-8.381556397285962,0.13589054893402722,-0.08173076923076927
all_2021,oof_folds,0,60,by_pred_level,3,4092,0,0.9,0.7971652003910068,-0.10283479960899322,0.925476603119584,0.6311659192825112,0.7403846153846154,0.9059139784946236,0.6295215869311552,0.2704784130688448,0.36206896551724144,0.5379310344827586,6,86.50606707105287,111.56353410680798,0.2783357245337159,0.9326923076923077,16.35190615835777,178.0,0.05083088954056696,-0.11538461538461531,-0.03509532062391685,-0.009961685823754785,-5.839056130168032,0.06094442018588983,-0.028846153846153855
all_2021,oof_folds,0,60,by_abs_ramp,3,4092,325,0.9,0.8008308895405669,-0.09916911045943311,0.9259098786828422,0.6390134529147982,0.7451923076923077,0.8924731182795699,0.6795219989136339,0.22047800108636617,0.36206896551724144,0.5379310344827586,6,87.26753143244409,112.35261230657878,0.27298050139275765,0.9423076923076923,16.84457478005865,178.0,0.05083088954056696,-0.11057692307692302,-0.03466204506065862,-0.009961685823754785,-5.077591768776813,0.055589197044931565,-0.019230769230769273
all_2021,oof_folds,0,60,by_operating_x_pred_level,6,4092,95,0.9,0.8047409579667644,-0.09525904203323565,0.9025129982668978,0.6782511210762332,0.7692307692307693,0.9112903225806451,0.5869731800766284,0.31302681992337167,0.31302681992337167,0.5869731800766284,6,84.45845230150819,113.12424211148513,0.2966360856269113,0.9326923076923077,15.343108504398828,178.0,0.05083088954056696,-0.08653846153846145,-0.058058925476603074,-0.05900383141762455,-7.886670899712712,0.07924478127908521,-0.028846153846153855
all_2021,oof_folds,0,60,by_latent_state,3,4092,0,0.9,0.8005865102639296,-0.09941348973607045,0.9090121317157712,0.6603139013452914,0.6057692307692307,0.8440860215053764,0.5918836140888208,0.3081163859111792,0.31762452107279693,0.5823754789272031,6,84.8294547842581,106.37636587473797,0.34296028880866425,0.9134615384615384,12.997067448680351,178.0,0.05083088954056696,-0.25,-0.051559792027729645,-0.05440613026819929,-7.5156684169627965,0.12556898446083817,-0.04807692307692313
all_2021,oof_folds,1,60,global,1,4092,0,0.9,0.8418866080156403,-0.05811339198435972,0.9177524429967426,0.7279951100244498,0.5,0.9085545722713865,0.8418866080156403,0.05811339198435972,0.21446059678653406,0.685539403213466,6,82.00039018533472,142.70884099822908,0.23820224719101124,0.7066666666666667,10.439882697947214,176.0,0.036656891495601175,0.0,0.0,0.0,0.0,0.0,0.0
all_2021,oof_folds,1,60,by_operating,2,4092,0,0.9,0.8418866080156403,-0.05811339198435972,0.8994299674267101,0.7555012224938875,0.4533333333333333,0.8908554572271387,0.7555012224938875,0.1444987775061125,0.1830910482019893,0.7169089517980107,6,81.44606056082338,141.76510293869347,0.2623762376237624,0.7066666666666667,9.478005865102638,176.0,0.036656891495601175,-0.04666666666666669,-0.018322475570032526,-0.03136954858454477,-0.5543296245113396,0.024173990432751147,0.0
all_2021,oof_folds,1,60,by_pred_level,3,4092,0,0.9,0.8680351906158358,-0.03196480938416424,0.9100162866449512,0.8050122249388753,0.4866666666666667,0.9085545722713865,0.8309859154929577,0.06901408450704227,0.11499617444529464,0.7850038255547054,6,81.86555455084458,142.30807369740214,0.24475524475524477,0.7,10.064516129032258,176.0,0.036656891495601175,-0.013333333333333308,-0.007736156351791479,-0.09946442234123942,-0.13483563449014468,0.006552997564233526,-0.00666666666666671
all_2021,oof_folds,1,60,by_abs_ramp,3,4092,0,0.9,0.843108504398827,-0.056891495601173014,0.9144951140065146,0.7359413202933985,0.49333333333333335,0.9085545722713865,0.766597510373444,0.133402489626556,0.20527926549349662,0.6947207345065034,6,81.96018129565785,143.77019118647175,0.2292576419213974,0.7,10.744868035190615,176.0,0.036656891495601175,-0.006666666666666654,-0.0032573289902280145,-0.009181331293037442,-0.04020888967687597,-0.008944605269613853,-0.00666666666666671
all_2021,oof_folds,1,60,by_operating_x_pred_level,6,4092,0,0.9,0.8616813294232649,-0.0383186705767351,0.9165309446254072,0.7793398533007335,0.48,0.8997050147492626,0.7505738332058148,0.1494261667941852,0.1494261667941852,0.7505738332058148,6,82.93409592464312,142.61239599641053,0.25059101654846333,0.7066666666666667,9.92375366568915,176.0,0.036656891495601175,-0.020000000000000018,-0.00122149837133545,-0.06503442999234887,0.9337057393083938,0.01238876935745209,0.0
all_2021,oof_folds,1,60,by_latent_state,3,4092,0,0.9,0.8411534701857283,-0.05884652981427174,0.9092019543973942,0.738997555012225,0.4533333333333333,0.8967551622418879,0.6823248407643312,0.21767515923566882,0.1983932670237185,0.7016067329762815,6,81.24466755664555,142.26533974447605,0.2517985611510791,0.7,9.782991202346041,176.0,0.036656891495601175,-0.04666666666666669,-0.008550488599348482,-0.016067329762815552,-0.7557226286891705,0.013596313960067885,-0.00666666666666671
all_2021,oof_folds,2,60,global,1,4092,0,0.9,0.9090909090909091,0.009090909090909038,0.8999244712990937,0.9259002770083102,0.7025316455696202,0.883495145631068,0.9090909090909091,0.009090909090909038,0.08750000000000002,0.8125,6,38.94805953626788,72.78183221958118,0.35960591133004927,0.9240506329113924,9.524926686217007,177.0,0.0386119257086999,0.0,0.0,0.0,0.0,0.0,0.0
all_2021,oof_folds,2,60,by_operating,2,4092,0,0.9,0.9122678396871945,0.01226783968719447,0.9123867069486404,0.9120498614958449,0.759493670886076,0.9029126213592233,0.9120498614958449,0.012386706948640414,0.08750000000000002,0.8125,6,39.437331762985785,73.63302224575955,0.33867276887871856,0.9367088607594937,10.252199413489736,177.0,0.0386119257086999,0.05696202531645578,0.012462235649546738,0.0,0.48927222671790815,-0.02093314245133071,0.012658227848101222
all_2021,oof_folds,2,60,by_pred_level,3,4092,0,0.9,0.9027370478983382,0.002737047898338174,0.8919939577039275,0.9224376731301939,0.5569620253164557,0.8058252427184466,0.8743386243386243,0.025661375661375718,0.21250000000000002,0.6875,6,38.95805692720951,71.25726959453512,0.3821138211382114,0.8924050632911392,8.656891495601172,177.0,0.0386119257086999,-0.14556962025316456,-0.007930513595166166,0.125,0.009997390941634876,0.02250790980816214,-0.03164556962025322
all_2021,oof_folds,2,60,by_abs_ramp,3,4092,0,0.9,0.9086021505376344,0.008602150537634357,0.9037009063444109,0.917590027700831,0.7215189873417721,0.889967637540453,0.8821989528795812,0.017801047120418856,0.09999999999999998,0.84375,6,39.27435325564337,73.34899299700227,0.3515439429928741,0.9367088607594937,9.87683284457478,177.0,0.0386119257086999,0.01898734177215189,0.003776435045317217,0.012499999999999956,0.32629371937549223,-0.008061968337175152,0.012658227848101222
all_2021,oof_folds,2,60,by_operating_x_pred_level,6,4092,32,0.9,0.9059139784946236,0.005913978494623606,0.9029456193353474,0.9113573407202216,0.5506329113924051,0.8025889967637541,0.8125,0.09999999999999998,0.09999999999999998,0.8125,6,39.66130544384229,71.37454672717067,0.38419618528610355,0.8924050632911392,8.609970674486803,177.0,0.0386119257086999,-0.1518987341772151,0.0030211480362537513,0.012499999999999956,0.7132459075744109,0.024590273956054287,-0.03164556962025322
all_2021,oof_folds,2,60,by_latent_state,3,4092,0,0.9,0.916177908113392,0.016177908113391926,0.9191842900302115,0.9106648199445984,0.7278481012658228,0.8964401294498382,0.8896940418679549,0.03982630272952847,0.08750000000000002,0.8125,6,40.48682855059045,73.61636266812259,0.3295711060948081,0.9240506329113924,10.392961876832844,177.0,0.0386119257086999,0.025316455696202556,0.019259818731117817,0.0,1.5387690143225754,-0.030034805235241158,0.0
all_2021,oof_folds,3,60,global,1,4092,0,0.9,0.8203812316715543,-0.07961876832844572,0.7747116968698518,0.8870192307692307,0.28035714285714286,0.4853658536585366,0.8203812316715543,0.07961876832844572,0.3426666666666667,0.5573333333333333,6,47.34398942713104,72.8062789641498,0.551605504587156,0.8589285714285714,20.457478005865102,175.1999999999989,0.13685239491691104,0.0,0.0,0.0,0.0,0.0,0.0
all_2021,oof_folds,3,60,by_operating,2,4092,0,0.9,0.820136852394917,-0.07986314760508306,0.7730642504118617,0.8888221153846154,0.2767857142857143,0.48292682926829267,0.7730642504118617,0.12693574958813836,0.3466666666666667,0.5533333333333333,6,47.22368295846564,72.62095165828765,0.5550405561993047,0.8553571428571428,20.24633431085044,175.1999999999989,0.13685239491691104,-0.0035714285714285587,-0.0016474464579900872,0.0040000000000000036,-0.12030646866540451,0.003435051612148743,-0.0035714285714285587
all_2021,oof_folds,3,60,by_pred_level,3,4092,0,0.9,0.8179374389051809,-0.08206256109481913,0.7672981878088962,0.8918269230769231,0.3053571428571429,0.5121951219512195,0.592814371257485,0.307185628742515,0.31733333333333336,0.5826666666666667,6,47.10182293119788,73.88010612973073,0.5619158878504673,0.8589285714285714,20.082111436950147,175.1999999999989,0.13685239491691104,0.025000000000000022,-0.007413509060955503,-0.02533333333333332,-0.2421664959331622,0.010310383263311351,0.0
all_2021,oof_folds,3,60,by_abs_ramp,3,4092,0,0.9,0.8242913000977518,-0.07570869990224827,0.7800658978583196,0.8888221153846154,0.2982142857142857,0.5048780487804878,0.7066666666666667,0.19333333333333336,0.33066666666666666,0.5693333333333334,6,47.423025005334495,73.2425430733906,0.5549199084668193,0.8660714285714286,20.50439882697947,175.1999999999989,0.13685239491691104,0.01785714285714285,0.005354200988467839,-0.01200000000000001,0.07903557820345242,0.003314403879663308,0.0071428571428572285
all_2021,oof_folds,3,60,by_operating_x_pred_level,6,4092,321,0.9,0.8169599217986315,-0.0830400782013685,0.7677100494233937,0.8888221153846154,0.30357142857142855,0.5097560975609756,0.5826666666666667,0.31733333333333336,0.31733333333333336,0.5826666666666667,6,47.2380105724873,73.8791632239368,0.5574912891986062,0.8571428571428571,20.19941348973607,175.1999999999989,0.13685239491691104,0.023214285714285687,-0.007001647446458037,-0.02533333333333332,-0.10597885464374457,0.005885784611450284,-0.0017857142857142794
all_2021,oof_folds,3,60,by_latent_state,3,4092,0,0.9,0.8198924731182796,-0.0801075268817204,0.7726523887973641,0.8888221153846154,0.275,0.48292682926829267,0.7186796699174793,0.1813203300825207,0.3466666666666667,0.5533333333333333,6,47.18263620696347,72.56072547042051,0.5577596266044341,0.8535714285714285,20.10557184750733,175.1999999999989,0.13685239491691104,-0.005357142857142838,-0.0020593080724876645,0.0040000000000000036,-0.1613532201675696,0.006154122017278163,-0.005357142857142838
all_2021,oof_folds,4,60,global,1,4092,0,0.9,0.9147116324535679,0.01471163245356788,0.8952922077922078,0.9441031941031941,0.6261467889908257,0.8073555166374781,0.9147116324535679,0.01471163245356788,0.08644067796610166,0.8135593220338984,5,43.51217868412591,68.33580546716887,0.47200878155872666,0.9862385321100917,21.372434017595307,175.0,0.10654936461388075,0.0,0.0,0.0,0.0,0.0,0.0
all_2021,oof_folds,4,60,by_operating,2,4092,0,0.9,0.9198435972629521,0.01984359726295204,0.9151785714285714,0.9269041769041769,0.6834862385321101,0.840630472854641,0.9151785714285714,0.026904176904176902,0.057547169811320686,0.8451977401129943,5,43.692418173092086,71.46255386995718,0.44319344933469806,0.9931192660550459,22.920821114369502,175.0,0.10654936461388075,0.05733944954128445,0.019886363636363646,-0.028893508154780978,0.1802394889661798,-0.0288153322240286,0.006880733944954143
all_2021,oof_folds,4,60,by_pred_level,3,4092,0,0.9,0.9115347018572825,0.011534701857282448,0.9237012987012987,0.8931203931203932,0.8486238532110092,0.9281961471103327,0.8838304552590267,0.04117647058823526,0.04999999999999993,0.8702830188679245,5,43.45941779295326,81.62109103139952,0.4419551934826884,0.9954128440366973,23.038123167155426,175.0,0.10654936461388075,0.22247706422018354,0.02840909090909094,-0.03644067796610173,-0.05276089117264604,-0.03005358807603825,0.00917431192660556
all_2021,oof_folds,4,60,by_abs_ramp,3,4092,0,0.9,0.91911045943304,0.019110459433040017,0.9103084415584416,0.9324324324324325,0.6903669724770642,0.8441330998248686,0.9002695417789758,0.0312977099236641,0.05833333333333335,0.848587570621469,5,44.12775562529048,73.00087500183655,0.4483837330552659,0.9862385321100917,22.498533724340174,175.0,0.10654936461388075,0.06422018348623859,0.015016233766233844,-0.028107344632768316,0.6155769411645764,-0.023625048503460755,0.0
all_2021,oof_folds,4,60,by_operating_x_pred_level,6,4092,0,0.9,0.9027370478983382,0.002737047898338174,0.9184253246753247,0.878992628992629,0.8463302752293578,0.9281961471103327,0.8688634835238735,0.09999999999999998,0.08333333333333326,0.8688634835238735,5,43.836787646017456,81.63857164524059,0.453305351521511,0.9908256880733946,22.357771260997065,175.0,0.10654936461388075,0.22018348623853212,0.023133116883116922,-0.003107344632768405,0.3246089618915491,-0.01870343003721564,0.004587155963302836
all_2021,oof_folds,4,60,by_latent_state,3,4092,0,0.9,0.9100684261974584,0.010068426197458402,0.9326298701298701,0.8759213759213759,0.7545871559633027,0.8774080560420315,0.8824833702882483,0.03853940708604475,0.06190476190476191,0.8688634835238735,5,45.2633594850782,75.48823456088377,0.42843040473840077,0.9954128440366973,23.765395894428153,175.0,0.10654936461388075,0.12844036697247707,0.037337662337662336,-0.024535916061339758,1.751180800952291,-0.04357837682032589,0.00917431192660556
clean_Jul_Sep,holdout_60_20_20,-1,15,global,1,1459,0,0.9,0.9362577107607951,0.03625771076079509,0.9162702188392008,0.9877450980392157,0.6,0.975609756097561,0.9362577107607951,0.03625771076079509,0.09501246882793013,0.8842975206611571,4,35.53496012426393,42.49765964339542,0.09933774834437085,0.75,9.935572309801234,191.0,0.013708019191226868,0.0,0.0,0.0,0.0,0.0,0.0
clean_Jul_Sep,holdout_60_20_20,-1,15,by_operating,2,1459,0,0.9,0.9211788896504455,0.021178889650445454,0.8924833491912464,0.9950980392156863,0.6,0.9390243902439024,0.8924833491912464,0.09509803921568627,0.09999999999999998,0.8181818181818182,4,41.66336467017359,39.089751264672984,0.1,0.6,7.895819054146676,191.0,0.013708019191226868,0.0,-0.0237868696479544,0.004987531172069848,6.12840454590966,0.0006622516556291508,-0.15000000000000002
clean_Jul_Sep,holdout_60_20_20,-1,15,by_pred_level,3,1459,0,0.9,0.9218642906100069,0.02186429061000683,0.8943862987630827,0.9926470588235294,0.4,0.8780487804878049,0.8478260869565217,0.09616858237547887,0.09999999999999998,0.8478260869565217,4,43.70874093293147,31.695840924778047,0.14492753623188406,0.5,4.540095956134339,191.0,0.013708019191226868,-0.19999999999999996,-0.021883920076118057,0.004987531172069848,8.173780808667537,0.04558978788751321,-0.25
clean_Jul_Sep,holdout_60_20_20,-1,15,by_abs_ramp,3,1459,0,0.9,0.9259766963673749,0.025976696367374874,0.9039010466222646,0.9828431372549019,0.65,0.9634146341463414,0.8870192307692307,0.09999999999999998,0.09834710743801656,0.8016528925619835,4,43.64493139469065,43.082247223479726,0.08383233532934131,0.7,10.988348183687457,191.0,0.013708019191226868,0.050000000000000044,-0.01236917221693623,0.0033346386100864267,8.109971270426719,-0.015505413015029543,-0.050000000000000044
clean_Jul_Sep,holdout_60_20_20,-1,15,by_operating_x_pred_level,5,1459,7,0.9,0.90815627141878,0.008156271418779948,0.8753568030447193,0.9926470588235294,0.4,0.8780487804878049,0.5714285714285714,0.3285714285714286,0.09999999999999998,0.8478260869565217,4,40.78503819124083,31.695840924778047,0.14492753623188406,0.5,4.540095956134339,191.0,0.013708019191226868,-0.19999999999999996,-0.04091341579448149,0.004987531172069848,5.250078066976897,0.04558978788751321,-0.25
clean_Jul_Sep,holdout_60_20_20,-1,15,by_latent_state,3,1459,0,0.9,0.9492803289924606,0.0492803289924606,0.9438629876308278,0.9632352941176471,0.8,0.9878048780487805,0.8993174061433447,0.09072356215213351,0.070074812967581,0.9008264462809917,4,43.760142754320164,62.94998294956953,0.06274509803921569,0.8,16.778615490061686,191.0,0.013708019191226868,0.20000000000000007,0.027592768791626976,-0.02493765586034913,8.225182630056231,-0.03659265030515517,0.050000000000000044
clean_Jul_Sep,oof_folds,0,15,global,1,1215,0,0.9,0.908641975308642,0.00864197530864197,0.8860569715142429,0.9361313868613139,0.43283582089552236,0.7164179104477612,0.908641975308642,0.00864197530864197,0.2333333333333334,0.6666666666666666,6,96.5163313823213,171.7585933272589,0.5186915887850467,0.8283582089552238,16.90864197530864,185.0,0.1102880658436214,0.0,0.0,0.0,0.0,0.0,0.0
clean_Jul_Sep,oof_folds,0,15,by_operating,2,1215,0,0.9,0.9209876543209876,0.020987654320987592,0.9340329835082459,0.9051094890510949,0.5970149253731343,0.8432835820895522,0.9051094890510949,0.034032983508245906,0.25897435897435894,0.6410256410256411,6,98.56494665238165,176.26576524111394,0.4875,0.8731343283582089,18.962962962962962,185.0,0.1102880658436214,0.16417910447761191,0.04797601199400303,0.02564102564102555,2.0486152700603526,-0.031191588785046742,0.04477611940298509
clean_Jul_Sep,oof_folds,0,15,by_pred_level,3,1215,254,0.9,0.8946502057613168,-0.005349794238683203,0.8935532233883059,0.8959854014598541,0.44029850746268656,0.7164179104477612,0.7283464566929134,0.1716535433070866,0.2333333333333334,0.6666666666666666,6,96.16316488689597,172.1903477631676,0.49130434782608695,0.8432835820895522,18.17283950617284,185.0,0.1102880658436214,0.007462686567164201,0.007496251874062998,0.0,-0.3531664954253273,-0.02738724095895978,0.014925373134328401
clean_Jul_Sep,oof_folds,0,15,by_abs_ramp,3,1215,131,0.9,0.9053497942386831,0.005349794238683092,0.9010494752623688,0.9105839416058394,0.5149253731343284,0.7611940298507462,0.8549618320610687,0.04503816793893134,0.20769230769230773,0.6923076923076923,6,96.59022857761204,172.9415251818155,0.5155555555555555,0.8656716417910447,17.77777777777778,185.0,0.1102880658436214,0.08208955223880604,0.014992503748125885,-0.02564102564102566,0.07389719529074057,-0.0031360332294911863,0.03731343283582089
clean_Jul_Sep,oof_folds,0,15,by_operating_x_pred_level,6,1215,794,0.9,0.8921810699588477,-0.007818930041152305,0.8860569715142429,0.8996350364963503,0.43283582089552236,0.7164179104477612,0.6666666666666666,0.2333333333333334,0.2333333333333334,0.6666666666666666,6,95.35306171000367,171.7585933272589,0.5186915887850467,0.8283582089552238,16.90864197530864,185.0,0.1102880658436214,0.0,0.0,0.0,-1.1632696723176252,0.0,0.0
clean_Jul_Sep,oof_folds,0,15,by_latent_state,3,1215,0,0.9,0.8954732510288066,-0.004526748971193428,0.9235382308845578,0.8613138686131386,0.5895522388059702,0.8059701492537313,0.8609625668449198,0.0444444444444444,0.13076923076923075,0.7692307692307693,6,100.87532072304506,178.9560541842793,0.4626865671641791,0.9253731343283582,21.17530864197531,185.0,0.1102880658436214,0.15671641791044782,0.03748125937031488,-0.10256410256410264,4.358989340723767,-0.05600502162086762,0.09701492537313439
clean_Jul_Sep,oof_folds,1,15,global,1,1215,0,0.9,0.9267489711934156,0.02674897119341557,0.830423940149626,0.9742014742014742,0.5204081632653061,0.6120689655172413,0.9267489711934156,0.02674897119341557,0.18143712574850301,0.718562874251497,4,23.076784143715717,40.09704899984642,0.6075949367088608,0.9795918367346939,12.48395061728395,187.0,0.08065843621399177,0.0,0.0,0.0,0.0,0.0,0.0
clean_Jul_Sep,oof_folds,1,15,by_operating,2,1215,0,0.9,0.47242798353909465,-0.42757201646090537,0.9201995012468828,0.25184275184275184,0.7959183673469388,0.8362068965517241,0.25184275184275184,0.6481572481572482,0.6766367137355584,0.2233632862644416,4,22.18533052283566,47.080666884287794,0.5568181818181818,1.0,13.906172839506173,187.0,0.08065843621399177,0.2755102040816326,0.08977556109725682,0.49519958798705543,-0.891453620880057,-0.05077675489067901,0.020408163265306145
clean_Jul_Sep,oof_folds,1,15,by_pred_level,3,1215,0,0.9,0.5218106995884774,-0.37818930041152266,0.9102244389027432,0.33046683046683045,0.8877551020408163,0.9137931034482759,0.352392065344224,0.5476079346557761,0.5944801026957638,0.3055198973042362,4,22.545233064406062,54.09760827779898,0.5212765957446809,1.0,14.85432098765432,187.0,0.08065843621399177,0.36734693877551017,0.07980049875311723,0.4130429769472608,-0.5315510793096543,-0.0863183409641799,0.020408163265306145
clean_Jul_Sep,oof_folds,1,15,by_abs_ramp,3,1215,0,0.9,0.46255144032921813,-0.4374485596707819,0.8802992518703242,0.25675675675675674,0.6938775510204082,0.75,0.297085201793722,0.602914798206278,0.6727856225930681,0.22721437740693196,4,21.599688930302296,45.25665105392535,0.5568181818181818,1.0,13.906172839506173,187.0,0.08065843621399177,0.173469387755102,0.04987531172069826,0.49134849684456505,-1.4770952134134205,-0.05077675489067901,0.020408163265306145
clean_Jul_Sep,oof_folds,1,15,by_operating_x_pred_level,6,1215,35,0.9,0.46584362139917695,-0.43415637860082307,0.9177057356608479,0.24324324324324326,0.8877551020408163,0.9137931034482759,0.21437740693196405,0.685622593068036,0.685622593068036,0.21437740693196405,4,22.81767745380537,53.811882578248934,0.5185185185185185,1.0,14.933333333333334,187.0,0.08065843621399177,0.36734693877551017,0.08728179551122195,0.504185467319533,-0.2591066899103467,-0.08907641819034229,0.020408163265306145
clean_Jul_Sep,oof_folds,1,15,by_latent_state,3,1215,0,0.9,0.42962962962962964,-0.4703703703703704,0.9052369077306733,0.19533169533169534,0.7551020408163265,0.8017241379310345,0.15254237288135594,0.747457627118644,0.7369704749679076,0.16302952503209242,4,21.964514007544366,48.52025750094529,0.5384615384615384,1.0,14.380246913580248,187.0,0.08065843621399177,0.23469387755102034,0.07481296758104738,0.5555333492194046,-1.1122701361713503,-0.06913339824732234,0.020408163265306145
clean_Jul_Sep,oof_folds,2,15,global,1,1215,0,0.9,0.9563786008230453,0.056378600823045244,0.9656804733727811,0.9351351351351351,0.7878787878787878,0.9431818181818182,0.9563786008230453,0.056378600823045244,0.07407407407407407,0.9346590909090909,4,44.377515960998345,53.80459233714322,0.1322314049586777,0.9696969696969697,19.120987654320988,193.0,0.027160493827160494,0.0,0.0,0.0,0.0,0.0,0.0
clean_Jul_Sep,oof_folds,2,15,by_operating,2,1215,845,0.9,0.9563786008230453,0.056378600823045244,0.9656804733727811,0.9351351351351351,0.7878787878787878,0.9431818181818182,0.9351351351351351,0.06568047337278105,0.07407407407407407,0.9346590909090909,4,44.377515960998345,53.80459233714322,0.1322314049586777,0.9696969696969697,19.120987654320988,193.0,0.027160493827160494,0.0,0.0,0.0,0.0,0.0,0.0
clean_Jul_Sep,oof_folds,2,15,by_pred_level,3,1215,593,0.9,0.9563786008230453,0.056378600823045244,0.9656804733727811,0.9351351351351351,0.7878787878787878,0.9431818181818182,0.9517684887459807,0.06408839779005526,0.07407407407407407,0.9346590909090909,4,44.377515960998345,53.80459233714322,0.1322314049586777,0.9696969696969697,19.120987654320988,193.0,0.027160493827160494,0.0,0.0,0.0,0.0,0.0,0.0
clean_Jul_Sep,oof_folds,2,15,by_abs_ramp,3,1215,618,0.9,0.9563786008230453,0.056378600823045244,0.9656804733727811,0.9351351351351351,0.7878787878787878,0.9431818181818182,0.925,0.06987951807228909,0.07407407407407407,0.9346590909090909,4,44.377515960998345,53.80459233714322,0.1322314049586777,0.9696969696969697,19.120987654320988,193.0,0.027160493827160494,0.0,0.0,0.0,0.0,0.0,0.0
clean_Jul_Sep,oof_folds,2,15,by_operating_x_pred_level,5,1215,863,0.9,0.9563786008230453,0.056378600823045244,0.9656804733727811,0.9351351351351351,0.7878787878787878,0.9431818181818182,0.9346590909090909,0.07407407407407407,0.07407407407407407,0.9346590909090909,4,44.377515960998345,53.80459233714322,0.1322314049586777,0.9696969696969697,19.120987654320988,193.0,0.027160493827160494,0.0,0.0,0.0,0.0,0.0,0.0
clean_Jul_Sep,oof_folds,2,15,by_latent_state,3,1215,904,0.9,0.9563786008230453,0.056378600823045244,0.9656804733727811,0.9351351351351351,0.7878787878787878,0.9431818181818182,0.9228295819935691,0.07950819672131149,0.07407407407407407,0.9346590909090909,4,44.377515960998345,53.80459233714322,0.1322314049586777,0.9696969696969697,19.120987654320988,193.0,0.027160493827160494,0.0,0.0,0.0,0.0,0.0,0.0
clean_Jul_Sep,oof_folds,3,15,global,1,1215,0,0.9,0.8699588477366255,-0.03004115226337456,0.905521472392638,0.7975,0.7272727272727273,0.9745762711864406,0.8699588477366255,0.03004115226337456,0.10356234096692118,0.7964376590330788,4,30.678965410123354,37.93109472115697,0.2074074074074074,0.8484848484848485,10.666666666666666,190.0,0.027160493827160494,0.0,0.0,0.0,0.0,0.0,0.0
clean_Jul_Sep,oof_folds,3,15,by_operating,2,1215,0,0.9,0.8567901234567902,-0.043209876543209846,0.9165644171779141,0.735,0.7272727272727273,0.9830508474576272,0.735,0.16500000000000004,0.1646310432569975,0.7353689567430025,4,30.540733227977103,39.666962756526004,0.19205298013245034,0.8787878787878788,11.930864197530864,190.0,0.027160493827160494,0.0,0.011042944785276121,0.06106870229007633,-0.13823218214625044,-0.015354427274957061,0.030303030303030276
clean_Jul_Sep,oof_folds,3,15,by_pred_level,3,1215,0,0.9,0.8600823045267489,-0.03991769547325108,0.912883435582822,0.7525,0.7272727272727273,0.9915254237288136,0.7648261758691206,0.13517382413087942,0.1493638676844784,0.7506361323155216,4,30.426179406806327,41.03932828312265,0.18125,0.8787878787878788,12.641975308641976,190.0,0.027160493827160494,0.0,0.007361963190184007,0.04580152671755722,-0.25278600331702705,-0.026157407407407407,0.030303030303030276
clean_Jul_Sep,oof_folds,3,15,by_abs_ramp,3,1215,0,0.9,0.8650205761316873,-0.034979423868312765,0.9067484662576687,0.78,0.7272727272727273,0.9661016949152542,0.7903930131004366,0.10960698689956339,0.12391857506361326,0.7760814249363868,4,30.656844374897045,40.11963362270762,0.2013888888888889,0.8787878787878788,11.377777777777778,190.0,0.027160493827160494,0.0,0.0012269938650306678,0.020356234096692072,-0.02212103522630926,-0.006018518518518506,0.030303030303030276
clean_Jul_Sep,oof_folds,3,15,by_operating_x_pred_level,5,1215,7,0.9,0.8576131687242798,-0.04238683127572018,0.9214723926380368,0.7275,0.7272727272727273,0.9915254237288136,0.7251908396946565,0.17480916030534355,0.17480916030534355,0.7251908396946565,4,30.664335090296078,41.041095430462384,0.18125,0.8787878787878788,12.641975308641976,190.0,0.027160493827160494,0.0,0.015950920245398792,0.07124681933842236,-0.01463031982727614,-0.026157407407407407,0.030303030303030276
clean_Jul_Sep,oof_folds,3,15,by_latent_state,3,1215,0,0.9,0.8559670781893004,-0.04403292181069962,0.9141104294478528,0.7375,0.7272727272727273,0.9830508474576272,0.7940594059405941,0.10594059405940592,0.1646310432569975,0.7353689567430025,4,30.993380059536335,39.672452943044156,0.19463087248322147,0.8787878787878788,11.77283950617284,190.0,0.027160493827160494,0.0,0.008588957055214785,0.06106870229007633,0.31441464941298136,-0.012776534924185928,0.030303030303030276
clean_Jul_Sep,oof_folds,4,15,global,1,1215,0,0.9,0.9555555555555556,0.05555555555555558,0.9368029739776952,0.9926470588235294,0.631578947368421,1.0,0.9555555555555556,0.05555555555555558,0.0975247524752475,0.9099099099099099,4,36.01554469968066,44.33719310819659,0.10606060606060606,0.7368421052631579,10.42962962962963,190.0,0.015637860082304528,0.0,0.0,0.0,0.0,0.0,0.0
clean_Jul_Sep,oof_folds,4,15,by_operating,2,1215,0,0.9,0.920164609053498,0.02016460905349793,0.8822800495662949,0.9950980392156863,0.5789473684210527,0.9761904761904762,0.8822800495662949,0.09509803921568627,0.09999999999999998,0.8288288288288288,4,41.178255155864036,37.575714106869235,0.15714285714285714,0.5789473684210527,5.530864197530864,190.0,0.015637860082304528,-0.05263157894736836,-0.054522924411400275,0.0024752475247524774,5.162710456183376,0.051082251082251076,-0.1578947368421052
clean_Jul_Sep,oof_folds,4,15,by_pred_level,3,1215,0,0.9,0.934156378600823,0.03415637860082299,0.9033457249070632,0.9950980392156863,0.5789473684210527,0.9761904761904762,0.8722466960352423,0.09805825242718447,0.09999999999999998,0.8755555555555555,4,44.12883342007862,36.58064699052018,0.1746031746031746,0.5789473684210527,4.977777777777778,190.0,0.015637860082304528,-0.05263157894736836,-0.03345724907063197,0.0024752475247524774,8.11328872039796,0.06854256854256853,-0.1578947368421052
clean_Jul_Sep,oof_folds,4,15,by_abs_ramp,3,1215,0,0.9,0.9415637860082304,0.04156378600823041,0.9169764560099133,0.9901960784313726,0.631578947368421,1.0,0.8859649122807017,0.09999999999999998,0.09504950495049502,0.8648648648648649,4,45.27861262762813,41.62983106112743,0.09352517985611511,0.6842105263157895,10.982716049382717,190.0,0.015637860082304528,0.0,-0.019826517967781898,-0.0024752475247524774,9.263067927947468,-0.012535426204490954,-0.05263157894736836
clean_Jul_Sep,oof_folds,4,15,by_operating_x_pred_level,5,1215,4,0.9,0.9218106995884774,0.021810699588477367,0.8847583643122676,0.9950980392156863,0.5789473684210527,0.9761904761904762,0.5,0.4,0.09999999999999998,0.8558558558558559,4,40.98041306119036,36.58064699052018,0.1746031746031746,0.5789473684210527,4.977777777777778,190.0,0.015637860082304528,-0.05263157894736836,-0.052044609665427566,0.0024752475247524774,4.964868361509701,0.06854256854256853,-0.1578947368421052
clean_Jul_Sep,oof_folds,4,15,by_latent_state,3,1215,0,0.9,0.9415637860082304,0.04156378600823041,0.9343246592317225,0.9558823529411765,0.6842105263157895,1.0,0.8819599109131403,0.09305555555555556,0.06039603960396034,0.918918918918919,4,40.858978410249215,56.22136599884883,0.06532663316582915,0.6842105263157895,15.723456790123457,190.0,0.015637860082304528,0.052631578947368474,-0.0024783147459727095,-0.03712871287128716,4.843433710568554,-0.04073397289477691,-0.05263157894736836
clean_Jul_Sep,holdout_60_20_20,-1,30,global,1,1458,0,0.9,0.9554183813443072,0.05541838134430721,0.9438095238095238,0.9852941176470589,0.7,0.9803921568627451,0.9554183813443072,0.05541838134430721,0.09748743718592967,0.916030534351145,4,48.17604715947168,60.700047048359615,0.06802721088435375,1.0,19.358024691358025,191.0,0.013717421124828532,0.0,0.0,0.0,0.0,0.0,0.0
clean_Jul_Sep,holdout_60_20_20,-1,30,by_operating,2,1458,0,0.9,0.9375857338820301,0.037585733882030126,0.9142857142857143,0.9975490196078431,0.7,0.9803921568627451,0.9142857142857143,0.09754901960784312,0.09999999999999998,0.8854961832061069,4,51.37029752797527,55.107297022732745,0.07352941176470588,0.75,13.432098765432098,191.0,0.013717421124828532,0.0,-0.029523809523809508,0.002512562814070307,3.194250368503589,0.005502200880352137,-0.25
clean_Jul_Sep,holdout_60_20_20,-1,30,by_pred_level,3,1458,0,0.9,0.9444444444444444,0.0444444444444444,0.9266666666666666,0.9901960784313726,0.4,0.9019607843137255,0.8715596330275229,0.09621928166351601,0.09999999999999998,0.8711656441717791,4,54.706843817576285,43.00083760910272,0.08064516129032258,0.5,8.164609053497943,191.0,0.013717421124828532,-0.29999999999999993,-0.017142857142857126,0.002512562814070307,6.530796658104606,0.01261795040596883,-0.5
clean_Jul_Sep,holdout_60_20_20,-1,30,by_abs_ramp,3,1458,0,0.9,0.9403292181069959,0.04032921810699586,0.920952380952381,0.9901960784313726,0.75,0.9803921568627451,0.9049338146811071,0.09793388429752059,0.09999999999999998,0.8854961832061069,4,53.344854212615026,59.50180750478954,0.06224066390041494,0.75,15.868312757201647,191.0,0.013717421124828532,0.050000000000000044,-0.022857142857142798,0.002512562814070307,5.168807053143347,-0.005786546983938809,-0.25
clean_Jul_Sep,holdout_60_20_20,-1,30,by_operating_x_pred_level,6,1458,10,0.9,0.9348422496570644,0.034842249657064395,0.9142857142857143,0.9877450980392157,0.4,0.9019607843137255,0.4444444444444444,0.4555555555555556,0.09999999999999998,0.8711656441717791,4,52.072874580464905,42.816664245844635,0.08130081300813008,0.5,8.098765432098766,191.0,0.013717421124828532,-0.29999999999999993,-0.029523809523809508,0.002512562814070307,3.896827420993226,0.013273602123776332,-0.5
clean_Jul_Sep,holdout_60_20_20,-1,30,by_latent_state,3,1458,0,0.9,0.9574759945130316,0.057475994513031536,0.9523809523809523,0.9705882352941176,0.75,0.9901960784313726,0.9162393162393162,0.09072356215213351,0.0824120603015075,0.916030534351145,4,52.904529223842914,75.7391514240217,0.050746268656716415,0.85,22.05761316872428,191.0,0.013717421124828532,0.050000000000000044,0.008571428571428563,-0.015075376884422176,4.728482064371235,-0.017280942227637333,-0.15000000000000002
clean_Jul_Sep,oof_folds,0,30,global,1,1215,0,0.9,0.8633744855967078,-0.0366255144032922,0.8198198198198198,0.9162112932604736,0.4552238805970149,0.7545454545454545,0.8633744855967078,0.0366255144032922,0.21967213114754103,0.680327868852459,5,50.19849172322495,64.21807856289138,0.421259842519685,0.7985074626865671,20.069135802469138,185.0,0.1102880658436214,0.0,0.0,0.0,0.0,0.0,0.0
clean_Jul_Sep,oof_folds,0,30,by_operating,2,1215,0,0.9,0.8658436213991769,-0.0341563786008231,0.8363363363363363,0.9016393442622951,0.4552238805970149,0.7727272727272727,0.8363363363363363,0.06366366366366372,0.260655737704918,0.639344262295082,5,49.38255909619439,65.09945250055534,0.4117647058823529,0.7835820895522388,20.148148148148145,185.0,0.1102880658436214,0.0,0.016516516516516533,0.040983606557376984,-0.8159326270305556,-0.009495136637332091,-0.01492537313432829
clean_Jul_Sep,oof_folds,0,30,by_pred_level,3,1215,200,0.9,0.8748971193415638,-0.025102880658436244,0.8408408408408409,0.9162112932604736,0.5298507462686567,0.7545454545454545,0.76,0.14,0.15000000000000002,0.75,5,52.65361332632471,68.70425949712246,0.36176470588235293,0.917910447761194,26.864197530864196,185.0,0.1102880658436214,0.07462686567164178,0.021021021021021102,-0.069672131147541,2.4551216030997622,-0.05949513663733208,0.11940298507462688
clean_Jul_Sep,oof_folds,0,30,by_abs_ramp,3,1215,130,0.9,0.8633744855967078,-0.0366255144032922,0.8363363363363363,0.8961748633879781,0.5149253731343284,0.7727272727272727,0.7615384615384615,0.13846153846153852,0.21967213114754103,0.680327868852459,5,51.27239177771961,70.24149581014144,0.40625,0.8731343283582089,22.755555555555556,185.0,0.1102880658436214,0.059701492537313494,0.016516516516516533,0.0,1.0739000544946649,-0.015009842519685013,0.07462686567164178
clean_Jul_Sep,oof_folds,0,30,by_operating_x_pred_level,6,1215,804,0.9,0.8518518518518519,-0.04814814814814816,0.8198198198198198,0.8907103825136612,0.4552238805970149,0.7545454545454545,0.680327868852459,0.21967213114754103,0.21967213114754103,0.680327868852459,5,47.12443544667877,64.21807856289138,0.421259842519685,0.7985074626865671,20.069135802469138,185.0,0.1102880658436214,0.0,0.0,0.0,-3.0740562765461803,0.0,0.0
clean_Jul_Sep,oof_folds,0,30,by_latent_state,3,1215,0,0.9,0.91440329218107,0.014403292181069949,0.9084084084084084,0.9216757741347905,0.6417910447761194,0.8363636363636363,0.8538461538461538,0.0652406417112299,0.12131147540983611,0.7786885245901639,5,56.20272201885708,75.36838474775969,0.3875,0.9253731343283582,25.283950617283953,185.0,0.1102880658436214,0.18656716417910446,0.08858858858858865,-0.09836065573770492,6.004230295632134,-0.033759842519685,0.12686567164179108
clean_Jul_Sep,oof_folds,1,30,global,1,1215,0,0.9,0.8658436213991769,-0.0341563786008231,0.7711442786069652,0.9126691266912669,0.41836734693877553,0.5,0.8658436213991769,0.0341563786008231,0.26538461538461544,0.6346153846153846,5,32.98629127319478,66.52205545527553,0.5636363636363636,0.9489795918367347,13.037037037037036,187.0,0.08065843621399177,0.0,0.0,0.0,0.0,0.0,0.0
clean_Jul_Sep,oof_folds,1,30,by_operating,2,1215,0,0.9,0.38436213991769547,-0.5156378600823046,0.8606965174129353,0.14883148831488316,0.5918367346938775,0.6632653061224489,0.14883148831488316,0.7511685116851169,0.777892030848329,0.12210796915167095,5,31.511535268458907,74.4646108704892,0.5222222222222223,0.9591836734693877,14.222222222222221,187.0,0.08065843621399177,0.173469387755102,0.08955223880597007,0.5125074154637136,-1.4747560047358732,-0.04141414141414135,0.010204081632652962
clean_Jul_Sep,oof_folds,1,30,by_pred_level,3,1215,0,0.9,0.3802469135802469,-0.519753086419753,0.8283582089552238,0.15867158671586715,0.8163265306122449,0.8775510204081632,0.18023255813953487,0.7197674418604652,0.7688946015424165,0.13110539845758354,5,30.578294308835662,83.29362919748027,0.5132275132275133,0.9897959183673469,14.933333333333334,187.0,0.08065843621399177,0.3979591836734694,0.05721393034825861,0.5035099861578011,-2.4079969643591177,-0.05040885040885035,0.04081632653061218
clean_Jul_Sep,oof_folds,1,30,by_abs_ramp,3,1215,0,0.9,0.3786008230452675,-0.5213991769547326,0.8034825870646766,0.16851168511685116,0.4897959183673469,0.5918367346938775,0.2031425364758698,0.6968574635241302,0.7624678663239075,0.13753213367609254,5,31.045115615407074,73.4540807700924,0.5108695652173914,0.9591836734693877,14.53827160493827,187.0,0.08065843621399177,0.0714285714285714,0.03233830845771135,0.49708325093929207,-1.9411756577877064,-0.05276679841897225,0.010204081632652962
clean_Jul_Sep,oof_folds,1,30,by_operating_x_pred_level,6,1215,35,0.9,0.3934156378600823,-0.5065843621399178,0.8880597014925373,0.14883148831488316,0.8061224489795918,0.8775510204081632,0.12082262210796915,0.7791773778920309,0.7791773778920309,0.12082262210796915,5,31.266311137144758,82.42618027466654,0.5,0.9795918367346939,15.170370370370371,187.0,0.08065843621399177,0.3877551020408163,0.1169154228855721,0.5137927625074155,-1.7199801360500224,-0.0636363636363636,0.030612244897959107
clean_Jul_Sep,oof_folds,1,30,by_latent_state,3,1215,0,0.9,0.388477366255144,-0.511522633744856,0.8582089552238806,0.15621156211562115,0.6836734693877551,0.7448979591836735,0.1174934725848564,0.7825065274151436,0.7753213367609255,0.12467866323907455,5,31.612689768990716,76.93917073224426,0.5105263157894737,0.9897959183673469,15.012345679012347,187.0,0.08065843621399177,0.26530612244897955,0.08706467661691542,0.5099367213763101,-1.3736015042040641,-0.053110047846889885,0.04081632653061218
clean_Jul_Sep,oof_folds,2,30,global,1,1215,0,0.9,0.8493827160493828,-0.050617283950617264,0.8495260663507109,0.8490566037735849,0.21212121212121213,0.8888888888888888,0.8493827160493828,0.050617283950617264,0.09354838709677427,0.8064516129032258,5,38.608484568417374,52.06827732546869,0.21138211382113822,0.7878787878787878,9.718518518518518,193.0,0.027160493827160494,0.0,0.0,0.0,0.0,0.0,0.0
clean_Jul_Sep,oof_folds,2,30,by_operating,2,1215,844,0.9,0.8493827160493828,-0.050617283950617264,0.8495260663507109,0.8490566037735849,0.21212121212121213,0.8888888888888888,0.8490566037735849,0.05094339622641508,0.09354838709677427,0.8064516129032258,5,38.608484568417374,52.06827732546869,0.21138211382113822,0.7878787878787878,9.718518518518518,193.0,0.027160493827160494,0.0,0.0,0.0,0.0,0.0,0.0
clean_Jul_Sep,oof_folds,2,30,by_pred_level,3,1215,614,0.9,0.8493827160493828,-0.050617283950617264,0.8495260663507109,0.8490566037735849,0.21212121212121213,0.8888888888888888,0.8188976377952756,0.08110236220472444,0.09354838709677427,0.8064516129032258,5,38.608484568417374,52.06827732546869,0.21138211382113822,0.7878787878787878,9.718518518518518,193.0,0.027160493827160494,0.0,0.0,0.0,0.0,0.0,0.0
clean_Jul_Sep,oof_folds,2,30,by_abs_ramp,3,1215,617,0.9,0.8493827160493828,-0.050617283950617264,0.8495260663507109,0.8490566037735849,0.21212121212121213,0.8888888888888888,0.7563025210084033,0.14369747899159668,0.09354838709677427,0.8064516129032258,5,38.608484568417374,52.06827732546869,0.21138211382113822,0.7878787878787878,9.718518518518518,193.0,0.027160493827160494,0.0,0.0,0.0,0.0,0.0,0.0
clean_Jul_Sep,oof_folds,2,30,by_operating_x_pred_level,6,1215,876,0.9,0.8493827160493828,-0.050617283950617264,0.8495260663507109,0.8490566037735849,0.21212121212121213,0.8888888888888888,0.0,0.9,0.09354838709677427,0.8064516129032258,5,38.608484568417374,52.06827732546869,0.21138211382113822,0.7878787878787878,9.718518518518518,193.0,0.027160493827160494,0.0,0.0,0.0,0.0,0.0,0.0
clean_Jul_Sep,oof_folds,2,30,by_latent_state,3,1215,903,0.9,0.8493827160493828,-0.050617283950617264,0.8495260663507109,0.8490566037735849,0.21212121212121213,0.8888888888888888,0.839835728952772,0.06016427104722799,0.09354838709677427,0.8064516129032258,5,38.608484568417374,52.06827732546869,0.21138211382113822,0.7878787878787878,9.718518518518518,193.0,0.027160493827160494,0.0,0.0,0.0,0.0,0.0,0.0
clean_Jul_Sep,oof_folds,3,30,global,1,1215,0,0.9,0.8707818930041152,-0.029218106995884785,0.9141104294478528,0.7825,0.6666666666666666,0.9541984732824428,0.8707818930041152,0.029218106995884785,0.11963824289405689,0.7803617571059431,4,41.802778665454916,56.39631130596251,0.16759776536312848,0.9090909090909091,14.14320987654321,190.0,0.027160493827160494,0.0,0.0,0.0,0.0,0.0,0.0
clean_Jul_Sep,oof_folds,3,30,by_operating,2,1215,0,0.9,0.8666666666666667,-0.033333333333333326,0.9447852760736196,0.7075,0.8484848484848485,0.9770992366412213,0.7075,0.1925,0.19715762273901816,0.7028423772609819,4,43.119726447058234,60.4923105503231,0.15,1.0,17.382716049382715,190.0,0.027160493827160494,0.18181818181818188,0.030674846625766805,0.07751937984496127,1.316947781603318,-0.017597765363128487,0.09090909090909094
clean_Jul_Sep,oof_folds,3,30,by_pred_level,3,1215,0,0.9,0.8716049382716049,-0.02839506172839512,0.9288343558282208,0.755,0.696969696969697,0.9541984732824428,0.7661290322580645,0.13387096774193552,0.15064599483204133,0.7493540051679587,4,43.24391206028843,56.480317793405064,0.1477832512315271,0.9090909090909091,16.039506172839506,190.0,0.027160493827160494,0.030303030303030387,0.014723926380368013,0.03100775193798444,1.441133394833514,-0.019814514131601374,0.0
clean_Jul_Sep,oof_folds,3,30,by_abs_ramp,3,1215,0,0.9,0.8732510288065843,-0.026748971193415683,0.9288343558282208,0.76,0.7575757575757576,0.9694656488549618,0.7969432314410481,0.10305676855895196,0.1428940568475452,0.7571059431524548,4,42.5442777472566,61.14585942627625,0.15979381443298968,0.9393939393939394,15.328395061728397,190.0,0.027160493827160494,0.09090909090909094,0.014723926380368013,0.023255813953488302,0.7414990818016847,-0.007803950930138803,0.030303030303030387
clean_Jul_Sep,oof_folds,3,30,by_operating_x_pred_level,6,1215,13,0.9,0.8674897119341564,-0.03251028806584366,0.9460122699386503,0.7075,0.696969696969697,0.9541984732824428,0.7028423772609819,0.19715762273901816,0.19715762273901816,0.7028423772609819,4,44.12731080813475,56.58119950758087,0.14492753623188406,0.9090909090909091,16.355555555555554,190.0,0.027160493827160494,0.030303030303030387,0.03190184049079747,0.07751937984496127,2.3245321426798355,-0.022670229131244418,0.0
clean_Jul_Sep,oof_folds,3,30,by_latent_state,3,1215,0,0.9,0.8691358024691358,-0.030864197530864224,0.9411042944785276,0.7225,0.7575757575757576,0.9541984732824428,0.7857142857142857,0.11428571428571432,0.18165374677002588,0.7183462532299741,4,43.65005029161818,58.091309216825415,0.14903846153846154,0.9393939393939394,16.43456790123457,190.0,0.027160493827160494,0.09090909090909094,0.026993865030674802,0.06201550387596899,1.8472716261632627,-0.018559303824666945,0.030303030303030387
clean_Jul_Sep,oof_folds,4,30,global,1,1215,0,0.9,0.9481481481481482,0.04814814814814816,0.9281288723667905,0.9877450980392157,0.631578947368421,0.9787234042553191,0.9481481481481482,0.04814814814814816,0.09502487562189055,0.9124423963133641,4,44.794309995862726,51.20503711107661,0.09933774834437085,0.7894736842105263,11.930864197530864,190.0,0.015637860082304528,0.0,0.0,0.0,0.0,0.0,0.0
clean_Jul_Sep,oof_folds,4,30,by_operating,2,1215,0,0.9,0.91440329218107,0.014403292181069949,0.872366790582404,0.9975490196078431,0.3684210526315789,0.9361702127659575,0.872366790582404,0.09754901960784312,0.09999999999999998,0.848,4,50.13428718891292,44.60171102302873,0.11688311688311688,0.47368421052631576,6.08395061728395,190.0,0.015637860082304528,-0.2631578947368421,-0.055762081784386575,0.00497512437810943,5.339977193050196,0.017545368538746026,-0.31578947368421056
clean_Jul_Sep,oof_folds,4,30,by_pred_level,3,1215,0,0.9,0.9193415637860082,0.019341563786008154,0.8822800495662949,0.9926470588235294,0.15789473684210525,0.8723404255319149,0.8477272727272728,0.09810246679316881,0.09999999999999998,0.8525345622119815,4,52.46026159464208,42.31246717617019,0.13725490196078433,0.3684210526315789,4.02962962962963,190.0,0.015637860082304528,-0.47368421052631576,-0.045848822800495626,0.00497512437810943,7.665951598779351,0.03791715361641347,-0.4210526315789474
clean_Jul_Sep,oof_folds,4,30,by_abs_ramp,3,1215,0,0.9,0.9308641975308642,0.030864197530864224,0.9045848822800495,0.9828431372549019,0.47368421052631576,0.9787234042553191,0.8754208754208754,0.09802761341222876,0.09004975124378112,0.8940092165898618,4,53.53843560743972,47.25858109819529,0.0763888888888889,0.5789473684210527,11.377777777777778,190.0,0.015637860082304528,-0.15789473684210525,-0.023543990086741018,-0.00497512437810943,8.744125611576997,-0.02294885945548196,-0.21052631578947367
clean_Jul_Sep,oof_folds,4,30,by_operating_x_pred_level,5,1215,6,0.9,0.9094650205761317,0.009465020576131633,0.8674101610904585,0.9926470588235294,0.15789473684210525,0.8723404255319149,0.5,0.4,0.09999999999999998,0.8548387096774194,4,49.67690385991978,42.37769269960809,0.14285714285714285,0.3684210526315789,3.871604938271605,190.0,0.015637860082304528,-0.47368421052631576,-0.060718711276331994,0.00497512437810943,4.882593864057057,0.043519394512771994,-0.4210526315789474
clean_Jul_Sep,oof_folds,4,30,by_latent_state,3,1215,0,0.9,0.9292181069958848,0.029218106995884785,0.9182156133828996,0.9509803921568627,0.631578947368421,0.9574468085106383,0.8526785714285714,0.08614318706697455,0.057711442786069655,0.872,4,49.455467520636525,63.07468771339798,0.05909090909090909,0.6842105263157895,17.382716049382715,190.0,0.015637860082304528,0.0,-0.009913258983890949,-0.03731343283582089,4.661157524773799,-0.040246839253461765,-0.10526315789473684
clean_Jul_Sep,holdout_60_20_20,-1,45,global,1,1458,0,0.9,0.9458161865569273,0.04581618655692732,0.9285714285714286,0.9901960784313726,0.55,0.979381443298969,0.9458161865569273,0.04581618655692732,0.09493670886075944,0.896551724137931,4,49.9319617184558,69.4234350859454,0.06926406926406926,0.8,15.209876543209877,191.0,0.013717421124828532,0.0,0.0,0.0,0.0,0.0,0.0
clean_Jul_Sep,holdout_60_20_20,-1,45,by_operating,2,1458,0,0.9,0.9334705075445816,0.033470507544581585,0.9076190476190477,1.0,0.5,0.979381443298969,0.9076190476190477,0.09999999999999998,0.09999999999999998,0.8758620689655172,4,54.9667780904656,65.24158286924394,0.08092485549132948,0.7,11.390946502057613,191.0,0.013717421124828532,-0.050000000000000044,-0.020952380952380945,0.005063291139240533,5.0348163720098,0.011660786227260217,-0.10000000000000009
clean_Jul_Sep,holdout_60_20_20,-1,45,by_pred_level,3,1458,0,0.9,0.9396433470507545,0.03964334705075445,0.9180952380952381,0.9950980392156863,0.35,0.9278350515463918,0.8912386706948641,0.09444444444444444,0.09999999999999998,0.8902439024390244,4,57.237414871068616,54.91025487821935,0.09090909090909091,0.4,5.794238683127572,191.0,0.013717421124828532,-0.20000000000000007,-0.010476190476190528,0.005063291139240533,7.305453152612813,0.021645021645021648,-0.4
clean_Jul_Sep,holdout_60_20_20,-1,45,by_abs_ramp,3,1458,0,0.9,0.943758573388203,0.04375857338820299,0.9247619047619048,0.9926470588235294,0.55,0.979381443298969,0.8811188811188811,0.09793814432989689,0.09746835443037971,0.903448275862069,4,56.91847756901897,66.86624341148148,0.0625,0.65,13.695473251028806,191.0,0.013717421124828532,0.0,-0.003809523809523818,0.0025316455696202667,6.9865158505631655,-0.006764069264069264,-0.15000000000000002
clean_Jul_Sep,holdout_60_20_20,-1,45,by_operating_x_pred_level,6,1458,13,0.9,0.9320987654320988,0.032098765432098775,0.9076190476190477,0.9950980392156863,0.35,0.9381443298969072,0.8,0.09999999999999998,0.09999999999999998,0.8827586206896552,4,54.514565919506296,55.362517786016326,0.08888888888888889,0.4,5.925925925925926,191.0,0.013717421124828532,-0.20000000000000007,-0.020952380952380945,0.005063291139240533,4.5826042010504935,0.01962481962481963,-0.4
clean_Jul_Sep,holdout_60_20_20,-1,45,by_latent_state,3,1458,0,0.9,0.9519890260631001,0.051989026063100074,0.9504761904761905,0.9558823529411765,0.8,1.0,0.9179487179487179,0.0888682745825603,0.0817073170731707,0.9241379310344827,4,57.91998480336289,89.20442102707337,0.05521472392638037,0.9,21.465020576131685,191.0,0.013717421124828532,0.25,0.02190476190476187,-0.013229391787588751,7.988023084907084,-0.014049345337688895,0.09999999999999998
clean_Jul_Sep,oof_folds,0,45,global,1,1214,0,0.9,0.899505766062603,-0.0004942339373970039,0.8968609865470852,0.9027522935779817,0.4117647058823529,0.8020833333333334,0.899505766062603,0.0004942339373970039,0.2793103448275862,0.6206896551724138,5,104.90824071449997,171.7019524265724,0.3992248062015504,0.7573529411764706,20.401976935749587,185.0,0.11202635914332784,0.0,0.0,0.0,0.0,0.0,0.0
clean_Jul_Sep,oof_folds,0,45,by_operating,2,1214,0,0.9,0.9028006589785832,0.0028006589785831704,0.9043348281016442,0.9009174311926605,0.4338235294117647,0.8333333333333334,0.9009174311926605,0.004334828101644206,0.2879310344827587,0.6120689655172413,5,105.18825212277724,172.43975755207947,0.3843283582089552,0.7573529411764706,21.192751235584844,185.0,0.11202635914332784,0.022058823529411797,0.007473841554558991,0.008620689655172487,0.2800114082772751,-0.014896447992595152,0.0
clean_Jul_Sep,oof_folds,0,45,by_pred_level,3,1214,200,0.9,0.8945634266886326,-0.005436573311367376,0.8878923766816144,0.9027522935779817,0.4117647058823529,0.8020833333333334,0.78,0.12,0.27068965517241383,0.6293103448275862,5,101.43503893530149,172.1124336520678,0.3857677902621723,0.7573529411764706,21.113673805601316,185.0,0.11202635914332784,0.0,-0.008968609865470878,-0.008620689655172376,-3.473201779198476,-0.013457015939378092,0.0
clean_Jul_Sep,oof_folds,0,45,by_abs_ramp,3,1214,132,0.9,0.9036243822075782,0.003624382207578214,0.9013452914798207,0.9064220183486239,0.47058823529411764,0.8541666666666666,0.8712121212121212,0.028787878787878807,0.253448275862069,0.646551724137931,5,106.33497048933476,177.35902744680567,0.3758620689655172,0.8014705882352942,22.932454695222404,185.0,0.11202635914332784,0.05882352941176472,0.004484304932735439,-0.025862068965517238,1.4267297748347971,-0.02336273723603316,0.044117647058823595
clean_Jul_Sep,oof_folds,0,45,by_operating_x_pred_level,6,1214,804,0.9,0.8986820428336079,-0.0013179571663921585,0.8968609865470852,0.9009174311926605,0.4117647058823529,0.8020833333333334,0.6206896551724138,0.2793103448275862,0.2793103448275862,0.6206896551724138,5,102.65771050652604,171.7019524265724,0.3992248062015504,0.7573529411764706,20.401976935749587,185.0,0.11202635914332784,0.0,0.0,0.0,-2.250530207973924,0.0,0.0
clean_Jul_Sep,oof_folds,0,45,by_latent_state,3,1214,0,0.9,0.9225700164744646,0.02257001647446455,0.9312406576980568,0.9119266055045872,0.5441176470588235,0.875,0.8846153846153846,0.08395721925133692,0.22758620689655173,0.6724137931034483,5,109.0798756600176,179.46408842739552,0.36721311475409835,0.8235294117647058,24.118616144975284,185.0,0.11202635914332784,0.13235294117647056,0.034379671150971514,-0.051724137931034475,4.1716349455176385,-0.03201169144745203,0.06617647058823528
clean_Jul_Sep,oof_folds,1,45,global,1,1214,0,0.9,0.9456342668863262,0.045634266886326214,0.8721804511278195,0.9815950920245399,0.5773195876288659,0.6703296703296703,0.9456342668863262,0.045634266886326214,0.18260869565217397,0.717391304347826,4,47.16840825616346,84.96292053187753,0.5,0.979381443298969,15.02471169686985,187.0,0.07990115321252059,0.0,0.0,0.0,0.0,0.0,0.0
clean_Jul_Sep,oof_folds,1,45,by_operating,2,1214,0,0.9,0.9341021416803954,0.03410214168039538,0.8295739348370927,0.9852760736196319,0.4845360824742268,0.5934065934065934,0.8295739348370927,0.08527607361963185,0.2333333333333334,0.6666666666666666,4,50.81405794991667,81.63689170669429,0.5485714285714286,0.9896907216494846,13.83855024711697,187.0,0.07990115321252059,-0.09278350515463912,-0.04260651629072676,0.050724637681159424,3.6456496937532137,0.0485714285714286,0.010309278350515538
clean_Jul_Sep,oof_folds,1,45,by_pred_level,3,1214,0,0.9,0.9505766062602965,0.050576606260296475,0.8872180451127819,0.9815950920245399,0.7216494845360825,0.8241758241758241,0.8333333333333334,0.08179749715585893,0.08719590268886046,0.8333333333333334,4,46.620611518567905,88.40741112405735,0.5248618784530387,0.979381443298969,14.313014827018122,187.0,0.07990115321252059,0.14432989690721654,0.015037593984962405,-0.09541279296331351,-0.5477967375955544,0.024861878453038666,0.0
clean_Jul_Sep,oof_folds,1,45,by_abs_ramp,3,1214,0,0.9,0.9530477759472817,0.05304777594728172,0.8897243107769424,0.9840490797546012,0.6391752577319587,0.7252747252747253,0.7888888888888889,0.11111111111111116,0.13913043478260867,0.7608695652173914,4,50.06822316101447,85.90140125474146,0.5080213903743316,0.979381443298969,14.787479406919275,187.0,0.07990115321252059,0.061855670103092786,0.01754385964912286,-0.0434782608695653,2.899814904851013,0.008021390374331583,0.0
clean_Jul_Sep,oof_folds,1,45,by_operating_x_pred_level,6,1214,34,0.9,0.9464579901153213,0.04645799011532126,0.8696741854636592,0.9840490797546012,0.711340206185567,0.8241758241758241,0.8260869565217391,0.08975672215108832,0.08975672215108832,0.8260869565217391,4,51.191045640874925,87.19973823151591,0.5191256830601093,0.979381443298969,14.471169686985174,187.0,0.07990115321252059,0.1340206185567011,-0.0025062656641603454,-0.09285197350108565,4.022637384711466,0.01912568306010931,0.0
clean_Jul_Sep,oof_folds,1,45,by_latent_state,3,1214,0,0.9,0.9373970345963756,0.037397034596375556,0.8471177944862155,0.9815950920245399,0.5670103092783505,0.6593406593406593,0.8036529680365296,0.09869791666666661,0.1898550724637681,0.7101449275362319,4,51.33859029710644,83.14963068773848,0.5277777777777778,0.979381443298969,14.233937397034595,187.0,0.07990115321252059,-0.010309278350515427,-0.02506265664160401,0.007246376811594124,4.170182040942983,0.02777777777777779,0.0
clean_Jul_Sep,oof_folds,2,45,global,1,1214,0,0.9,0.8401976935749588,-0.05980230642504125,0.8118343195266272,0.9051490514905149,0.12121212121212122,0.8676470588235294,0.8401976935749588,0.05980230642504125,0.2225806451612904,0.6774193548387096,5,37.44536963981307,55.348756471498454,0.1506849315068493,0.3333333333333333,5.772652388797364,193.0,0.027182866556836903,0.0,0.0,0.0,0.0,0.0,0.0
clean_Jul_Sep,oof_folds,2,45,by_operating,2,1214,845,0.9,0.8401976935749588,-0.05980230642504125,0.8118343195266272,0.9051490514905149,0.12121212121212122,0.8676470588235294,0.8118343195266272,0.08816568047337281,0.2225806451612904,0.6774193548387096,5,37.44536963981307,55.348756471498454,0.1506849315068493,0.3333333333333333,5.772652388797364,193.0,0.027182866556836903,0.0,0.0,0.0,0.0,0.0,0.0
clean_Jul_Sep,oof_folds,2,45,by_pred_level,3,1214,642,0.9,0.8401976935749588,-0.05980230642504125,0.8118343195266272,0.9051490514905149,0.12121212121212122,0.8676470588235294,0.7995110024449877,0.10048899755501228,0.2225806451612904,0.6774193548387096,5,37.44536963981307,55.348756471498454,0.1506849315068493,0.3333333333333333,5.772652388797364,193.0,0.027182866556836903,0.0,0.0,0.0,0.0,0.0,0.0
clean_Jul_Sep,oof_folds,2,45,by_abs_ramp,3,1214,618,0.9,0.8401976935749588,-0.05980230642504125,0.8118343195266272,0.9051490514905149,0.12121212121212122,0.8676470588235294,0.8,0.09999999999999998,0.2225806451612904,0.6774193548387096,5,37.44536963981307,55.348756471498454,0.1506849315068493,0.3333333333333333,5.772652388797364,193.0,0.027182866556836903,0.0,0.0,0.0,0.0,0.0,0.0
clean_Jul_Sep,oof_folds,2,45,by_operating_x_pred_level,6,1214,881,0.9,0.8401976935749588,-0.05980230642504125,0.8118343195266272,0.9051490514905149,0.12121212121212122,0.8676470588235294,0.6774193548387096,0.2225806451612904,0.2225806451612904,0.6774193548387096,5,37.44536963981307,55.348756471498454,0.1506849315068493,0.3333333333333333,5.772652388797364,193.0,0.027182866556836903,0.0,0.0,0.0,0.0,0.0,0.0
clean_Jul_Sep,oof_folds,2,45,by_latent_state,3,1214,904,0.9,0.8401976935749588,-0.05980230642504125,0.8118343195266272,0.9051490514905149,0.12121212121212122,0.8676470588235294,0.8012295081967213,0.09877049180327868,0.2225806451612904,0.6774193548387096,5,37.44536963981307,55.348756471498454,0.1506849315068493,0.3333333333333333,5.772652388797364,193.0,0.027182866556836903,0.0,0.0,0.0,0.0,0.0,0.0
clean_Jul_Sep,oof_folds,3,45,global,1,1214,0,0.9,0.8632619439868204,-0.03673805601317959,0.8918918918918919,0.805,0.696969696969697,0.9814814814814815,0.8632619439868204,0.03673805601317959,0.10104438642297653,0.7989556135770235,4,44.83848755147498,67.36549111073356,0.16483516483516483,0.9090909090909091,14.392092257001647,190.0,0.027182866556836903,0.0,0.0,0.0,0.0,0.0,0.0
clean_Jul_Sep,oof_folds,3,45,by_operating,2,1214,0,0.9,0.871499176276771,-0.02850082372322904,0.9361179361179361,0.74,0.8484848484848485,1.0,0.74,0.16000000000000003,0.16631853785900785,0.7336814621409922,4,47.038645373844496,72.95289540896931,0.13389121338912133,0.9696969696969697,18.899505766062603,190.0,0.027182866556836903,0.1515151515151515,0.04422604422604426,0.06527415143603132,2.200157822369519,-0.030943951446043505,0.06060606060606066
clean_Jul_Sep,oof_folds,3,45,by_pred_level,3,1214,0,0.9,0.871499176276771,-0.02850082372322904,0.9152334152334153,0.7825,0.6666666666666666,0.9722222222222222,0.7817460317460317,0.11825396825396828,0.12454308093994781,0.7754569190600522,4,45.419531395816335,65.944063932896,0.14358974358974358,0.8484848484848485,15.420098846787479,190.0,0.027182866556836903,-0.030303030303030387,0.023341523341523396,0.023498694516971286,0.5810438443413588,-0.021245421245421253,-0.06060606060606055
clean_Jul_Sep,oof_folds,3,45,by_abs_ramp,3,1214,0,0.9,0.8772652388797364,-0.022734761120263625,0.9213759213759214,0.7875,0.7272727272727273,0.9907407407407407,0.8078602620087336,0.0921397379912664,0.11932114882506528,0.7806788511749347,4,45.982396384799635,69.71493587208515,0.1457286432160804,0.8787878787878788,15.736408566721583,190.0,0.027182866556836903,0.030303030303030276,0.029484029484029506,0.018276762402088753,1.1439088333246588,-0.019106521619084438,-0.030303030303030276
clean_Jul_Sep,oof_folds,3,45,by_operating_x_pred_level,6,1214,17,0.9,0.8698517298187809,-0.030148270181219128,0.9324324324324325,0.7425,0.6666666666666666,0.9722222222222222,0.7336814621409922,0.16631853785900785,0.16631853785900785,0.7336814621409922,4,46.41919591704036,66.16520779772539,0.13861386138613863,0.8484848484848485,15.973640856672157,190.0,0.027182866556836903,-0.030303030303030387,0.04054054054054057,0.06527415143603132,1.5807083655653855,-0.026221303449026206,-0.06060606060606055
clean_Jul_Sep,oof_folds,3,45,by_latent_state,3,1214,0,0.9,0.8665568369028006,-0.03344316309719941,0.9275184275184275,0.7425,0.7272727272727273,0.9814814814814815,0.7936507936507936,0.10634920634920642,0.16631853785900785,0.7336814621409922,4,45.880466907835,67.65003641900975,0.14553990610328638,0.9393939393939394,16.84349258649094,190.0,0.027182866556836903,0.030303030303030276,0.035626535626535616,0.06527415143603132,1.0419793563600237,-0.019295258731878456,0.030303030303030387
clean_Jul_Sep,oof_folds,4,45,global,1,1214,0,0.9,0.9522240527182867,0.05222405271828667,0.9292803970223326,0.9975490196078431,0.631578947368421,1.0,0.9522240527182867,0.05222405271828667,0.09751243781094521,0.9037037037037037,4,49.737660283235414,70.87701082360034,0.08536585365853659,0.7368421052631579,12.968698517298186,190.0,0.015650741350906095,0.0,0.0,0.0,0.0,0.0,0.0
clean_Jul_Sep,oof_folds,4,45,by_operating,2,1214,0,0.9,0.9126853377265239,0.012685337726523915,0.8684863523573201,1.0,0.47368421052631576,0.9782608695652174,0.8684863523573201,0.09999999999999998,0.09999999999999998,0.8222222222222222,4,54.136285886707725,63.28475653529831,0.10869565217391304,0.5263157894736842,7.275123558484349,190.0,0.015650741350906095,-0.15789473684210525,-0.06079404466501248,0.0024875621890547706,4.398625603472311,0.02332979851537645,-0.21052631578947367
clean_Jul_Sep,oof_folds,4,45,by_pred_level,3,1214,0,0.9,0.9275123558484349,0.027512355848434922,0.892059553349876,0.9975490196078431,0.3684210526315789,0.9347826086956522,0.8683602771362586,0.09441340782122898,0.09999999999999998,0.8674418604651163,4,58.124431804938474,58.81120426484972,0.1076923076923077,0.3684210526315789,5.14003294892916,190.0,0.015650741350906095,-0.2631578947368421,-0.037220843672456594,0.0024875621890547706,8.38677152170306,0.022326454033771106,-0.3684210526315789
clean_Jul_Sep,oof_folds,4,45,by_abs_ramp,3,1214,0,0.9,0.9316309719934102,0.03163097199341014,0.901985111662531,0.9901960784313726,0.631578947368421,0.9782608695652174,0.8768971332209107,0.09802761341222876,0.09253731343283578,0.8740740740740741,4,58.22642627724368,68.09053337507292,0.07741935483870968,0.631578947368421,12.257001647446458,190.0,0.015650741350906095,0.0,-0.027295285359801524,-0.00497512437810943,8.488765994008268,-0.007946498819826911,-0.10526315789473684
clean_Jul_Sep,oof_folds,4,45,by_operating_x_pred_level,6,1214,6,0.9,0.9102141680395387,0.010214168039538674,0.8647642679900744,1.0,0.3684210526315789,0.9565217391304348,0.8222222222222222,0.09999999999999998,0.09999999999999998,0.8222222222222222,4,54.29881926234445,58.79585122006263,0.11666666666666667,0.3684210526315789,4.744645799011533,190.0,0.015650741350906095,-0.2631578947368421,-0.06451612903225812,0.0024875621890547706,4.561158979109038,0.03130081300813008,-0.3684210526315789
clean_Jul_Sep,oof_folds,4,45,by_latent_state,3,1214,0,0.9,0.9365733113673805,0.03657331136738051,0.924317617866005,0.9607843137254902,0.7368421052631579,1.0,0.8702460850111857,0.08845265588914553,0.060199004975124315,0.8888888888888888,4,53.938057097381744,87.8258810141575,0.05982905982905983,0.7368421052631579,18.504118616144975,190.0,0.015650741350906095,0.10526315789473684,-0.00496277915632759,-0.03731343283582089,4.20039681414633,-0.02553679382947676,0.0
clean_Jul_Sep,holdout_60_20_20,-1,60,global,1,1458,0,0.9,0.9526748971193416,0.05267489711934159,0.9371428571428572,0.9926470588235294,0.6,0.98,0.9526748971193416,0.05267489711934159,0.0948979591836735,0.8848920863309353,4,53.04265321158711,77.63369556102403,0.08163265306122448,0.8,12.905349794238685,191.0,0.013717421124828532,0.0,0.0,0.0,0.0,0.0,0.0
clean_Jul_Sep,holdout_60_20_20,-1,60,by_operating,2,1458,0,0.9,0.9307270233196159,0.030727023319615854,0.9047619047619048,0.9975490196078431,0.5,0.98,0.9047619047619048,0.09754901960784312,0.09744897959183674,0.8201438848920863,4,57.60917995888511,72.7659648864526,0.11194029850746269,0.75,8.823045267489713,191.0,0.013717421124828532,-0.09999999999999998,-0.0323809523809524,0.0025510204081632404,4.566526747297999,0.030307645446238207,-0.050000000000000044
clean_Jul_Sep,holdout_60_20_20,-1,60,by_pred_level,3,1458,0,0.9,0.9368998628257887,0.03689986282578872,0.9142857142857143,0.9950980392156863,0.3,0.92,0.84375,0.08870056497175138,0.09744897959183674,0.8422712933753943,4,60.07100997830526,61.17912053069826,0.0821917808219178,0.3,4.806584362139918,191.0,0.013717421124828532,-0.3,-0.02285714285714291,0.0025510204081632404,7.028356766718154,0.0005591277606933204,-0.5
clean_Jul_Sep,holdout_60_20_20,-1,60,by_abs_ramp,3,1458,0,0.9,0.9430727023319616,0.04307270233196159,0.9228571428571428,0.9950980392156863,0.65,0.98,0.9020979020979021,0.09381443298969072,0.09744897959183674,0.841726618705036,4,59.33399007477336,76.83976396418517,0.09195402298850575,0.8,11.45679012345679,191.0,0.013717421124828532,0.050000000000000044,-0.014285714285714346,0.0025510204081632404,6.2913368631862525,0.010321369927281263,0.0
clean_Jul_Sep,holdout_60_20_20,-1,60,by_operating_x_pred_level,6,1458,16,0.9,0.9320987654320988,0.032098765432098775,0.9076190476190477,0.9950980392156863,0.3,0.92,0.8422712933753943,0.09999999999999998,0.09744897959183674,0.8422712933753943,4,57.88438670407674,61.274720614555335,0.07894736842105263,0.3,5.004115226337449,191.0,0.013717421124828532,-0.3,-0.029523809523809508,0.0025510204081632404,4.841733492489631,-0.002685284640171856,-0.5
clean_Jul_Sep,holdout_60_20_20,-1,60,by_latent_state,3,1458,0,0.9,0.967764060356653,0.06776406035665294,0.96,0.9877450980392157,0.85,1.0,0.9333333333333333,0.09257884972170682,0.09053627760252358,0.9136690647482014,4,60.99510388826883,100.0822525828077,0.05806451612903226,0.9,20.41152263374486,191.0,0.013717421124828532,0.25,0.022857142857142798,-0.004361681581149912,7.952450676681721,-0.023568136932192223,0.09999999999999998
clean_Jul_Sep,oof_folds,0,60,global,1,1214,0,0.9,0.8632619439868204,-0.03673805601317959,0.8488023952095808,0.8809523809523809,0.47058823529411764,0.8152173913043478,0.8632619439868204,0.03673805601317959,0.2821138211382114,0.6178861788617886,6,53.62945997539792,69.79309921297468,0.3594306049822064,0.7426470588235294,22.220757825370676,185.0,0.11202635914332784,0.0,0.0,0.0,0.0,0.0,0.0
clean_Jul_Sep,oof_folds,0,60,by_operating,2,1214,0,0.9,0.8649093904448105,-0.0350906095551895,0.8502994011976048,0.8827838827838828,0.47794117647058826,0.8152173913043478,0.8502994011976048,0.04970059880239519,0.27398373983739843,0.6260162601626016,6,54.110551102601406,70.21620094452388,0.3568904593639576,0.7426470588235294,22.378912685337728,185.0,0.11202635914332784,0.007352941176470618,0.0014970059880240472,-0.008130081300812941,0.48109112720348435,-0.0025401456182488347,0.0
clean_Jul_Sep,oof_folds,0,60,by_pred_level,3,1214,205,0.9,0.8673805601317958,-0.03261943986820426,0.8488023952095808,0.8901098901098901,0.5,0.8152173913043478,0.7804878048780488,0.11951219512195121,0.20000000000000007,0.7,6,53.38086028447758,72.86756461707843,0.31343283582089554,0.7720588235294118,26.490939044481053,185.0,0.11202635914332784,0.02941176470588236,0.0,-0.08211382113821131,-0.24859969092034362,-0.045997769161310875,0.02941176470588236
clean_Jul_Sep,oof_folds,0,60,by_abs_ramp,3,1214,132,0.9,0.8632619439868204,-0.03673805601317959,0.8592814371257484,0.8681318681318682,0.5441176470588235,0.8478260869565217,0.8322784810126582,0.0677215189873418,0.2902439024390244,0.6097560975609756,6,54.457933509604345,73.74231070133058,0.3375796178343949,0.7794117647058824,24.83031301482702,185.0,0.11202635914332784,0.07352941176470584,0.010479041916167664,0.008130081300813052,0.8284735342064238,-0.02185098714781153,0.03676470588235292
clean_Jul_Sep,oof_folds,0,60,by_operating_x_pred_level,6,1214,821,0.9,0.8517298187808896,-0.04827018121911042,0.8488023952095808,0.8553113553113553,0.47058823529411764,0.8152173913043478,0.6178861788617886,0.2821138211382114,0.2821138211382114,0.6178861788617886,6,49.440626695057425,69.79309921297468,0.3594306049822064,0.7426470588235294,22.220757825370676,185.0,0.11202635914332784,0.0,0.0,0.0,-4.188833280340496,0.0,0.0
clean_Jul_Sep,oof_folds,0,60,by_latent_state,3,1214,0,0.9,0.9151565074135091,0.015156507413509046,0.9446107784431138,0.8791208791208791,0.6985294117647058,0.967391304347826,0.8844444444444445,0.0385026737967914,0.17642276422764225,0.7235772357723578,6,59.75949449856261,84.27223113136007,0.32294617563739375,0.8382352941176471,27.914332784184516,185.0,0.11202635914332784,0.2279411764705882,0.09580838323353302,-0.10569105691056913,6.130034523164689,-0.03648442934481266,0.09558823529411764
clean_Jul_Sep,oof_folds,1,60,global,1,1214,0,0.9,0.9184514003294892,0.01845140032948922,0.8125,0.9705159705159705,0.4845360824742268,0.6448598130841121,0.9184514003294892,0.01845140032948922,0.21999999999999997,0.68,4,60.5804648902798,80.18755189339151,0.5260115606936416,0.9381443298969072,13.680395387149918,187.0,0.07990115321252059,0.0,0.0,0.0,0.0,0.0,0.0
clean_Jul_Sep,oof_folds,1,60,by_operating,2,1214,0,0.9,0.8871499176276771,-0.01285008237232288,0.87,0.8955773955773956,0.5876288659793815,0.7102803738317757,0.87,0.030000000000000027,0.1333333333333333,0.7666666666666667,4,56.43995537603832,85.04042415911434,0.5027027027027027,0.9587628865979382,14.629324546952224,187.0,0.07990115321252059,0.10309278350515466,0.057499999999999996,-0.08666666666666667,-4.140509514241479,-0.023308857990938958,0.020618556701030966
clean_Jul_Sep,oof_folds,1,60,by_pred_level,3,1214,0,0.9,0.9316309719934102,0.03163097199341014,0.9075,0.9434889434889435,0.8247422680412371,0.8785046728971962,0.9,0.04144661308840414,0.04522292993630572,0.9,4,58.08442298762693,93.56265042852218,0.45145631067961167,0.9587628865979382,16.289950576606262,187.0,0.07990115321252059,0.34020618556701027,0.09499999999999997,-0.17477707006369425,-2.4960419026528697,-0.07455525001402996,0.020618556701030966
clean_Jul_Sep,oof_folds,1,60,by_abs_ramp,3,1214,0,0.9,0.9209225700164745,0.020922570016474462,0.835,0.9631449631449631,0.5773195876288659,0.6915887850467289,0.8146551724137931,0.08534482758620687,0.16666666666666674,0.7333333333333333,4,57.62626949149127,83.67464341167579,0.5055555555555555,0.9381443298969072,14.233937397034595,187.0,0.07990115321252059,0.09278350515463912,0.022499999999999964,-0.05333333333333323,-2.954195398788528,-0.020456005138086097,0.0
clean_Jul_Sep,oof_folds,1,60,by_operating_x_pred_level,6,1214,29,0.9,0.8377265238879736,-0.06227347611202638,0.89,0.812039312039312,0.711340206185567,0.8037383177570093,0.7,0.20000000000000007,0.0859872611464968,0.8140127388535032,4,56.31132605953202,89.17082722305244,0.465,0.9587628865979382,15.815485996705107,187.0,0.07990115321252059,0.22680412371134023,0.07750000000000001,-0.13401273885350318,-4.269138830747778,-0.06101156069364161,0.020618556701030966
clean_Jul_Sep,oof_folds,1,60,by_latent_state,3,1214,0,0.9,0.8319604612850082,-0.0680395387149918,0.875,0.8108108108108109,0.6288659793814433,0.7476635514018691,0.8136363636363636,0.08636363636363642,0.12,0.78,4,56.703570199628075,86.1775243499155,0.4793814432989691,0.9587628865979382,15.341021416803953,187.0,0.07990115321252059,0.14432989690721648,0.0625,-0.09999999999999998,-3.8768946906517243,-0.04663011739467254,0.020618556701030966
clean_Jul_Sep,oof_folds,2,60,global,1,1214,0,0.9,0.8410214168039539,-0.0589785831960461,0.7938388625592417,0.9486486486486486,0.09090909090909091,0.8275862068965517,0.8410214168039539,0.0589785831960461,0.15000000000000002,0.75,5,42.146659368481004,67.15553083350868,0.17647058823529413,0.36363636363636365,5.377265238879737,193.0,0.027182866556836903,0.0,0.0,0.0,0.0,0.0,0.0
clean_Jul_Sep,oof_folds,2,60,by_operating,2,1214,844,0.9,0.8410214168039539,-0.0589785831960461,0.7938388625592417,0.9486486486486486,0.09090909090909091,0.8275862068965517,0.7938388625592417,0.10616113744075828,0.15000000000000002,0.75,5,42.146659368481004,67.15553083350868,0.17647058823529413,0.36363636363636365,5.377265238879737,193.0,0.027182866556836903,0.0,0.0,0.0,0.0,0.0,0.0
clean_Jul_Sep,oof_folds,2,60,by_pred_level,3,1214,635,0.9,0.8410214168039539,-0.0589785831960461,0.7938388625592417,0.9486486486486486,0.09090909090909091,0.8275862068965517,0.7777777777777778,0.12222222222222223,0.15000000000000002,0.75,5,42.146659368481004,67.15553083350868,0.17647058823529413,0.36363636363636365,5.377265238879737,193.0,0.027182866556836903,0.0,0.0,0.0,0.0,0.0,0.0
clean_Jul_Sep,oof_folds,2,60,by_abs_ramp,3,1214,617,0.9,0.8410214168039539,-0.0589785831960461,0.7938388625592417,0.9486486486486486,0.09090909090909091,0.8275862068965517,0.7815126050420168,0.11848739495798322,0.15000000000000002,0.75,5,42.146659368481004,67.15553083350868,0.17647058823529413,0.36363636363636365,5.377265238879737,193.0,0.027182866556836903,0.0,0.0,0.0,0.0,0.0,0.0
clean_Jul_Sep,oof_folds,2,60,by_operating_x_pred_level,5,1214,880,0.9,0.8410214168039539,-0.0589785831960461,0.7938388625592417,0.9486486486486486,0.09090909090909091,0.8275862068965517,0.75,0.15000000000000002,0.15000000000000002,0.75,5,42.146659368481004,67.15553083350868,0.17647058823529413,0.36363636363636365,5.377265238879737,193.0,0.027182866556836903,0.0,0.0,0.0,0.0,0.0,0.0
clean_Jul_Sep,oof_folds,2,60,by_latent_state,3,1214,903,0.9,0.8410214168039539,-0.0589785831960461,0.7938388625592417,0.9486486486486486,0.09090909090909091,0.8275862068965517,0.7905544147843943,0.10944558521560577,0.15000000000000002,0.75,5,42.146659368481004,67.15553083350868,0.17647058823529413,0.36363636363636365,5.377265238879737,193.0,0.027182866556836903,0.0,0.0,0.0,0.0,0.0,0.0
clean_Jul_Sep,oof_folds,3,60,global,1,1214,0,0.9,0.8780889621087314,-0.02191103789126858,0.9103194103194103,0.8125,0.45454545454545453,0.9333333333333333,0.8780889621087314,0.02191103789126858,0.09473684210526323,0.8052631578947368,4,50.865482725138236,73.12306489104573,0.15853658536585366,0.7878787878787878,12.968698517298186,190.0,0.027182866556836903,0.0,0.0,0.0,0.0,0.0,0.0
clean_Jul_Sep,oof_folds,3,60,by_operating,2,1214,0,0.9,0.8657331136738056,-0.03426688632619446,0.9336609336609336,0.7275,0.5757575757575758,0.9583333333333334,0.7275,0.1725,0.17894736842105263,0.7210526315789474,4,50.3428014534128,75.8528940078336,0.1564245810055866,0.8484848484848485,14.15485996705107,190.0,0.027182866556836903,0.12121212121212127,0.023341523341523285,0.0842105263157894,-0.522681271725439,-0.002112004360267067,0.06060606060606066
clean_Jul_Sep,oof_folds,3,60,by_pred_level,3,1214,0,0.9,0.8772652388797364,-0.022734761120263625,0.9164619164619164,0.7975,0.48484848484848486,0.9416666666666667,0.8174603174603174,0.08253968253968258,0.1105263157894737,0.7894736842105263,4,50.507559286720884,74.69673678320461,0.15428571428571428,0.8181818181818182,13.83855024711697,190.0,0.027182866556836903,0.03030303030303033,0.00614250614250611,0.015789473684210464,-0.35792343841735175,-0.0042508710801393845,0.030303030303030387
clean_Jul_Sep,oof_folds,3,60,by_abs_ramp,3,1214,0,0.9,0.872322899505766,-0.027677100494233997,0.9103194103194103,0.795,0.3939393939393939,0.925,0.7867647058823529,0.1132352941176471,0.11315789473684212,0.7868421052631579,4,49.6149028358772,72.11081750251172,0.14864864864864866,0.6666666666666666,11.703459637561778,190.0,0.027182866556836903,-0.06060606060606061,0.0,0.018421052631578894,-1.250579889261033,-0.009887936717205004,-0.12121212121212122
clean_Jul_Sep,oof_folds,3,60,by_operating_x_pred_level,6,1214,20,0.9,0.8698517298187809,-0.030148270181219128,0.9373464373464373,0.7325,0.5151515151515151,0.9416666666666667,0.7210526315789474,0.17894736842105263,0.17894736842105263,0.7210526315789474,4,50.71984119729868,75.04997629415656,0.15730337078651685,0.8484848484848485,14.075782537067544,190.0,0.027182866556836903,0.06060606060606061,0.027027027027026973,0.0842105263157894,-0.1456415278395582,-0.001233214579336811,0.06060606060606066
clean_Jul_Sep,oof_folds,3,60,by_latent_state,3,1214,0,0.9,0.8698517298187809,-0.030148270181219128,0.9312039312039312,0.745,0.5454545454545454,0.95,0.8131212723658051,0.08687872763419491,0.1657894736842106,0.7342105263157894,4,51.10446772933813,75.42213878954144,0.1564245810055866,0.8484848484848485,14.15485996705107,190.0,0.027182866556836903,0.09090909090909088,0.020884520884520863,0.07105263157894737,0.23898500419989688,-0.002112004360267067,0.06060606060606066
clean_Jul_Sep,oof_folds,4,60,global,1,1214,0,0.9,0.9514003294892917,0.05140032948929163,0.9305210918114144,0.9926470588235294,0.631578947368421,0.9767441860465116,0.9514003294892917,0.05140032948929163,0.09236641221374042,0.8943661971830986,4,48.87500127042215,72.35350846748379,0.11627906976744186,0.7894736842105263,10.200988467874794,190.0,0.015650741350906095,0.0,0.0,0.0,0.0,0.0,0.0
clean_Jul_Sep,oof_folds,4,60,by_operating,2,1214,0,0.9,0.9200988467874794,0.02009884678747942,0.8808933002481389,0.9975490196078431,0.47368421052631576,0.9534883720930233,0.8808933002481389,0.09754901960784312,0.0974554707379135,0.823943661971831,4,54.1831638006812,65.38897096546084,0.15873015873015872,0.5263157894736842,4.981878088962109,190.0,0.015650741350906095,-0.15789473684210525,-0.04962779156327546,0.0050890585241730735,5.308162530259047,0.04245108896271686,-0.26315789473684215
clean_Jul_Sep,oof_folds,4,60,by_pred_level,3,1214,0,0.9,0.9365733113673805,0.03657331136738051,0.9094292803970223,0.9901960784313726,0.47368421052631576,0.9767441860465116,0.8683035714285714,0.09252336448598131,0.0974554707379135,0.8715596330275229,4,58.077318811088915,66.77828377672428,0.13333333333333333,0.5263157894736842,5.930807248764415,190.0,0.015650741350906095,-0.15789473684210525,-0.021091811414392092,0.0050890585241730735,9.202317540666762,0.017054263565891473,-0.26315789473684215
clean_Jul_Sep,oof_folds,4,60,by_abs_ramp,3,1214,0,0.9,0.9332784184514004,0.03327841845140034,0.9069478908188585,0.9852941176470589,0.5789473684210527,0.9534883720930233,0.8819561551433389,0.09408284023668634,0.09236641221374042,0.8450704225352113,4,57.75114626565733,70.04240605245548,0.09448818897637795,0.631578947368421,10.042833607907744,190.0,0.015650741350906095,-0.05263157894736836,-0.023573200992555887,0.0,8.87614499523518,-0.021790880791063907,-0.1578947368421053
clean_Jul_Sep,oof_folds,4,60,by_operating_x_pred_level,6,1214,15,0.9,0.9225700164744646,0.02257001647446455,0.8846153846153846,0.9975490196078431,0.47368421052631576,0.9767441860465116,0.8309859154929577,0.09999999999999998,0.0974554707379135,0.8309859154929577,4,54.1661258925494,66.65854240993276,0.14084507042253522,0.5263157894736842,5.614497528830313,190.0,0.015650741350906095,-0.15789473684210525,-0.04590570719602982,0.0050890585241730735,5.291124622127249,0.02456600065509336,-0.26315789473684215
clean_Jul_Sep,oof_folds,4,60,by_latent_state,3,1214,0,0.9,0.9398682042833608,0.0398682042833608,0.9292803970223326,0.9607843137254902,0.7894736842105263,0.9767441860465116,0.874439461883408,0.08847926267281103,0.0736842105263158,0.8873239436619719,4,54.11060354326747,92.1807505296862,0.06607929515418502,0.7894736842105263,17.950576606260295,190.0,0.015650741350906095,0.1578947368421053,-0.001240694789081842,-0.018682201687424627,5.23560227284532,-0.05019977461325684,0.0
