window,policy,quantile,alert_frequency,alerts_per_day,step_precision,n_events,events_detected,event_recall,median_lead_min,mean_lead_min,lead_ge_30min_share
oof_all_2021,h15_only,0.5,0.5,48.0,0.11396984924623116,394,394,1.0,60.0,56.45939086294416,0.9822335025380711
oof_all_2021,h30_only,0.5,0.5,48.0,0.11386934673366834,394,394,1.0,60.0,58.515228426395936,0.9974619289340102
oof_all_2021,h45_only,0.5,0.5,48.0,0.1135678391959799,394,394,1.0,60.0,59.54314720812183,0.9974619289340102
oof_all_2021,h60_only,0.5,0.5,48.0,0.11256281407035176,394,393,0.9974619289340102,60.0,59.541984732824424,0.9974554707379135
oof_all_2021,any_horizon_OR,0.5,0.585427135678392,56.20100502512563,0.20120171673819742,394,394,1.0,60.0,59.69543147208122,0.9974619289340102
oof_all_2021,at_least_2_of_4,0.5,0.5362311557788945,51.478190954773865,0.2188173554493487,394,394,1.0,60.0,59.54314720812183,0.9974619289340102
oof_all_2021,escalate_h60_then_h15,0.5,0.4593969849246231,44.10211055276382,0.24064756070881646,394,393,0.9974619289340102,60.0,58.51145038167939,0.9974554707379135
oof_all_2021,long_only_OR_h45_h60,0.5,0.5376381909547738,51.61326633165829,0.21497336199644826,394,394,1.0,60.0,59.619289340101524,0.9974619289340102
oof_all_2021,h15_only,0.51,0.49,47.04,0.11629576453697056,394,394,1.0,60.0,56.45939086294416,0.9822335025380711
oof_all_2021,h30_only,0.51,0.49,47.04,0.1161932109527228,394,394,1.0,60.0,58.47715736040609,0.9974619289340102
oof_all_2021,h45_only,0.51,0.49,47.04,0.1158855501999795,394,394,1.0,60.0,59.54314720812183,0.9974619289340102
oof_all_2021,h60_only,0.51,0.49,47.04,0.11486001435750179,394,393,0.9974619289340102,60.0,59.541984732824424,0.9974554707379135
oof_all_2021,any_horizon_OR,0.51,0.5762814070351758,55.32301507537688,0.20439483780955703,394,394,1.0,60.0,59.69543147208122,0.9974619289340102
oof_all_2021,at_least_2_of_4,0.51,0.5264824120603016,50.54231155778895,0.22277369475995037,394,394,1.0,60.0,59.54314720812183,0.9974619289340102
oof_all_2021,escalate_h60_then_h15,0.51,0.44944723618090454,43.146934673366836,0.245304114490161,394,393,0.9974619289340102,60.0,58.47328244274809,0.9974554707379135
oof_all_2021,long_only_OR_h45_h60,0.51,0.5279396984924624,50.68221105527638,0.21863696935084714,394,394,1.0,60.0,59.619289340101524,0.9974619289340102
oof_all_2021,h15_only,0.52,0.48,46.08,0.11871859296482412,394,394,1.0,60.0,56.421319796954315,0.9822335025380711
oof_all_2021,h30_only,0.52,0.48,46.08,0.11861390284757119,394,394,1.0,60.0,58.401015228426395,0.9974619289340102
oof_all_2021,h45_only,0.52,0.48,46.08,0.1182998324958124,394,394,1.0,60.0,59.54314720812183,0.9974619289340102
oof_all_2021,h60_only,0.52,0.48,46.08,0.11725293132328309,394,393,0.9974619289340102,60.0,59.541984732824424,0.9974554707379135
oof_all_2021,any_horizon_OR,0.52,0.5657788944723618,54.31477386934674,0.2081890043520739,394,394,1.0,60.0,59.69543147208122,0.9974619289340102
oof_all_2021,at_least_2_of_4,0.52,0.5161306532663317,49.54854271356784,0.22724174861259858,394,394,1.0,60.0,59.54314720812183,0.9974619289340102
oof_all_2021,escalate_h60_then_h15,0.52,0.4406532663316583,42.3027135678392,0.24985745238909796,394,393,0.9974619289340102,60.0,58.43511450381679,0.9974554707379135
oof_all_2021,long_only_OR_h45_h60,0.52,0.5180904522613066,49.73668341708543,0.22259941804073716,394,394,1.0,60.0,59.619289340101524,0.9974619289340102
oof_all_2021,h15_only,0.53,0.47,45.12,0.121244520474714,394,394,1.0,60.0,56.38324873096447,0.9822335025380711
oof_all_2021,h30_only,0.53,0.47,45.12,0.12113760290815781,394,394,1.0,60.0,58.401015228426395,0.9974619289340102
oof_all_2021,h45_only,0.53,0.47,45.12,0.12081685020848926,394,394,1.0,60.0,59.54314720812183,0.9974619289340102
oof_all_2021,h60_only,0.53,0.47,45.12,0.11974767454292741,394,393,0.9974619289340102,60.0,59.541984732824424,0.9974554707379135
oof_all_2021,any_horizon_OR,0.53,0.5548241206030151,53.26311557788945,0.21229961054252333,394,394,1.0,60.0,59.69543147208122,0.9974619289340102
oof_all_2021,at_least_2_of_4,0.53,0.5053266331658292,48.511356783919595,0.23210023866348448,394,394,1.0,60.0,59.54314720812183,0.9974619289340102
oof_all_2021,escalate_h60_then_h15,0.53,0.43085427135678395,41.36201005025126,0.2549568462794495,394,393,0.9974619289340102,60.0,58.43511450381679,0.9974554707379135
oof_all_2021,long_only_OR_h45_h60,0.53,0.5076884422110552,48.738090452261304,0.22696228842917945,394,394,1.0,60.0,59.619289340101524,0.9974619289340102
oof_all_2021,h15_only,0.54,0.46,44.160000000000004,0.12388027091981647,394,394,1.0,60.0,56.38324873096447,0.9822335025380711
oof_all_2021,h30_only,0.54,0.46,44.160000000000004,0.12377102905833516,394,394,1.0,60.0,58.401015228426395,0.9974619289340102
oof_all_2021,h45_only,0.54,0.46,44.160000000000004,0.1234433034738912,394,394,1.0,60.0,59.54314720812183,0.9974619289340102
oof_all_2021,h60_only,0.54,0.46,44.160000000000004,0.122350884859078,394,393,0.9974619289340102,60.0,59.541984732824424,0.9974554707379135
oof_all_2021,any_horizon_OR,0.54,0.5439195979899497,52.21628140703517,0.21655580192165558,394,394,1.0,60.0,59.69543147208122,0.9974619289340102
oof_all_2021,at_least_2_of_4,0.54,0.4941206030150754,47.43557788944724,0.2373639784399471,394,394,1.0,60.0,59.54314720812183,0.9974619289340102
oof_all_2021,escalate_h60_then_h15,0.54,0.4220603015075377,40.51778894472362,0.25955470889391596,394,393,0.9974619289340102,60.0,58.43511450381679,0.9974554707379135
oof_all_2021,long_only_OR_h45_h60,0.54,0.497035175879397,47.71537688442211,0.2311191992720655,394,394,1.0,60.0,59.619289340101524,0.9974619289340102
oof_all_2021,h15_only,0.55,0.45,43.2,0.12663316582914572,394,394,1.0,60.0,56.307106598984774,0.9822335025380711
oof_all_2021,h30_only,0.55,0.45,43.2,0.12652149637074261,394,394,1.0,60.0,58.3248730964467,0.9974619289340102
oof_all_2021,h45_only,0.55,0.45,43.2,0.12618648799553323,394,394,1.0,60.0,59.54314720812183,0.9974619289340102
oof_all_2021,h60_only,0.55,0.45,43.2,0.12506979341150196,394,393,0.9974619289340102,60.0,59.541984732824424,0.9974554707379135
oof_all_2021,any_horizon_OR,0.55,0.5326130653266332,51.13085427135679,0.22115293895650534,394,394,1.0,60.0,59.69543147208122,0.9974619289340102
oof_all_2021,at_least_2_of_4,0.55,0.48447236180904524,46.509346733668345,0.24198734571102581,394,394,1.0,60.0,59.54314720812183,0.9974619289340102
oof_all_2021,escalate_h60_then_h15,0.55,0.41246231155778895,39.59638190954774,0.265229044834308,394,393,0.9974619289340102,60.0,58.396946564885496,0.9974554707379135
oof_all_2021,long_only_OR_h45_h60,0.55,0.4863316582914573,46.687839195979905,0.23610250051663567,394,394,1.0,60.0,59.619289340101524,0.9974619289340102
oof_all_2021,h15_only,0.56,0.44,42.24,0.12951119232526268,394,394,1.0,60.0,56.26903553299493,0.9822335025380711
oof_all_2021,h30_only,0.56,0.44,42.24,0.12939698492462312,394,394,1.0,60.0,58.24873096446701,0.9974619289340102
oof_all_2021,h45_only,0.56,0.44,42.24,0.12905436272270443,394,394,1.0,60.0,59.54314720812183,0.9974619289340102
oof_all_2021,h60_only,0.56,0.44,42.24,0.12779808131566925,394,393,0.9974619289340102,60.0,59.50381679389313,0.9974554707379135
oof_all_2021,any_horizon_OR,0.56,0.5217587939698493,50.08884422110553,0.22565732447269576,394,394,1.0,60.0,59.65736040609137,0.9974619289340102
oof_all_2021,at_least_2_of_4,0.56,0.47361809045226133,45.46733668341709,0.24742705570291776,394,394,1.0,60.0,59.54314720812183,0.9974619289340102
oof_all_2021,escalate_h60_then_h15,0.56,0.4023618090452261,38.62673366834171,0.27176220806794055,394,393,0.9974619289340102,60.0,58.396946564885496,0.9974554707379135
oof_all_2021,long_only_OR_h45_h60,0.56,0.4763819095477387,45.732663316582915,0.24092827004219408,394,394,1.0,60.0,59.58121827411168,0.9974619289340102
oof_all_2021,h15_only,0.57,0.43,41.28,0.13252308051887343,394,394,1.0,60.0,56.00253807106599,0.9822335025380711
oof_all_2021,h30_only,0.57,0.43,41.28,0.1324062171321725,394,394,1.0,60.0,58.17258883248731,0.9974619289340102
oof_all_2021,h45_only,0.57,0.43,41.28,0.13205562697206966,394,394,1.0,60.0,59.54314720812183,0.9974619289340102
oof_all_2021,h60_only,0.57,0.43,41.28,0.1306532663316583,394,393,0.9974619289340102,60.0,59.50381679389313,0.9974554707379135
oof_all_2021,any_horizon_OR,0.57,0.5112060301507537,49.07577889447236,0.2303155411383073,394,394,1.0,60.0,59.65736040609137,0.9974619289340102
oof_all_2021,at_least_2_of_4,0.57,0.4630150753768844,44.4494472361809,0.25287605817234643,394,394,1.0,60.0,59.505076142131976,0.9974619289340102
oof_all_2021,escalate_h60_then_h15,0.57,0.3928643216080402,37.71497487437186,0.27756459452545407,394,393,0.9974619289340102,60.0,58.396946564885496,0.9974554707379135
oof_all_2021,long_only_OR_h45_h60,0.57,0.4662814070351759,44.763015075376885,0.24593167367173185,394,394,1.0,60.0,59.58121827411168,0.9974619289340102
oof_all_2021,h15_only,0.58,0.42,40.32,0.13555874611150992,394,394,1.0,60.0,55.8502538071066,0.9822335025380711
oof_all_2021,h30_only,0.58,0.42,40.32,0.13555874611150992,394,394,1.0,60.0,58.17258883248731,0.9974619289340102
oof_all_2021,h45_only,0.58,0.42,40.32,0.13519980856664274,394,394,1.0,60.0,59.54314720812183,0.9974619289340102
oof_all_2021,h60_only,0.58,0.42,40.32,0.13376405838717398,394,393,0.9974619289340102,60.0,59.50381679389313,0.9974554707379135
oof_all_2021,any_horizon_OR,0.58,0.5000502512562814,48.00482412060302,0.23545372324389507,394,394,1.0,60.0,59.65736040609137,0.9974619289340102
oof_all_2021,at_least_2_of_4,0.58,0.4518592964824121,43.378492462311556,0.25889679715302494,394,394,1.0,60.0,59.505076142131976,0.9974619289340102
oof_all_2021,escalate_h60_then_h15,0.58,0.3835175879396985,36.81768844221105,0.2832809224318658,394,393,0.9974619289340102,60.0,58.3206106870229,0.9974554707379135
oof_all_2021,long_only_OR_h45_h60,0.58,0.4556281407035176,43.74030150753769,0.25124076320723504,394,394,1.0,60.0,59.58121827411168,0.9974619289340102
oof_all_2021,h15_only,0.59,0.41,39.36,0.13886505699227847,394,394,1.0,60.0,55.736040609137056,0.9822335025380711
oof_all_2021,h30_only,0.59,0.41,39.36,0.13874249295256771,394,394,1.0,60.0,58.13451776649746,0.9974619289340102
oof_all_2021,h45_only,0.59,0.41,39.36,0.1384973648731462,394,394,1.0,60.0,59.54314720812183,0.9974619289340102
oof_all_2021,h60_only,0.59,0.41,39.36,0.13690403235690649,394,393,0.9974619289340102,60.0,59.50381679389313,0.9974554707379135
oof_all_2021,any_horizon_OR,0.59,0.48889447236180905,46.93386934673367,0.2408263953129818,394,394,1.0,60.0,59.65736040609137,0.9974619289340102
oof_all_2021,at_least_2_of_4,0.59,0.4410050251256281,42.3364824120603,0.265154968094804,394,394,1.0,60.0,59.505076142131976,0.9974619289340102
oof_all_2021,escalate_h60_then_h15,0.59,0.37402010050251255,35.905929648241205,0.2893994357114067,394,393,0.9974619289340102,60.0,58.282442748091604,0.9974554707379135
oof_all_2021,long_only_OR_h45_h60,0.59,0.4451256281407035,42.73206030150754,0.2568299841950779,394,394,1.0,60.0,59.58121827411168,0.9974619289340102
oof_all_2021,h15_only,0.6,0.4,38.400000000000006,0.1423366834170854,394,394,1.0,60.0,55.69796954314721,0.9822335025380711
oof_all_2021,h30_only,0.6,0.4,38.400000000000006,0.14221105527638192,394,394,1.0,60.0,58.09644670050761,0.9974619289340102
oof_all_2021,h45_only,0.6,0.4,38.400000000000006,0.14195979899497488,394,394,1.0,60.0,59.54314720812183,0.9974619289340102
oof_all_2021,h60_only,0.6,0.4,38.400000000000006,0.14032663316582913,394,393,0.9974619289340102,60.0,59.50381679389313,0.9974554707379135
oof_all_2021,any_horizon_OR,0.6,0.4778391959798995,45.87256281407035,0.24639814912188454,394,394,1.0,60.0,59.65736040609137,0.9974619289340102
oof_all_2021,at_least_2_of_4,0.6,0.4294472361809045,41.226934673366834,0.2721741165457524,394,394,1.0,60.0,59.505076142131976,0.9974619289340102
oof_all_2021,escalate_h60_then_h15,0.6,0.36462311557788946,35.00381909547739,0.2961686879823594,394,393,0.9974619289340102,60.0,58.282442748091604,0.9974554707379135
oof_all_2021,long_only_OR_h45_h60,0.6,0.4352261306532663,41.78170854271357,0.2623253665858446,394,394,1.0,60.0,59.58121827411168,0.9974619289340102
oof_all_2021,h15_only,0.61,0.39,37.44,0.14598634196624147,394,394,1.0,60.0,55.50761421319797,0.9822335025380711
oof_all_2021,h30_only,0.61,0.39,37.44,0.1457286432160804,394,394,1.0,60.0,58.09644670050761,0.9974619289340102
oof_all_2021,h45_only,0.61,0.39,37.44,0.14559979384099986,394,394,1.0,60.0,59.54314720812183,0.9974619289340102
oof_all_2021,h60_only,0.61,0.39,37.44,0.14392475196495297,394,393,0.9974619289340102,60.0,59.50381679389313,0.9974554707379135
oof_all_2021,any_horizon_OR,0.61,0.4658291457286432,44.71959798994975,0.25275080906148867,394,394,1.0,60.0,59.65736040609137,0.9974619289340102
oof_all_2021,at_least_2_of_4,0.61,0.418643216080402,40.189748743718596,0.27907814187972635,394,394,1.0,60.0,59.505076142131976,0.9974619289340102
oof_all_2021,escalate_h60_then_h15,0.61,0.3555778894472362,34.135477386934674,0.3025720746184285,394,393,0.9974619289340102,60.0,58.2442748091603,0.9974554707379135
oof_all_2021,long_only_OR_h45_h60,0.61,0.42482412060301505,40.78311557788945,0.268393659806009,394,394,1.0,60.0,59.58121827411168,0.9974619289340102
oof_all_2021,h15_only,0.62,0.38,36.480000000000004,0.14982808780745835,394,394,1.0,60.0,55.39340101522843,0.9796954314720813
oof_all_2021,h30_only,0.62,0.38,36.480000000000004,0.14956360751124043,394,394,1.0,60.0,57.90609137055838,0.9974619289340102
oof_all_2021,h45_only,0.62,0.38,36.480000000000004,0.14943136736313145,394,394,1.0,60.0,59.505076142131976,0.9974619289340102
oof_all_2021,h60_only,0.62,0.38,36.480000000000004,0.14758000528960594,394,393,0.9974619289340102,60.0,59.465648854961835,0.9974554707379135
oof_all_2021,any_horizon_OR,0.62,0.45246231155778893,43.436381909547734,0.26021768103065307,394,394,1.0,60.0,59.65736040609137,0.9974619289340102
oof_all_2021,at_least_2_of_4,0.62,0.40869346733668344,39.234572864321606,0.2856264601008238,394,394,1.0,60.0,59.46700507614213,0.9974619289340102
oof_all_2021,escalate_h60_then_h15,0.62,0.34688442211055276,33.30090452261307,0.30928581776039404,394,393,0.9974619289340102,60.0,58.12977099236641,0.9974554707379135
oof_all_2021,long_only_OR_h45_h60,0.62,0.4132160804020101,39.668743718592964,0.2748388665937006,394,394,1.0,60.0,59.54314720812183,0.9974619289340102
oof_all_2021,h15_only,0.63,0.37,35.519999999999996,0.1538774955860383,394,394,1.0,60.0,55.31725888324873,0.9796954314720813
oof_all_2021,h30_only,0.63,0.37,35.519999999999996,0.15360586717370636,394,394,1.0,60.0,57.82994923857868,0.9974619289340102
oof_all_2021,h45_only,0.63,0.37,35.519999999999996,0.1534700529675404,394,394,1.0,60.0,59.46700507614213,0.9974619289340102
oof_all_2021,h60_only,0.63,0.37,35.519999999999996,0.1515686540812169,394,393,0.9974619289340102,60.0,59.465648854961835,0.9974554707379135
oof_all_2021,any_horizon_OR,0.63,0.4401507537688442,42.25447236180904,0.26749628953076837,394,394,1.0,60.0,59.65736040609137,0.9974619289340102
oof_all_2021,at_least_2_of_4,0.63,0.398643216080402,38.269748743718594,0.2927013740073112,394,394,1.0,60.0,59.46700507614213,0.9974619289340102
oof_all_2021,escalate_h60_then_h15,0.63,0.3367839195979899,32.331256281407036,0.3173679498657117,394,393,0.9974619289340102,60.0,58.05343511450382,0.9974554707379135
oof_all_2021,long_only_OR_h45_h60,0.63,0.4020100502512563,38.59296482412061,0.282375,394,394,1.0,60.0,59.54314720812183,0.9974619289340102
oof_all_2021,h15_only,0.64,0.36,34.56,0.15815187046342824,394,394,1.0,60.0,55.24111675126903,0.9796954314720813
oof_all_2021,h30_only,0.64,0.36,34.56,0.15787269681742044,394,394,1.0,60.0,57.67766497461929,0.9974619289340102
oof_all_2021,h45_only,0.64,0.36,34.56,0.15773310999441653,394,394,1.0,60.0,59.46700507614213,0.9974619289340102
oof_all_2021,h60_only,0.64,0.36,34.56,0.1556393076493579,394,393,0.9974619289340102,60.0,59.465648854961835,0.9974554707379135
oof_all_2021,any_horizon_OR,0.64,0.4269849246231156,40.990552763819096,0.2757443803695422,394,394,1.0,60.0,59.65736040609137,0.9974619289340102
oof_all_2021,at_least_2_of_4,0.64,0.3882412060301508,37.271155778894475,0.3002847527828113,394,394,1.0,60.0,59.46700507614213,0.9974619289340102
oof_all_2021,escalate_h60_then_h15,0.64,0.3271859296482412,31.409849246231158,0.32544923974811857,394,393,0.9974619289340102,60.0,57.86259541984733,0.9974554707379135
oof_all_2021,long_only_OR_h45_h60,0.64,0.3908040201005025,37.51718592964824,0.2895718143242896,394,394,1.0,60.0,59.54314720812183,0.9974619289340102
oof_all_2021,h15_only,0.65,0.35,33.599999999999994,0.16267049533381192,394,394,1.0,60.0,55.088832487309645,0.9796954314720813
oof_all_2021,h30_only,0.65,0.35,33.599999999999994,0.16238334529791817,394,394,1.0,60.0,57.56345177664975,0.9974619289340102
oof_all_2021,h45_only,0.65,0.35,33.599999999999994,0.1620961952620244,394,394,1.0,60.0,59.46700507614213,0.9974619289340102
oof_all_2021,h60_only,0.65,0.35,33.599999999999994,0.15979899497487438,394,393,0.9974619289340102,60.0,59.42748091603053,0.9974554707379135
oof_all_2021,any_horizon_OR,0.65,0.4142211055276382,39.76522613065327,0.28424117432973434,394,394,1.0,60.0,59.65736040609137,0.9974619289340102
oof_all_2021,at_least_2_of_4,0.65,0.3777386934673367,36.26291457286432,0.30823466808567246,394,394,1.0,60.0,59.46700507614213,0.9974619289340102
oof_all_2021,escalate_h60_then_h15,0.65,0.3173869346733668,30.469145728643213,0.3329639012032932,394,393,0.9974619289340102,60.0,57.74809160305343,0.9974554707379135
oof_all_2021,long_only_OR_h45_h60,0.65,0.3799497487437186,36.475175879396986,0.2971829123131861,394,394,1.0,60.0,59.54314720812183,0.9974619289340102
oof_all_2021,h15_only,0.66,0.34,32.64,0.16745492166715933,394,394,1.0,60.0,54.78426395939086,0.9771573604060914
oof_all_2021,h30_only,0.66,0.34,32.64,0.1671593260419746,394,394,1.0,60.0,57.48730964467005,0.9974619289340102
oof_all_2021,h45_only,0.66,0.34,32.64,0.16686373041678984,394,394,1.0,60.0,59.46700507614213,0.9974619289340102
oof_all_2021,h60_only,0.66,0.34,32.64,0.16449896541531187,394,393,0.9974619289340102,60.0,59.42748091603053,0.9974554707379135
oof_all_2021,any_horizon_OR,0.66,0.40246231155778894,38.63638190954774,0.2925458858783868,394,394,1.0,60.0,59.65736040609137,0.9974619289340102
oof_all_2021,at_least_2_of_4,0.66,0.36814070351758793,35.34150753768844,0.3158613158613159,394,394,1.0,60.0,59.46700507614213,0.9974619289340102
oof_all_2021,escalate_h60_then_h15,0.66,0.30844221105527636,29.61045226130653,0.34099055066797,394,393,0.9974619289340102,60.0,57.67175572519084,0.9974554707379135
oof_all_2021,long_only_OR_h45_h60,0.66,0.3676884422110553,35.298090452261306,0.3061363946972803,394,394,1.0,60.0,59.54314720812183,0.9974619289340102
oof_all_2021,h15_only,0.67,0.33,31.68,0.17252931323283083,394,394,1.0,60.0,54.441624365482234,0.9695431472081218
oof_all_2021,h30_only,0.67,0.33,31.68,0.17222476016445865,394,394,1.0,60.0,57.37309644670051,0.9974619289340102
oof_all_2021,h45_only,0.67,0.33,31.68,0.1719202070960865,394,394,1.0,60.0,59.35279187817259,0.9974619289340102
oof_all_2021,h60_only,0.67,0.33,31.68,0.1693315060149231,394,393,0.9974619289340102,60.0,59.42748091603053,0.9974554707379135
oof_all_2021,any_horizon_OR,0.67,0.39180904522613064,37.61366834170854,0.3003719379248429,394,394,1.0,60.0,59.619289340101524,0.9974619289340102
oof_all_2021,at_least_2_of_4,0.67,0.35809045226130654,34.37668341708543,0.3240246982879596,394,394,1.0,60.0,59.390862944162436,0.9974619289340102
oof_all_2021,escalate_h60_then_h15,0.67,0.29723618090452264,28.534673366834173,0.3521555367709214,394,393,0.9974619289340102,60.0,57.595419847328245,0.9974554707379135
oof_all_2021,long_only_OR_h45_h60,0.67,0.3569849246231156,34.2705527638191,0.31447072072072074,394,394,1.0,60.0,59.54314720812183,0.9974619289340102
oof_all_2021,h15_only,0.68,0.32,30.72,0.1779208542713568,394,394,1.0,60.0,54.06091370558376,0.9644670050761421
oof_all_2021,h30_only,0.68,0.32,30.72,0.1774497487437186,394,394,1.0,60.0,56.91624365482234,0.9974619289340102
oof_all_2021,h45_only,0.68,0.32,30.72,0.1771356783919598,394,394,1.0,60.0,59.2005076142132,0.9974619289340102
oof_all_2021,h60_only,0.68,0.32,30.72,0.17415201005025124,394,393,0.9974619289340102,60.0,59.35114503816794,0.9949109414758269
oof_all_2021,any_horizon_OR,0.68,0.3808040201005025,36.55718592964824,0.30905252045394566,394,394,1.0,60.0,59.619289340101524,0.9974619289340102
oof_all_2021,at_least_2_of_4,0.68,0.34854271356783917,33.46010050251256,0.33160322952710497,394,394,1.0,60.0,59.16243654822335,0.9974619289340102
oof_all_2021,escalate_h60_then_h15,0.68,0.28688442211055276,27.540904522613065,0.36100893326326855,394,393,0.9974619289340102,60.0,57.213740458015266,0.9949109414758269
oof_all_2021,long_only_OR_h45_h60,0.68,0.34668341708542716,33.28160804020101,0.3228004058559211,394,394,1.0,60.0,59.54314720812183,0.9974619289340102
oof_all_2021,h15_only,0.69,0.31,29.759999999999998,0.1834981358404928,394,394,1.0,60.0,53.48984771573604,0.9568527918781726
oof_all_2021,h30_only,0.69,0.31,29.759999999999998,0.18317393418706435,394,394,1.0,60.0,56.45939086294416,0.9974619289340102
oof_all_2021,h45_only,0.69,0.31,29.759999999999998,0.1826876317069217,394,394,1.0,60.0,59.01015228426396,0.9974619289340102
oof_all_2021,h60_only,0.69,0.31,29.759999999999998,0.17928351434592316,394,393,0.9974619289340102,60.0,59.23664122137404,0.9949109414758269
oof_all_2021,any_horizon_OR,0.69,0.37055276381909547,35.57306532663316,0.31733116354759966,394,394,1.0,60.0,59.54314720812183,0.9974619289340102
oof_all_2021,at_least_2_of_4,0.69,0.3395477386934673,32.59658291457286,0.3383158206304573,394,394,1.0,60.0,59.01015228426396,0.9974619289340102
oof_all_2021,escalate_h60_then_h15,0.69,0.2764824120603015,26.542311557788942,0.3707742639040349,394,393,0.9974619289340102,60.0,56.6793893129771,0.9949109414758269
oof_all_2021,long_only_OR_h45_h60,0.69,0.3361306532663317,32.26854271356784,0.3318881746150396,394,394,1.0,60.0,59.505076142131976,0.9974619289340102
oof_all_2021,h15_only,0.7,0.3,28.799999999999997,0.1896147403685092,394,394,1.0,60.0,52.69035532994924,0.9416243654822335
oof_all_2021,h30_only,0.7,0.3,28.799999999999997,0.18860971524288106,394,394,1.0,60.0,56.04060913705584,0.9974619289340102
oof_all_2021,h45_only,0.7,0.3,28.799999999999997,0.18777219430485761,394,394,1.0,60.0,58.70558375634518,0.9974619289340102
oof_all_2021,h60_only,0.7,0.3,28.799999999999997,0.18425460636515914,394,392,0.9949238578680203,60.0,59.15816326530612,0.9948979591836735
oof_all_2021,any_horizon_OR,0.7,0.3614070351758794,34.695075376884425,0.3253615127919911,394,394,1.0,60.0,59.54314720812183,0.9974619289340102
oof_all_2021,at_least_2_of_4,0.7,0.33130653266331656,31.80542713567839,0.3444562414682239,394,394,1.0,60.0,58.743654822335024,0.9974619289340102
oof_all_2021,escalate_h60_then_h15,0.7,0.265929648241206,25.529246231155778,0.38095238095238093,394,392,0.9949238578680203,60.0,56.21173469387755,0.9948979591836735
oof_all_2021,long_only_OR_h45_h60,0.7,0.3256281407035176,31.26030150753769,0.34074074074074073,394,394,1.0,60.0,59.505076142131976,0.9974619289340102
oof_all_2021,h15_only,0.71,0.29,27.839999999999996,0.19615317969156126,394,394,1.0,60.0,51.58629441624365,0.9289340101522843
oof_all_2021,h30_only,0.71,0.29,27.839999999999996,0.19476693813897072,394,394,1.0,60.0,55.12690355329949,0.9949238578680203
oof_all_2021,h45_only,0.71,0.29,27.839999999999996,0.19390053716860162,394,394,1.0,60.0,58.286802030456855,0.9974619289340102
oof_all_2021,h60_only,0.71,0.29,27.839999999999996,0.1895685323167562,394,390,0.9898477157360406,60.0,59.07692307692308,0.9923076923076923
oof_all_2021,any_horizon_OR,0.71,0.35321608040201,33.90874371859296,0.33247972684592403,394,394,1.0,60.0,59.42893401015228,0.9974619289340102
oof_all_2021,at_least_2_of_4,0.71,0.3223115577889447,30.941909547738693,0.35266604303086996,394,394,1.0,60.0,58.55329949238579,0.9974619289340102
oof_all_2021,escalate_h60_then_h15,0.71,0.25457286432160803,24.43899497487437,0.3900513225424398,394,390,0.9898477157360406,60.0,55.38461538461539,0.9923076923076923
oof_all_2021,long_only_OR_h45_h60,0.71,0.31648241206030153,30.382311557788945,0.34884090187361066,394,394,1.0,60.0,59.31472081218274,0.9974619289340102
oof_all_2021,h15_only,0.72,0.28,26.880000000000003,0.2031586503948313,394,394,1.0,60.0,50.40609137055838,0.9187817258883249
oof_all_2021,h30_only,0.72,0.28,26.880000000000003,0.20100502512562815,394,394,1.0,60.0,54.631979695431475,0.9923857868020305
oof_all_2021,h45_only,0.72,0.28,26.880000000000003,0.19974874371859297,394,394,1.0,60.0,57.753807106598984,0.9949238578680203
oof_all_2021,h60_only,0.72,0.28,26.880000000000003,0.19508255563531945,394,388,0.9847715736040609,60.0,59.18814432989691,0.9922680412371134
oof_all_2021,any_horizon_OR,0.72,0.3454773869346734,33.165829145728644,0.3397818181818182,394,394,1.0,60.0,59.42893401015228,0.9974619289340102
oof_all_2021,at_least_2_of_4,0.72,0.31301507537688444,30.049447236180907,0.3608925991330872,394,394,1.0,60.0,58.286802030456855,0.9974619289340102
oof_all_2021,escalate_h60_then_h15,0.72,0.24452261306532663,23.474170854271357,0.40032881216605015,394,387,0.9822335025380711,60.0,55.03875968992248,0.9922480620155039
oof_all_2021,long_only_OR_h45_h60,0.72,0.3070854271356784,29.480201005025123,0.3575519554900998,394,394,1.0,60.0,59.16243654822335,0.9949238578680203
oof_all_2021,h15_only,0.73,0.27,25.92,0.21049692908989392,394,394,1.0,60.0,49.34010152284264,0.9010152284263959
oof_all_2021,h30_only,0.73,0.27,25.92,0.2069607295737949,394,394,1.0,60.0,54.13705583756345,0.9873096446700508
oof_all_2021,h45_only,0.73,0.27,25.92,0.20658849804578447,394,392,0.9949238578680203,60.0,57.51275510204081,0.9948979591836735
oof_all_2021,h60_only,0.73,0.27,25.92,0.20156337241764377,394,387,0.9822335025380711,60.0,59.224806201550386,0.9948320413436692
oof_all_2021,any_horizon_OR,0.73,0.33879396984924626,32.524221105527644,0.34603975081578164,394,394,1.0,60.0,59.31472081218274,0.9974619289340102
oof_all_2021,at_least_2_of_4,0.73,0.3034170854271357,29.128040201005028,0.3699900629347466,394,394,1.0,60.0,57.82994923857868,0.9923857868020305
oof_all_2021,escalate_h60_then_h15,0.73,0.23311557788944723,22.379095477386933,0.41452899331752535,394,386,0.9796954314720813,60.0,54.79274611398964,0.9948186528497409
oof_all_2021,long_only_OR_h45_h60,0.73,0.2985929648241206,28.66492462311558,0.36637495792662406,394,392,0.9949238578680203,60.0,59.119897959183675,0.9948979591836735
oof_all_2021,h15_only,0.74,0.26,24.96,0.21781986857363742,394,394,1.0,60.0,48.50253807106599,0.8781725888324873
oof_all_2021,h30_only,0.74,0.26,24.96,0.2131812910707383,394,392,0.9949238578680203,60.0,53.68622448979592,0.9872448979591837
oof_all_2021,h45_only,0.74,0.26,24.96,0.21414766138384228,394,390,0.9898477157360406,60.0,57.42307692307692,0.9948717948717949
oof_all_2021,h60_only,0.74,0.26,24.96,0.20873598763046,394,387,0.9822335025380711,60.0,59.14728682170543,0.9948320413436692
oof_all_2021,any_horizon_OR,0.74,0.33105527638190957,31.78130653266332,0.3532179720704311,394,394,1.0,60.0,59.31472081218274,0.9974619289340102
oof_all_2021,at_least_2_of_4,0.74,0.29321608040201,28.14874371859296,0.3802913453299057,394,392,0.9949238578680203,60.0,57.66581632653061,0.9923469387755102
oof_all_2021,escalate_h60_then_h15,0.74,0.22246231155778895,21.35638190954774,0.4269256833069799,394,386,0.9796954314720813,60.0,54.32642487046632,0.9948186528497409
oof_all_2021,long_only_OR_h45_h60,0.74,0.28969849246231155,27.811055276381907,0.3769297484822203,394,391,0.9923857868020305,60.0,59.11764705882353,0.9948849104859335
oof_all_2021,h15_only,0.75,0.25,24.0,0.22653266331658292,394,394,1.0,60.0,47.77918781725889,0.8730964467005076
oof_all_2021,h30_only,0.75,0.25,24.0,0.22050251256281406,394,390,0.9898477157360406,60.0,53.26923076923077,0.9897435897435898
oof_all_2021,h45_only,0.75,0.25,24.0,0.22170854271356785,394,388,0.9847715736040609,60.0,57.21649484536083,0.9948453608247423
oof_all_2021,h60_only,0.75,0.25,24.0,0.21608040201005024,394,386,0.9796954314720813,60.0,58.95077720207254,0.9948186528497409
oof_all_2021,any_horizon_OR,0.75,0.32326633165829144,31.033567839195978,0.36110679309808796,394,394,1.0,60.0,59.276649746192895,0.9974619289340102
oof_all_2021,at_least_2_of_4,0.75,0.2830150753768844,27.169447236180904,0.3918678977272727,394,390,0.9898477157360406,60.0,57.65384615384615,0.9948717948717949
oof_all_2021,escalate_h60_then_h15,0.75,0.21306532663316582,20.45427135678392,0.4377358490566038,394,385,0.9771573604060914,60.0,53.84415584415584,0.9948051948051948
oof_all_2021,long_only_OR_h45_h60,0.75,0.28180904522613065,27.053668341708544,0.3855206847360913,394,389,0.9873096446700508,60.0,59.0745501285347,0.9948586118251928
oof_all_2021,h15_only,0.76,0.24,23.04,0.23555276381909548,394,394,1.0,60.0,47.01776649746193,0.8654822335025381
oof_all_2021,h30_only,0.76,0.24,23.04,0.228643216080402,394,389,0.9873096446700508,60.0,52.673521850899746,0.9922879177377892
oof_all_2021,h45_only,0.76,0.24,23.04,0.22969011725293131,394,387,0.9822335025380711,60.0,57.2093023255814,0.9974160206718347
oof_all_2021,h60_only,0.76,0.24,23.04,0.22487437185929648,394,386,0.9796954314720813,60.0,58.9119170984456,0.9948186528497409
oof_all_2021,any_horizon_OR,0.76,0.31462311557788947,30.20381909547739,0.37038811691423096,394,394,1.0,60.0,59.2005076142132,0.9974619289340102
oof_all_2021,at_least_2_of_4,0.76,0.2738190954773869,26.286633165829144,0.40282620664342084,394,390,0.9898477157360406,60.0,57.5,0.9923076923076923
oof_all_2021,escalate_h60_then_h15,0.76,0.20321608040201006,19.508743718592967,0.4495548961424332,394,385,0.9771573604060914,60.0,53.37662337662338,0.9948051948051948
oof_all_2021,long_only_OR_h45_h60,0.76,0.27306532663316585,26.21427135678392,0.3963930806036069,394,388,0.9847715736040609,60.0,59.149484536082475,0.9974226804123711
oof_all_2021,h15_only,0.77,0.23,22.080000000000002,0.24557570461000655,394,394,1.0,60.0,46.18020304568528,0.8527918781725888
oof_all_2021,h30_only,0.77,0.23,22.080000000000002,0.23661787196853834,394,386,0.9796954314720813,60.0,52.34455958549223,0.9870466321243523
oof_all_2021,h45_only,0.77,0.23,22.080000000000002,0.23814725802927683,394,387,0.9822335025380711,60.0,56.82170542635659,0.9974160206718347
oof_all_2021,h60_only,0.77,0.23,22.080000000000002,0.23290364867817348,394,384,0.9746192893401016,60.0,58.7890625,0.9921875
oof_all_2021,any_horizon_OR,0.77,0.3064321608040201,29.417487437185926,0.37963266644801574,394,394,1.0,60.0,59.1243654822335,0.9974619289340102
oof_all_2021,at_least_2_of_4,0.77,0.26457286432160804,25.39899497487437,0.41386514719848055,394,388,0.9847715736040609,60.0,57.371134020618555,0.9948453608247423
oof_all_2021,escalate_h60_then_h15,0.77,0.19336683417085426,18.563216080402007,0.46361746361746364,394,382,0.9695431472081218,60.0,53.010471204188484,0.9869109947643979
oof_all_2021,long_only_OR_h45_h60,0.77,0.26422110552763817,25.365226130653262,0.40661848611639406,394,387,0.9822335025380711,60.0,58.992248062015506,0.9974160206718347
oof_all_2021,h15_only,0.78,0.22,21.12,0.25605299223389677,394,394,1.0,60.0,45.41878172588832,0.8426395939086294
oof_all_2021,h30_only,0.78,0.22,21.12,0.24691640018273184,394,386,0.9796954314720813,60.0,51.60621761658031,0.9844559585492227
oof_all_2021,h45_only,0.78,0.22,21.12,0.24714481498401097,394,387,0.9822335025380711,60.0,56.31782945736434,0.9974160206718347
oof_all_2021,h60_only,0.78,0.22,21.12,0.241662859753312,394,384,0.9746192893401016,60.0,58.6328125,0.9921875
oof_all_2021,any_horizon_OR,0.78,0.2976381909547739,28.573266331658296,0.3898362316393719,394,394,1.0,60.0,59.01015228426396,0.9974619289340102
oof_all_2021,at_least_2_of_4,0.78,0.2544221105527638,24.424522613065328,0.42761208769504244,394,388,0.9847715736040609,60.0,57.02319587628866,0.9948453608247423
oof_all_2021,escalate_h60_then_h15,0.78,0.18261306532663316,17.530854271356784,0.47963676389653276,394,382,0.9695431472081218,60.0,52.539267015706805,0.9842931937172775
oof_all_2021,long_only_OR_h45_h60,0.78,0.2552261306532663,24.501708542713565,0.4189801141957078,394,387,0.9822335025380711,60.0,58.91472868217054,0.9974160206718347
oof_all_2021,h15_only,0.79,0.21,20.16,0.26800670016750416,394,394,1.0,60.0,44.733502538071065,0.8324873096446701
oof_all_2021,h30_only,0.79,0.21,20.16,0.25771715721464467,394,386,0.9796954314720813,60.0,50.94559585492228,0.9818652849740933
oof_all_2021,h45_only,0.79,0.21,20.16,0.25771715721464467,394,387,0.9822335025380711,60.0,55.736434108527135,0.9974160206718347
oof_all_2021,h60_only,0.79,0.21,20.16,0.25245273988992584,394,383,0.9720812182741116,60.0,58.62924281984334,0.9947780678851175
oof_all_2021,any_horizon_OR,0.79,0.28899497487437187,27.7435175879397,0.40079986089375763,394,394,1.0,60.0,58.89593908629442,0.9974619289340102
oof_all_2021,at_least_2_of_4,0.79,0.24407035175879396,23.43075376884422,0.44266007823759523,394,388,0.9847715736040609,60.0,56.55927835051546,0.9896907216494846
oof_all_2021,escalate_h60_then_h15,0.79,0.1720100502512563,16.512964824120605,0.4981010809231668,394,379,0.9619289340101523,60.0,52.04485488126649,0.9841688654353562
oof_all_2021,long_only_OR_h45_h60,0.79,0.2456281407035176,23.58030150753769,0.43330605564648117,394,387,0.9822335025380711,60.0,58.83720930232558,0.9974160206718347
oof_all_2021,h15_only,0.8,0.2,19.200000000000003,0.28015075376884424,394,394,1.0,52.5,43.59137055837564,0.799492385786802
oof_all_2021,h30_only,0.8,0.2,19.200000000000003,0.2693467336683417,394,385,0.9771573604060914,60.0,50.22077922077922,0.9766233766233766
oof_all_2021,h45_only,0.8,0.2,19.200000000000003,0.2685929648241206,394,387,0.9822335025380711,60.0,54.689922480620154,0.9844961240310077
oof_all_2021,h60_only,0.8,0.2,19.200000000000003,0.26306532663316584,394,383,0.9720812182741116,60.0,58.39425587467363,0.9947780678851175
oof_all_2021,any_horizon_OR,0.8,0.27969849246231154,26.851055276381906,0.41268415379087314,394,394,1.0,60.0,58.78172588832487,0.9974619289340102
oof_all_2021,at_least_2_of_4,0.8,0.23221105527638192,22.292261306532666,0.45920796364423283,394,388,0.9847715736040609,60.0,55.97938144329897,0.9871134020618557
oof_all_2021,escalate_h60_then_h15,0.8,0.16211055276381908,15.562613065326632,0.5151890886546807,394,376,0.9543147208121827,60.0,51.223404255319146,0.973404255319149
oof_all_2021,long_only_OR_h45_h60,0.8,0.23557788944723618,22.61547738693467,0.447098976109215,394,387,0.9822335025380711,60.0,58.604651162790695,0.9974160206718347
oof_all_2021,h15_only,0.81,0.19,18.240000000000002,0.29251520761703254,394,394,1.0,45.0,42.82994923857868,0.7741116751269036
oof_all_2021,h30_only,0.81,0.19,18.240000000000002,0.2814070351758794,394,384,0.9746192893401016,60.0,49.296875,0.96875
oof_all_2021,h45_only,0.81,0.19,18.240000000000002,0.27876223221370006,394,384,0.9746192893401016,60.0,54.4921875,0.9869791666666666
oof_all_2021,h60_only,0.81,0.19,18.240000000000002,0.27426606717799523,394,379,0.9619289340101523,60.0,58.06068601583114,0.9841688654353562
oof_all_2021,any_horizon_OR,0.81,0.27045226130653266,25.963417085427135,0.42474916387959866,394,394,1.0,60.0,58.66751269035533,0.9974619289340102
oof_all_2021,at_least_2_of_4,0.81,0.22015075376884422,21.134472361809046,0.47637525679068704,394,386,0.9796954314720813,60.0,55.181347150259064,0.9792746113989638
oof_all_2021,escalate_h60_then_h15,0.81,0.15115577889447235,14.510954773869345,0.534906914893617,394,373,0.9467005076142132,60.0,50.3485254691689,0.9544235924932976
oof_all_2021,long_only_OR_h45_h60,0.81,0.2258291457286432,21.679597989949748,0.4612817089452603,394,387,0.9822335025380711,60.0,58.10077519379845,0.9896640826873385
oof_all_2021,h15_only,0.82,0.18,17.28,0.3073701842546064,394,393,0.9974619289340102,45.0,42.13740458015267,0.7608142493638677
oof_all_2021,h30_only,0.82,0.18,17.28,0.29564489112227804,394,381,0.9670050761421319,60.0,48.818897637795274,0.963254593175853
oof_all_2021,h45_only,0.82,0.18,17.28,0.2914572864321608,394,382,0.9695431472081218,60.0,53.99214659685864,0.9842931937172775
oof_all_2021,h60_only,0.82,0.18,17.28,0.2869905080960357,394,375,0.9517766497461929,60.0,58.2,0.9893333333333333
oof_all_2021,any_horizon_OR,0.82,0.26,24.96,0.43931194433707,394,394,1.0,60.0,58.3248730964467,0.9949238578680203
oof_all_2021,at_least_2_of_4,0.82,0.2084924623115578,20.015276381909548,0.49578211617257173,394,382,0.9695431472081218,60.0,54.93455497382199,0.981675392670157
oof_all_2021,escalate_h60_then_h15,0.82,0.14125628140703517,13.560603015075376,0.5574528637495553,394,368,0.934010152284264,60.0,49.85054347826087,0.9483695652173914
oof_all_2021,long_only_OR_h45_h60,0.82,0.2163819095477387,20.772663316582914,0.47561542034370646,394,386,0.9796954314720813,60.0,57.862694300518136,0.9870466321243523
oof_all_2021,h15_only,0.83,0.17,16.32,0.3242684008276677,394,391,0.9923857868020305,45.0,41.470588235294116,0.7468030690537084
oof_all_2021,h30_only,0.83,0.17,16.32,0.3062370676913982,394,379,0.9619289340101523,45.0,48.16622691292876,0.9577836411609498
oof_all_2021,h45_only,0.83,0.17,16.32,0.3038723026899202,394,379,0.9619289340101523,60.0,53.43007915567282,0.9815303430079155
oof_all_2021,h60_only,0.83,0.17,16.32,0.297073603310671,394,371,0.9416243654822335,60.0,57.61455525606469,0.9838274932614556
oof_all_2021,any_horizon_OR,0.83,0.2491959798994975,23.92281407035176,0.4543254688445251,394,394,1.0,60.0,57.753807106598984,0.9898477157360406
oof_all_2021,at_least_2_of_4,0.83,0.1971356783919598,18.925025125628142,0.5136375223043589,394,379,0.9619289340101523,60.0,54.261213720316626,0.978891820580475
oof_all_2021,escalate_h60_then_h15,0.83,0.1314070351758794,12.615075376884423,0.5747609942638623,394,360,0.9137055837563451,60.0,49.291666666666664,0.9388888888888889
oof_all_2021,long_only_OR_h45_h60,0.83,0.2062814070351759,19.803015075376884,0.4913520097442144,394,383,0.9720812182741116,60.0,57.37597911227154,0.9817232375979112
oof_all_2021,h15_only,0.84,0.16,15.36,0.34045226130653267,394,390,0.9898477157360406,45.0,40.23076923076923,0.7307692307692307
oof_all_2021,h30_only,0.84,0.16,15.36,0.3225502512562814,394,376,0.9543147208121827,45.0,47.273936170212764,0.9441489361702128
oof_all_2021,h45_only,0.84,0.16,15.36,0.3184673366834171,394,375,0.9517766497461929,60.0,52.96,0.9813333333333333
oof_all_2021,h60_only,0.84,0.16,15.36,0.30935929648241206,394,369,0.9365482233502538,60.0,56.666666666666664,0.9701897018970189
oof_all_2021,any_horizon_OR,0.84,0.23743718592964824,22.79396984924623,0.4708994708994709,394,393,0.9974619289340102,60.0,56.6793893129771,0.9745547073791349
oof_all_2021,at_least_2_of_4,0.84,0.18643216080402011,17.89748743718593,0.5336927223719676,394,377,0.9568527918781726,60.0,53.275862068965516,0.9681697612732095
oof_all_2021,escalate_h60_then_h15,0.84,0.12195979899497487,11.708140703517588,0.5986814997939843,394,351,0.8908629441624365,60.0,48.205128205128204,0.9259259259259259
oof_all_2021,long_only_OR_h45_h60,0.84,0.19532663316582916,18.751356783919597,0.5091330074607666,394,383,0.9720812182741116,60.0,56.6710182767624,0.9765013054830287
oof_all_2021,h15_only,0.85,0.15,14.399999999999999,0.359463986599665,394,388,0.9847715736040609,45.0,39.27835051546392,0.711340206185567
oof_all_2021,h30_only,0.85,0.15,14.399999999999999,0.3390284757118928,394,370,0.9390862944162437,45.0,46.41891891891892,0.9378378378378378
oof_all_2021,h45_only,0.85,0.15,14.399999999999999,0.3323283082077052,394,372,0.9441624365482234,60.0,52.13709677419355,0.978494623655914
oof_all_2021,h60_only,0.85,0.15,14.399999999999999,0.3249581239530988,394,360,0.9137055837563451,60.0,56.916666666666664,0.9805555555555555
oof_all_2021,any_horizon_OR,0.85,0.22603015075376884,21.698894472361808,0.487105380168964,394,390,0.9898477157360406,60.0,56.23076923076923,0.9769230769230769
oof_all_2021,at_least_2_of_4,0.85,0.1750251256281407,16.802412060301506,0.5552684467413149,394,371,0.9416243654822335,60.0,52.88409703504043,0.9730458221024259
oof_all_2021,escalate_h60_then_h15,0.85,0.1128643216080402,10.83497487437186,0.6215494211932324,394,345,0.8756345177664975,60.0,47.73913043478261,0.9188405797101449
oof_all_2021,long_only_OR_h45_h60,0.85,0.1842713567839196,17.69005025125628,0.5268611944368694,394,378,0.9593908629441624,60.0,56.54761904761905,0.9841269841269841
oof_all_2021,h15_only,0.86,0.14,13.440000000000001,0.38047379755922467,394,385,0.9771573604060914,45.0,38.142857142857146,0.6701298701298701
oof_all_2021,h30_only,0.86,0.14,13.440000000000001,0.35642498205312273,394,364,0.9238578680203046,45.0,45.535714285714285,0.9313186813186813
oof_all_2021,h45_only,0.86,0.14,13.440000000000001,0.3474515434314429,394,368,0.934010152284264,60.0,50.99184782608695,0.967391304347826
oof_all_2021,h60_only,0.86,0.14,13.440000000000001,0.3417085427135678,394,352,0.8934010152284264,60.0,57.05965909090909,0.9801136363636364
oof_all_2021,any_horizon_OR,0.86,0.21462311557788943,20.603819095477384,0.5062046359166471,394,386,0.9796954314720813,60.0,56.1139896373057,0.9689119170984456
oof_all_2021,at_least_2_of_4,0.86,0.16547738693467337,15.885829145728643,0.5739447312481021,394,365,0.9263959390862944,60.0,52.47945205479452,0.9671232876712329
oof_all_2021,escalate_h60_then_h15,0.86,0.10366834170854271,9.9521608040201,0.6432380029083858,394,333,0.8451776649746193,60.0,47.83783783783784,0.924924924924925
oof_all_2021,long_only_OR_h45_h60,0.86,0.17331658291457286,16.638391959798994,0.5462452884894172,394,375,0.9517766497461929,60.0,56.12,0.976
oof_all_2021,h15_only,0.87,0.13,12.48,0.40162350212601466,394,380,0.9644670050761421,45.0,36.671052631578945,0.6342105263157894
oof_all_2021,h30_only,0.87,0.13,12.48,0.37379203710862,394,359,0.9111675126903553,45.0,44.373259052924794,0.9108635097493036
oof_all_2021,h45_only,0.87,0.13,12.48,0.3629686896018554,394,358,0.9086294416243654,60.0,50.90782122905028,0.9692737430167597
oof_all_2021,h60_only,0.87,0.13,12.48,0.35639737147274836,394,342,0.868020304568528,60.0,56.09649122807018,0.9649122807017544
oof_all_2021,any_horizon_OR,0.87,0.20256281407035176,19.44603015075377,0.5246837013148102,394,383,0.9720812182741116,60.0,55.53524804177545,0.9608355091383812
oof_all_2021,at_least_2_of_4,0.87,0.1542713567839196,14.810050251256282,0.595114006514658,394,359,0.9111675126903553,60.0,51.64345403899721,0.958217270194986
oof_all_2021,escalate_h60_then_h15,0.87,0.09502512562814071,9.122412060301508,0.659439450026441,394,321,0.8147208121827412,60.0,46.86915887850467,0.9065420560747663
oof_all_2021,long_only_OR_h45_h60,0.87,0.1628140703517588,15.630150753768845,0.5648148148148148,394,365,0.9263959390862944,60.0,56.178082191780824,0.9753424657534246
oof_all_2021,h15_only,0.88,0.12,11.52,0.423785594639866,394,373,0.9467005076142132,30.0,34.865951742627345,0.5898123324396782
oof_all_2021,h30_only,0.88,0.12,11.52,0.3944723618090452,394,349,0.8857868020304569,45.0,42.67908309455587,0.8853868194842407
oof_all_2021,h45_only,0.88,0.12,11.52,0.3785594639865997,394,349,0.8857868020304569,60.0,49.98567335243553,0.9627507163323782
oof_all_2021,h60_only,0.88,0.12,11.52,0.3722780569514238,394,331,0.8401015228426396,60.0,55.740181268882175,0.9637462235649547
oof_all_2021,any_horizon_OR,0.88,0.19085427135678393,18.322010050251258,0.5405476566614007,394,378,0.9593908629441624,60.0,54.44444444444444,0.9576719576719577
oof_all_2021,at_least_2_of_4,0.88,0.1429145728643216,13.719798994974873,0.610056258790436,394,354,0.8984771573604061,60.0,50.38135593220339,0.9350282485875706
oof_all_2021,escalate_h60_then_h15,0.88,0.08623115577889447,8.27819095477387,0.6701631701631702,394,307,0.7791878172588832,45.0,46.02605863192182,0.8990228013029316
oof_all_2021,long_only_OR_h45_h60,0.88,0.1521105527638191,14.602613065326633,0.5781301618764453,394,358,0.9086294416243654,60.0,55.391061452513966,0.9692737430167597
oof_all_2021,h15_only,0.89,0.11,10.56,0.4458656920968479,394,366,0.9289340101522843,30.0,33.52459016393443,0.5655737704918032
oof_all_2021,h30_only,0.89,0.11,10.56,0.4093193238921882,394,338,0.8578680203045685,45.0,41.36094674556213,0.8550295857988166
oof_all_2021,h45_only,0.89,0.11,10.56,0.39789858382823207,394,338,0.8578680203045685,60.0,49.70414201183432,0.9615384615384616
oof_all_2021,h60_only,0.89,0.11,10.56,0.38967565098218365,394,320,0.8121827411167513,60.0,55.59375,0.9625
oof_all_2021,any_horizon_OR,0.89,0.178643216080402,17.149748743718593,0.559774964838256,394,377,0.9568527918781726,60.0,53.713527851458885,0.9522546419098143
oof_all_2021,at_least_2_of_4,0.89,0.13120603015075377,12.595778894472362,0.6315587897357334,394,341,0.8654822335025381,60.0,49.618768328445746,0.9208211143695014
oof_all_2021,escalate_h60_then_h15,0.89,0.07763819095477387,7.453266331658291,0.6919093851132686,394,291,0.7385786802030457,45.0,45.154639175257735,0.8762886597938144
oof_all_2021,long_only_OR_h45_h60,0.89,0.1406030150753769,13.497889447236183,0.597927090779128,394,354,0.8984771573604061,60.0,55.1271186440678,0.9745762711864406
oof_all_2021,h15_only,0.9,0.1,9.600000000000001,0.4748743718592965,394,353,0.8959390862944162,30.0,32.54957507082153,0.5325779036827195
oof_all_2021,h30_only,0.9,0.1,9.600000000000001,0.42814070351758793,394,332,0.8426395939086294,45.0,40.52710843373494,0.8433734939759037
oof_all_2021,h45_only,0.9,0.1,9.600000000000001,0.41457286432160806,394,327,0.8299492385786802,60.0,49.357798165137616,0.9541284403669725
oof_all_2021,h60_only,0.9,0.1,9.600000000000001,0.40904522613065325,394,305,0.7741116751269036,60.0,55.131147540983605,0.9639344262295082
oof_all_2021,any_horizon_OR,0.9,0.16618090452261305,15.953366834170854,0.5805866344118537,394,368,0.934010152284264,60.0,53.31521739130435,0.9483695652173914
oof_all_2021,at_least_2_of_4,0.9,0.12025125628140704,11.544120603015076,0.6527371500208943,394,326,0.8274111675126904,60.0,49.60122699386503,0.9171779141104295
oof_all_2021,escalate_h60_then_h15,0.9,0.06869346733668341,6.5945728643216075,0.709583028529627,394,270,0.6852791878172588,45.0,44.611111111111114,0.8666666666666667
oof_all_2021,long_only_OR_h45_h60,0.9,0.12904522613065328,12.388341708542715,0.6179906542056075,394,341,0.8654822335025381,60.0,54.853372434017594,0.9765395894428153
oof_all_2021,h15_only,0.91,0.09,8.64,0.5013958682300391,394,339,0.8604060913705583,30.0,31.371681415929203,0.5191740412979351
oof_all_2021,h30_only,0.91,0.09,8.64,0.45226130653266333,394,317,0.8045685279187818,45.0,38.753943217665615,0.7981072555205048
oof_all_2021,h45_only,0.91,0.09,8.64,0.43271915131211613,394,309,0.7842639593908629,45.0,49.41747572815534,0.9514563106796117
oof_all_2021,h60_only,0.91,0.09,8.64,0.423785594639866,394,291,0.7385786802030457,60.0,55.103092783505154,0.9725085910652921
oof_all_2021,any_horizon_OR,0.91,0.1535175879396985,14.737688442211056,0.6013093289689034,394,361,0.916243654822335,60.0,52.35457063711911,0.9279778393351801
oof_all_2021,at_least_2_of_4,0.91,0.10869346733668342,10.43457286432161,0.675913083680074,394,312,0.7918781725888325,60.0,48.99038461538461,0.907051282051282
oof_all_2021,escalate_h60_then_h15,0.91,0.059045226130653265,5.668341708542713,0.737872340425532,394,247,0.6269035532994924,45.0,43.663967611336034,0.8502024291497976
oof_all_2021,long_only_OR_h45_h60,0.91,0.11733668341708543,11.264321608040202,0.6329764453961456,394,326,0.8274111675126904,60.0,54.892638036809814,0.9815950920245399
oof_all_2021,h15_only,0.92,0.08,7.68,0.5314070351758794,394,328,0.8324873096446701,15.0,29.908536585365855,0.49085365853658536
oof_all_2021,h30_only,0.92,0.08,7.68,0.4805276381909548,394,299,0.7588832487309645,30.0,37.123745819397996,0.782608695652174
oof_all_2021,h45_only,0.92,0.08,7.68,0.4591708542713568,394,290,0.7360406091370558,45.0,49.08620689655172,0.9586206896551724
oof_all_2021,h60_only,0.92,0.08,7.68,0.44597989949748745,394,273,0.6928934010152284,60.0,54.61538461538461,0.967032967032967
oof_all_2021,any_horizon_OR,0.92,0.13979899497487439,13.420703517587942,0.6301222142343638,394,350,0.8883248730964467,60.0,51.42857142857143,0.9114285714285715
oof_all_2021,at_least_2_of_4,0.92,0.09693467336683417,9.305728643216082,0.6982892690513219,394,300,0.7614213197969543,60.0,47.75,0.8933333333333333
oof_all_2021,escalate_h60_then_h15,0.92,0.050452261306532666,4.843417085427136,0.7529880478087649,394,226,0.5736040609137056,45.0,41.283185840707965,0.8053097345132744
oof_all_2021,long_only_OR_h45_h60,0.92,0.10562814070351759,10.14030150753769,0.6522359657469077,394,313,0.7944162436548223,60.0,54.4888178913738,0.9776357827476039
oof_all_2021,h15_only,0.93,0.07,6.720000000000001,0.5649676956209619,394,310,0.7868020304568528,15.0,28.451612903225808,0.4612903225806452
oof_all_2021,h30_only,0.93,0.07,6.720000000000001,0.49820531227566406,394,283,0.7182741116751269,30.0,35.08833922261484,0.7279151943462897
oof_all_2021,h45_only,0.93,0.07,6.720000000000001,0.4824120603015075,394,267,0.6776649746192893,45.0,48.146067415730336,0.947565543071161
oof_all_2021,h60_only,0.93,0.07,6.720000000000001,0.4737975592246949,394,256,0.649746192893401,60.0,53.61328125,0.9609375
oof_all_2021,any_horizon_OR,0.93,0.12512562814070352,12.012060301507539,0.6546184738955824,394,335,0.850253807106599,60.0,50.1044776119403,0.8925373134328358
oof_all_2021,at_least_2_of_4,0.93,0.08417085427135679,8.080402010050252,0.72,394,275,0.6979695431472082,45.0,46.8,0.88
oof_all_2021,escalate_h60_then_h15,0.93,0.04336683417085427,4.16321608040201,0.776361529548088,394,211,0.5355329949238579,45.0,39.170616113744074,0.7535545023696683
oof_all_2021,long_only_OR_h45_h60,0.93,0.09276381909547739,8.90532663316583,0.6728060671722643,394,292,0.7411167512690355,60.0,53.68150684931507,0.9726027397260274
oof_all_2021,h15_only,0.94,0.06,5.76,0.592964824120603,394,286,0.7258883248730964,15.0,25.96153846153846,0.43006993006993005
oof_all_2021,h30_only,0.94,0.06,5.76,0.5209380234505863,394,260,0.6598984771573604,30.0,34.03846153846154,0.6884615384615385
oof_all_2021,h45_only,0.94,0.06,5.76,0.5175879396984925,394,245,0.6218274111675127,45.0,46.224489795918366,0.926530612244898
oof_all_2021,h60_only,0.94,0.06,5.76,0.5033500837520938,394,239,0.6065989847715736,60.0,51.77824267782427,0.9205020920502092
oof_all_2021,any_horizon_OR,0.94,0.11130653266331658,10.685427135678392,0.6772009029345373,394,316,0.8020304568527918,60.0,49.55696202531646,0.8955696202531646
oof_all_2021,at_least_2_of_4,0.94,0.07130653266331659,6.845427135678392,0.7434813248766737,394,250,0.6345177664974619,45.0,44.16,0.84
oof_all_2021,escalate_h60_then_h15,0.94,0.0350251256281407,3.3624120603015077,0.8005738880918221,394,189,0.4796954314720812,45.0,36.82539682539682,0.6878306878306878
oof_all_2021,long_only_OR_h45_h60,0.94,0.08120603015075377,7.795778894472361,0.6943069306930693,394,272,0.6903553299492385,60.0,53.0514705882353,0.9669117647058824
oof_all_2021,h15_only,0.95,0.05,4.800000000000001,0.614070351758794,394,255,0.6472081218274112,15.0,25.352941176470587,0.4196078431372549
oof_all_2021,h30_only,0.95,0.05,4.800000000000001,0.5457286432160804,394,234,0.5939086294416244,30.0,31.153846153846153,0.6111111111111112
oof_all_2021,h45_only,0.95,0.05,4.800000000000001,0.5346733668341709,394,215,0.5456852791878173,45.0,45.348837209302324,0.9209302325581395
oof_all_2021,h60_only,0.95,0.05,4.800000000000001,0.5206030150753769,394,214,0.5431472081218274,60.0,50.8177570093458,0.9158878504672897
oof_all_2021,any_horizon_OR,0.95,0.09587939698492462,9.204422110552763,0.700733752620545,394,296,0.751269035532995,60.0,47.483108108108105,0.8648648648648649
oof_all_2021,at_least_2_of_4,0.95,0.05884422110552764,5.649045226130653,0.7600341588385995,394,223,0.565989847715736,45.0,42.17488789237668,0.8116591928251121
oof_all_2021,escalate_h60_then_h15,0.95,0.026834170854271356,2.5760804020100503,0.7940074906367042,394,156,0.39593908629441626,30.0,34.90384615384615,0.6538461538461539
oof_all_2021,long_only_OR_h45_h60,0.95,0.06798994974874371,6.527035175879396,0.7117516629711752,394,247,0.6269035532994924,60.0,51.61943319838057,0.951417004048583
oof_all_2021,h15_only,0.96,0.04,3.84,0.635678391959799,394,225,0.5710659898477157,15.0,23.666666666666668,0.38666666666666666
oof_all_2021,h30_only,0.96,0.04,3.84,0.5791457286432161,394,206,0.5228426395939086,30.0,28.54368932038835,0.558252427184466
oof_all_2021,h45_only,0.96,0.04,3.84,0.5452261306532663,394,184,0.467005076142132,45.0,42.30978260869565,0.8858695652173914
oof_all_2021,h60_only,0.96,0.04,3.84,0.5464824120603015,394,179,0.4543147208121827,60.0,49.608938547486034,0.9050279329608939
oof_all_2021,any_horizon_OR,0.96,0.08090452261306533,7.766834170854271,0.7304347826086957,394,280,0.7106598984771574,60.0,44.410714285714285,0.8214285714285714
oof_all_2021,at_least_2_of_4,0.96,0.045879396984924624,4.404422110552764,0.768893756845564,394,196,0.49746192893401014,45.0,38.265306122448976,0.7448979591836735
oof_all_2021,escalate_h60_then_h15,0.96,0.01984924623115578,1.905527638190955,0.8,394,122,0.3096446700507614,30.0,30.983606557377048,0.5655737704918032
oof_all_2021,long_only_OR_h45_h60,0.96,0.056381909547738696,5.412663316582915,0.7299465240641712,394,214,0.5431472081218274,60.0,49.345794392523366,0.9205607476635514
oof_all_2021,h15_only,0.97,0.03,2.88,0.678391959798995,394,184,0.467005076142132,15.0,21.11413043478261,0.33152173913043476
oof_all_2021,h30_only,0.97,0.03,2.88,0.592964824120603,394,166,0.4213197969543147,30.0,26.837349397590362,0.5060240963855421
oof_all_2021,h45_only,0.97,0.03,2.88,0.5443886097152428,394,146,0.37055837563451777,45.0,41.71232876712329,0.8698630136986302
oof_all_2021,h60_only,0.97,0.03,2.88,0.559463986599665,394,146,0.37055837563451777,60.0,50.034246575342465,0.9315068493150684
oof_all_2021,any_horizon_OR,0.97,0.06381909547738693,6.126633165829145,0.74251968503937,394,233,0.5913705583756346,60.0,43.96995708154506,0.8111587982832618
oof_all_2021,at_least_2_of_4,0.97,0.03422110552763819,3.2852261306532666,0.7767988252569751,394,159,0.4035532994923858,45.0,36.79245283018868,0.7295597484276729
oof_all_2021,escalate_h60_then_h15,0.97,0.012613065326633166,1.210854271356784,0.8007968127490039,394,91,0.23096446700507614,15.0,27.36263736263736,0.4945054945054945
oof_all_2021,long_only_OR_h45_h60,0.97,0.04351758793969849,4.177688442211055,0.733256351039261,394,176,0.4467005076142132,60.0,49.34659090909091,0.9204545454545454
oof_all_2021,h15_only,0.98,0.02,1.92,0.7261306532663316,394,144,0.36548223350253806,0.0,16.5625,0.2569444444444444
oof_all_2021,h30_only,0.98,0.02,1.92,0.6105527638190955,394,114,0.2893401015228426,15.0,23.94736842105263,0.4473684210526316
oof_all_2021,h45_only,0.98,0.02,1.92,0.5653266331658291,394,108,0.27411167512690354,45.0,39.166666666666664,0.8611111111111112
oof_all_2021,h60_only,0.98,0.02,1.92,0.5603015075376885,394,113,0.2868020304568528,60.0,47.92035398230089,0.911504424778761
oof_all_2021,any_horizon_OR,0.98,0.04658291457286432,4.471959798994975,0.756202804746494,394,191,0.4847715736040609,45.0,41.07329842931937,0.7801047120418848
oof_all_2021,at_least_2_of_4,0.98,0.02190954773869347,2.103316582914573,0.768348623853211,394,114,0.2893401015228426,30.0,31.710526315789473,0.6578947368421053
oof_all_2021,escalate_h60_then_h15,0.98,0.007135678391959799,0.6850251256281408,0.823943661971831,394,60,0.15228426395939088,15.0,23.75,0.4166666666666667
oof_all_2021,long_only_OR_h45_h60,0.98,0.030653266331658293,2.942713567839196,0.7377049180327869,394,139,0.35279187817258884,60.0,47.9136690647482,0.920863309352518
oof_all_2021,h15_only,0.99,0.01,0.96,0.7638190954773869,394,85,0.21573604060913706,0.0,11.823529411764707,0.17647058823529413
oof_all_2021,h30_only,0.99,0.01,0.96,0.5829145728643216,394,81,0.20558375634517767,15.0,18.703703703703702,0.30864197530864196
oof_all_2021,h45_only,0.99,0.01,0.96,0.507537688442211,394,65,0.1649746192893401,30.0,35.30769230769231,0.8153846153846154
oof_all_2021,h60_only,0.99,0.01,0.96,0.5778894472361809,394,66,0.16751269035532995,45.0,44.54545454545455,0.8636363636363636
oof_all_2021,any_horizon_OR,0.99,0.025527638190954775,2.4506532663316585,0.7381889763779528,394,118,0.29949238578680204,45.0,37.88135593220339,0.7203389830508474
oof_all_2021,at_least_2_of_4,0.99,0.010201005025125628,0.9792964824120602,0.7635467980295566,394,70,0.17766497461928935,30.0,25.5,0.5285714285714286
oof_all_2021,escalate_h60_then_h15,0.99,0.002864321608040201,0.2749748743718593,0.8245614035087719,394,25,0.06345177664974619,15.0,19.2,0.32
oof_all_2021,long_only_OR_h45_h60,0.99,0.01628140703517588,1.5630150753768846,0.7098765432098766,394,80,0.20304568527918782,45.0,47.0625,0.925
oof_clean_Jul_Sep,h15_only,0.5,0.5,48.0,0.11498353457738748,147,147,1.0,60.0,58.775510204081634,1.0
oof_clean_Jul_Sep,h30_only,0.5,0.5,48.0,0.11470911086717893,147,147,1.0,60.0,59.59183673469388,1.0
oof_clean_Jul_Sep,h45_only,0.5,0.5,48.0,0.11470911086717893,147,147,1.0,60.0,60.0,1.0
oof_clean_Jul_Sep,h60_only,0.5,0.5,48.0,0.11498353457738748,147,147,1.0,60.0,60.0,1.0
oof_clean_Jul_Sep,any_horizon_OR,0.5,0.575192096597146,55.218441273326015,0.20849236641221375,147,147,1.0,60.0,60.0,1.0
oof_clean_Jul_Sep,at_least_2_of_4,0.5,0.5323819978046103,51.108671789242585,0.2252577319587629,147,147,1.0,60.0,60.0,1.0
oof_clean_Jul_Sep,escalate_h60_then_h15,0.5,0.4618551042810099,44.33809001097695,0.24598930481283424,147,147,1.0,60.0,59.59183673469388,1.0
oof_clean_Jul_Sep,long_only_OR_h45_h60,0.5,0.5318331503841932,51.055982436882545,0.22213622291021673,147,147,1.0,60.0,60.0,1.0
oof_clean_Jul_Sep,h15_only,0.51,0.48998353457738747,47.038419319429195,0.11733408008961076,147,147,1.0,60.0,58.775510204081634,1.0
oof_clean_Jul_Sep,h30_only,0.51,0.48998353457738747,47.038419319429195,0.11705404648557827,147,147,1.0,60.0,59.48979591836735,1.0
oof_clean_Jul_Sep,h45_only,0.51,0.48998353457738747,47.038419319429195,0.11705404648557827,147,147,1.0,60.0,60.0,1.0
oof_clean_Jul_Sep,h60_only,0.51,0.48998353457738747,47.038419319429195,0.11733408008961076,147,147,1.0,60.0,60.0,1.0
oof_clean_Jul_Sep,any_horizon_OR,0.51,0.5649012074643249,54.23051591657519,0.2122905027932961,147,147,1.0,60.0,60.0,1.0
oof_clean_Jul_Sep,at_least_2_of_4,0.51,0.5230515916575192,50.21295279912185,0.22927597061909757,147,147,1.0,60.0,60.0,1.0
oof_clean_Jul_Sep,escalate_h60_then_h15,0.51,0.45252469813391877,43.4423710208562,0.250758035172832,147,147,1.0,60.0,59.48979591836735,1.0
oof_clean_Jul_Sep,long_only_OR_h45_h60,0.51,0.5225027442371021,50.1602634467618,0.22584033613445378,147,147,1.0,60.0,60.0,1.0
oof_clean_Jul_Sep,h15_only,0.52,0.479967069154775,46.0768386388584,0.11978273299028017,147,147,1.0,60.0,58.775510204081634,1.0
oof_clean_Jul_Sep,h30_only,0.52,0.479967069154775,46.0768386388584,0.11949685534591195,147,147,1.0,60.0,59.48979591836735,1.0
oof_clean_Jul_Sep,h45_only,0.52,0.479967069154775,46.0768386388584,0.11949685534591195,147,147,1.0,60.0,60.0,1.0
oof_clean_Jul_Sep,h60_only,0.52,0.479967069154775,46.0768386388584,0.11978273299028017,147,147,1.0,60.0,60.0,1.0
oof_clean_Jul_Sep,any_horizon_OR,0.52,0.5568057080131723,53.45334796926454,0.2153770330211927,147,147,1.0,60.0,60.0,1.0
oof_clean_Jul_Sep,at_least_2_of_4,0.52,0.5126234906695939,49.211855104281014,0.23394004282655245,147,147,1.0,60.0,60.0,1.0
oof_clean_Jul_Sep,escalate_h60_then_h15,0.52,0.44182217343578484,42.414928649835346,0.2562111801242236,147,147,1.0,60.0,59.48979591836735,1.0
oof_clean_Jul_Sep,long_only_OR_h45_h60,0.52,0.5128979143798024,49.23819978046103,0.22926698769395398,147,147,1.0,60.0,60.0,1.0
oof_clean_Jul_Sep,h15_only,0.53,0.46995060373216246,45.1152579582876,0.12233576642335767,147,147,1.0,60.0,58.673469387755105,1.0
oof_clean_Jul_Sep,h30_only,0.53,0.46995060373216246,45.1152579582876,0.12204379562043796,147,147,1.0,60.0,59.48979591836735,1.0
oof_clean_Jul_Sep,h45_only,0.53,0.46995060373216246,45.1152579582876,0.12204379562043796,147,147,1.0,60.0,60.0,1.0
oof_clean_Jul_Sep,h60_only,0.53,0.46995060373216246,45.1152579582876,0.12233576642335767,147,147,1.0,60.0,60.0,1.0
oof_clean_Jul_Sep,any_horizon_OR,0.53,0.547886937431394,52.59714599341383,0.21888304532932631,147,147,1.0,60.0,60.0,1.0
oof_clean_Jul_Sep,at_least_2_of_4,0.53,0.50192096597146,48.18441273326016,0.23892837616183707,147,147,1.0,60.0,60.0,1.0
oof_clean_Jul_Sep,escalate_h60_then_h15,0.53,0.43331503841931945,41.59824368825467,0.26060797973400884,147,147,1.0,60.0,59.48979591836735,1.0
oof_clean_Jul_Sep,long_only_OR_h45_h60,0.53,0.5031558726673985,48.30296377607026,0.2337060267248432,147,147,1.0,60.0,60.0,1.0
oof_clean_Jul_Sep,h15_only,0.54,0.4600713501646542,44.166849615806804,0.12496271995228155,147,147,1.0,60.0,58.673469387755105,1.0
oof_clean_Jul_Sep,h30_only,0.54,0.4600713501646542,44.166849615806804,0.12466447957053385,147,147,1.0,60.0,59.48979591836735,1.0
oof_clean_Jul_Sep,h45_only,0.54,0.4600713501646542,44.166849615806804,0.12466447957053385,147,147,1.0,60.0,60.0,1.0
oof_clean_Jul_Sep,h60_only,0.54,0.4600713501646542,44.166849615806804,0.12496271995228155,147,147,1.0,60.0,60.0,1.0
oof_clean_Jul_Sep,any_horizon_OR,0.54,0.537596048298573,51.60922063666301,0.22307299642674835,147,147,1.0,60.0,60.0,1.0
oof_clean_Jul_Sep,at_least_2_of_4,0.54,0.49066959385290887,47.10428100987925,0.24440715883668904,147,147,1.0,60.0,60.0,1.0
oof_clean_Jul_Sep,escalate_h60_then_h15,0.54,0.4249451152579583,40.794731064763994,0.26541814659347757,147,147,1.0,60.0,59.48979591836735,1.0
oof_clean_Jul_Sep,long_only_OR_h45_h60,0.54,0.4927277716794731,47.30186608122942,0.23837371205792257,147,147,1.0,60.0,60.0,1.0
oof_clean_Jul_Sep,h15_only,0.55,0.4500548847420417,43.205268935236006,0.1277439024390244,147,147,1.0,60.0,58.46938775510204,1.0
oof_clean_Jul_Sep,h30_only,0.55,0.4500548847420417,43.205268935236006,0.1274390243902439,147,147,1.0,60.0,59.48979591836735,1.0
oof_clean_Jul_Sep,h45_only,0.55,0.4500548847420417,43.205268935236006,0.1274390243902439,147,147,1.0,60.0,60.0,1.0
oof_clean_Jul_Sep,h60_only,0.55,0.4500548847420417,43.205268935236006,0.1277439024390244,147,147,1.0,60.0,60.0,1.0
oof_clean_Jul_Sep,any_horizon_OR,0.55,0.5270307354555434,50.59495060373216,0.2275449101796407,147,147,1.0,60.0,60.0,1.0
oof_clean_Jul_Sep,at_least_2_of_4,0.55,0.4792810098792536,46.01097694840834,0.2502147151445749,147,147,1.0,60.0,60.0,1.0
oof_clean_Jul_Sep,escalate_h60_then_h15,0.55,0.4156147091108672,39.89901207464325,0.2713766919775503,147,147,1.0,60.0,59.48979591836735,1.0
oof_clean_Jul_Sep,long_only_OR_h45_h60,0.55,0.482436882546652,46.31394072447859,0.2434584755403868,147,147,1.0,60.0,60.0,1.0
oof_clean_Jul_Sep,h15_only,0.56,0.4400384193194292,42.2436882546652,0.130651699407546,147,147,1.0,60.0,58.265306122448976,1.0
oof_clean_Jul_Sep,h30_only,0.56,0.4400384193194292,42.2436882546652,0.13033988150919862,147,147,1.0,60.0,59.48979591836735,1.0
oof_clean_Jul_Sep,h45_only,0.56,0.4400384193194292,42.2436882546652,0.13033988150919862,147,147,1.0,60.0,60.0,1.0
oof_clean_Jul_Sep,h60_only,0.56,0.4400384193194292,42.2436882546652,0.13033988150919862,147,147,1.0,60.0,60.0,1.0
oof_clean_Jul_Sep,any_horizon_OR,0.56,0.5148188803512623,49.422612513721184,0.23294243070362472,147,147,1.0,60.0,60.0,1.0
oof_clean_Jul_Sep,at_least_2_of_4,0.56,0.4680296377607025,44.93084522502744,0.2559366754617414,147,147,1.0,60.0,60.0,1.0
oof_clean_Jul_Sep,escalate_h60_then_h15,0.56,0.40710757409440174,39.08232711306257,0.27671048196831816,147,147,1.0,60.0,59.48979591836735,1.0
oof_clean_Jul_Sep,long_only_OR_h45_h60,0.56,0.4725576289791438,45.3655323819978,0.24854819976771197,147,147,1.0,60.0,60.0,1.0
oof_clean_Jul_Sep,h15_only,0.57,0.4300219538968167,41.282107574094404,0.13369495851946395,147,147,1.0,60.0,58.06122448979592,1.0
oof_clean_Jul_Sep,h30_only,0.57,0.4300219538968167,41.282107574094404,0.1333758774728781,147,147,1.0,60.0,59.48979591836735,1.0
oof_clean_Jul_Sep,h45_only,0.57,0.4300219538968167,41.282107574094404,0.1333758774728781,147,147,1.0,60.0,60.0,1.0
oof_clean_Jul_Sep,h60_only,0.57,0.4300219538968167,41.282107574094404,0.1333758774728781,147,147,1.0,60.0,60.0,1.0
oof_clean_Jul_Sep,any_horizon_OR,0.57,0.5034302963776071,48.329308452250274,0.23821204687925865,147,147,1.0,60.0,60.0,1.0
oof_clean_Jul_Sep,at_least_2_of_4,0.57,0.45718990120746433,43.89023051591658,0.2620048019207683,147,147,1.0,60.0,60.0,1.0
oof_clean_Jul_Sep,escalate_h60_then_h15,0.57,0.3975027442371021,38.1602634467618,0.2827062478425958,147,147,1.0,60.0,59.48979591836735,1.0
oof_clean_Jul_Sep,long_only_OR_h45_h60,0.57,0.4635016465422612,44.49615806805708,0.2531083481349911,147,147,1.0,60.0,60.0,1.0
oof_clean_Jul_Sep,h15_only,0.58,0.42000548847420416,40.3205268935236,0.13688337144723947,147,147,1.0,60.0,58.06122448979592,1.0
oof_clean_Jul_Sep,h30_only,0.58,0.42000548847420416,40.3205268935236,0.13655668082326036,147,147,1.0,60.0,59.48979591836735,1.0
oof_clean_Jul_Sep,h45_only,0.58,0.42000548847420416,40.3205268935236,0.13655668082326036,147,147,1.0,60.0,60.0,1.0
oof_clean_Jul_Sep,h60_only,0.58,0.42000548847420416,40.3205268935236,0.13655668082326036,147,147,1.0,60.0,60.0,1.0
oof_clean_Jul_Sep,any_horizon_OR,0.58,0.49108122941822174,47.14379802414929,0.2442022911427773,147,147,1.0,60.0,60.0,1.0
oof_clean_Jul_Sep,at_least_2_of_4,0.58,0.4470362239297475,42.915477497255765,0.26795580110497236,147,147,1.0,60.0,60.0,1.0
oof_clean_Jul_Sep,escalate_h60_then_h15,0.58,0.3894072447859495,37.38309549945115,0.2878787878787879,147,147,1.0,60.0,59.48979591836735,1.0
oof_clean_Jul_Sep,long_only_OR_h45_h60,0.58,0.45334796926454446,43.521405049396265,0.2587772397094431,147,147,1.0,60.0,60.0,1.0
oof_clean_Jul_Sep,h15_only,0.59,0.4099890230515917,39.3589462129528,0.14022757697456492,147,147,1.0,60.0,57.95918367346939,1.0
oof_clean_Jul_Sep,h30_only,0.59,0.4099890230515917,39.3589462129528,0.1398929049531459,147,147,1.0,60.0,59.48979591836735,1.0
oof_clean_Jul_Sep,h45_only,0.59,0.4099890230515917,39.3589462129528,0.1398929049531459,147,147,1.0,60.0,60.0,1.0
oof_clean_Jul_Sep,h60_only,0.59,0.4099890230515917,39.3589462129528,0.1398929049531459,147,147,1.0,60.0,60.0,1.0
oof_clean_Jul_Sep,any_horizon_OR,0.59,0.48010428100987923,46.090010976948406,0.24978565304372677,147,147,1.0,60.0,60.0,1.0
oof_clean_Jul_Sep,at_least_2_of_4,0.59,0.43482436882546655,41.74313940724479,0.27548122436099715,147,147,1.0,60.0,60.0,1.0
oof_clean_Jul_Sep,escalate_h60_then_h15,0.59,0.38117453347969266,36.5927552140505,0.2937365010799136,147,147,1.0,60.0,59.48979591836735,1.0
oof_clean_Jul_Sep,long_only_OR_h45_h60,0.59,0.44319429198682764,42.54665203073545,0.2643962848297214,147,147,1.0,60.0,60.0,1.0
oof_clean_Jul_Sep,h15_only,0.6,0.39997255762897915,38.397365532382,0.14373927958833618,147,147,1.0,60.0,57.857142857142854,1.0
oof_clean_Jul_Sep,h30_only,0.6,0.39997255762897915,38.397365532382,0.14339622641509434,147,147,1.0,60.0,59.48979591836735,1.0
oof_clean_Jul_Sep,h45_only,0.6,0.39997255762897915,38.397365532382,0.14339622641509434,147,147,1.0,60.0,60.0,1.0
oof_clean_Jul_Sep,h60_only,0.6,0.39997255762897915,38.397365532382,0.14339622641509434,147,147,1.0,60.0,60.0,1.0
oof_clean_Jul_Sep,any_horizon_OR,0.6,0.4680296377607025,44.93084522502744,0.2562298446203459,147,147,1.0,60.0,60.0,1.0
oof_clean_Jul_Sep,at_least_2_of_4,0.6,0.4256311745334797,40.86059275521405,0.281431334622824,147,147,1.0,60.0,60.0,1.0
oof_clean_Jul_Sep,escalate_h60_then_h15,0.6,0.3725301866081229,35.7628979143798,0.2994475138121547,147,147,1.0,60.0,59.48979591836735,1.0
oof_clean_Jul_Sep,long_only_OR_h45_h60,0.6,0.43235455543358947,41.50603732162459,0.2703903522691209,147,147,1.0,60.0,60.0,1.0
oof_clean_Jul_Sep,h15_only,0.61,0.3899560922063666,37.43578485181119,0.1474313863476425,147,147,1.0,60.0,57.755102040816325,1.0
oof_clean_Jul_Sep,h30_only,0.61,0.3899560922063666,37.43578485181119,0.1470795214637579,147,147,1.0,60.0,59.48979591836735,1.0
oof_clean_Jul_Sep,h45_only,0.61,0.3899560922063666,37.43578485181119,0.1470795214637579,147,147,1.0,60.0,60.0,1.0
oof_clean_Jul_Sep,h60_only,0.61,0.3899560922063666,37.43578485181119,0.1470795214637579,147,147,1.0,60.0,60.0,1.0
oof_clean_Jul_Sep,any_horizon_OR,0.61,0.4544456641053787,43.62678375411635,0.2638888888888889,147,147,1.0,60.0,60.0,1.0
oof_clean_Jul_Sep,at_least_2_of_4,0.61,0.4161635565312843,39.95170142700329,0.2878338278931751,147,147,1.0,60.0,60.0,1.0
oof_clean_Jul_Sep,escalate_h60_then_h15,0.61,0.36429747530186607,34.972557628979146,0.3054613935969868,147,147,1.0,60.0,59.48979591836735,1.0
oof_clean_Jul_Sep,long_only_OR_h45_h60,0.61,0.42027991218441274,40.34687156970362,0.27685275873326803,147,147,1.0,60.0,60.0,1.0
oof_clean_Jul_Sep,h15_only,0.62,0.3800768386388584,36.4873765093304,0.1512635379061372,147,147,1.0,60.0,57.755102040816325,1.0
oof_clean_Jul_Sep,h30_only,0.62,0.3800768386388584,36.4873765093304,0.15090252707581228,147,147,1.0,60.0,59.48979591836735,1.0
oof_clean_Jul_Sep,h45_only,0.62,0.3800768386388584,36.4873765093304,0.15090252707581228,147,147,1.0,60.0,60.0,1.0
oof_clean_Jul_Sep,h60_only,0.62,0.3800768386388584,36.4873765093304,0.15054151624548737,147,147,1.0,60.0,59.89795918367347,1.0
oof_clean_Jul_Sep,any_horizon_OR,0.62,0.44113611416026344,42.34906695938529,0.271850699844479,147,147,1.0,60.0,60.0,1.0
oof_clean_Jul_Sep,at_least_2_of_4,0.62,0.40642151481888034,39.01646542261251,0.2947332883187036,147,147,1.0,60.0,60.0,1.0
oof_clean_Jul_Sep,escalate_h60_then_h15,0.62,0.3545554335894621,34.037321624588365,0.3123065015479876,147,147,1.0,60.0,59.38775510204081,1.0
oof_clean_Jul_Sep,long_only_OR_h45_h60,0.62,0.4095773874862788,39.31942919868277,0.2834170854271357,147,147,1.0,60.0,60.0,1.0
oof_clean_Jul_Sep,h15_only,0.63,0.3700603732162459,35.525795828759605,0.1553578049684835,147,147,1.0,60.0,57.755102040816325,1.0
oof_clean_Jul_Sep,h30_only,0.63,0.3700603732162459,35.525795828759605,0.1549870226177234,147,147,1.0,60.0,59.48979591836735,1.0
oof_clean_Jul_Sep,h45_only,0.63,0.3700603732162459,35.525795828759605,0.1549870226177234,147,147,1.0,60.0,60.0,1.0
oof_clean_Jul_Sep,h60_only,0.63,0.3700603732162459,35.525795828759605,0.1546162402669633,147,147,1.0,60.0,59.89795918367347,1.0
oof_clean_Jul_Sep,any_horizon_OR,0.63,0.4286498353457739,41.15038419319429,0.2797695262483995,147,147,1.0,60.0,60.0,1.0
oof_clean_Jul_Sep,at_least_2_of_4,0.63,0.3958562019758507,38.00219538968167,0.30155979202772965,147,147,1.0,60.0,60.0,1.0
oof_clean_Jul_Sep,escalate_h60_then_h15,0.63,0.34440175631174536,33.06256860592755,0.3215139442231076,147,147,1.0,60.0,59.38775510204081,1.0
oof_clean_Jul_Sep,long_only_OR_h45_h60,0.63,0.3981888035126235,38.22612513721185,0.2904893177119228,147,147,1.0,60.0,60.0,1.0
oof_clean_Jul_Sep,h15_only,0.64,0.3600439077936334,34.56421514818881,0.15967987804878048,147,147,1.0,60.0,57.755102040816325,1.0
oof_clean_Jul_Sep,h30_only,0.64,0.3600439077936334,34.56421514818881,0.15929878048780488,147,147,1.0,60.0,59.48979591836735,1.0
oof_clean_Jul_Sep,h45_only,0.64,0.3600439077936334,34.56421514818881,0.15929878048780488,147,147,1.0,60.0,60.0,1.0
oof_clean_Jul_Sep,h60_only,0.64,0.3600439077936334,34.56421514818881,0.15853658536585366,147,147,1.0,60.0,59.89795918367347,1.0
oof_clean_Jul_Sep,any_horizon_OR,0.64,0.41506586169045007,39.846322722283205,0.28892561983471077,147,147,1.0,60.0,60.0,1.0
oof_clean_Jul_Sep,at_least_2_of_4,0.64,0.38570252469813393,37.027442371020854,0.30914265385983636,147,147,1.0,60.0,60.0,1.0
oof_clean_Jul_Sep,escalate_h60_then_h15,0.64,0.3350713501646542,32.166849615806804,0.3276003276003276,147,147,1.0,60.0,59.38775510204081,1.0
oof_clean_Jul_Sep,long_only_OR_h45_h60,0.64,0.38638858397365533,37.09330406147091,0.29829545454545453,147,147,1.0,60.0,60.0,1.0
oof_clean_Jul_Sep,h15_only,0.65,0.35002744237102085,33.602634467618,0.16424931399451195,147,147,1.0,60.0,57.55102040816327,1.0
oof_clean_Jul_Sep,h30_only,0.65,0.35002744237102085,33.602634467618,0.16385731085848687,147,147,1.0,60.0,59.48979591836735,1.0
oof_clean_Jul_Sep,h45_only,0.65,0.35002744237102085,33.602634467618,0.16385731085848687,147,147,1.0,60.0,60.0,1.0
oof_clean_Jul_Sep,h60_only,0.65,0.35002744237102085,33.602634467618,0.16307330458643668,147,147,1.0,60.0,59.89795918367347,1.0
oof_clean_Jul_Sep,any_horizon_OR,0.65,0.40504939626783754,38.8847420417124,0.296070460704607,147,147,1.0,60.0,60.0,1.0
oof_clean_Jul_Sep,at_least_2_of_4,0.65,0.3763721185510428,36.13172338090011,0.3168064163324827,147,147,1.0,60.0,60.0,1.0
oof_clean_Jul_Sep,escalate_h60_then_h15,0.65,0.32478046103183317,31.178924259055982,0.3358681875792142,147,147,1.0,60.0,59.38775510204081,1.0
oof_clean_Jul_Sep,long_only_OR_h45_h60,0.65,0.3751372118551043,36.013172338090016,0.30651060716898315,147,147,1.0,60.0,60.0,1.0
oof_clean_Jul_Sep,h15_only,0.66,0.3400109769484083,32.6410537870472,0.16908797417271992,147,147,1.0,60.0,57.244897959183675,0.9931972789115646
oof_clean_Jul_Sep,h30_only,0.66,0.3400109769484083,32.6410537870472,0.16868442292171107,147,147,1.0,60.0,59.48979591836735,1.0
oof_clean_Jul_Sep,h45_only,0.66,0.3400109769484083,32.6410537870472,0.16868442292171107,147,147,1.0,60.0,59.89795918367347,1.0
oof_clean_Jul_Sep,h60_only,0.66,0.3400109769484083,32.6410537870472,0.1678773204196933,147,147,1.0,60.0,59.89795918367347,1.0
oof_clean_Jul_Sep,any_horizon_OR,0.66,0.3957189901207464,37.98902305159166,0.3030513176144244,147,147,1.0,60.0,60.0,1.0
oof_clean_Jul_Sep,at_least_2_of_4,0.66,0.36457189901207465,34.99890230515916,0.32630786601430184,147,147,1.0,60.0,59.89795918367347,1.0
oof_clean_Jul_Sep,escalate_h60_then_h15,0.66,0.31215697036223927,29.96706915477497,0.3476923076923077,147,147,1.0,60.0,59.38775510204081,1.0
oof_clean_Jul_Sep,long_only_OR_h45_h60,0.66,0.36443468715697036,34.985729967069155,0.3147590361445783,147,147,1.0,60.0,60.0,1.0
oof_clean_Jul_Sep,h15_only,0.67,0.32999451152579584,31.6794731064764,0.17422037422037423,147,147,1.0,60.0,57.142857142857146,0.9931972789115646
oof_clean_Jul_Sep,h30_only,0.67,0.32999451152579584,31.6794731064764,0.17380457380457381,147,147,1.0,60.0,59.183673469387756,1.0
oof_clean_Jul_Sep,h45_only,0.67,0.32999451152579584,31.6794731064764,0.17380457380457381,147,147,1.0,60.0,59.89795918367347,1.0
oof_clean_Jul_Sep,h60_only,0.67,0.32999451152579584,31.6794731064764,0.17255717255717257,147,147,1.0,60.0,59.89795918367347,1.0
oof_clean_Jul_Sep,any_horizon_OR,0.67,0.38542810098792535,37.00109769484084,0.3111427554289783,147,147,1.0,60.0,60.0,1.0
oof_clean_Jul_Sep,at_least_2_of_4,0.67,0.3556531284302964,34.142700329308454,0.3341049382716049,147,147,1.0,60.0,59.89795918367347,1.0
oof_clean_Jul_Sep,escalate_h60_then_h15,0.67,0.3017288693743139,28.96597145993414,0.35743519781718963,147,147,1.0,60.0,59.08163265306123,1.0
oof_clean_Jul_Sep,long_only_OR_h45_h60,0.67,0.354006586169045,33.984632272228325,0.32325581395348835,147,147,1.0,60.0,60.0,1.0
oof_clean_Jul_Sep,h15_only,0.68,0.3199780461031833,30.717892425905596,0.1792452830188679,147,147,1.0,60.0,56.93877551020408,0.9931972789115646
oof_clean_Jul_Sep,h30_only,0.68,0.3199780461031833,30.717892425905596,0.1792452830188679,147,147,1.0,60.0,59.08163265306123,1.0
oof_clean_Jul_Sep,h45_only,0.68,0.3199780461031833,30.717892425905596,0.1792452830188679,147,147,1.0,60.0,59.89795918367347,1.0
oof_clean_Jul_Sep,h60_only,0.68,0.3199780461031833,30.717892425905596,0.17710120068610635,147,147,1.0,60.0,59.59183673469388,1.0
oof_clean_Jul_Sep,any_horizon_OR,0.68,0.3762349066959385,36.1185510428101,0.3187454412837345,147,147,1.0,60.0,60.0,1.0
oof_clean_Jul_Sep,at_least_2_of_4,0.68,0.34563666300768386,33.18111964873765,0.3406113537117904,147,147,1.0,60.0,59.89795918367347,1.0
oof_clean_Jul_Sep,escalate_h60_then_h15,0.68,0.29088913282107576,27.925356750823273,0.36886792452830186,147,147,1.0,60.0,58.673469387755105,1.0
oof_clean_Jul_Sep,long_only_OR_h45_h60,0.68,0.34357848518111966,32.98353457738749,0.33186900958466453,147,147,1.0,60.0,60.0,1.0
oof_clean_Jul_Sep,h15_only,0.69,0.3099615806805708,29.756311745334795,0.18503762726870296,147,147,1.0,60.0,56.63265306122449,0.9931972789115646
oof_clean_Jul_Sep,h30_only,0.69,0.3099615806805708,29.756311745334795,0.18503762726870296,147,147,1.0,60.0,58.97959183673469,1.0
oof_clean_Jul_Sep,h45_only,0.69,0.3099615806805708,29.756311745334795,0.18326693227091634,147,147,1.0,60.0,59.89795918367347,1.0
oof_clean_Jul_Sep,h60_only,0.69,0.3099615806805708,29.756311745334795,0.18193891102257637,147,147,1.0,60.0,59.48979591836735,1.0
oof_clean_Jul_Sep,any_horizon_OR,0.69,0.36553238199780463,35.09110867178924,0.3280780780780781,147,147,1.0,60.0,60.0,1.0
oof_clean_Jul_Sep,at_least_2_of_4,0.69,0.3368551042810099,32.33809001097695,0.3486761710794297,147,147,1.0,60.0,59.89795918367347,1.0
oof_clean_Jul_Sep,escalate_h60_then_h15,0.69,0.27991218441273324,26.87156970362239,0.3818627450980392,147,147,1.0,60.0,58.57142857142857,1.0
oof_clean_Jul_Sep,long_only_OR_h45_h60,0.69,0.3323271130625686,31.903402854006586,0.34104046242774566,147,147,1.0,60.0,60.0,1.0
oof_clean_Jul_Sep,h15_only,0.7,0.30008232711306254,28.807903402854002,0.19112940100594422,147,147,1.0,60.0,56.224489795918366,0.9931972789115646
oof_clean_Jul_Sep,h30_only,0.7,0.30008232711306254,28.807903402854002,0.19021490626428897,147,147,1.0,60.0,58.673469387755105,1.0
oof_clean_Jul_Sep,h45_only,0.7,0.30008232711306254,28.807903402854002,0.18792866941015088,147,147,1.0,60.0,59.89795918367347,1.0
oof_clean_Jul_Sep,h60_only,0.7,0.30008232711306254,28.807903402854002,0.18701417466849565,147,146,0.9931972789115646,60.0,59.58904109589041,1.0
oof_clean_Jul_Sep,any_horizon_OR,0.7,0.358397365532382,34.40614709110867,0.3346094946401225,147,147,1.0,60.0,60.0,1.0
oof_clean_Jul_Sep,at_least_2_of_4,0.7,0.32985729967069155,31.66630076838639,0.35524126455906824,147,147,1.0,60.0,59.89795918367347,1.0
oof_clean_Jul_Sep,escalate_h60_then_h15,0.7,0.2679747530186608,25.725576289791437,0.39477726574500765,147,146,0.9931972789115646,60.0,58.35616438356164,1.0
oof_clean_Jul_Sep,long_only_OR_h45_h60,0.7,0.3224478594950604,30.954994511525797,0.3502127659574468,147,147,1.0,60.0,60.0,1.0
oof_clean_Jul_Sep,h15_only,0.71,0.29006586169045007,27.846322722283205,0.1977294228949858,147,147,1.0,60.0,55.0,0.9727891156462585
oof_clean_Jul_Sep,h30_only,0.71,0.29006586169045007,27.846322722283205,0.195837275307474,147,147,1.0,60.0,58.265306122448976,1.0
oof_clean_Jul_Sep,h45_only,0.71,0.29006586169045007,27.846322722283205,0.19157994323557237,147,147,1.0,60.0,59.38775510204081,0.9931972789115646
oof_clean_Jul_Sep,h60_only,0.71,0.29006586169045007,27.846322722283205,0.19063386944181646,147,145,0.9863945578231292,60.0,59.58620689655172,0.993103448275862
oof_clean_Jul_Sep,any_horizon_OR,0.71,0.35071350164654225,33.66849615806805,0.34194053208137715,147,147,1.0,60.0,60.0,1.0
oof_clean_Jul_Sep,at_least_2_of_4,0.71,0.3203896816684962,30.757409440175635,0.36274089935760173,147,147,1.0,60.0,59.795918367346935,1.0
oof_clean_Jul_Sep,escalate_h60_then_h15,0.71,0.2565861690450055,24.632272228320524,0.4037433155080214,147,145,0.9863945578231292,60.0,57.93103448275862,0.993103448275862
oof_clean_Jul_Sep,long_only_OR_h45_h60,0.71,0.31270581778265644,30.019758507135016,0.3562966213251426,147,147,1.0,60.0,59.59183673469388,0.9931972789115646
oof_clean_Jul_Sep,h15_only,0.72,0.28004939626783754,26.884742041712403,0.2048015678588927,147,147,1.0,60.0,53.97959183673469,0.9659863945578231
oof_clean_Jul_Sep,h30_only,0.72,0.28004939626783754,26.884742041712403,0.20088192062714355,147,147,1.0,60.0,57.55102040816327,0.9931972789115646
oof_clean_Jul_Sep,h45_only,0.72,0.28004939626783754,26.884742041712403,0.1969622733953944,147,146,0.9931972789115646,60.0,59.07534246575342,0.9931506849315068
oof_clean_Jul_Sep,h60_only,0.72,0.28004939626783754,26.884742041712403,0.19647231749142577,147,143,0.9727891156462585,60.0,59.89510489510489,1.0
oof_clean_Jul_Sep,any_horizon_OR,0.72,0.3424807903402854,32.8781558726674,0.34935897435897434,147,147,1.0,60.0,59.795918367346935,1.0
oof_clean_Jul_Sep,at_least_2_of_4,0.72,0.31147091108671787,29.901207464324916,0.37092511013215856,147,147,1.0,60.0,59.48979591836735,0.9931972789115646
oof_clean_Jul_Sep,escalate_h60_then_h15,0.72,0.24437431394072448,23.45993413830955,0.4171813587871982,147,143,0.9727891156462585,60.0,57.7972027972028,1.0
oof_clean_Jul_Sep,long_only_OR_h45_h60,0.72,0.3028265642151482,29.071350164654227,0.3633892161304939,147,146,0.9931972789115646,60.0,59.38356164383562,0.9931506849315068
oof_clean_Jul_Sep,h15_only,0.73,0.270032930845225,25.923161361141602,0.2108739837398374,147,147,1.0,60.0,53.36734693877551,0.9455782312925171
oof_clean_Jul_Sep,h30_only,0.73,0.270032930845225,25.923161361141602,0.20426829268292682,147,145,0.9863945578231292,60.0,56.793103448275865,0.9862068965517241
oof_clean_Jul_Sep,h45_only,0.73,0.270032930845225,25.923161361141602,0.20426829268292682,147,144,0.9795918367346939,60.0,59.270833333333336,0.9930555555555556
oof_clean_Jul_Sep,h60_only,0.73,0.270032930845225,25.923161361141602,0.20376016260162602,147,143,0.9727891156462585,60.0,59.89510489510489,1.0
oof_clean_Jul_Sep,any_horizon_OR,0.73,0.33328759604829855,31.99560922063666,0.3573487031700288,147,147,1.0,60.0,59.795918367346935,1.0
oof_clean_Jul_Sep,at_least_2_of_4,0.73,0.3006311745334797,28.86059275521405,0.3788224554997718,147,145,0.9863945578231292,60.0,59.06896551724138,0.9862068965517241
oof_clean_Jul_Sep,escalate_h60_then_h15,0.73,0.2349066959385291,22.551042810098792,0.4269859813084112,147,143,0.9727891156462585,60.0,57.48251748251748,1.0
oof_clean_Jul_Sep,long_only_OR_h45_h60,0.73,0.29486827661909987,28.307354555433587,0.3722661703117729,147,144,0.9795918367346939,60.0,59.583333333333336,0.9930555555555556
oof_clean_Jul_Sep,h15_only,0.74,0.26001646542261253,24.961580680570805,0.21846965699208443,147,147,1.0,60.0,51.93877551020408,0.9319727891156463
oof_clean_Jul_Sep,h30_only,0.74,0.26001646542261253,24.961580680570805,0.21160949868073878,147,144,0.9795918367346939,60.0,56.666666666666664,0.9930555555555556
oof_clean_Jul_Sep,h45_only,0.74,0.26001646542261253,24.961580680570805,0.21055408970976253,147,142,0.9659863945578231,60.0,59.683098591549296,1.0
oof_clean_Jul_Sep,h60_only,0.74,0.26001646542261253,24.961580680570805,0.21160949868073878,147,143,0.9727891156462585,60.0,59.89510489510489,1.0
oof_clean_Jul_Sep,any_horizon_OR,0.74,0.32683863885839737,31.376509330406147,0.36397984886649876,147,147,1.0,60.0,59.795918367346935,1.0
oof_clean_Jul_Sep,at_least_2_of_4,0.74,0.2918496158068057,28.017563117453346,0.38928067700987307,147,144,0.9795918367346939,60.0,59.479166666666664,0.9930555555555556
oof_clean_Jul_Sep,escalate_h60_then_h15,0.74,0.22434138309549945,21.536772777167947,0.43608562691131497,147,143,0.9727891156462585,60.0,57.27272727272727,1.0
oof_clean_Jul_Sep,long_only_OR_h45_h60,0.74,0.2877332601536773,27.62239297475302,0.3805436337625179,147,143,0.9727891156462585,60.0,60.0,1.0
oof_clean_Jul_Sep,h15_only,0.75,0.25,24.0,0.22667398463227223,147,147,1.0,60.0,50.714285714285715,0.9319727891156463
oof_clean_Jul_Sep,h30_only,0.75,0.25,24.0,0.21844127332601537,147,143,0.9727891156462585,60.0,56.43356643356643,1.0
oof_clean_Jul_Sep,h45_only,0.75,0.25,24.0,0.21899012074643248,147,142,0.9659863945578231,60.0,59.36619718309859,1.0
oof_clean_Jul_Sep,h60_only,0.75,0.25,24.0,0.21953896816684962,147,142,0.9659863945578231,60.0,59.894366197183096,1.0
oof_clean_Jul_Sep,any_horizon_OR,0.75,0.319840834248079,30.704720087815588,0.3710853710853711,147,147,1.0,60.0,59.69387755102041,1.0
oof_clean_Jul_Sep,at_least_2_of_4,0.75,0.283205268935236,27.187705817782657,0.39825581395348836,147,143,0.9727891156462585,60.0,59.58041958041958,1.0
oof_clean_Jul_Sep,escalate_h60_then_h15,0.75,0.2130900109769484,20.456641053787045,0.4468770122343851,147,142,0.9659863945578231,60.0,56.725352112676056,1.0
oof_clean_Jul_Sep,long_only_OR_h45_h60,0.75,0.2811470911086718,26.990120746432495,0.38848218643240606,147,142,0.9659863945578231,60.0,60.0,1.0
oof_clean_Jul_Sep,h15_only,0.76,0.2399835345773875,23.0384193194292,0.23499142367066894,147,147,1.0,60.0,50.0,0.9251700680272109
oof_clean_Jul_Sep,h30_only,0.76,0.2399835345773875,23.0384193194292,0.22641509433962265,147,142,0.9659863945578231,60.0,56.09154929577465,1.0
oof_clean_Jul_Sep,h45_only,0.76,0.2399835345773875,23.0384193194292,0.22641509433962265,147,142,0.9659863945578231,60.0,58.83802816901409,1.0
oof_clean_Jul_Sep,h60_only,0.76,0.2399835345773875,23.0384193194292,0.22755860491709548,147,142,0.9659863945578231,60.0,59.683098591549296,1.0
oof_clean_Jul_Sep,any_horizon_OR,0.76,0.31298024149286496,30.046103183315036,0.3787812362998685,147,147,1.0,60.0,59.69387755102041,1.0
oof_clean_Jul_Sep,at_least_2_of_4,0.76,0.2737376509330406,26.278814489571896,0.40852130325814534,147,142,0.9659863945578231,60.0,59.36619718309859,1.0
oof_clean_Jul_Sep,escalate_h60_then_h15,0.76,0.20197585071350166,19.38968166849616,0.4633152173913043,147,142,0.9659863945578231,60.0,56.19718309859155,1.0
oof_clean_Jul_Sep,long_only_OR_h45_h60,0.76,0.27332601536772777,26.239297475301868,0.39959839357429716,147,142,0.9659863945578231,60.0,60.0,1.0
oof_clean_Jul_Sep,h15_only,0.77,0.23010428100987926,22.09001097694841,0.24448419797257007,147,147,1.0,60.0,48.46938775510204,0.9047619047619048
oof_clean_Jul_Sep,h30_only,0.77,0.23010428100987926,22.09001097694841,0.23613595706618962,147,142,0.9659863945578231,60.0,55.24647887323944,0.9929577464788732
oof_clean_Jul_Sep,h45_only,0.77,0.23010428100987926,22.09001097694841,0.2355396541443053,147,142,0.9659863945578231,60.0,58.62676056338028,1.0
oof_clean_Jul_Sep,h60_only,0.77,0.23010428100987926,22.09001097694841,0.23673225998807393,147,142,0.9659863945578231,60.0,59.683098591549296,1.0
oof_clean_Jul_Sep,any_horizon_OR,0.77,0.3069429198682766,29.466520307354553,0.38578453285650427,147,147,1.0,60.0,59.69387755102041,1.0
oof_clean_Jul_Sep,at_least_2_of_4,0.77,0.263172338090011,25.264544456641055,0.4233576642335766,147,142,0.9659863945578231,60.0,59.26056338028169,1.0
oof_clean_Jul_Sep,escalate_h60_then_h15,0.77,0.19017563117453348,18.256860592755213,0.48124098124098125,147,142,0.9659863945578231,60.0,55.66901408450704,1.0
oof_clean_Jul_Sep,long_only_OR_h45_h60,0.77,0.2642700329308452,25.369923161361143,0.4122533748701973,147,142,0.9659863945578231,60.0,60.0,1.0
oof_clean_Jul_Sep,h15_only,0.78,0.22008781558726673,21.128430296377605,0.25561097256857856,147,147,1.0,60.0,47.55102040816327,0.8979591836734694
oof_clean_Jul_Sep,h30_only,0.78,0.22008781558726673,21.128430296377605,0.2456359102244389,147,142,0.9659863945578231,60.0,54.190140845070424,0.9859154929577465
oof_clean_Jul_Sep,h45_only,0.78,0.22008781558726673,21.128430296377605,0.24501246882793018,147,142,0.9659863945578231,60.0,57.99295774647887,0.9929577464788732
oof_clean_Jul_Sep,h60_only,0.78,0.22008781558726673,21.128430296377605,0.24688279301745636,147,141,0.9591836734693877,60.0,59.787234042553195,1.0
oof_clean_Jul_Sep,any_horizon_OR,0.78,0.29953347969264543,28.75521405049396,0.3944113605130554,147,147,1.0,60.0,59.69387755102041,1.0
oof_clean_Jul_Sep,at_least_2_of_4,0.78,0.2502744237102086,24.026344676180024,0.4413377192982456,147,142,0.9659863945578231,60.0,58.521126760563384,0.9929577464788732
oof_clean_Jul_Sep,escalate_h60_then_h15,0.78,0.18015916575192095,17.295279912184412,0.49657273419649656,147,141,0.9591836734693877,60.0,55.0,0.9929078014184397
oof_clean_Jul_Sep,long_only_OR_h45_h60,0.78,0.2549396267837541,24.474204171240395,0.42465016146393975,147,142,0.9659863945578231,60.0,59.57746478873239,0.9929577464788732
oof_clean_Jul_Sep,h15_only,0.79,0.21007135016465422,20.166849615806804,0.26714565643370347,147,147,1.0,60.0,46.53061224489796,0.891156462585034
oof_clean_Jul_Sep,h30_only,0.79,0.21007135016465422,20.166849615806804,0.256041802743305,147,142,0.9659863945578231,60.0,53.767605633802816,0.9788732394366197
oof_clean_Jul_Sep,h45_only,0.79,0.21007135016465422,20.166849615806804,0.25538863487916397,147,142,0.9659863945578231,60.0,57.570422535211264,0.9929577464788732
oof_clean_Jul_Sep,h60_only,0.79,0.21007135016465422,20.166849615806804,0.25538863487916397,147,141,0.9591836734693877,60.0,59.255319148936174,1.0
oof_clean_Jul_Sep,any_horizon_OR,0.79,0.2891053787047201,27.754116355653128,0.4067394399620313,147,147,1.0,60.0,59.285714285714285,1.0
oof_clean_Jul_Sep,at_least_2_of_4,0.79,0.23888583973655325,22.933040614709114,0.4600804135554279,147,142,0.9659863945578231,60.0,58.20422535211268,0.9929577464788732
oof_clean_Jul_Sep,escalate_h60_then_h15,0.79,0.17000548847420416,16.3205268935236,0.5189669087974172,147,141,0.9591836734693877,60.0,54.148936170212764,0.9858156028368794
oof_clean_Jul_Sep,long_only_OR_h45_h60,0.79,0.24615806805708013,23.631174533479694,0.43868450390189523,147,142,0.9659863945578231,60.0,59.471830985915496,0.9929577464788732
oof_clean_Jul_Sep,h15_only,0.8,0.20005488474204172,19.205268935236006,0.27983539094650206,147,147,1.0,45.0,45.91836734693877,0.8843537414965986
oof_clean_Jul_Sep,h30_only,0.8,0.20005488474204172,19.205268935236006,0.266803840877915,147,142,0.9659863945578231,60.0,52.394366197183096,0.971830985915493
oof_clean_Jul_Sep,h45_only,0.8,0.20005488474204172,19.205268935236006,0.2674897119341564,147,142,0.9659863945578231,60.0,56.725352112676056,0.9859154929577465
oof_clean_Jul_Sep,h60_only,0.8,0.20005488474204172,19.205268935236006,0.26474622770919065,147,141,0.9591836734693877,60.0,58.93617021276596,1.0
oof_clean_Jul_Sep,any_horizon_OR,0.8,0.27867727771679474,26.753018660812295,0.4204825209256524,147,147,1.0,60.0,59.183673469387756,1.0
oof_clean_Jul_Sep,at_least_2_of_4,0.8,0.2296926454445664,22.050493962678374,0.4731182795698925,147,142,0.9659863945578231,60.0,57.359154929577464,0.9859154929577465
oof_clean_Jul_Sep,escalate_h60_then_h15,0.8,0.16012623490669595,15.37211855104281,0.5364181662382177,147,140,0.9523809523809523,60.0,53.25,0.9785714285714285
oof_clean_Jul_Sep,long_only_OR_h45_h60,0.8,0.23614160263446762,22.669593852908893,0.4538059267867519,147,142,0.9659863945578231,60.0,59.26056338028169,0.9929577464788732
oof_clean_Jul_Sep,h15_only,0.81,0.1900384193194292,18.2436882546652,0.2924187725631769,147,147,1.0,45.0,43.97959183673469,0.8367346938775511
oof_clean_Jul_Sep,h30_only,0.81,0.1900384193194292,18.2436882546652,0.27870036101083034,147,142,0.9659863945578231,60.0,51.971830985915496,0.971830985915493
oof_clean_Jul_Sep,h45_only,0.81,0.1900384193194292,18.2436882546652,0.2779783393501805,147,142,0.9659863945578231,60.0,56.30281690140845,0.9859154929577465
oof_clean_Jul_Sep,h60_only,0.81,0.1900384193194292,18.2436882546652,0.275812274368231,147,141,0.9591836734693877,60.0,58.51063829787234,0.9929078014184397
oof_clean_Jul_Sep,any_horizon_OR,0.81,0.2678375411635565,25.712403951701425,0.4339139344262295,147,147,1.0,60.0,58.06122448979592,0.9795918367346939
oof_clean_Jul_Sep,at_least_2_of_4,0.81,0.22008781558726673,21.128430296377605,0.48877805486284287,147,142,0.9659863945578231,60.0,57.04225352112676,0.9859154929577465
oof_clean_Jul_Sep,escalate_h60_then_h15,0.81,0.14997255762897915,14.397365532381999,0.5599268069533394,147,137,0.9319727891156463,60.0,52.99270072992701,0.9708029197080292
oof_clean_Jul_Sep,long_only_OR_h45_h60,0.81,0.2254390779363337,21.642151481888035,0.4716981132075472,147,142,0.9659863945578231,60.0,59.26056338028169,0.9929577464788732
oof_clean_Jul_Sep,h15_only,0.82,0.1800219538968167,17.282107574094404,0.3079268292682927,147,145,0.9863945578231292,45.0,43.241379310344826,0.8137931034482758
oof_clean_Jul_Sep,h30_only,0.82,0.1800219538968167,17.282107574094404,0.29115853658536583,147,142,0.9659863945578231,60.0,50.91549295774648,0.9647887323943662
oof_clean_Jul_Sep,h45_only,0.82,0.1800219538968167,17.282107574094404,0.2896341463414634,147,140,0.9523809523809523,60.0,55.5,0.9785714285714285
oof_clean_Jul_Sep,h60_only,0.82,0.1800219538968167,17.282107574094404,0.28734756097560976,147,140,0.9523809523809523,60.0,58.285714285714285,0.9928571428571429
oof_clean_Jul_Sep,any_horizon_OR,0.82,0.25782107574094404,24.750823271130628,0.4454497072911123,147,145,0.9863945578231292,60.0,57.827586206896555,0.9724137931034482
oof_clean_Jul_Sep,at_least_2_of_4,0.82,0.21199231613611416,20.35126234906696,0.5022653721682848,147,142,0.9659863945578231,60.0,56.514084507042256,0.9788732394366197
oof_clean_Jul_Sep,escalate_h60_then_h15,0.82,0.13927003293084522,13.369923161361141,0.5812807881773399,147,136,0.9251700680272109,60.0,52.61029411764706,0.9705882352941176
oof_clean_Jul_Sep,long_only_OR_h45_h60,0.82,0.2145993413830955,20.601536772777166,0.4846547314578005,147,141,0.9591836734693877,60.0,58.723404255319146,0.9929078014184397
oof_clean_Jul_Sep,h15_only,0.83,0.17000548847420416,16.3205268935236,0.32364810330912025,147,145,0.9863945578231292,45.0,42.0,0.7793103448275862
oof_clean_Jul_Sep,h30_only,0.83,0.17000548847420416,16.3205268935236,0.3050847457627119,147,140,0.9523809523809523,60.0,49.17857142857143,0.9428571428571428
oof_clean_Jul_Sep,h45_only,0.83,0.17000548847420416,16.3205268935236,0.30024213075060535,147,139,0.9455782312925171,60.0,55.03597122302158,0.9784172661870504
oof_clean_Jul_Sep,h60_only,0.83,0.17000548847420416,16.3205268935236,0.2986279257465698,147,138,0.9387755102040817,60.0,57.28260869565217,0.9710144927536232
oof_clean_Jul_Sep,any_horizon_OR,0.83,0.2478046103183315,23.789242590559823,0.4590254706533776,147,145,0.9863945578231292,60.0,57.41379310344828,0.9655172413793104
oof_clean_Jul_Sep,at_least_2_of_4,0.83,0.20060373216245883,19.257958287596047,0.521203830369357,147,140,0.9523809523809523,60.0,56.25,0.9857142857142858
oof_clean_Jul_Sep,escalate_h60_then_h15,0.83,0.12925356750823272,12.408342480790342,0.5997876857749469,147,136,0.9251700680272109,60.0,50.625,0.9338235294117647
oof_clean_Jul_Sep,long_only_OR_h45_h60,0.83,0.20485729967069155,19.66630076838639,0.5023442732752846,147,140,0.9523809523809523,60.0,58.607142857142854,0.9928571428571429
oof_clean_Jul_Sep,h15_only,0.84,0.15998902305159166,15.358946212952798,0.3361921097770154,147,142,0.9659863945578231,45.0,40.88028169014085,0.7394366197183099
oof_clean_Jul_Sep,h30_only,0.84,0.15998902305159166,15.358946212952798,0.3181818181818182,147,138,0.9387755102040817,45.0,48.369565217391305,0.9347826086956522
oof_clean_Jul_Sep,h45_only,0.84,0.15998902305159166,15.358946212952798,0.31217838765008576,147,138,0.9387755102040817,60.0,53.80434782608695,0.9710144927536232
oof_clean_Jul_Sep,h60_only,0.84,0.15998902305159166,15.358946212952798,0.30617495711835335,147,136,0.9251700680272109,60.0,56.470588235294116,0.9632352941176471
oof_clean_Jul_Sep,any_horizon_OR,0.84,0.23641602634467618,22.695938529088913,0.46952988972722,147,142,0.9659863945578231,60.0,57.147887323943664,0.9788732394366197
oof_clean_Jul_Sep,at_least_2_of_4,0.84,0.18990120746432493,18.230515916575193,0.5346820809248555,147,140,0.9523809523809523,60.0,54.857142857142854,0.9714285714285714
oof_clean_Jul_Sep,escalate_h60_then_h15,0.84,0.1207464324917673,11.59165751920966,0.6079545454545454,147,131,0.891156462585034,60.0,50.152671755725194,0.9312977099236641
oof_clean_Jul_Sep,long_only_OR_h45_h60,0.84,0.19484083424807905,18.704720087815588,0.5119718309859155,147,139,0.9455782312925171,60.0,57.410071942446045,0.9784172661870504
oof_clean_Jul_Sep,h15_only,0.85,0.15010976948408342,14.410537870472009,0.35191956124314444,147,141,0.9591836734693877,45.0,40.319148936170215,0.723404255319149
oof_clean_Jul_Sep,h30_only,0.85,0.15010976948408342,14.410537870472009,0.32541133455210236,147,138,0.9387755102040817,45.0,46.73913043478261,0.8985507246376812
oof_clean_Jul_Sep,h45_only,0.85,0.15010976948408342,14.410537870472009,0.3263254113345521,147,134,0.9115646258503401,60.0,54.291044776119406,0.9850746268656716
oof_clean_Jul_Sep,h60_only,0.85,0.15010976948408342,14.410537870472009,0.3180987202925046,147,132,0.8979591836734694,60.0,56.36363636363637,0.9696969696969697
oof_clean_Jul_Sep,any_horizon_OR,0.85,0.2247530186608123,21.57628979143798,0.48595848595848595,147,142,0.9659863945578231,60.0,56.936619718309856,0.9788732394366197
oof_clean_Jul_Sep,at_least_2_of_4,0.85,0.1807080131723381,17.347969264544457,0.5474563401670464,147,139,0.9455782312925171,60.0,54.064748201438846,0.9568345323741008
oof_clean_Jul_Sep,escalate_h60_then_h15,0.85,0.11182766190998902,10.735455543358945,0.6220858895705521,147,127,0.8639455782312925,60.0,49.724409448818896,0.9291338582677166
oof_clean_Jul_Sep,long_only_OR_h45_h60,0.85,0.1842755214050494,17.690450054884742,0.5249441548771407,147,137,0.9319727891156463,60.0,57.372262773722625,0.9854014598540146
oof_clean_Jul_Sep,h15_only,0.86,0.1400933040614709,13.448957189901208,0.3712047012732615,147,141,0.9591836734693877,45.0,38.61702127659574,0.6737588652482269
oof_clean_Jul_Sep,h30_only,0.86,0.1400933040614709,13.448957189901208,0.3379040156709109,147,137,0.9319727891156463,45.0,45.76642335766423,0.8905109489051095
oof_clean_Jul_Sep,h45_only,0.86,0.1400933040614709,13.448957189901208,0.33496571988246815,147,131,0.891156462585034,60.0,54.38931297709924,0.9923664122137404
oof_clean_Jul_Sep,h60_only,0.86,0.1400933040614709,13.448957189901208,0.32713026444662097,147,126,0.8571428571428571,60.0,56.30952380952381,0.9761904761904762
oof_clean_Jul_Sep,any_horizon_OR,0.86,0.21555982436882545,20.693743139407243,0.49649904519414384,147,141,0.9591836734693877,60.0,56.170212765957444,0.9716312056737588
oof_clean_Jul_Sep,at_least_2_of_4,0.86,0.17082875960482985,16.399560922063664,0.5622489959839357,147,137,0.9319727891156463,60.0,54.08759124087591,0.9562043795620438
oof_clean_Jul_Sep,escalate_h60_then_h15,0.86,0.10167398463227223,9.760702524698134,0.6423751686909581,147,121,0.8231292517006803,60.0,48.47107438016529,0.9256198347107438
oof_clean_Jul_Sep,long_only_OR_h45_h60,0.86,0.17371020856201977,16.676180021953897,0.5387045813586098,147,133,0.9047619047619048,60.0,57.18045112781955,0.9924812030075187
oof_clean_Jul_Sep,h15_only,0.87,0.1300768386388584,12.487376509330407,0.39662447257383965,147,141,0.9591836734693877,45.0,37.12765957446808,0.6524822695035462
oof_clean_Jul_Sep,h30_only,0.87,0.1300768386388584,12.487376509330407,0.35443037974683544,147,136,0.9251700680272109,45.0,43.455882352941174,0.8602941176470589
oof_clean_Jul_Sep,h45_only,0.87,0.1300768386388584,12.487376509330407,0.34810126582278483,147,128,0.8707482993197279,60.0,54.0234375,0.984375
oof_clean_Jul_Sep,h60_only,0.87,0.1300768386388584,12.487376509330407,0.33860759493670883,147,124,0.8435374149659864,60.0,55.645161290322584,0.9758064516129032
oof_clean_Jul_Sep,any_horizon_OR,0.87,0.2051317233809001,19.69264544456641,0.5123745819397993,147,141,0.9591836734693877,60.0,54.57446808510638,0.9432624113475178
oof_clean_Jul_Sep,at_least_2_of_4,0.87,0.1590285400658617,15.266739846322723,0.5858498705780846,147,135,0.9183673469387755,60.0,53.888888888888886,0.9555555555555556
oof_clean_Jul_Sep,escalate_h60_then_h15,0.87,0.09055982436882547,8.693743139407244,0.6712121212121213,147,116,0.7891156462585034,45.0,47.456896551724135,0.9224137931034483
oof_clean_Jul_Sep,long_only_OR_h45_h60,0.87,0.16424259055982438,15.76728869374314,0.5505430242272348,147,130,0.8843537414965986,60.0,57.0,0.9923076923076923
oof_clean_Jul_Sep,h15_only,0.88,0.12006037321624588,11.525795828759605,0.41485714285714287,147,140,0.9523809523809523,37.5,36.42857142857143,0.65
oof_clean_Jul_Sep,h30_only,0.88,0.12006037321624588,11.525795828759605,0.37257142857142855,147,133,0.9047619047619048,45.0,42.744360902255636,0.8571428571428571
oof_clean_Jul_Sep,h45_only,0.88,0.12006037321624588,11.525795828759605,0.36228571428571427,147,125,0.8503401360544217,60.0,53.4,0.984
oof_clean_Jul_Sep,h60_only,0.88,0.12006037321624588,11.525795828759605,0.35428571428571426,147,120,0.8163265306122449,60.0,54.625,0.9583333333333334
oof_clean_Jul_Sep,any_horizon_OR,0.88,0.1929198682766191,18.520307354555435,0.5341394025604552,147,140,0.9523809523809523,60.0,54.0,0.9357142857142857
oof_clean_Jul_Sep,at_least_2_of_4,0.88,0.14626783754116357,14.041712403951703,0.6031894934333959,147,134,0.9115646258503401,60.0,52.61194029850746,0.9477611940298507
oof_clean_Jul_Sep,escalate_h60_then_h15,0.88,0.08136663007683864,7.81119648737651,0.6812816188870152,147,113,0.7687074829931972,45.0,45.0,0.8672566371681416
oof_clean_Jul_Sep,long_only_OR_h45_h60,0.88,0.15299121844127334,14.68715697036224,0.5659192825112107,147,128,0.8707482993197279,60.0,56.3671875,0.984375
oof_clean_Jul_Sep,h15_only,0.89,0.11004390779363336,10.564215148188802,0.4389027431421446,147,138,0.9387755102040817,30.0,35.65217391304348,0.6231884057971014
oof_clean_Jul_Sep,h30_only,0.89,0.11004390779363336,10.564215148188802,0.385286783042394,147,131,0.891156462585034,45.0,40.30534351145038,0.7938931297709924
oof_clean_Jul_Sep,h45_only,0.89,0.11004390779363336,10.564215148188802,0.38154613466334164,147,124,0.8435374149659864,60.0,52.016129032258064,0.9838709677419355
oof_clean_Jul_Sep,h60_only,0.89,0.11004390779363336,10.564215148188802,0.37032418952618457,147,117,0.7959183673469388,60.0,54.48717948717949,0.9572649572649573
oof_clean_Jul_Sep,any_horizon_OR,0.89,0.17974753018660813,17.25576289791438,0.5541984732824428,147,139,0.9455782312925171,60.0,53.84892086330935,0.935251798561151
oof_clean_Jul_Sep,at_least_2_of_4,0.89,0.13487925356750824,12.948408342480791,0.6256358087487284,147,133,0.9047619047619048,60.0,50.75187969924812,0.924812030075188
oof_clean_Jul_Sep,escalate_h60_then_h15,0.89,0.07354555433589462,7.060373216245884,0.7033582089552238,147,110,0.7482993197278912,45.0,43.09090909090909,0.8181818181818182
oof_clean_Jul_Sep,long_only_OR_h45_h60,0.89,0.141602634467618,13.593852908891328,0.5833333333333334,147,127,0.8639455782312925,60.0,55.74803149606299,0.984251968503937
oof_clean_Jul_Sep,h15_only,0.9,0.10002744237102086,9.602634467618003,0.45267489711934156,147,137,0.9319727891156463,30.0,33.065693430656935,0.5766423357664233
oof_clean_Jul_Sep,h30_only,0.9,0.10002744237102086,9.602634467618003,0.4060356652949246,147,129,0.8775510204081632,45.0,38.48837209302326,0.751937984496124
oof_clean_Jul_Sep,h45_only,0.9,0.10002744237102086,9.602634467618003,0.40054869684499317,147,119,0.8095238095238095,60.0,48.78151260504202,0.9327731092436975
oof_clean_Jul_Sep,h60_only,0.9,0.10002744237102086,9.602634467618003,0.38545953360768176,147,114,0.7755102040816326,60.0,52.10526315789474,0.9122807017543859
oof_clean_Jul_Sep,any_horizon_OR,0.9,0.16794731064763996,16.122941822173438,0.5661764705882353,147,138,0.9387755102040817,60.0,53.04347826086956,0.927536231884058
oof_clean_Jul_Sep,at_least_2_of_4,0.9,0.12170691547749725,11.683863885839736,0.6392333709131905,147,130,0.8843537414965986,60.0,46.96153846153846,0.8615384615384616
oof_clean_Jul_Sep,escalate_h60_then_h15,0.9,0.06421514818880351,6.164654226125137,0.7243589743589743,147,105,0.7142857142857143,45.0,39.42857142857143,0.7619047619047619
oof_clean_Jul_Sep,long_only_OR_h45_h60,0.9,0.12884193194291987,12.368825466520308,0.5931842385516507,147,121,0.8231292517006803,60.0,54.049586776859506,0.9586776859504132
oof_clean_Jul_Sep,h15_only,0.91,0.09001097694840834,8.641053787047202,0.47560975609756095,147,134,0.9115646258503401,30.0,30.895522388059703,0.5447761194029851
oof_clean_Jul_Sep,h30_only,0.91,0.09001097694840834,8.641053787047202,0.4268292682926829,147,121,0.8231292517006803,45.0,37.06611570247934,0.7272727272727273
oof_clean_Jul_Sep,h45_only,0.91,0.09001097694840834,8.641053787047202,0.4070121951219512,147,111,0.7551020408163265,60.0,48.24324324324324,0.918918918918919
oof_clean_Jul_Sep,h60_only,0.91,0.09001097694840834,8.641053787047202,0.4024390243902439,147,110,0.7482993197278912,60.0,51.54545454545455,0.9
oof_clean_Jul_Sep,any_horizon_OR,0.91,0.15477497255762898,14.858397365532383,0.5833333333333334,147,136,0.9251700680272109,60.0,50.955882352941174,0.8970588235294118
oof_clean_Jul_Sep,at_least_2_of_4,0.91,0.10853457738748627,10.419319429198682,0.6624525916561315,147,124,0.8435374149659864,60.0,45.846774193548384,0.8387096774193549
oof_clean_Jul_Sep,escalate_h60_then_h15,0.91,0.05584522502744237,5.361141602634468,0.7346437346437347,147,100,0.6802721088435374,45.0,38.1,0.75
oof_clean_Jul_Sep,long_only_OR_h45_h60,0.91,0.1156695938529089,11.104281009879255,0.6097271648873073,147,117,0.7959183673469388,60.0,53.07692307692308,0.9401709401709402
oof_clean_Jul_Sep,h15_only,0.92,0.07999451152579583,7.679473106476399,0.4888507718696398,147,129,0.8775510204081632,30.0,30.697674418604652,0.5426356589147286
oof_clean_Jul_Sep,h30_only,0.92,0.07999451152579583,7.679473106476399,0.44768439108061747,147,116,0.7891156462585034,30.0,34.525862068965516,0.6810344827586207
oof_clean_Jul_Sep,h45_only,0.92,0.07999451152579583,7.679473106476399,0.41509433962264153,147,104,0.7074829931972789,60.0,47.45192307692308,0.9038461538461539
oof_clean_Jul_Sep,h60_only,0.92,0.07999451152579583,7.679473106476399,0.4099485420240137,147,103,0.7006802721088435,60.0,51.55339805825243,0.912621359223301
oof_clean_Jul_Sep,any_horizon_OR,0.92,0.1422886937431394,13.659714599341383,0.600771456123433,147,134,0.9115646258503401,60.0,49.365671641791046,0.8731343283582089
oof_clean_Jul_Sep,at_least_2_of_4,0.92,0.09508781558726674,9.128430296377607,0.683982683982684,147,119,0.8095238095238095,45.0,43.739495798319325,0.8067226890756303
oof_clean_Jul_Sep,escalate_h60_then_h15,0.92,0.047749725576289793,4.58397365532382,0.7298850574712644,147,91,0.6190476190476191,45.0,37.417582417582416,0.7582417582417582
oof_clean_Jul_Sep,long_only_OR_h45_h60,0.92,0.10537870472008781,10.11635565312843,0.6158854166666666,147,113,0.7687074829931972,60.0,52.43362831858407,0.9380530973451328
oof_clean_Jul_Sep,h15_only,0.93,0.0701152579582876,6.73106476399561,0.5088062622309197,147,124,0.8435374149659864,15.0,28.427419354838708,0.49193548387096775
oof_clean_Jul_Sep,h30_only,0.93,0.0701152579582876,6.73106476399561,0.4657534246575342,147,111,0.7551020408163265,30.0,32.7027027027027,0.6486486486486487
oof_clean_Jul_Sep,h45_only,0.93,0.0701152579582876,6.73106476399561,0.4246575342465753,147,93,0.6326530612244898,45.0,46.61290322580645,0.9139784946236559
oof_clean_Jul_Sep,h60_only,0.93,0.0701152579582876,6.73106476399561,0.4207436399217221,147,94,0.6394557823129252,60.0,50.1063829787234,0.8829787234042553
oof_clean_Jul_Sep,any_horizon_OR,0.93,0.12939077936333698,12.42151481888035,0.6288441145281018,147,131,0.891156462585034,60.0,47.97709923664122,0.8473282442748091
oof_clean_Jul_Sep,at_least_2_of_4,0.93,0.08287596048298573,7.95609220636663,0.6887417218543046,147,109,0.7414965986394558,45.0,41.972477064220186,0.7889908256880734
oof_clean_Jul_Sep,escalate_h60_then_h15,0.93,0.04006586169045005,3.846322722283205,0.7397260273972602,147,77,0.5238095238095238,30.0,35.84415584415584,0.7142857142857143
oof_clean_Jul_Sep,long_only_OR_h45_h60,0.93,0.09357848518111965,8.983534577387486,0.6363636363636364,147,105,0.7142857142857143,60.0,51.0,0.9142857142857143
oof_clean_Jul_Sep,h15_only,0.94,0.060098792535675086,5.769484083424809,0.547945205479452,147,114,0.7755102040816326,15.0,27.236842105263158,0.43859649122807015
oof_clean_Jul_Sep,h30_only,0.94,0.060098792535675086,5.769484083424809,0.4863013698630137,147,102,0.6938775510204082,30.0,31.323529411764707,0.6176470588235294
oof_clean_Jul_Sep,h45_only,0.94,0.060098792535675086,5.769484083424809,0.4223744292237443,147,85,0.5782312925170068,45.0,45.705882352941174,0.8705882352941177
oof_clean_Jul_Sep,h60_only,0.94,0.060098792535675086,5.769484083424809,0.4429223744292237,147,83,0.564625850340136,60.0,50.24096385542169,0.9036144578313253
oof_clean_Jul_Sep,any_horizon_OR,0.94,0.11388583973655324,10.93304061470911,0.6445783132530121,147,122,0.8299319727891157,60.0,46.721311475409834,0.8278688524590164
oof_clean_Jul_Sep,at_least_2_of_4,0.94,0.0714873765093304,6.862788144895719,0.7063339731285988,147,98,0.6666666666666666,45.0,41.785714285714285,0.7857142857142857
oof_clean_Jul_Sep,escalate_h60_then_h15,0.94,0.03293084522502744,3.1613611416026344,0.75,147,71,0.48299319727891155,30.0,32.74647887323944,0.6338028169014085
oof_clean_Jul_Sep,long_only_OR_h45_h60,0.94,0.08218990120746432,7.890230515916574,0.6527545909849749,147,96,0.6530612244897959,60.0,50.9375,0.90625
oof_clean_Jul_Sep,h15_only,0.95,0.05008232711306257,4.807903402854007,0.5643835616438356,147,106,0.7210884353741497,15.0,24.62264150943396,0.41509433962264153
oof_clean_Jul_Sep,h30_only,0.95,0.05008232711306257,4.807903402854007,0.4904109589041096,147,88,0.5986394557823129,30.0,30.511363636363637,0.5909090909090909
oof_clean_Jul_Sep,h45_only,0.95,0.05008232711306257,4.807903402854007,0.4328767123287671,147,73,0.4965986394557823,45.0,47.26027397260274,0.8904109589041096
oof_clean_Jul_Sep,h60_only,0.95,0.05008232711306257,4.807903402854007,0.4383561643835616,147,74,0.5034013605442177,60.0,50.87837837837838,0.918918918918919
oof_clean_Jul_Sep,any_horizon_OR,0.95,0.09865532381997805,9.470911086717893,0.6620305980528511,147,114,0.7755102040816326,60.0,45.526315789473685,0.7894736842105263
oof_clean_Jul_Sep,at_least_2_of_4,0.95,0.06064763995609221,5.822173435784852,0.7171945701357466,147,88,0.5986394557823129,45.0,40.90909090909091,0.7727272727272727
oof_clean_Jul_Sep,escalate_h60_then_h15,0.95,0.02469813391877058,2.3710208562019757,0.7611111111111111,147,63,0.42857142857142855,30.0,28.333333333333332,0.5555555555555556
oof_clean_Jul_Sep,long_only_OR_h45_h60,0.95,0.07025246981339188,6.74423710208562,0.6640625,147,84,0.5714285714285714,60.0,51.785714285714285,0.9047619047619048
oof_clean_Jul_Sep,h15_only,0.96,0.04006586169045005,3.846322722283205,0.6061643835616438,147,90,0.6122448979591837,15.0,20.5,0.32222222222222224
oof_clean_Jul_Sep,h30_only,0.96,0.04006586169045005,3.846322722283205,0.5,147,71,0.48299319727891155,30.0,28.098591549295776,0.5633802816901409
oof_clean_Jul_Sep,h45_only,0.96,0.04006586169045005,3.846322722283205,0.4417808219178082,147,64,0.43537414965986393,45.0,44.0625,0.875
oof_clean_Jul_Sep,h60_only,0.96,0.04006586169045005,3.846322722283205,0.4212328767123288,147,65,0.4421768707482993,60.0,49.84615384615385,0.9384615384615385
oof_clean_Jul_Sep,any_horizon_OR,0.96,0.08424807903402853,8.08781558726674,0.6758957654723127,147,102,0.6938775510204082,60.0,43.529411764705884,0.7843137254901961
oof_clean_Jul_Sep,at_least_2_of_4,0.96,0.04720087815587267,4.531284302963776,0.7063953488372093,147,74,0.5034013605442177,45.0,36.28378378378378,0.7027027027027027
oof_clean_Jul_Sep,escalate_h60_then_h15,0.96,0.01728869374313941,1.6597145993413833,0.7777777777777778,147,51,0.3469387755102041,15.0,25.0,0.49019607843137253
oof_clean_Jul_Sep,long_only_OR_h45_h60,0.96,0.05790340285400659,5.558726673984633,0.6682464454976303,147,74,0.5034013605442177,60.0,50.67567567567568,0.918918918918919
oof_clean_Jul_Sep,h15_only,0.97,0.030049396267837543,2.8847420417124043,0.6484018264840182,147,83,0.564625850340136,0.0,16.987951807228917,0.26506024096385544
oof_clean_Jul_Sep,h30_only,0.97,0.030049396267837543,2.8847420417124043,0.4885844748858447,147,58,0.3945578231292517,15.0,24.310344827586206,0.46551724137931033
oof_clean_Jul_Sep,h45_only,0.97,0.030049396267837543,2.8847420417124043,0.4611872146118721,147,47,0.3197278911564626,45.0,42.4468085106383,0.8936170212765957
oof_clean_Jul_Sep,h60_only,0.97,0.030049396267837543,2.8847420417124043,0.4246575342465753,147,54,0.3673469387755102,60.0,47.77777777777778,0.8703703703703703
oof_clean_Jul_Sep,any_horizon_OR,0.97,0.06668496158068057,6.401756311745335,0.668724279835391,147,90,0.6122448979591837,45.0,40.0,0.7333333333333333
oof_clean_Jul_Sep,at_least_2_of_4,0.97,0.03389132821075741,3.2535675082327113,0.7044534412955465,147,62,0.4217687074829932,30.0,29.274193548387096,0.5967741935483871
oof_clean_Jul_Sep,escalate_h60_then_h15,0.97,0.011663007683863885,1.119648737650933,0.7647058823529411,147,38,0.2585034013605442,15.0,24.473684210526315,0.4473684210526316
oof_clean_Jul_Sep,long_only_OR_h45_h60,0.97,0.04541712403951701,4.360043907793633,0.6465256797583081,147,61,0.41496598639455784,60.0,49.91803278688525,0.9180327868852459
oof_clean_Jul_Sep,h15_only,0.98,0.020032930845225026,1.9231613611416025,0.678082191780822,147,62,0.4217687074829932,0.0,15.241935483870968,0.22580645161290322
oof_clean_Jul_Sep,h30_only,0.98,0.020032930845225026,1.9231613611416025,0.4520547945205479,147,49,0.3333333333333333,15.0,22.959183673469386,0.40816326530612246
oof_clean_Jul_Sep,h45_only,0.98,0.020032930845225026,1.9231613611416025,0.4041095890410959,147,37,0.25170068027210885,45.0,38.513513513513516,0.8648648648648649
oof_clean_Jul_Sep,h60_only,0.98,0.020032930845225026,1.9231613611416025,0.4315068493150685,147,42,0.2857142857142857,45.0,44.285714285714285,0.8333333333333334
oof_clean_Jul_Sep,any_horizon_OR,0.98,0.04788693743139407,4.597145993413831,0.6590257879656161,147,70,0.47619047619047616,45.0,39.0,0.7142857142857143
oof_clean_Jul_Sep,at_least_2_of_4,0.98,0.021953896816684963,2.1075740944017562,0.7125,147,49,0.3333333333333333,30.0,26.632653061224488,0.5306122448979592
oof_clean_Jul_Sep,escalate_h60_then_h15,0.98,0.007135016465422613,0.6849615806805709,0.8076923076923077,147,24,0.16326530612244897,15.0,20.625,0.375
oof_clean_Jul_Sep,long_only_OR_h45_h60,0.98,0.03128430296377607,3.003293084522503,0.6403508771929824,147,47,0.3197278911564626,60.0,47.87234042553192,0.9148936170212766
oof_clean_Jul_Sep,h15_only,0.99,0.010016465422612513,0.9615806805708013,0.7397260273972602,147,45,0.30612244897959184,0.0,13.333333333333334,0.2222222222222222
oof_clean_Jul_Sep,h30_only,0.99,0.010016465422612513,0.9615806805708013,0.4520547945205479,147,31,0.2108843537414966,15.0,19.838709677419356,0.3548387096774194
oof_clean_Jul_Sep,h45_only,0.99,0.010016465422612513,0.9615806805708013,0.3972602739726027,147,23,0.1564625850340136,30.0,33.26086956521739,0.782608695652174
oof_clean_Jul_Sep,h60_only,0.99,0.010016465422612513,0.9615806805708013,0.3972602739726027,147,25,0.17006802721088435,45.0,38.4,0.76
oof_clean_Jul_Sep,any_horizon_OR,0.99,0.024972557628979142,2.397365532381998,0.6978021978021978,147,53,0.36054421768707484,45.0,32.54716981132076,0.6226415094339622
oof_clean_Jul_Sep,at_least_2_of_4,0.99,0.011388583973655324,1.093304061470911,0.7349397590361446,147,32,0.21768707482993196,22.5,23.4375,0.5
oof_clean_Jul_Sep,escalate_h60_then_h15,0.99,0.0031558726673984634,0.3029637760702525,0.8260869565217391,147,12,0.08163265306122448,15.0,21.25,0.5
oof_clean_Jul_Sep,long_only_OR_h45_h60,0.99,0.015779363336992317,1.5148188803512626,0.6608695652173913,147,33,0.22448979591836735,45.0,40.0,0.8181818181818182
