window,policy,early_horizon_min,early_q,confirm_horizon_min,confirm_q,gate,confirm_rejection_rate,n_events,events_detected,missed_events,event_recall,mean_lead_min,median_lead_min,lead_ge_min_share,n_alert_events,alert_events_per_day,false_alert_steps,false_alerts_per_day,step_precision,confirmed_alerts_per_day,advisories_per_day,cost_r1,cost_r2,cost_r5,cost_r10,cost_r20,cost_r50,cost_r100,within_advisory_capacity
all_2021,single_h15,15,0.5,,,none,0.0,392,392,0,1.0,15.0,15.0,0.0,626,3.0629969418960243,8384,41.02262996941896,0.11886495007882292,46.5565749235474,0.0,21.387755102040817,10.693877551020408,4.277551020408163,2.1387755102040815,1.0693877551020408,0.42775510204081635,0.21387755102040817,True
all_2021,single_h15,15,0.54,,,none,0.0,392,392,0,1.0,15.0,15.0,0.0,621,3.0385321100917433,7543,36.90764525993884,0.13028940389715207,42.43669724770642,0.0,19.242346938775512,9.621173469387756,3.848469387755102,1.924234693877551,0.9621173469387755,0.3848469387755102,0.1924234693877551,True
all_2021,single_h15,15,0.58,,,none,0.0,392,392,0,1.0,15.0,15.0,0.0,545,2.6666666666666665,6844,33.4874617737003,0.14171055931778279,39.01651376146789,0.0,17.459183673469386,8.729591836734693,3.4918367346938775,1.7459183673469387,0.8729591836734694,0.3491836734693878,0.1745918367346939,True
all_2021,single_h15,15,0.62,,,none,0.0,392,392,0,1.0,15.0,15.0,0.0,485,2.3730886850152904,6128,29.984097859327218,0.15569027280242492,35.5131498470948,0.0,15.63265306122449,7.816326530612245,3.126530612244898,1.563265306122449,0.7816326530612245,0.31265306122448977,0.15632653061224488,True
all_2021,single_h15,15,0.66,,,none,0.0,392,392,0,1.0,15.0,15.0,0.0,437,2.1382262996941894,5351,26.182262996941898,0.17435580928869002,31.71131498470948,0.0,13.650510204081632,6.825255102040816,2.7301020408163263,1.3650510204081632,0.6825255102040816,0.2730102040816327,0.13650510204081634,True
all_2021,single_h15,15,0.7,,,none,0.0,392,391,1,0.9974489795918368,15.0,15.0,0.0,434,2.1235474006116206,4581,22.41467889908257,0.19758276405675249,27.93394495412844,0.0,11.688775510204081,5.845663265306122,2.339795918367347,1.1711734693877551,0.5868622448979591,0.23627551020408163,0.11941326530612245,True
all_2021,single_h15,15,0.74,,,none,0.0,392,386,6,0.9846938775510204,15.0,15.0,0.0,458,2.240978593272171,3907,19.11681957186544,0.223105985285345,24.606727828746177,0.0,9.982142857142858,4.998724489795919,2.0086734693877553,1.0119897959183672,0.5136479591836735,0.21464285714285714,0.11497448979591837,True
all_2021,single_h15,15,0.78,,,none,0.0,392,383,9,0.9770408163265306,15.0,15.0,0.0,507,2.4807339449541286,3109,15.212232415902141,0.26449018216229003,20.68256880733945,0.0,7.954081632653061,3.9885204081632653,1.6091836734693878,0.8160714285714286,0.41951530612244897,0.18158163265306124,0.10227040816326531,True
all_2021,single_h15,15,0.82,,,none,0.0,392,362,30,0.923469387755102,15.0,15.0,0.0,507,2.4807339449541286,2263,11.072782874617737,0.32588620792374146,16.425688073394497,0.0,5.849489795918367,2.9630102040816326,1.2311224489795918,0.6538265306122449,0.3651785714285714,0.19198979591836735,0.13426020408163264,True
all_2021,single_h15,15,0.86,,,none,0.0,392,331,61,0.8443877551020408,15.0,15.0,0.0,462,2.2605504587155965,1530,7.486238532110092,0.4065166795965865,12.614067278287461,0.0,4.058673469387755,2.107142857142857,0.9362244897959183,0.5459183673469388,0.350765306122449,0.2336734693877551,0.19464285714285715,True
all_2021,single_h15,15,0.9,,,none,0.0,392,272,120,0.6938775510204082,15.0,15.0,0.0,435,2.128440366972477,901,4.408562691131499,0.5127095727420227,9.047094801223242,0.0,2.604591836734694,1.4553571428571428,0.7658163265306123,0.5359693877551021,0.42104591836734695,0.35209183673469385,0.3291071428571429,True
all_2021,single_h15,15,0.94,,,none,0.0,392,179,213,0.45663265306122447,15.0,15.0,0.0,332,1.6244648318042814,401,1.962079510703364,0.6534140017286084,5.661162079510703,0.0,1.566326530612245,1.0548469387755102,0.7479591836734694,0.6456632653061225,0.594515306122449,0.5638265306122449,0.5535969387755102,True
all_2021,single_h15,15,0.98,,,none,0.0,392,64,328,0.16326530612244897,15.0,15.0,0.0,203,0.9932721712538226,86,0.42079510703363915,0.83203125,2.5051987767584096,0.0,1.0561224489795917,0.9464285714285714,0.8806122448979592,0.8586734693877551,0.8477040816326531,0.8411224489795919,0.8389285714285715,True
all_2021,single_h30,30,0.5,,,none,0.0,392,392,0,1.0,29.961734693877553,30.0,0.9974489795918368,557,2.7253822629969418,8086,39.56452599388379,0.1671644865588629,47.50581039755352,0.0,20.627551020408163,10.313775510204081,4.125510204081633,2.0627551020408164,1.0313775510204082,0.41255102040816327,0.20627551020408164,True
all_2021,single_h30,30,0.54,,,none,0.0,392,392,0,1.0,29.961734693877553,30.0,0.9974489795918368,575,2.8134556574923546,7226,35.3565749235474,0.18322595230021477,43.28807339449541,0.0,18.433673469387756,9.216836734693878,3.686734693877551,1.8433673469387755,0.9216836734693877,0.3686734693877551,0.18433673469387754,True
all_2021,single_h30,30,0.58,,,none,0.0,392,392,0,1.0,29.961734693877553,30.0,0.9974489795918368,528,2.5834862385321102,6448,31.549847094801223,0.20009924327006576,39.44220183486239,0.0,16.448979591836736,8.224489795918368,3.289795918367347,1.6448979591836734,0.8224489795918367,0.3289795918367347,0.16448979591836735,True
all_2021,single_h30,30,0.62,,,none,0.0,392,392,0,1.0,29.961734693877553,30.0,0.9974489795918368,440,2.1529051987767582,5659,27.689296636085626,0.2207380886808042,35.532721712538226,0.0,14.436224489795919,7.218112244897959,2.887244897959184,1.443622448979592,0.721811224489796,0.28872448979591836,0.14436224489795918,True
all_2021,single_h30,30,0.66,,,none,0.0,392,392,0,1.0,29.9234693877551,30.0,0.9948979591836735,419,2.0501529051987766,4897,23.96085626911315,0.2439400957233287,31.691743119266054,0.0,12.49234693877551,6.246173469387755,2.498469387755102,1.249234693877551,0.6246173469387755,0.2498469387755102,0.1249234693877551,True
all_2021,single_h30,30,0.7,,,none,0.0,392,390,2,0.9948979591836735,29.884615384615383,30.0,0.9923076923076923,460,2.2507645259938838,4105,20.085626911314986,0.27409372236958446,27.6697247706422,0.0,10.47704081632653,5.241071428571429,2.0994897959183674,1.052295918367347,0.5286989795918368,0.2145408163265306,0.10982142857142857,True
all_2021,single_h30,30,0.74,,,none,0.0,392,387,5,0.9872448979591837,29.88372093023256,30.0,0.9922480620155039,455,2.2262996941896023,3463,16.94434250764526,0.302938808373591,24.308256880733946,0.0,8.846938775510203,4.42984693877551,1.779591836734694,0.8961734693877551,0.4544642857142857,0.18943877551020408,0.10109693877551021,True
all_2021,single_h30,30,0.78,,,none,0.0,392,382,10,0.9744897959183674,29.45026178010471,30.0,0.9633507853403142,486,2.377981651376147,2636,12.897859327217125,0.3543962772471222,19.977981651376147,0.0,6.75,3.3877551020408165,1.370408163265306,0.6979591836734694,0.36173469387755103,0.16,0.09275510204081633,True
all_2021,single_h30,30,0.82,,,none,0.0,392,371,21,0.9464285714285714,28.90835579514825,30.0,0.9272237196765498,487,2.382874617737003,1927,9.42874617737003,0.4178247734138973,16.195718654434252,0.0,4.969387755102041,2.5114795918367347,1.036734693877551,0.5451530612244898,0.2993622448979592,0.1518877551020408,0.10272959183673469,True
all_2021,single_h30,30,0.86,,,none,0.0,392,351,41,0.8954081632653061,27.905982905982906,30.0,0.8603988603988604,465,2.2752293577981653,1234,6.037920489296636,0.5056089743589743,12.212844036697248,0.0,3.252551020408163,1.6785714285714286,0.7341836734693877,0.4193877551020408,0.26198979591836735,0.16755102040816328,0.13607142857142857,True
all_2021,single_h30,30,0.9,,,none,0.0,392,289,103,0.7372448979591837,26.470588235294116,30.0,0.7647058823529411,381,1.8642201834862386,680,3.327217125382263,0.6039603960396039,8.401223241590214,0.0,1.9974489795918366,1.1301020408163265,0.6096938775510204,0.4362244897959184,0.3494897959183674,0.29744897959183675,0.2801020408163265,True
all_2021,single_h30,30,0.94,,,none,0.0,392,198,194,0.5051020408163265,24.924242424242426,30.0,0.6616161616161617,277,1.3553516819571865,315,1.5412844036697249,0.6985645933014354,5.113149847094801,0.0,1.2984693877551021,0.8966836734693877,0.6556122448979592,0.5752551020408163,0.5350765306122449,0.510969387755102,0.5029336734693878,True
all_2021,single_h30,30,0.98,,,none,0.0,392,90,302,0.22959183673469388,23.166666666666668,30.0,0.5444444444444444,127,0.6214067278287462,45,0.22018348623853212,0.8854961832061069,1.9229357798165139,0.0,0.8852040816326531,0.8278061224489796,0.7933673469387755,0.7818877551020408,0.7761479591836735,0.772704081632653,0.7715561224489796,True
all_2021,single_h45,45,0.5,,,none,0.0,392,392,0,1.0,44.8469387755102,45.0,0.9974489795918368,535,2.617737003058104,7803,38.179816513761466,0.20092165898617512,47.77981651376147,0.0,19.90561224489796,9.95280612244898,3.9811224489795918,1.9905612244897959,0.9952806122448979,0.3981122448979592,0.1990561224489796,True
all_2021,single_h45,45,0.54,,,none,0.0,392,392,0,1.0,44.8469387755102,45.0,0.9974489795918368,529,2.5883792048929664,6933,33.92293577981651,0.22031039136302294,43.508256880733946,0.0,17.68622448979592,8.84311224489796,3.5372448979591837,1.7686224489795919,0.8843112244897959,0.35372448979591836,0.17686224489795918,True
all_2021,single_h45,45,0.58,,,none,0.0,392,392,0,1.0,44.8469387755102,45.0,0.9974489795918368,479,2.3437308868501527,6123,29.959633027522937,0.24135794820963946,39.49113149847095,0.0,15.619897959183673,7.809948979591836,3.1239795918367346,1.5619897959183673,0.7809948979591836,0.31239795918367347,0.15619897959183673,True
all_2021,single_h45,45,0.62,,,none,0.0,392,392,0,1.0,44.8469387755102,45.0,0.9974489795918368,434,2.1235474006116206,5354,26.196941896024466,0.26425724886629104,35.60611620795107,0.0,13.658163265306122,6.829081632653061,2.7316326530612245,1.3658163265306122,0.6829081632653061,0.27316326530612245,0.13658163265306122,True
all_2021,single_h45,45,0.66,,,none,0.0,392,392,0,1.0,44.8469387755102,45.0,0.9974489795918368,405,1.981651376146789,4555,22.287461773700304,0.2937984496124031,31.559633027522935,0.0,11.619897959183673,5.809948979591836,2.3239795918367347,1.1619897959183674,0.5809948979591837,0.23239795918367348,0.11619897959183674,True
all_2021,single_h45,45,0.7,,,none,0.0,392,390,2,0.9948979591836735,44.73076923076923,45.0,0.9948717948717949,448,2.1920489296636085,3874,18.955351681957186,0.32355508992491705,28.022018348623853,0.0,9.887755102040817,4.946428571428571,1.9816326530612245,0.9933673469387755,0.49923469387755104,0.20275510204081632,0.10392857142857143,True
all_2021,single_h45,45,0.74,,,none,0.0,392,387,5,0.9872448979591837,44.6124031007752,45.0,0.9948320413436692,452,2.2116207951070335,3174,15.530275229357798,0.35943491422805246,24.244648318042813,0.0,8.10969387755102,4.061224489795919,1.6321428571428571,0.8224489795918367,0.4176020408163265,0.17469387755102042,0.09372448979591837,True
all_2021,single_h45,45,0.78,,,none,0.0,392,380,12,0.9693877551020408,44.328947368421055,45.0,0.9973684210526316,469,2.29480122324159,2374,11.615902140672782,0.4169941060903733,19.924159021406727,0.0,6.086734693877551,3.058673469387755,1.2418367346938775,0.6362244897959184,0.33341836734693875,0.151734693877551,0.0911734693877551,True
all_2021,single_h45,45,0.82,,,none,0.0,392,366,26,0.9336734693877551,43.9344262295082,45.0,0.9890710382513661,456,2.231192660550459,1726,8.445259938837921,0.48012048192771084,16.244648318042813,0.0,4.469387755102041,2.267857142857143,0.9469387755102041,0.5066326530612245,0.2864795918367347,0.1543877551020408,0.11035714285714286,True
all_2021,single_h45,45,0.86,,,none,0.0,392,342,50,0.8724489795918368,42.58771929824562,45.0,0.97953216374269,421,2.0599388379204893,1073,5.250152905198777,0.568903173965448,12.178593272171254,0.0,2.864795918367347,1.496173469387755,0.675,0.40127551020408164,0.26441326530612247,0.18229591836734693,0.15492346938775511,True
all_2021,single_h45,45,0.9,,,none,0.0,392,290,102,0.7397959183673469,42.10344827586207,45.0,0.9689655172413794,345,1.688073394495413,587,2.87217125382263,0.6589192330040674,8.420795107033639,0.0,1.7576530612244898,1.0089285714285714,0.5596938775510204,0.40994897959183674,0.3350765306122449,0.2901530612244898,0.27517857142857144,True
all_2021,single_h45,45,0.94,,,none,0.0,392,201,191,0.5127551020408163,41.343283582089555,45.0,0.9751243781094527,250,1.2232415902140672,243,1.1889908256880735,0.7520408163265306,4.795107033639144,0.0,1.1071428571428572,0.7971938775510204,0.6112244897959184,0.549234693877551,0.5182397959183673,0.49964285714285717,0.4934438775510204,True
all_2021,single_h45,45,0.98,,,none,0.0,392,83,309,0.21173469387755103,35.602409638554214,45.0,0.8192771084337349,111,0.5431192660550459,25,0.12232415902140673,0.911660777385159,1.384709480122324,0.0,0.8520408163265306,0.8201530612244898,0.8010204081632653,0.7946428571428571,0.7914540816326531,0.7895408163265306,0.7889030612244898,True
all_2021,single_h60,60,0.5,,,none,0.0,392,391,1,0.9974489795918368,59.69309462915601,60.0,0.9974424552429667,508,2.4856269113149847,7503,36.71192660550459,0.22864192453994037,47.59388379204893,0.0,19.142857142857142,9.572704081632653,3.830612244897959,1.9165816326530611,0.9595663265306122,0.38535714285714284,0.19395408163265307,True
all_2021,single_h60,60,0.54,,,none,0.0,392,391,1,0.9974489795918368,59.69309462915601,60.0,0.9974424552429667,513,2.510091743119266,6555,32.07339449541284,0.25230979810653587,42.89663608562691,0.0,16.724489795918366,8.363520408163266,3.3469387755102042,1.6747448979591837,0.8386479591836735,0.33698979591836736,0.1697704081632653,True
all_2021,single_h60,60,0.58,,,none,0.0,392,391,1,0.9974489795918368,59.69309462915601,60.0,0.9974424552429667,480,2.3486238532110093,5851,28.62874617737003,0.27253512371005845,39.35412844036697,0.0,14.928571428571429,7.465561224489796,2.987755102040816,1.4951530612244899,0.7488520408163265,0.30107142857142855,0.15181122448979592,True
all_2021,single_h60,60,0.62,,,none,0.0,392,391,1,0.9974489795918368,59.65473145780051,60.0,0.9974424552429667,449,2.1969418960244647,5098,24.94434250764526,0.29798953456348115,35.532721712538226,0.0,13.00765306122449,6.505102040816326,2.6035714285714286,1.3030612244897959,0.6528061224489796,0.2626530612244898,0.13260204081632654,True
all_2021,single_h60,60,0.66,,,none,0.0,392,391,1,0.9974489795918368,59.53964194373402,60.0,0.9974424552429667,434,2.1235474006116206,4367,21.36758409785933,0.32701494837417167,31.75045871559633,0.0,11.142857142857142,5.572704081632653,2.230612244897959,1.1165816326530613,0.5595663265306122,0.22535714285714287,0.11395408163265307,True
all_2021,single_h60,60,0.7,,,none,0.0,392,387,5,0.9872448979591837,59.34108527131783,60.0,0.9974160206718347,435,2.128440366972477,3627,17.74678899082569,0.36200527704485486,27.81651376146789,0.0,9.26530612244898,4.639030612244898,1.863265306122449,0.9380102040816326,0.4753826530612245,0.1978061224489796,0.10528061224489796,True
all_2021,single_h60,60,0.74,,,none,0.0,392,384,8,0.9795918367346939,59.140625,60.0,0.9921875,432,2.1137614678899084,3036,14.855045871559634,0.3938909962068277,24.50886850152905,0.0,7.76530612244898,3.892857142857143,1.5693877551020408,0.7948979591836735,0.4076530612244898,0.17530612244897958,0.09785714285714285,True
all_2021,single_h60,60,0.78,,,none,0.0,392,376,16,0.9591836734693877,58.56382978723404,60.0,0.9920212765957447,444,2.1724770642201836,2143,10.485626911314984,0.4625031351893654,19.508256880733946,0.0,5.50765306122449,2.774234693877551,1.1341836734693878,0.5875,0.3141581632653061,0.1501530612244898,0.09548469387755103,True
all_2021,single_h60,60,0.82,,,none,0.0,392,368,24,0.9387755102040817,57.83967391304348,60.0,0.9945652173913043,418,2.0452599388379205,1530,7.486238532110092,0.5289408866995073,15.892354740061162,0.0,3.9642857142857144,2.0127551020408165,0.8418367346938775,0.45153061224489793,0.25637755102040816,0.1392857142857143,0.10025510204081632,True
all_2021,single_h60,60,0.86,,,none,0.0,392,336,56,0.8571428571428571,56.25,60.0,0.9851190476190477,418,2.0452599388379205,955,4.672782874617737,0.6065100947672023,11.875229357798165,0.0,2.579081632653061,1.3609693877551021,0.6301020408163265,0.3864795918367347,0.26466836734693877,0.19158163265306122,0.16721938775510203,True
all_2021,single_h60,60,0.9,,,none,0.0,392,289,103,0.7372448979591837,55.588235294117645,60.0,0.9930795847750865,371,1.8152905198776759,527,2.5785932721712537,0.69413813116657,8.430581039755351,0.0,1.6071428571428572,0.9349489795918368,0.5316326530612245,0.3971938775510204,0.32997448979591837,0.28964285714285715,0.27619897959183676,True
all_2021,single_h60,60,0.94,,,none,0.0,392,200,192,0.5102040816326531,54.9,60.0,0.985,247,1.2085626911314984,188,0.9198776758409786,0.8031413612565445,4.672782874617737,0.0,0.9693877551020408,0.7295918367346939,0.5857142857142857,0.5377551020408163,0.5137755102040816,0.4993877551020408,0.49459183673469387,True
all_2021,single_h60,60,0.98,,,none,0.0,392,80,312,0.20408163265306123,51.9375,60.0,0.9625,106,0.5186544342507645,38,0.18593272171253822,0.8637992831541219,1.3651376146788992,0.0,0.8928571428571429,0.8443877551020408,0.8153061224489796,0.8056122448979591,0.800765306122449,0.7978571428571428,0.7968877551020408,True
all_2021,escalate_h60_to_h15,60,0.5,15.0,0.5,none,0.15904184229464377,392,391,1,0.9974489795918368,56.12531969309463,60.0,0.9820971867007673,626,3.0629969418960243,6060,29.65137614678899,0.2591687041564792,40.02446483180428,0.0,15.46173469387755,7.732142857142857,3.0943877551020407,1.5484693877551021,0.7755102040816326,0.31173469387755104,0.15714285714285714,True
all_2021,escalate_h60_to_h15,60,0.5,15.0,0.5,advisory_if_unsure,0.15904184229464377,392,391,1,0.9974489795918368,56.12531969309463,60.0,0.9820971867007673,626,3.0629969418960243,6060,29.65137614678899,0.2591687041564792,40.02446483180428,1.7712538226299694,15.46173469387755,7.732142857142857,3.0943877551020407,1.5484693877551021,0.7755102040816326,0.31173469387755104,0.15714285714285714,True
all_2021,escalate_h60_to_h15,60,0.5,15.0,0.5,confirm_only_if_unsure,0.15904184229464377,392,391,1,0.9974489795918368,57.0076726342711,60.0,0.9846547314578005,572,2.798776758409786,7226,35.3565749235474,0.22840363053924187,45.82262996941896,1.7712538226299694,18.43622448979592,9.21938775510204,3.6892857142857145,1.8459183673469388,0.924234693877551,0.3712244897959184,0.1868877551020408,True
all_2021,escalate_h60_to_h15,60,0.5,15.0,0.54,none,0.20520201500976662,392,391,1,0.9974489795918368,55.89514066496164,60.0,0.9820971867007673,615,3.0091743119266057,5619,27.493577981651377,0.273185875048506,37.82752293577982,0.0,14.33673469387755,7.169642857142857,2.869387755102041,1.435969387755102,0.7192602040816326,0.289234693877551,0.14589285714285713,True
all_2021,escalate_h60_to_h15,60,0.5,15.0,0.54,advisory_if_unsure,0.20520201500976662,392,391,1,0.9974489795918368,55.89514066496164,60.0,0.9820971867007673,615,3.0091743119266057,5619,27.493577981651377,0.273185875048506,37.82752293577982,1.996330275229358,14.33673469387755,7.169642857142857,2.869387755102041,1.435969387755102,0.7192602040816326,0.289234693877551,0.14589285714285713,True
all_2021,escalate_h60_to_h15,60,0.5,15.0,0.54,confirm_only_if_unsure,0.20520201500976662,392,391,1,0.9974489795918368,56.77749360613811,60.0,0.9846547314578005,580,2.837920489296636,7187,35.165749235474,0.22877991200772615,45.59755351681957,1.996330275229358,18.336734693877553,9.169642857142858,3.669387755102041,1.835969387755102,0.9192602040816327,0.36923469387755103,0.18589285714285714,True
all_2021,escalate_h60_to_h15,60,0.5,15.0,0.58,none,0.2496144751722011,392,391,1,0.9974489795918368,55.66496163682864,60.0,0.9820971867007673,577,2.8232415902140673,5192,25.40428134556575,0.2886696807781888,35.71376146788991,0.0,13.247448979591837,6.625,2.651530612244898,1.3270408163265306,0.664795918367347,0.2674489795918367,0.135,True
all_2021,escalate_h60_to_h15,60,0.5,15.0,0.58,advisory_if_unsure,0.2496144751722011,392,391,1,0.9974489795918368,55.66496163682864,60.0,0.9820971867007673,577,2.8232415902140673,5192,25.40428134556575,0.2886696807781888,35.71376146788991,2.21651376146789,13.247448979591837,6.625,2.651530612244898,1.3270408163265306,0.664795918367347,0.2674489795918367,0.135,True
all_2021,escalate_h60_to_h15,60,0.5,15.0,0.58,confirm_only_if_unsure,0.2496144751722011,392,391,1,0.9974489795918368,56.62404092071611,60.0,0.9846547314578005,583,2.852599388379205,7145,34.960244648318046,0.2295665300841061,45.37737003058104,2.21651376146789,18.229591836734695,9.116071428571429,3.6479591836734695,1.8252551020408163,0.9139030612244898,0.36709183673469387,0.18482142857142858,True
all_2021,escalate_h60_to_h15,60,0.5,15.0,0.62,none,0.3044104040300195,392,390,2,0.9948979591836735,55.23076923076923,60.0,0.9794871794871794,499,2.4415902140672783,4671,22.855045871559632,0.30963641738102277,33.10581039755352,0.0,11.920918367346939,5.963010204081633,2.388265306122449,1.1966836734693878,0.6008928571428571,0.24341836734693878,0.12426020408163266,True
all_2021,escalate_h60_to_h15,60,0.5,15.0,0.62,advisory_if_unsure,0.3044104040300195,392,390,2,0.9948979591836735,55.23076923076923,60.0,0.9794871794871794,499,2.4415902140672783,4671,22.855045871559632,0.30963641738102277,33.10581039755352,2.6568807339449543,11.920918367346939,5.963010204081633,2.388265306122449,1.1966836734693878,0.6008928571428571,0.24341836734693878,0.12426020408163266,True
all_2021,escalate_h60_to_h15,60,0.5,15.0,0.62,confirm_only_if_unsure,0.3044104040300195,392,390,2,0.9948979591836735,56.34615384615385,60.0,0.982051282051282,587,2.87217125382263,7064,34.563914373088686,0.2308362369337979,44.937003058103976,2.6568807339449543,18.025510204081634,9.01530612244898,3.6091836734693876,1.8071428571428572,0.9061224489795918,0.36551020408163265,0.1853061224489796,True
all_2021,escalate_h60_to_h15,60,0.5,15.0,0.66,none,0.37185154723964225,392,390,2,0.9948979591836735,53.76923076923077,60.0,0.9641025641025641,468,2.289908256880734,4053,19.83119266055046,0.33666121112929626,29.896024464831804,0.0,10.34438775510204,5.174744897959184,2.0729591836734693,1.039030612244898,0.5220663265306122,0.2118877551020408,0.10849489795918367,True
all_2021,escalate_h60_to_h15,60,0.5,15.0,0.66,advisory_if_unsure,0.37185154723964225,392,390,2,0.9948979591836735,53.76923076923077,60.0,0.9641025641025641,468,2.289908256880734,4053,19.83119266055046,0.33666121112929626,29.896024464831804,3.381039755351682,10.34438775510204,5.174744897959184,2.0729591836734693,1.039030612244898,0.5220663265306122,0.2118877551020408,0.10849489795918367,True
all_2021,escalate_h60_to_h15,60,0.5,15.0,0.66,confirm_only_if_unsure,0.37185154723964225,392,390,2,0.9948979591836735,55.65384615384615,60.0,0.9794871794871794,606,2.9651376146788992,6936,33.93761467889908,0.23240371845949534,44.21284403669725,3.381039755351682,17.698979591836736,8.85204081632653,3.543877551020408,1.7744897959183674,0.889795918367347,0.35897959183673467,0.1820408163265306,True
all_2021,escalate_h60_to_h15,60,0.5,15.0,0.7,none,0.4467975737637504,392,390,2,0.9948979591836735,50.96153846153846,60.0,0.9205128205128205,456,2.231192660550459,3416,16.714373088685015,0.365173759524252,26.329051987767585,0.0,8.71938775510204,4.362244897959184,1.7479591836734694,0.8765306122448979,0.44081632653061226,0.17938775510204083,0.09224489795918367,True
all_2021,escalate_h60_to_h15,60,0.5,15.0,0.7,advisory_if_unsure,0.4467975737637504,392,390,2,0.9948979591836735,50.96153846153846,60.0,0.9205128205128205,456,2.231192660550459,3416,16.714373088685015,0.365173759524252,26.329051987767585,4.7363914373088685,8.71938775510204,4.362244897959184,1.7479591836734694,0.8765306122448979,0.44081632653061226,0.17938775510204083,0.09224489795918367,True
all_2021,escalate_h60_to_h15,60,0.5,15.0,0.7,confirm_only_if_unsure,0.4467975737637504,392,390,2,0.9948979591836735,53.73076923076923,60.0,0.958974358974359,652,3.1902140672782875,6727,32.91498470948012,0.23198995319100355,42.85749235474006,4.7363914373088685,17.165816326530614,8.58545918367347,3.4372448979591836,1.7211734693877552,0.8631377551020408,0.34831632653061223,0.17670918367346938,True
all_2021,escalate_h60_to_h15,60,0.5,15.0,0.74,none,0.5153695898015832,392,390,2,0.9948979591836735,48.26923076923077,60.0,0.8769230769230769,472,2.309480122324159,2872,14.052599388379205,0.3907509546033093,23.065443425076452,0.0,7.331632653061225,3.6683673469387754,1.470408163265306,0.7377551020408163,0.37142857142857144,0.15163265306122448,0.0783673469387755,True
all_2021,escalate_h60_to_h15,60,0.5,15.0,0.74,advisory_if_unsure,0.5153695898015832,392,390,2,0.9948979591836735,48.26923076923077,60.0,0.8769230769230769,472,2.309480122324159,2872,14.052599388379205,0.3907509546033093,23.065443425076452,6.316819571865444,7.331632653061225,3.6683673469387754,1.470408163265306,0.7377551020408163,0.37142857142857144,0.15163265306122448,0.0783673469387755,True
all_2021,escalate_h60_to_h15,60,0.5,15.0,0.74,confirm_only_if_unsure,0.5153695898015832,392,390,2,0.9948979591836735,51.5,60.0,0.9333333333333333,704,3.4446483180428134,6495,31.779816513761467,0.23008534850640114,41.27706422018348,6.316819571865444,16.573979591836736,8.28954081632653,3.318877551020408,1.6619897959183674,0.8335459183673469,0.3364795918367347,0.17079081632653062,True
all_2021,escalate_h60_to_h15,60,0.5,15.0,0.78,none,0.5955587539837566,392,389,3,0.9923469387755102,45.077120822622106,60.0,0.8329048843187661,507,2.4807339449541286,2212,10.823241590214067,0.4377224199288256,19.248929663608564,0.0,5.650510204081633,2.829081632653061,1.1362244897959184,0.5719387755102041,0.2897959183673469,0.12051020408163265,0.06408163265306123,True
all_2021,escalate_h60_to_h15,60,0.5,15.0,0.78,advisory_if_unsure,0.5955587539837566,392,389,3,0.9923469387755102,45.077120822622106,60.0,0.8329048843187661,507,2.4807339449541286,2212,10.823241590214067,0.4377224199288256,19.248929663608564,8.40611620795107,5.650510204081633,2.829081632653061,1.1362244897959184,0.5719387755102041,0.2897959183673469,0.12051020408163265,0.06408163265306123,True
all_2021,escalate_h60_to_h15,60,0.5,15.0,0.78,confirm_only_if_unsure,0.5955587539837566,392,390,2,0.9948979591836735,48.76923076923077,60.0,0.8923076923076924,779,3.8116207951070336,6163,30.155351681957185,0.2304906979647896,39.18776758409786,8.40611620795107,15.72704081632653,7.866071428571429,3.149489795918367,1.577295918367347,0.7911989795918367,0.3195408163265306,0.16232142857142856,True
all_2021,escalate_h60_to_h15,60,0.5,15.0,0.82,none,0.6809910558239951,392,377,15,0.9617346938775511,42.09549071618037,45.0,0.7639257294429708,501,2.451376146788991,1520,7.437308868501529,0.5101514663229133,15.182874617737003,0.0,3.9158163265306123,1.9770408163265305,0.8137755102040817,0.4260204081632653,0.23214285714285715,0.11581632653061225,0.0770408163265306,True
all_2021,escalate_h60_to_h15,60,0.5,15.0,0.82,advisory_if_unsure,0.6809910558239951,392,377,15,0.9617346938775511,42.09549071618037,45.0,0.7639257294429708,501,2.451376146788991,1520,7.437308868501529,0.5101514663229133,15.182874617737003,10.60795107033639,3.9158163265306123,1.9770408163265305,0.8137755102040817,0.4260204081632653,0.23214285714285715,0.11581632653061225,0.0770408163265306,True
all_2021,escalate_h60_to_h15,60,0.5,15.0,0.82,confirm_only_if_unsure,0.6809910558239951,392,382,10,0.9744897959183674,46.72774869109948,60.0,0.8481675392670157,844,4.129663608562691,5801,28.384097859327216,0.23257044582616748,36.98593272171254,10.60795107033639,14.823979591836734,7.424744897959184,2.985204081632653,1.5053571428571428,0.7654336734693877,0.3214795918367347,0.17349489795918369,True
all_2021,escalate_h60_to_h15,60,0.5,15.0,0.86,none,0.7557314691066105,392,355,37,0.9056122448979592,39.46478873239437,45.0,0.6957746478873239,451,2.2067278287461773,949,4.6434250764525995,0.6005892255892256,11.625688073394496,0.0,2.5153061224489797,1.3048469387755102,0.5785714285714286,0.3364795918367347,0.21543367346938774,0.14280612244897958,0.11859693877551021,True
all_2021,escalate_h60_to_h15,60,0.5,15.0,0.86,advisory_if_unsure,0.7557314691066105,392,355,37,0.9056122448979592,39.46478873239437,45.0,0.6957746478873239,451,2.2067278287461773,949,4.6434250764525995,0.6005892255892256,11.625688073394496,12.364525993883792,2.5153061224489797,1.3048469387755102,0.5785714285714286,0.3364795918367347,0.21543367346938774,0.14280612244897958,0.11859693877551021,False
all_2021,escalate_h60_to_h15,60,0.5,15.0,0.86,confirm_only_if_unsure,0.7557314691066105,392,377,15,0.9617346938775511,45.03978779840849,60.0,0.8090185676392573,886,4.335168195718654,5534,27.077675840978593,0.2313888888888889,35.22935779816514,12.364525993883792,14.15561224489796,7.096938775510204,2.861734693877551,1.45,0.7441326530612244,0.3206122448979592,0.17943877551020407,False
all_2021,escalate_h60_to_h15,60,0.5,15.0,0.9,none,0.824509098385936,392,300,92,0.7653061224489796,37.15,30.0,0.63,418,2.0452599388379205,508,2.4856269113149847,0.7024018746338606,8.352293577981651,0.0,1.530612244897959,0.8826530612244898,0.49387755102040815,0.36428571428571427,0.29948979591836733,0.2606122448979592,0.2476530612244898,True
all_2021,escalate_h60_to_h15,60,0.5,15.0,0.9,advisory_if_unsure,0.824509098385936,392,300,92,0.7653061224489796,37.15,30.0,0.63,418,2.0452599388379205,508,2.4856269113149847,0.7024018746338606,8.352293577981651,13.988990825688074,1.530612244897959,0.8826530612244898,0.49387755102040815,0.36428571428571427,0.29948979591836733,0.2606122448979592,0.2476530612244898,False
all_2021,escalate_h60_to_h15,60,0.5,15.0,0.9,confirm_only_if_unsure,0.824509098385936,392,359,33,0.9158163265306123,44.33147632311978,60.0,0.7855153203342619,953,4.662996941896025,5322,26.040366972477063,0.22510192195690157,33.60489296636086,13.988990825688074,13.660714285714286,6.872448979591836,2.7994897959183676,1.4418367346938776,0.7630102040816327,0.3557142857142857,0.21994897959183674,False
all_2021,escalate_h60_to_h15,60,0.5,15.0,0.94,none,0.8896884959391385,392,212,180,0.5408163265306123,36.29716981132076,30.0,0.5660377358490566,311,1.5217125382262997,193,0.94434250764526,0.8201304753028891,5.250152905198777,0.0,0.951530612244898,0.7053571428571429,0.5576530612244898,0.5084183673469388,0.48380102040816325,0.46903061224489795,0.4641071428571429,True
all_2021,escalate_h60_to_h15,60,0.5,15.0,0.94,advisory_if_unsure,0.8896884959391385,392,212,180,0.5408163265306123,36.29716981132076,30.0,0.5660377358490566,311,1.5217125382262997,193,0.94434250764526,0.8201304753028891,5.250152905198777,15.59388379204893,0.951530612244898,0.7053571428571429,0.5576530612244898,0.5084183673469388,0.48380102040816325,0.46903061224489795,0.4641071428571429,False
all_2021,escalate_h60_to_h15,60,0.5,15.0,0.94,confirm_only_if_unsure,0.8896884959391385,392,330,62,0.8418367346938775,44.09090909090909,60.0,0.7727272727272727,990,4.844036697247707,5160,25.24770642201835,0.21100917431192662,32.0,15.59388379204893,13.321428571428571,6.739795918367347,2.7908163265306123,1.4744897959183674,0.8163265306122449,0.42142857142857143,0.2897959183673469,False
all_2021,escalate_h60_to_h15,60,0.5,15.0,0.98,none,0.9512696617662177,392,92,300,0.23469387755102042,36.358695652173914,30.0,0.532608695652174,195,0.9541284403669725,44,0.21529051987767583,0.9071729957805907,2.3192660550458717,0.0,0.8775510204081632,0.8214285714285714,0.7877551020408163,0.7765306122448979,0.7709183673469387,0.7675510204081633,0.7664285714285715,True
all_2021,escalate_h60_to_h15,60,0.5,15.0,0.98,advisory_if_unsure,0.9512696617662177,392,92,300,0.23469387755102042,36.358695652173914,30.0,0.532608695652174,195,0.9541284403669725,44,0.21529051987767583,0.9071729957805907,2.3192660550458717,17.370030581039757,0.8775510204081632,0.8214285714285714,0.7877551020408163,0.7765306122448979,0.7709183673469387,0.7675510204081633,0.7664285714285715,False
all_2021,escalate_h60_to_h15,60,0.5,15.0,0.98,confirm_only_if_unsure,0.9512696617662177,392,278,114,0.7091836734693877,45.16187050359712,60.0,0.8057553956834532,1009,4.937003058103976,5065,24.782874617737004,0.18002266472397604,30.223853211009175,17.370030581039757,13.21173469387755,6.751275510204081,2.875,1.5829081632653061,0.9368622448979592,0.549234693877551,0.42002551020408163,False
all_2021,escalate_h60_to_h15,60,0.54,15.0,0.5,none,0.12855024523782366,392,391,1,0.9974489795918368,56.12531969309463,60.0,0.9820971867007673,560,2.7400611620795106,5532,27.06788990825688,0.27591623036649215,37.3822629969419,0.0,14.114795918367347,7.058673469387755,2.825,1.4137755102040817,0.7081632653061225,0.2847959183673469,0.1436734693877551,True
all_2021,escalate_h60_to_h15,60,0.54,15.0,0.5,advisory_if_unsure,0.12855024523782366,392,391,1,0.9974489795918368,56.12531969309463,60.0,0.9820971867007673,560,2.7400611620795106,5532,27.06788990825688,0.27591623036649215,37.3822629969419,1.688073394495413,14.114795918367347,7.058673469387755,2.825,1.4137755102040817,0.7081632653061225,0.2847959183673469,0.1436734693877551,True
all_2021,escalate_h60_to_h15,60,0.54,15.0,0.5,confirm_only_if_unsure,0.12855024523782366,392,391,1,0.9974489795918368,57.0076726342711,60.0,0.9846547314578005,580,2.837920489296636,6295,30.801223241590215,0.25255283780574683,41.2085626911315,1.688073394495413,16.06122448979592,8.03188775510204,3.2142857142857144,1.6084183673469388,0.8054846938775511,0.3237244897959184,0.16313775510204082,True
all_2021,escalate_h60_to_h15,60,0.54,15.0,0.54,none,0.15957568153302157,392,391,1,0.9974489795918368,55.89514066496164,60.0,0.9820971867007673,557,2.7253822629969418,5268,25.776146788990825,0.28501628664495116,36.05137614678899,0.0,13.441326530612244,6.721938775510204,2.6903061224489795,1.3464285714285715,0.6744897959183673,0.2713265306122449,0.13693877551020409,True
all_2021,escalate_h60_to_h15,60,0.54,15.0,0.54,advisory_if_unsure,0.15957568153302157,392,391,1,0.9974489795918368,55.89514066496164,60.0,0.9820971867007673,557,2.7253822629969418,5268,25.776146788990825,0.28501628664495116,36.05137614678899,1.9033639143730887,13.441326530612244,6.721938775510204,2.6903061224489795,1.3464285714285715,0.6744897959183673,0.2713265306122449,0.13693877551020409,True
all_2021,escalate_h60_to_h15,60,0.54,15.0,0.54,confirm_only_if_unsure,0.15957568153302157,392,391,1,0.9974489795918368,56.77749360613811,60.0,0.9846547314578005,585,2.8623853211009176,6258,30.62018348623853,0.2530436858438768,40.99327217125382,1.9033639143730887,15.966836734693878,7.98469387755102,3.195408163265306,1.5989795918367347,0.800765306122449,0.3218367346938775,0.1621938775510204,True
all_2021,escalate_h60_to_h15,60,0.54,15.0,0.58,none,0.19185582297251055,392,391,1,0.9974489795918368,55.66496163682864,60.0,0.9820971867007673,549,2.686238532110092,4990,24.415902140672785,0.2956951305575159,34.666666666666664,0.0,12.732142857142858,6.36734693877551,2.548469387755102,1.2755102040816326,0.639030612244898,0.2571428571428571,0.1298469387755102,True
all_2021,escalate_h60_to_h15,60,0.54,15.0,0.58,advisory_if_unsure,0.19185582297251055,392,391,1,0.9974489795918368,55.66496163682864,60.0,0.9820971867007673,549,2.686238532110092,4990,24.415902140672785,0.2956951305575159,34.666666666666664,2.079510703363914,12.732142857142858,6.36734693877551,2.548469387755102,1.2755102040816326,0.639030612244898,0.2571428571428571,0.1298469387755102,True
all_2021,escalate_h60_to_h15,60,0.54,15.0,0.58,confirm_only_if_unsure,0.19185582297251055,392,391,1,0.9974489795918368,56.62404092071611,60.0,0.9846547314578005,587,2.87217125382263,6225,30.458715596330276,0.25377607288420045,40.817125382262994,2.079510703363914,15.88265306122449,7.942602040816326,3.1785714285714284,1.590561224489796,0.7965561224489796,0.3201530612244898,0.16135204081632654,True
all_2021,escalate_h60_to_h15,60,0.54,15.0,0.62,none,0.2420440287441542,392,390,2,0.9948979591836735,55.23076923076923,60.0,0.9794871794871794,495,2.4220183486238533,4562,22.3217125382263,0.3134687735139202,32.51376146788991,0.0,11.642857142857142,5.823979591836735,2.33265306122449,1.1688775510204081,0.5869897959183673,0.23785714285714285,0.1214795918367347,True
all_2021,escalate_h60_to_h15,60,0.54,15.0,0.62,advisory_if_unsure,0.2420440287441542,392,390,2,0.9948979591836735,55.23076923076923,60.0,0.9794871794871794,495,2.4220183486238533,4562,22.3217125382263,0.3134687735139202,32.51376146788991,2.5003058103975535,11.642857142857142,5.823979591836735,2.33265306122449,1.1688775510204081,0.5869897959183673,0.23785714285714285,0.1214795918367347,True
all_2021,escalate_h60_to_h15,60,0.54,15.0,0.62,confirm_only_if_unsure,0.2420440287441542,392,390,2,0.9948979591836735,56.34615384615385,60.0,0.982051282051282,588,2.8770642201834864,6148,30.081957186544344,0.2553294573643411,40.39633027522936,2.5003058103975535,15.688775510204081,7.846938775510204,3.1418367346938774,1.573469387755102,0.7892857142857143,0.3187755102040816,0.16193877551020408,True
all_2021,escalate_h60_to_h15,60,0.54,15.0,0.66,none,0.31048249116003196,392,390,2,0.9948979591836735,53.76923076923077,60.0,0.9641025641025641,482,2.3584097859327215,4000,19.571865443425075,0.33829611248966085,29.577981651376145,0.0,10.209183673469388,5.107142857142857,2.045918367346939,1.0255102040816326,0.5153061224489796,0.20918367346938777,0.10714285714285714,True
all_2021,escalate_h60_to_h15,60,0.54,15.0,0.66,advisory_if_unsure,0.31048249116003196,392,390,2,0.9948979591836735,53.76923076923077,60.0,0.9641025641025641,482,2.3584097859327215,4000,19.571865443425075,0.33829611248966085,29.577981651376145,3.2048929663608563,10.209183673469388,5.107142857142857,2.045918367346939,1.0255102040816326,0.5153061224489796,0.20918367346938777,0.10714285714285714,True
all_2021,escalate_h60_to_h15,60,0.54,15.0,0.66,confirm_only_if_unsure,0.31048249116003196,392,390,2,0.9948979591836735,55.65384615384615,60.0,0.9794871794871794,609,2.979816513761468,6024,29.475229357798167,0.257396449704142,39.69174311926606,3.2048929663608563,15.372448979591837,7.688775510204081,3.0785714285714287,1.5418367346938775,0.773469387755102,0.31244897959183676,0.15877551020408162,True
all_2021,escalate_h60_to_h15,60,0.54,15.0,0.7,none,0.3920383255389529,392,390,2,0.9948979591836735,50.96153846153846,60.0,0.9205128205128205,461,2.25565749235474,3377,16.52354740061162,0.36641651031894934,26.079510703363916,0.0,8.619897959183673,4.3125,1.728061224489796,0.8665816326530612,0.4358418367346939,0.17739795918367346,0.09125,True
all_2021,escalate_h60_to_h15,60,0.54,15.0,0.7,advisory_if_unsure,0.3920383255389529,392,390,2,0.9948979591836735,50.96153846153846,60.0,0.9205128205128205,461,2.25565749235474,3377,16.52354740061162,0.36641651031894934,26.079510703363916,4.555351681957187,8.619897959183673,4.3125,1.728061224489796,0.8665816326530612,0.4358418367346939,0.17739795918367346,0.09125,True
all_2021,escalate_h60_to_h15,60,0.54,15.0,0.7,confirm_only_if_unsure,0.3920383255389529,392,390,2,0.9948979591836735,53.73076923076923,60.0,0.958974358974359,647,3.165749235474006,5816,28.45749235474006,0.25778458397141396,38.341284403669725,4.555351681957187,14.841836734693878,7.423469387755102,2.9724489795918365,1.4887755102040816,0.746938775510204,0.30183673469387756,0.15346938775510205,True
all_2021,escalate_h60_to_h15,60,0.54,15.0,0.74,none,0.4674346983004449,392,390,2,0.9948979591836735,48.26923076923077,60.0,0.8769230769230769,477,2.3339449541284405,2839,13.891131498470948,0.39194688370100667,22.84525993883792,0.0,7.247448979591836,3.626275510204082,1.4535714285714285,0.7293367346938775,0.36721938775510204,0.14994897959183673,0.07752551020408163,True
all_2021,escalate_h60_to_h15,60,0.54,15.0,0.74,advisory_if_unsure,0.4674346983004449,392,390,2,0.9948979591836735,48.26923076923077,60.0,0.8769230769230769,477,2.3339449541284405,2839,13.891131498470948,0.39194688370100667,22.84525993883792,6.130886850152905,7.247448979591836,3.626275510204082,1.4535714285714285,0.7293367346938775,0.36721938775510204,0.14994897959183673,0.07752551020408163,True
all_2021,escalate_h60_to_h15,60,0.54,15.0,0.74,confirm_only_if_unsure,0.4674346983004449,392,390,2,0.9948979591836735,51.5,60.0,0.9333333333333333,699,3.4201834862385323,5585,27.327217125382262,0.2567207878626564,36.765749235474004,6.130886850152905,14.252551020408163,7.128826530612245,2.854591836734694,1.4298469387755102,0.7174744897959183,0.2900510204081633,0.1475765306122449,True
all_2021,escalate_h60_to_h15,60,0.54,15.0,0.78,none,0.55594844302498,392,389,3,0.9923469387755102,45.077120822622106,60.0,0.8329048843187661,510,2.4954128440366974,2182,10.676452599388378,0.43950680708964807,19.048318042813456,0.0,5.573979591836735,2.7908163265306123,1.1209183673469387,0.5642857142857143,0.28596938775510206,0.11897959183673469,0.06331632653061224,True
all_2021,escalate_h60_to_h15,60,0.54,15.0,0.78,advisory_if_unsure,0.55594844302498,392,389,3,0.9923469387755102,45.077120822622106,60.0,0.8329048843187661,510,2.4954128440366974,2182,10.676452599388378,0.43950680708964807,19.048318042813456,8.21039755351682,5.573979591836735,2.7908163265306123,1.1209183673469387,0.5642857142857143,0.28596938775510206,0.11897959183673469,0.06331632653061224,True
all_2021,escalate_h60_to_h15,60,0.54,15.0,0.78,confirm_only_if_unsure,0.55594844302498,392,390,2,0.9948979591836735,48.76923076923077,60.0,0.8923076923076924,771,3.7724770642201837,5255,25.712538226299696,0.2587106785160107,34.68623853211009,8.21039755351682,13.410714285714286,6.707908163265306,2.686224489795918,1.3456632653061225,0.6753826530612245,0.2732142857142857,0.1391581632653061,True
all_2021,escalate_h60_to_h15,60,0.54,15.0,0.82,none,0.6501653929508384,392,377,15,0.9617346938775511,42.09549071618037,45.0,0.7639257294429708,501,2.451376146788991,1495,7.314984709480123,0.5125529833713727,15.006727828746177,0.0,3.8520408163265305,1.9451530612244898,0.8010204081632653,0.41964285714285715,0.22895408163265307,0.11454081632653061,0.0764030612244898,True
all_2021,escalate_h60_to_h15,60,0.54,15.0,0.82,advisory_if_unsure,0.6501653929508384,392,377,15,0.9617346938775511,42.09549071618037,45.0,0.7639257294429708,501,2.451376146788991,1495,7.314984709480123,0.5125529833713727,15.006727828746177,10.397553516819572,3.8520408163265305,1.9451530612244898,0.8010204081632653,0.41964285714285715,0.22895408163265307,0.11454081632653061,0.0764030612244898,True
all_2021,escalate_h60_to_h15,60,0.54,15.0,0.82,confirm_only_if_unsure,0.6501653929508384,392,382,10,0.9744897959183674,46.72774869109948,60.0,0.8481675392670157,833,4.0758409785932725,4896,23.955963302752295,0.26287262872628725,32.49908256880734,10.397553516819572,12.51530612244898,6.270408163265306,2.523469387755102,1.2744897959183674,0.65,0.2753061224489796,0.15040816326530612,True
all_2021,escalate_h60_to_h15,60,0.54,15.0,0.86,none,0.7316071632257328,392,355,37,0.9056122448979592,39.46478873239437,45.0,0.6957746478873239,451,2.2067278287461773,936,4.579816513761468,0.6022099447513812,11.513149847094802,0.0,2.482142857142857,1.288265306122449,0.5719387755102041,0.33316326530612245,0.21377551020408164,0.14214285714285715,0.11826530612244898,True
all_2021,escalate_h60_to_h15,60,0.54,15.0,0.86,advisory_if_unsure,0.7316071632257328,392,355,37,0.9056122448979592,39.46478873239437,45.0,0.6957746478873239,451,2.2067278287461773,936,4.579816513761468,0.6022099447513812,11.513149847094802,12.095412844036698,2.482142857142857,1.288265306122449,0.5719387755102041,0.33316326530612245,0.21377551020408164,0.14214285714285715,0.11826530612244898,False
all_2021,escalate_h60_to_h15,60,0.54,15.0,0.86,confirm_only_if_unsure,0.7316071632257328,392,377,15,0.9617346938775511,45.03978779840849,60.0,0.8090185676392573,874,4.276452599388379,4640,22.70336391437309,0.26290706910246225,30.801223241590215,12.095412844036698,11.875,5.956632653061225,2.4056122448979593,1.221938775510204,0.6301020408163265,0.275,0.15663265306122448,False
all_2021,escalate_h60_to_h15,60,0.54,15.0,0.9,none,0.8068894718831984,392,300,92,0.7653061224489796,37.15,30.0,0.63,417,2.0403669724770643,502,2.456269113149847,0.7034849379799173,8.283792048929664,0.0,1.5153061224489797,0.875,0.49081632653061225,0.36275510204081635,0.29872448979591837,0.2603061224489796,0.2475,True
all_2021,escalate_h60_to_h15,60,0.54,15.0,0.9,advisory_if_unsure,0.8068894718831984,392,300,92,0.7653061224489796,37.15,30.0,0.63,417,2.0403669724770643,502,2.456269113149847,0.7034849379799173,8.283792048929664,13.675840978593271,1.5153061224489797,0.875,0.49081632653061225,0.36275510204081635,0.29872448979591837,0.2603061224489796,0.2475,False
all_2021,escalate_h60_to_h15,60,0.54,15.0,0.9,confirm_only_if_unsure,0.8068894718831984,392,359,33,0.9158163265306123,44.33147632311978,60.0,0.7855153203342619,938,4.58960244648318,4435,21.700305810397552,0.2573677160080375,29.220795107033638,13.675840978593271,11.39795918367347,5.741071428571429,2.3469387755102042,1.215561224489796,0.6498724489795918,0.31045918367346936,0.19732142857142856,False
all_2021,escalate_h60_to_h15,60,0.54,15.0,0.94,none,0.8786357933158435,392,212,180,0.5408163265306123,36.29716981132076,30.0,0.5660377358490566,309,1.5119266055045872,190,0.9296636085626911,0.8214285714285714,5.20611620795107,0.0,0.9438775510204082,0.701530612244898,0.5561224489795918,0.5076530612244898,0.48341836734693877,0.4688775510204082,0.46403061224489794,True
all_2021,escalate_h60_to_h15,60,0.54,15.0,0.94,advisory_if_unsure,0.8786357933158435,392,212,180,0.5408163265306123,36.29716981132076,30.0,0.5660377358490566,309,1.5119266055045872,190,0.9296636085626911,0.8214285714285714,5.20611620795107,15.261162079510703,0.9438775510204082,0.701530612244898,0.5561224489795918,0.5076530612244898,0.48341836734693877,0.4688775510204082,0.46403061224489794,False
all_2021,escalate_h60_to_h15,60,0.54,15.0,0.94,confirm_only_if_unsure,0.8786357933158435,392,330,62,0.8418367346938775,44.09090909090909,60.0,0.7727272727272727,973,4.76085626911315,4276,20.922324159021407,0.24291784702549576,27.63547400611621,15.261162079510703,11.066326530612244,5.612244897959184,2.339795918367347,1.2489795918367348,0.7035714285714286,0.3763265306122449,0.26724489795918366,False
all_2021,escalate_h60_to_h15,60,0.54,15.0,0.98,none,0.9467320634196419,392,92,300,0.23469387755102042,36.358695652173914,30.0,0.532608695652174,193,0.94434250764526,41,0.20061162079510703,0.9122055674518201,2.2850152905198775,0.0,0.8698979591836735,0.8176020408163265,0.7862244897959184,0.775765306122449,0.7705357142857143,0.7673979591836735,0.7663520408163266,True
all_2021,escalate_h60_to_h15,60,0.54,15.0,0.98,advisory_if_unsure,0.9467320634196419,392,92,300,0.23469387755102042,36.358695652173914,30.0,0.532608695652174,193,0.94434250764526,41,0.20061162079510703,0.9122055674518201,2.2850152905198775,17.027522935779817,0.8698979591836735,0.8176020408163265,0.7862244897959184,0.775765306122449,0.7705357142857143,0.7673979591836735,0.7663520408163266,False
all_2021,escalate_h60_to_h15,60,0.54,15.0,0.98,confirm_only_if_unsure,0.9467320634196419,392,278,114,0.7091836734693877,45.16187050359712,60.0,0.8057553956834532,995,4.868501529051988,4181,20.45749235474006,0.20919235861547192,25.869113149847095,17.027522935779817,10.956632653061224,5.623724489795919,2.423979591836735,1.3573979591836736,0.8241071428571428,0.5041326530612245,0.3974744897959184,False
all_2021,escalate_h60_to_h15,60,0.58,15.0,0.5,none,0.10493596916573418,392,391,1,0.9974489795918368,56.12531969309463,60.0,0.9820971867007673,531,2.598165137614679,5111,25.007951070336393,0.29004028337269067,35.22446483180428,0.0,13.040816326530612,6.521683673469388,2.610204081632653,1.306377551020408,0.6544642857142857,0.26331632653061227,0.13293367346938775,True
all_2021,escalate_h60_to_h15,60,0.58,15.0,0.5,advisory_if_unsure,0.10493596916573418,392,391,1,0.9974489795918368,56.12531969309463,60.0,0.9820971867007673,531,2.598165137614679,5111,25.007951070336393,0.29004028337269067,35.22446483180428,1.5902140672782874,13.040816326530612,6.521683673469388,2.610204081632653,1.306377551020408,0.6544642857142857,0.26331632653061227,0.13293367346938775,True
all_2021,escalate_h60_to_h15,60,0.58,15.0,0.5,confirm_only_if_unsure,0.10493596916573418,392,391,1,0.9974489795918368,57.0076726342711,60.0,0.9846547314578005,543,2.6568807339449543,5611,27.454434250764525,0.2729981860585644,37.76391437308868,1.5902140672782874,14.316326530612244,7.159438775510204,2.8653061224489798,1.4339285714285714,0.7182397959183674,0.2888265306122449,0.1456887755102041,True
all_2021,escalate_h60_to_h15,60,0.58,15.0,0.54,none,0.1298023125699366,392,391,1,0.9974489795918368,55.89514066496164,60.0,0.9820971867007673,527,2.5785932721712537,4919,24.06850152905199,0.29718531218745536,34.24587155963303,0.0,12.551020408163266,6.276785714285714,2.512244897959184,1.2573979591836735,0.6299744897959184,0.2535204081632653,0.12803571428571428,True
all_2021,escalate_h60_to_h15,60,0.58,15.0,0.54,advisory_if_unsure,0.1298023125699366,392,391,1,0.9974489795918368,55.89514066496164,60.0,0.9820971867007673,527,2.5785932721712537,4919,24.06850152905199,0.29718531218745536,34.24587155963303,1.8055045871559634,12.551020408163266,6.276785714285714,2.512244897959184,1.2573979591836735,0.6299744897959184,0.2535204081632653,0.12803571428571428,True
all_2021,escalate_h60_to_h15,60,0.58,15.0,0.54,confirm_only_if_unsure,0.1298023125699366,392,391,1,0.9974489795918368,56.77749360613811,60.0,0.9846547314578005,544,2.6617737003058104,5574,27.273394495412845,0.2736512900703675,37.54862385321101,1.8055045871559634,14.221938775510203,7.112244897959184,2.8464285714285715,1.4244897959183673,0.7135204081632653,0.2869387755102041,0.14474489795918366,True
all_2021,escalate_h60_to_h15,60,0.58,15.0,0.58,none,0.15417132910605497,392,391,1,0.9974489795918368,55.66496163682864,60.0,0.9820971867007673,515,2.5198776758409784,4728,23.13394495412844,0.305012494487726,33.286850152905195,0.0,12.063775510204081,6.033163265306122,2.414795918367347,1.208673469387755,0.6056122448979592,0.24377551020408164,0.12316326530612245,True
all_2021,escalate_h60_to_h15,60,0.58,15.0,0.58,advisory_if_unsure,0.15417132910605497,392,391,1,0.9974489795918368,55.66496163682864,60.0,0.9820971867007673,515,2.5198776758409784,4728,23.13394495412844,0.305012494487726,33.286850152905195,1.9669724770642203,12.063775510204081,6.033163265306122,2.414795918367347,1.208673469387755,0.6056122448979592,0.24377551020408164,0.12316326530612245,True
all_2021,escalate_h60_to_h15,60,0.58,15.0,0.58,confirm_only_if_unsure,0.15417132910605497,392,391,1,0.9974489795918368,56.62404092071611,60.0,0.9846547314578005,547,2.676452599388379,5544,27.126605504587157,0.2744405182567727,37.38715596330275,1.9669724770642203,14.145408163265307,7.073979591836735,2.831122448979592,1.4168367346938775,0.7096938775510204,0.2854081632653061,0.1439795918367347,True
all_2021,escalate_h60_to_h15,60,0.58,15.0,0.62,none,0.19569812259107297,392,390,2,0.9948979591836735,55.23076923076923,60.0,0.9794871794871794,487,2.382874617737003,4406,21.55840978593272,0.318905549543979,31.652599388379205,0.0,11.244897959183673,5.625,2.253061224489796,1.1290816326530613,0.5670918367346939,0.22989795918367348,0.1175,True
all_2021,escalate_h60_to_h15,60,0.58,15.0,0.62,advisory_if_unsure,0.19569812259107297,392,390,2,0.9948979591836735,55.23076923076923,60.0,0.9794871794871794,487,2.382874617737003,4406,21.55840978593272,0.318905549543979,31.652599388379205,2.3730886850152904,11.244897959183673,5.625,2.253061224489796,1.1290816326530613,0.5670918367346939,0.22989795918367348,0.1175,True
all_2021,escalate_h60_to_h15,60,0.58,15.0,0.62,confirm_only_if_unsure,0.19569812259107297,392,390,2,0.9948979591836735,56.34615384615385,60.0,0.982051282051282,548,2.6813455657492353,5470,26.76452599388379,0.27626356178883305,36.98103975535168,2.3730886850152904,13.959183673469388,6.982142857142857,2.795918367346939,1.4005102040816326,0.7028061224489796,0.2841836734693878,0.14464285714285716,True
all_2021,escalate_h60_to_h15,60,0.58,15.0,0.66,none,0.2607236105930623,392,390,2,0.9948979591836735,53.76923076923077,60.0,0.9641025641025641,487,2.382874617737003,3921,19.18532110091743,0.34056508577194755,29.093577981651375,0.0,10.00765306122449,5.0063775510204085,2.005612244897959,1.0053571428571428,0.5052295918367347,0.20515306122448979,0.10512755102040816,True
all_2021,escalate_h60_to_h15,60,0.58,15.0,0.66,advisory_if_unsure,0.2607236105930623,392,390,2,0.9948979591836735,53.76923076923077,60.0,0.9641025641025641,487,2.382874617737003,3921,19.18532110091743,0.34056508577194755,29.093577981651375,3.053211009174312,10.00765306122449,5.0063775510204085,2.005612244897959,1.0053571428571428,0.5052295918367347,0.20515306122448979,0.10512755102040816,True
all_2021,escalate_h60_to_h15,60,0.58,15.0,0.66,confirm_only_if_unsure,0.2607236105930623,392,390,2,0.9948979591836735,55.65384615384615,60.0,0.9794871794871794,568,2.779204892966361,5351,26.182262996941898,0.2787437660062003,36.30091743119266,3.053211009174312,13.65561224489796,6.830357142857143,2.735204081632653,1.3701530612244899,0.6876275510204082,0.27811224489795916,0.14160714285714285,True
all_2021,escalate_h60_to_h15,60,0.58,15.0,0.7,none,0.3456421733184135,392,390,2,0.9948979591836735,50.96153846153846,60.0,0.9205128205128205,466,2.2801223241590214,3330,16.293577981651374,0.36728101843055294,25.751681957186545,0.0,8.5,4.252551020408164,1.7040816326530612,0.8545918367346939,0.4298469387755102,0.175,0.09005102040816326,True
all_2021,escalate_h60_to_h15,60,0.58,15.0,0.7,advisory_if_unsure,0.3456421733184135,392,390,2,0.9948979591836735,50.96153846153846,60.0,0.9205128205128205,466,2.2801223241590214,3330,16.293577981651374,0.36728101843055294,25.751681957186545,4.384097859327217,8.5,4.252551020408164,1.7040816326530612,0.8545918367346939,0.4298469387755102,0.175,0.09005102040816326,True
all_2021,escalate_h60_to_h15,60,0.58,15.0,0.7,confirm_only_if_unsure,0.3456421733184135,392,390,2,0.9948979591836735,53.73076923076923,60.0,0.958974358974359,605,2.9602446483180427,5147,25.184097859327217,0.2798376941374003,34.97003058103976,4.384097859327217,13.135204081632653,6.57015306122449,2.6311224489795917,1.3181122448979592,0.6616071428571428,0.2677040816326531,0.1364030612244898,True
all_2021,escalate_h60_to_h15,60,0.58,15.0,0.74,none,0.4265821210990924,392,390,2,0.9948979591836735,48.26923076923077,60.0,0.8769230769230769,480,2.3486238532110093,2802,13.710091743119266,0.3924544666088465,22.566360856269114,0.0,7.153061224489796,3.579081632653061,1.4346938775510205,0.7198979591836735,0.3625,0.14806122448979592,0.07658163265306123,True
all_2021,escalate_h60_to_h15,60,0.58,15.0,0.74,advisory_if_unsure,0.4265821210990924,392,390,2,0.9948979591836735,48.26923076923077,60.0,0.8769230769230769,480,2.3486238532110093,2802,13.710091743119266,0.3924544666088465,22.566360856269114,5.944954128440367,7.153061224489796,3.579081632653061,1.4346938775510205,0.7198979591836735,0.3625,0.14806122448979592,0.07658163265306123,True
all_2021,escalate_h60_to_h15,60,0.58,15.0,0.74,confirm_only_if_unsure,0.4265821210990924,392,390,2,0.9948979591836735,51.5,60.0,0.9333333333333333,653,3.1951070336391436,4919,24.06850152905199,0.27958406561218513,33.409174311926606,5.944954128440367,12.553571428571429,6.279336734693878,2.514795918367347,1.2599489795918368,0.6325255102040817,0.25607142857142856,0.13058673469387755,True
all_2021,escalate_h60_to_h15,60,0.58,15.0,0.78,none,0.5215715529031456,392,389,3,0.9923469387755102,45.077120822622106,60.0,0.8329048843187661,515,2.5198776758409784,2157,10.554128440366972,0.43944906444906445,18.828134556574923,0.0,5.510204081632653,2.7589285714285716,1.1081632653061224,0.5579081632653061,0.282780612244898,0.11770408163265306,0.06267857142857143,True
all_2021,escalate_h60_to_h15,60,0.58,15.0,0.78,advisory_if_unsure,0.5215715529031456,392,389,3,0.9923469387755102,45.077120822622106,60.0,0.8329048843187661,515,2.5198776758409784,2157,10.554128440366972,0.43944906444906445,18.828134556574923,7.990214067278288,5.510204081632653,2.7589285714285716,1.1081632653061224,0.5579081632653061,0.282780612244898,0.11770408163265306,0.06267857142857143,True
all_2021,escalate_h60_to_h15,60,0.58,15.0,0.78,confirm_only_if_unsure,0.5215715529031456,392,390,2,0.9948979591836735,48.76923076923077,60.0,0.8923076923076924,727,3.5571865443425077,4596,22.488073394495412,0.2829953198127925,31.363914373088686,7.990214067278288,11.729591836734693,5.86734693877551,2.35,1.1775510204081632,0.5913265306122449,0.23959183673469386,0.1223469387755102,True
all_2021,escalate_h60_to_h15,60,0.58,15.0,0.82,none,0.6231505657093125,392,376,16,0.9591836734693877,42.087765957446805,45.0,0.7632978723404256,499,2.4415902140672783,1477,7.22691131498471,0.5127020785219399,14.830581039755351,0.0,3.808673469387755,1.9247448979591837,0.7943877551020408,0.4176020408163265,0.22920918367346937,0.11617346938775511,0.07849489795918367,True
all_2021,escalate_h60_to_h15,60,0.58,15.0,0.82,advisory_if_unsure,0.6231505657093125,392,376,16,0.9591836734693877,42.087765957446805,45.0,0.7632978723404256,499,2.4415902140672783,1477,7.22691131498471,0.5127020785219399,14.830581039755351,10.138226299694189,3.808673469387755,1.9247448979591837,0.7943877551020408,0.4176020408163265,0.22920918367346937,0.11617346938775511,0.07849489795918367,True
all_2021,escalate_h60_to_h15,60,0.58,15.0,0.82,confirm_only_if_unsure,0.6231505657093125,392,381,11,0.9719387755102041,46.732283464566926,60.0,0.847769028871391,785,3.840978593272171,4243,20.760856269113148,0.2893987606766036,29.21590214067278,10.138226299694189,10.85204081632653,5.440051020408164,2.192857142857143,1.1104591836734694,0.5692602040816327,0.2445408163265306,0.13630102040816328,True
all_2021,escalate_h60_to_h15,60,0.58,15.0,0.86,none,0.711177421360189,392,354,38,0.9030612244897959,39.44915254237288,45.0,0.6949152542372882,451,2.2067278287461773,922,4.51131498470948,0.6030994403788205,11.366360856269113,0.0,2.4489795918367347,1.2729591836734695,0.5673469387755102,0.33214285714285713,0.2145408163265306,0.1439795918367347,0.12045918367346939,True
all_2021,escalate_h60_to_h15,60,0.58,15.0,0.86,advisory_if_unsure,0.711177421360189,392,354,38,0.9030612244897959,39.44915254237288,45.0,0.6949152542372882,451,2.2067278287461773,922,4.51131498470948,0.6030994403788205,11.366360856269113,11.806727828746178,2.4489795918367347,1.2729591836734695,0.5673469387755102,0.33214285714285713,0.2145408163265306,0.1439795918367347,0.12045918367346939,True
all_2021,escalate_h60_to_h15,60,0.58,15.0,0.86,confirm_only_if_unsure,0.711177421360189,392,376,16,0.9591836734693877,45.03989361702128,60.0,0.8085106382978723,826,4.041590214067278,3991,19.52782874617737,0.2911190053285968,27.547400611620795,11.806727828746178,10.221938775510203,5.1313775510204085,2.0770408163265306,1.0589285714285714,0.5498724489795919,0.24443877551020407,0.14262755102040817,True
all_2021,escalate_h60_to_h15,60,0.58,15.0,0.9,none,0.7921173691408678,392,299,93,0.7627551020408163,37.123745819397996,30.0,0.6287625418060201,414,2.0256880733944955,496,2.4269113149847095,0.7033492822966507,8.181039755351682,0.0,1.5025510204081634,0.8698979591836735,0.4903061224489796,0.3637755102040816,0.30051020408163265,0.26255102040816325,0.24989795918367347,True
all_2021,escalate_h60_to_h15,60,0.58,15.0,0.9,advisory_if_unsure,0.7921173691408678,392,299,93,0.7627551020408163,37.123745819397996,30.0,0.6287625418060201,414,2.0256880733944955,496,2.4269113149847095,0.7033492822966507,8.181039755351682,13.348012232415902,1.5025510204081634,0.8698979591836735,0.4903061224489796,0.3637755102040816,0.30051020408163265,0.26255102040816325,0.24989795918367347,False
all_2021,escalate_h60_to_h15,60,0.58,15.0,0.9,confirm_only_if_unsure,0.7921173691408678,392,358,34,0.9132653061224489,44.32960893854749,60.0,0.7849162011173184,888,4.344954128440367,3793,18.55902140672783,0.2863593603010348,26.00611620795107,13.348012232415902,9.762755102040817,4.924744897959184,2.021938775510204,1.0543367346938775,0.5705357142857143,0.28025510204081633,0.18349489795918367,False
all_2021,escalate_h60_to_h15,60,0.58,15.0,0.94,none,0.8687057068258113,392,211,181,0.5382653061224489,36.25592417061611,30.0,0.5639810426540285,310,1.5168195718654434,190,0.9296636085626911,0.8200757575757576,5.1669724770642205,0.0,0.9464285714285714,0.7040816326530612,0.5586734693877551,0.5102040816326531,0.48596938775510207,0.4714285714285714,0.46658163265306124,True
all_2021,escalate_h60_to_h15,60,0.58,15.0,0.94,advisory_if_unsure,0.8687057068258113,392,211,181,0.5382653061224489,36.25592417061611,30.0,0.5639810426540285,310,1.5168195718654434,190,0.9296636085626911,0.8200757575757576,5.1669724770642205,14.899082568807339,0.9464285714285714,0.7040816326530612,0.5586734693877551,0.5102040816326531,0.48596938775510207,0.4714285714285714,0.46658163265306124,False
all_2021,escalate_h60_to_h15,60,0.58,15.0,0.94,confirm_only_if_unsure,0.8687057068258113,392,329,63,0.8392857142857143,44.088145896656535,60.0,0.7720364741641338,922,4.51131498470948,3638,17.800611620795106,0.272108843537415,24.455045871559633,14.899082568807339,9.441326530612244,4.801020408163265,2.0168367346938774,1.0887755102040817,0.6247448979591836,0.3463265306122449,0.2535204081632653,False
all_2021,escalate_h60_to_h15,60,0.58,15.0,0.98,none,0.9424344150192714,392,92,300,0.23469387755102042,36.358695652173914,30.0,0.532608695652174,190,0.9296636085626911,41,0.20061162079510703,0.9114470842332614,2.2654434250764526,0.0,0.8698979591836735,0.8176020408163265,0.7862244897959184,0.775765306122449,0.7705357142857143,0.7673979591836735,0.7663520408163266,True
all_2021,escalate_h60_to_h15,60,0.58,15.0,0.98,advisory_if_unsure,0.9424344150192714,392,92,300,0.23469387755102042,36.358695652173914,30.0,0.532608695652174,190,0.9296636085626911,41,0.20061162079510703,0.9114470842332614,2.2654434250764526,16.65565749235474,0.8698979591836735,0.8176020408163265,0.7862244897959184,0.775765306122449,0.7705357142857143,0.7673979591836735,0.7663520408163266,False
all_2021,escalate_h60_to_h15,60,0.58,15.0,0.98,confirm_only_if_unsure,0.9424344150192714,392,277,115,0.7066326530612245,45.16245487364621,60.0,0.8050541516245487,939,4.5944954128440365,3543,17.33577981651376,0.2362578141840914,22.698470948012233,16.65565749235474,9.331632653061224,4.8125,2.1010204081632655,1.1971938775510205,0.7452806122448979,0.4741326530612245,0.38375,False
all_2021,escalate_h60_to_h15,60,0.62,15.0,0.5,none,0.08799228862572295,392,391,1,0.9974489795918368,56.08695652173913,60.0,0.9820971867007673,511,2.5003058103975535,4563,22.326605504587157,0.31103729427751775,32.40611620795107,0.0,11.642857142857142,5.822704081632653,2.330612244897959,1.1665816326530611,0.5845663265306122,0.23535714285714285,0.11895408163265306,True
all_2021,escalate_h60_to_h15,60,0.62,15.0,0.5,advisory_if_unsure,0.08799228862572295,392,391,1,0.9974489795918368,56.08695652173913,60.0,0.9820971867007673,511,2.5003058103975535,4563,22.326605504587157,0.31103729427751775,32.40611620795107,1.5314984709480122,11.642857142857142,5.822704081632653,2.330612244897959,1.1665816326530611,0.5845663265306122,0.23535714285714285,0.11895408163265306,True
all_2021,escalate_h60_to_h15,60,0.62,15.0,0.5,confirm_only_if_unsure,0.08799228862572295,392,391,1,0.9974489795918368,56.969309462915604,60.0,0.9846547314578005,506,2.475840978593272,4870,23.828746177370032,0.29917973809181175,34.00122324159022,1.5314984709480122,12.426020408163266,6.214285714285714,2.4872448979591835,1.2448979591836735,0.6237244897959183,0.2510204081632653,0.12678571428571428,True
all_2021,escalate_h60_to_h15,60,0.62,15.0,0.54,none,0.10616909942164693,392,391,1,0.9974489795918368,55.85677749360614,60.0,0.9820971867007673,520,2.54434250764526,4439,21.71987767584098,0.3161300261901094,31.760244648318043,0.0,11.326530612244898,5.6645408163265305,2.26734693877551,1.1349489795918368,0.56875,0.22903061224489796,0.11579081632653061,True
all_2021,escalate_h60_to_h15,60,0.62,15.0,0.54,advisory_if_unsure,0.10616909942164693,392,391,1,0.9974489795918368,55.85677749360614,60.0,0.9820971867007673,520,2.54434250764526,4439,21.71987767584098,0.3161300261901094,31.760244648318043,1.7321100917431194,11.326530612244898,5.6645408163265305,2.26734693877551,1.1349489795918368,0.56875,0.22903061224489796,0.11579081632653061,True
all_2021,escalate_h60_to_h15,60,0.62,15.0,0.54,confirm_only_if_unsure,0.10616909942164693,392,391,1,0.9974489795918368,56.73913043478261,60.0,0.9846547314578005,507,2.4807339449541286,4836,23.662385321100917,0.2999420961204401,33.80061162079511,1.7321100917431194,12.339285714285714,6.170918367346939,2.4698979591836734,1.2362244897959183,0.6193877551020408,0.24928571428571428,0.1259183673469388,True
all_2021,escalate_h60_to_h15,60,0.62,15.0,0.58,none,0.12393280088129992,392,391,1,0.9974489795918368,55.626598465473144,60.0,0.9820971867007673,509,2.490519877675841,4315,21.1131498470948,0.321754165356806,31.129051987767586,0.0,11.010204081632653,5.5063775510204085,2.204081632653061,1.1033163265306123,0.5529336734693877,0.22270408163265307,0.11262755102040817,True
all_2021,escalate_h60_to_h15,60,0.62,15.0,0.58,advisory_if_unsure,0.12393280088129992,392,391,1,0.9974489795918368,55.626598465473144,60.0,0.9820971867007673,509,2.490519877675841,4315,21.1131498470948,0.321754165356806,31.129051987767586,1.8837920489296636,11.010204081632653,5.5063775510204085,2.204081632653061,1.1033163265306123,0.5529336734693877,0.22270408163265307,0.11262755102040817,True
all_2021,escalate_h60_to_h15,60,0.62,15.0,0.58,confirm_only_if_unsure,0.12393280088129992,392,391,1,0.9974489795918368,56.58567774936061,60.0,0.9846547314578005,509,2.490519877675841,4808,23.525382262996942,0.3008579322378944,33.64892966360856,1.8837920489296636,12.267857142857142,6.135204081632653,2.455612244897959,1.2290816326530611,0.6158163265306122,0.24785714285714286,0.12520408163265306,True
all_2021,escalate_h60_to_h15,60,0.62,15.0,0.62,none,0.15574221977416688,392,390,2,0.9948979591836735,55.19230769230769,60.0,0.9794871794871794,494,2.417125382262997,4096,20.041590214067277,0.3319197520795955,29.998776758409786,0.0,10.454081632653061,5.229591836734694,2.0948979591836734,1.05,0.5275510204081633,0.21408163265306124,0.10959183673469387,True
all_2021,escalate_h60_to_h15,60,0.62,15.0,0.62,advisory_if_unsure,0.15574221977416688,392,390,2,0.9948979591836735,55.19230769230769,60.0,0.9794871794871794,494,2.417125382262997,4096,20.041590214067277,0.3319197520795955,29.998776758409786,2.2654434250764526,10.454081632653061,5.229591836734694,2.0948979591836734,1.05,0.5275510204081633,0.21408163265306124,0.10959183673469387,True
all_2021,escalate_h60_to_h15,60,0.62,15.0,0.62,confirm_only_if_unsure,0.15574221977416688,392,390,2,0.9948979591836735,56.30769230769231,60.0,0.982051282051282,512,2.5051987767584096,4739,23.18776758409786,0.30298573319605826,33.26727828746177,2.2654434250764526,12.09438775510204,6.049744897959184,2.4229591836734694,1.214030612244898,0.6095663265306123,0.2468877551020408,0.12599489795918367,True
all_2021,escalate_h60_to_h15,60,0.62,15.0,0.66,none,0.20765629303222252,392,390,2,0.9948979591836735,53.73076923076923,60.0,0.9641025641025641,507,2.4807339449541286,3757,18.382874617737002,0.34706291275634343,28.15412844036697,0.0,9.589285714285714,4.79719387755102,1.921938775510204,0.9635204081632653,0.4843112244897959,0.19678571428571429,0.10094387755102041,True
all_2021,escalate_h60_to_h15,60,0.62,15.0,0.66,advisory_if_unsure,0.20765629303222252,392,390,2,0.9948979591836735,53.73076923076923,60.0,0.9641025641025641,507,2.4807339449541286,3757,18.382874617737002,0.34706291275634343,28.15412844036697,2.9162079510703363,9.589285714285714,4.79719387755102,1.921938775510204,0.9635204081632653,0.4843112244897959,0.19678571428571429,0.10094387755102041,True
all_2021,escalate_h60_to_h15,60,0.62,15.0,0.66,confirm_only_if_unsure,0.20765629303222252,392,390,2,0.9948979591836735,55.61538461538461,60.0,0.9794871794871794,530,2.5932721712538225,4626,22.6348623853211,0.30603060306030605,32.61651376146789,2.9162079510703363,11.806122448979592,5.905612244897959,2.3653061224489798,1.185204081632653,0.5951530612244897,0.24112244897959184,0.12311224489795919,True
all_2021,escalate_h60_to_h15,60,0.62,15.0,0.7,none,0.2933076287524098,392,390,2,0.9948979591836735,50.92307692307692,60.0,0.9205128205128205,480,2.3486238532110093,3226,15.784709480122324,0.3713951675759938,25.11070336391437,0.0,8.23469387755102,4.119897959183674,1.6510204081632653,0.8280612244897959,0.41658163265306125,0.16969387755102042,0.08739795918367346,True
all_2021,escalate_h60_to_h15,60,0.62,15.0,0.7,advisory_if_unsure,0.2933076287524098,392,390,2,0.9948979591836735,50.92307692307692,60.0,0.9205128205128205,480,2.3486238532110093,3226,15.784709480122324,0.3713951675759938,25.11070336391437,4.203058103975535,8.23469387755102,4.119897959183674,1.6510204081632653,0.8280612244897959,0.41658163265306125,0.16969387755102042,0.08739795918367346,True
all_2021,escalate_h60_to_h15,60,0.62,15.0,0.7,confirm_only_if_unsure,0.2933076287524098,392,390,2,0.9948979591836735,53.69230769230769,60.0,0.958974358974359,565,2.764525993883792,4430,21.67584097859327,0.30813681086990474,31.32966360856269,4.203058103975535,11.306122448979592,5.655612244897959,2.2653061224489797,1.135204081632653,0.5701530612244898,0.23112244897959183,0.11811224489795918,True
all_2021,escalate_h60_to_h15,60,0.62,15.0,0.74,none,0.3795097769209584,392,390,2,0.9948979591836735,48.23076923076923,60.0,0.8769230769230769,498,2.436697247706422,2723,13.323547400611622,0.39569462938304484,22.047706422018347,0.0,6.951530612244898,3.4783163265306123,1.3943877551020407,0.6997448979591837,0.3524234693877551,0.14403061224489797,0.07456632653061225,True
all_2021,escalate_h60_to_h15,60,0.62,15.0,0.74,advisory_if_unsure,0.3795097769209584,392,390,2,0.9948979591836735,48.23076923076923,60.0,0.8769230769230769,498,2.436697247706422,2723,13.323547400611622,0.39569462938304484,22.047706422018347,5.7394495412844035,6.951530612244898,3.4783163265306123,1.3943877551020407,0.6997448979591837,0.3524234693877551,0.14403061224489797,0.07456632653061225,True
all_2021,escalate_h60_to_h15,60,0.62,15.0,0.74,confirm_only_if_unsure,0.3795097769209584,392,390,2,0.9948979591836735,51.46153846153846,60.0,0.9333333333333333,614,3.004281345565749,4207,20.584709480122324,0.30908195105928726,29.79327217125382,5.7394495412844035,10.737244897959183,5.371173469387755,2.151530612244898,1.0783163265306122,0.5417091836734694,0.21974489795918367,0.1124234693877551,True
all_2021,escalate_h60_to_h15,60,0.62,15.0,0.78,none,0.48154778297989537,392,389,3,0.9923469387755102,45.077120822622106,60.0,0.8329048843187661,527,2.5785932721712537,2100,10.275229357798166,0.44223107569721115,18.422018348623855,0.0,5.364795918367347,2.686224489795918,1.0790816326530612,0.5433673469387755,0.2755102040816326,0.11479591836734694,0.061224489795918366,True
all_2021,escalate_h60_to_h15,60,0.62,15.0,0.78,advisory_if_unsure,0.48154778297989537,392,389,3,0.9923469387755102,45.077120822622106,60.0,0.8329048843187661,527,2.5785932721712537,2100,10.275229357798166,0.44223107569721115,18.422018348623855,7.725993883792049,5.364795918367347,2.686224489795918,1.0790816326530612,0.5433673469387755,0.2755102040816326,0.11479591836734694,0.061224489795918366,True
all_2021,escalate_h60_to_h15,60,0.62,15.0,0.78,confirm_only_if_unsure,0.48154778297989537,392,390,2,0.9948979591836735,48.73076923076923,60.0,0.8923076923076924,682,3.3370030581039756,3896,19.062996941896024,0.3144465951082175,27.806727828746176,7.725993883792049,9.943877551020408,4.974489795918367,1.9928571428571429,0.9989795918367347,0.5020408163265306,0.20387755102040817,0.10448979591836735,True
all_2021,escalate_h60_to_h15,60,0.62,15.0,0.82,none,0.5901955384191683,392,375,17,0.9566326530612245,42.16,45.0,0.7653333333333333,499,2.4415902140672783,1447,7.080122324159022,0.5137768817204301,14.561467889908258,0.0,3.7346938775510203,1.8890306122448979,0.7816326530612245,0.4125,0.22793367346938775,0.11719387755102041,0.08028061224489796,True
all_2021,escalate_h60_to_h15,60,0.62,15.0,0.82,advisory_if_unsure,0.5901955384191683,392,375,17,0.9566326530612245,42.16,45.0,0.7653333333333333,499,2.4415902140672783,1447,7.080122324159022,0.5137768817204301,14.561467889908258,9.77125382262997,3.7346938775510203,1.8890306122448979,0.7816326530612245,0.4125,0.22793367346938775,0.11719387755102041,0.08028061224489796,True
all_2021,escalate_h60_to_h15,60,0.62,15.0,0.82,confirm_only_if_unsure,0.5901955384191683,392,381,11,0.9719387755102041,46.69291338582677,60.0,0.847769028871391,733,3.5865443425076453,3563,17.433639143730886,0.32326685660018994,25.761467889908257,9.77125382262997,9.11734693877551,4.572704081632653,1.8459183673469388,0.9369897959183674,0.48252551020408163,0.2098469387755102,0.11895408163265306,True
all_2021,escalate_h60_to_h15,60,0.62,15.0,0.86,none,0.6856237950977692,392,353,39,0.9005102040816326,39.51841359773371,45.0,0.6968838526912181,448,2.1920489296636085,905,4.428134556574924,0.6035917652212002,11.170642201834863,0.0,2.4081632653061225,1.253826530612245,0.5612244897959183,0.33035714285714285,0.2149234693877551,0.14566326530612245,0.1225765306122449,True
all_2021,escalate_h60_to_h15,60,0.62,15.0,0.86,advisory_if_unsure,0.6856237950977692,392,353,39,0.9005102040816326,39.51841359773371,45.0,0.6968838526912181,448,2.1920489296636085,905,4.428134556574924,0.6035917652212002,11.170642201834863,11.381039755351681,2.4081632653061225,1.253826530612245,0.5612244897959183,0.33035714285714285,0.2149234693877551,0.14566326530612245,0.1225765306122449,True
all_2021,escalate_h60_to_h15,60,0.62,15.0,0.86,confirm_only_if_unsure,0.6856237950977692,392,376,16,0.9591836734693877,45.0,60.0,0.8085106382978723,773,3.782262996941896,3322,16.254434250764525,0.32698541329011344,24.151681957186543,11.381039755351681,8.51530612244898,4.278061224489796,1.7357142857142858,0.888265306122449,0.4645408163265306,0.2103061224489796,0.12556122448979593,True
all_2021,escalate_h60_to_h15,60,0.62,15.0,0.9,none,0.7732029743872212,392,299,93,0.7627551020408163,37.123745819397996,30.0,0.6287625418060201,408,1.996330275229358,489,2.3926605504587157,0.7030965391621129,8.058715596330275,0.0,1.4846938775510203,0.860969387755102,0.48673469387755103,0.36198979591836733,0.2996173469387755,0.2621938775510204,0.24971938775510205,True
all_2021,escalate_h60_to_h15,60,0.62,15.0,0.9,advisory_if_unsure,0.7732029743872212,392,299,93,0.7627551020408163,37.123745819397996,30.0,0.6287625418060201,408,1.996330275229358,489,2.3926605504587157,0.7030965391621129,8.058715596330275,12.848929663608562,1.4846938775510203,0.860969387755102,0.48673469387755103,0.36198979591836733,0.2996173469387755,0.2621938775510204,0.24971938775510205,False
all_2021,escalate_h60_to_h15,60,0.62,15.0,0.9,confirm_only_if_unsure,0.7732029743872212,392,358,34,0.9132653061224489,44.287709497206706,60.0,0.7849162011173184,832,4.0709480122324155,3134,15.334556574923548,0.3239861949956859,22.683792048929664,12.848929663608562,8.081632653061224,4.084183673469388,1.6857142857142857,0.8862244897959184,0.48647959183673467,0.24663265306122448,0.16668367346938776,False
all_2021,escalate_h60_to_h15,60,0.62,15.0,0.94,none,0.8567887634260535,392,210,182,0.5357142857142857,36.357142857142854,30.0,0.5666666666666667,308,1.507033639143731,189,0.9247706422018349,0.8182692307692307,5.08868501529052,0.0,0.9464285714285714,0.7053571428571429,0.5607142857142857,0.5125,0.48839285714285713,0.4739285714285714,0.46910714285714283,True
all_2021,escalate_h60_to_h15,60,0.62,15.0,0.94,advisory_if_unsure,0.8567887634260535,392,210,182,0.5357142857142857,36.357142857142854,30.0,0.5666666666666667,308,1.507033639143731,189,0.9247706422018349,0.8182692307692307,5.08868501529052,14.370642201834862,0.9464285714285714,0.7053571428571429,0.5607142857142857,0.5125,0.48839285714285713,0.4739285714285714,0.46910714285714283,False
all_2021,escalate_h60_to_h15,60,0.62,15.0,0.94,confirm_only_if_unsure,0.8567887634260535,392,329,63,0.8392857142857143,44.04255319148936,60.0,0.7720364741641338,866,4.237308868501529,2983,14.59571865443425,0.3102890173410405,21.162079510703364,14.370642201834862,7.770408163265306,3.9655612244897958,1.6826530612244899,0.9216836734693877,0.5411989795918367,0.3129081632653061,0.2368112244897959,False
all_2021,escalate_h60_to_h15,60,0.62,15.0,0.98,none,0.937620490223079,392,92,300,0.23469387755102042,36.358695652173914,30.0,0.532608695652174,187,0.9149847094801223,41,0.20061162079510703,0.9094922737306843,2.21651376146789,0.0,0.8698979591836735,0.8176020408163265,0.7862244897959184,0.775765306122449,0.7705357142857143,0.7673979591836735,0.7663520408163266,True
all_2021,escalate_h60_to_h15,60,0.62,15.0,0.98,advisory_if_unsure,0.937620490223079,392,92,300,0.23469387755102042,36.358695652173914,30.0,0.532608695652174,187,0.9149847094801223,41,0.20061162079510703,0.9094922737306843,2.21651376146789,16.11743119266055,0.8698979591836735,0.8176020408163265,0.7862244897959184,0.775765306122449,0.7705357142857143,0.7673979591836735,0.7663520408163266,False
all_2021,escalate_h60_to_h15,60,0.62,15.0,0.98,confirm_only_if_unsure,0.937620490223079,392,276,116,0.7040816326530612,45.16304347826087,60.0,0.8043478260869565,881,4.3107033639143735,2889,14.135779816513761,0.27192540322580644,19.415290519877676,16.11743119266055,7.665816326530612,3.9808673469387754,1.7698979591836734,1.032908163265306,0.6644132653061224,0.44331632653061226,0.3696173469387755,False
all_2021,escalate_h60_to_h15,60,0.66,15.0,0.5,none,0.08229311141932501,392,391,1,0.9974489795918368,56.010230179028135,60.0,0.9820971867007673,488,2.387767584097859,3936,19.258715596330276,0.33904282115869017,29.137614678899084,0.0,10.043367346938776,5.0229591836734695,2.0107142857142857,1.0066326530612244,0.5045918367346939,0.2033673469387755,0.10295918367346939,True
all_2021,escalate_h60_to_h15,60,0.66,15.0,0.5,advisory_if_unsure,0.08229311141932501,392,391,1,0.9974489795918368,56.010230179028135,60.0,0.9820971867007673,488,2.387767584097859,3936,19.258715596330276,0.33904282115869017,29.137614678899084,1.4776758409785933,10.043367346938776,5.0229591836734695,2.0107142857142857,1.0066326530612244,0.5045918367346939,0.2033673469387755,0.10295918367346939,True
all_2021,escalate_h60_to_h15,60,0.66,15.0,0.5,confirm_only_if_unsure,0.08229311141932501,392,391,1,0.9974489795918368,56.81585677749361,60.0,0.9846547314578005,475,2.324159021406728,4150,20.30581039755352,0.3292387263617262,30.272782874617736,1.4776758409785933,10.589285714285714,5.295918367346939,2.1198979591836733,1.0612244897959184,0.5318877551020408,0.21428571428571427,0.10841836734693877,True
all_2021,escalate_h60_to_h15,60,0.66,15.0,0.54,none,0.09631684388965943,392,391,1,0.9974489795918368,55.78005115089514,60.0,0.9820971867007673,496,2.4269113149847095,3853,18.852599388379204,0.3429399727148704,28.692354740061162,0.0,9.831632653061224,4.917091836734694,1.9683673469387755,0.9854591836734694,0.4940051020408163,0.1991326530612245,0.10084183673469388,True
all_2021,escalate_h60_to_h15,60,0.66,15.0,0.54,advisory_if_unsure,0.09631684388965943,392,391,1,0.9974489795918368,55.78005115089514,60.0,0.9820971867007673,496,2.4269113149847095,3853,18.852599388379204,0.3429399727148704,28.692354740061162,1.653822629969419,9.831632653061224,4.917091836734694,1.9683673469387755,0.9854591836734694,0.4940051020408163,0.1991326530612245,0.10084183673469388,True
all_2021,escalate_h60_to_h15,60,0.66,15.0,0.54,confirm_only_if_unsure,0.09631684388965943,392,391,1,0.9974489795918368,56.58567774936061,60.0,0.9846547314578005,476,2.329051987767584,4121,20.163914373088684,0.3300276377824744,30.096636085626912,1.653822629969419,10.51530612244898,5.258928571428571,2.1051020408163263,1.053826530612245,0.528188775510204,0.2128061224489796,0.10767857142857143,True
all_2021,escalate_h60_to_h15,60,0.66,15.0,0.58,none,0.10864539990753583,392,391,1,0.9974489795918368,55.549872122762146,60.0,0.9820971867007673,491,2.402446483180428,3778,18.485626911314984,0.34681881051175656,28.300917431192662,0.0,9.64030612244898,4.821428571428571,1.9301020408163265,0.9663265306122449,0.4844387755102041,0.1953061224489796,0.09892857142857144,True
all_2021,escalate_h60_to_h15,60,0.66,15.0,0.58,advisory_if_unsure,0.10864539990753583,392,391,1,0.9974489795918368,55.549872122762146,60.0,0.9820971867007673,491,2.402446483180428,3778,18.485626911314984,0.34681881051175656,28.300917431192662,1.7859327217125383,9.64030612244898,4.821428571428571,1.9301020408163265,0.9663265306122449,0.4844387755102041,0.1953061224489796,0.09892857142857144,True
all_2021,escalate_h60_to_h15,60,0.66,15.0,0.58,confirm_only_if_unsure,0.10864539990753583,392,391,1,0.9974489795918368,56.43222506393862,60.0,0.9846547314578005,478,2.3388379204892966,4097,20.046483180428133,0.33099281515349444,29.964525993883793,1.7859327217125383,10.454081632653061,5.228316326530612,2.092857142857143,1.047704081632653,0.5251275510204082,0.21158163265306124,0.10706632653061224,True
all_2021,escalate_h60_to_h15,60,0.66,15.0,0.62,none,0.13237787024194791,392,390,2,0.9948979591836735,55.11538461538461,60.0,0.9794871794871794,479,2.3437308868501527,3636,17.790825688073394,0.3541740674955595,27.547400611620795,0.0,9.28061224489796,4.642857142857143,1.860204081632653,0.9326530612244898,0.4688775510204082,0.1906122448979592,0.09785714285714285,True
all_2021,escalate_h60_to_h15,60,0.66,15.0,0.62,advisory_if_unsure,0.13237787024194791,392,390,2,0.9948979591836735,55.11538461538461,60.0,0.9794871794871794,479,2.3437308868501527,3636,17.790825688073394,0.3541740674955595,27.547400611620795,2.1382262996941894,9.28061224489796,4.642857142857143,1.860204081632653,0.9326530612244898,0.4688775510204082,0.1906122448979592,0.09785714285714285,True
all_2021,escalate_h60_to_h15,60,0.66,15.0,0.62,confirm_only_if_unsure,0.13237787024194791,392,390,2,0.9948979591836735,56.15384615384615,60.0,0.982051282051282,479,2.3437308868501527,4034,19.73822629969419,0.33344348975545274,29.61223241590214,2.1382262996941894,10.295918367346939,5.150510204081633,2.063265306122449,1.0341836734693877,0.5196428571428572,0.21091836734693878,0.10801020408163266,True
all_2021,escalate_h60_to_h15,60,0.66,15.0,0.66,none,0.1712128216982586,392,390,2,0.9948979591836735,53.65384615384615,60.0,0.9641025641025641,511,2.5003058103975535,3422,16.74373088685015,0.36370397917441427,26.314373088685016,0.0,8.73469387755102,4.369897959183674,1.7510204081632652,0.878061224489796,0.4415816326530612,0.1796938775510204,0.09239795918367347,True
all_2021,escalate_h60_to_h15,60,0.66,15.0,0.66,advisory_if_unsure,0.1712128216982586,392,390,2,0.9948979591836735,53.65384615384615,60.0,0.9641025641025641,511,2.5003058103975535,3422,16.74373088685015,0.36370397917441427,26.314373088685016,2.7351681957186544,8.73469387755102,4.369897959183674,1.7510204081632652,0.878061224489796,0.4415816326530612,0.1796938775510204,0.09239795918367347,True
all_2021,escalate_h60_to_h15,60,0.66,15.0,0.66,confirm_only_if_unsure,0.1712128216982586,392,390,2,0.9948979591836735,55.46153846153846,60.0,0.9794871794871794,498,2.436697247706422,3932,19.239143730886852,0.3369308600337268,29.015290519877677,2.7351681957186544,10.035714285714286,5.020408163265306,2.0112244897959184,1.0081632653061225,0.5066326530612245,0.2057142857142857,0.10540816326530612,True
all_2021,escalate_h60_to_h15,60,0.66,15.0,0.7,none,0.24503005085529359,392,390,2,0.9948979591836735,50.88461538461539,60.0,0.9205128205128205,525,2.5688073394495414,3033,14.840366972477064,0.3808940600122474,23.970642201834863,0.0,7.74234693877551,3.873724489795918,1.5525510204081632,0.7788265306122449,0.3919642857142857,0.1598469387755102,0.08247448979591837,True
all_2021,escalate_h60_to_h15,60,0.66,15.0,0.7,advisory_if_unsure,0.24503005085529359,392,390,2,0.9948979591836735,50.88461538461539,60.0,0.9205128205128205,525,2.5688073394495414,3033,14.840366972477064,0.3808940600122474,23.970642201834863,3.9535168195718655,7.74234693877551,3.873724489795918,1.5525510204081632,0.7788265306122449,0.3919642857142857,0.1598469387755102,0.08247448979591837,True
all_2021,escalate_h60_to_h15,60,0.66,15.0,0.7,confirm_only_if_unsure,0.24503005085529359,392,390,2,0.9948979591836735,53.53846153846154,60.0,0.958974358974359,534,2.612844036697248,3750,18.34862385321101,0.339904946312269,27.796941896024464,3.9535168195718655,9.571428571428571,4.788265306122449,1.9183673469387754,0.9617346938775511,0.48341836734693877,0.19642857142857142,0.10076530612244898,True
all_2021,escalate_h60_to_h15,60,0.66,15.0,0.74,none,0.33256279858221605,392,390,2,0.9948979591836735,48.19230769230769,60.0,0.8769230769230769,537,2.6275229357798167,2586,12.653211009174312,0.4029092588316786,21.1914373088685,0.0,6.6020408163265305,3.3035714285714284,1.3244897959183672,0.664795918367347,0.3349489795918367,0.13704081632653062,0.07107142857142858,True
all_2021,escalate_h60_to_h15,60,0.66,15.0,0.74,advisory_if_unsure,0.33256279858221605,392,390,2,0.9948979591836735,48.19230769230769,60.0,0.8769230769230769,537,2.6275229357798167,2586,12.653211009174312,0.4029092588316786,21.1914373088685,5.465443425076453,6.6020408163265305,3.3035714285714284,1.3244897959183672,0.664795918367347,0.3349489795918367,0.13704081632653062,0.07107142857142858,True
all_2021,escalate_h60_to_h15,60,0.66,15.0,0.74,confirm_only_if_unsure,0.33256279858221605,392,390,2,0.9948979591836735,51.26923076923077,60.0,0.9307692307692308,576,2.818348623853211,3530,17.27217125382263,0.3428890543559196,26.285015290519876,5.465443425076453,9.010204081632653,4.50765306122449,1.8061224489795917,0.9056122448979592,0.45535714285714285,0.18520408163265306,0.0951530612244898,True
all_2021,escalate_h60_to_h15,60,0.66,15.0,0.78,none,0.4398212359377408,392,388,4,0.9897959183673469,45.03865979381443,60.0,0.8324742268041238,551,2.696024464831804,2007,9.820183486238532,0.4478679504814305,17.785932721712538,0.0,5.130102040816326,2.57015306122449,1.0341836734693877,0.5221938775510204,0.26619897959183675,0.11260204081632653,0.0614030612244898,True
all_2021,escalate_h60_to_h15,60,0.66,15.0,0.78,advisory_if_unsure,0.4398212359377408,392,388,4,0.9897959183673469,45.03865979381443,60.0,0.8324742268041238,551,2.696024464831804,2007,9.820183486238532,0.4478679504814305,17.785932721712538,7.4079510703363916,5.130102040816326,2.57015306122449,1.0341836734693877,0.5221938775510204,0.26619897959183675,0.11260204081632653,0.0614030612244898,True
all_2021,escalate_h60_to_h15,60,0.66,15.0,0.78,confirm_only_if_unsure,0.4398212359377408,392,389,3,0.9923469387755102,48.54755784061697,60.0,0.8894601542416453,632,3.092354740061162,3228,15.794495412844038,0.35115577889447236,24.34250764525994,7.4079510703363916,8.24234693877551,4.125,1.654591836734694,0.8311224489795919,0.4193877551020408,0.17234693877551022,0.09,True
all_2021,escalate_h60_to_h15,60,0.66,15.0,0.82,none,0.5549391277546617,392,374,18,0.9540816326530612,42.11229946524064,45.0,0.7620320855614974,515,2.5198776758409784,1393,6.815902140672783,0.5176592797783933,14.130886850152905,0.0,3.5994897959183674,1.822704081632653,0.7566326530612245,0.40127551020408164,0.2235969387755102,0.11698979591836735,0.08145408163265307,True
all_2021,escalate_h60_to_h15,60,0.66,15.0,0.82,advisory_if_unsure,0.5549391277546617,392,374,18,0.9540816326530612,42.11229946524064,45.0,0.7620320855614974,515,2.5198776758409784,1393,6.815902140672783,0.5176592797783933,14.130886850152905,9.32599388379205,3.5994897959183674,1.822704081632653,0.7566326530612245,0.40127551020408164,0.2235969387755102,0.11698979591836735,0.08145408163265307,True
all_2021,escalate_h60_to_h15,60,0.66,15.0,0.82,confirm_only_if_unsure,0.5549391277546617,392,380,12,0.9693877551020408,46.53947368421053,60.0,0.8447368421052631,678,3.3174311926605506,2919,14.28256880733945,0.36308095134191576,22.424464831804283,9.32599388379205,7.4770408163265305,3.753826530612245,1.5198979591836734,0.7752551020408164,0.40293367346938774,0.1795408163265306,0.1050765306122449,True
all_2021,escalate_h60_to_h15,60,0.66,15.0,0.86,none,0.6568038218523655,392,350,42,0.8928571428571429,39.55714285714286,45.0,0.6942857142857143,449,2.1969418960244647,880,4.3058103975535165,0.6048495734171532,10.89663608562691,0.0,2.3520408163265305,1.2295918367346939,0.5561224489795918,0.33163265306122447,0.2193877551020408,0.1520408163265306,0.12959183673469388,True
all_2021,escalate_h60_to_h15,60,0.66,15.0,0.86,advisory_if_unsure,0.6568038218523655,392,350,42,0.8928571428571429,39.55714285714286,45.0,0.6942857142857143,449,2.1969418960244647,880,4.3058103975535165,0.6048495734171532,10.89663608562691,10.842813455657492,2.3520408163265305,1.2295918367346939,0.5561224489795918,0.33163265306122447,0.2193877551020408,0.1520408163265306,0.12959183673469388,True
all_2021,escalate_h60_to_h15,60,0.66,15.0,0.86,confirm_only_if_unsure,0.6568038218523655,392,375,17,0.9566326530612245,44.84,60.0,0.8053333333333333,704,3.4446483180428134,2695,13.186544342507645,0.36929557687807163,20.90764525993884,10.842813455657492,6.918367346938775,3.4808673469387754,1.4183673469387754,0.7308673469387755,0.38711734693877553,0.18086734693877551,0.11211734693877551,True
all_2021,escalate_h60_to_h15,60,0.66,15.0,0.9,none,0.7525042379411312,392,296,96,0.7551020408163265,37.145270270270274,30.0,0.6283783783783784,405,1.981651376146789,476,2.329051987767584,0.7036114570361146,7.858103975535168,0.0,1.4591836734693877,0.8520408163265306,0.48775510204081635,0.3663265306122449,0.3056122448979592,0.26918367346938776,0.2570408163265306,True
all_2021,escalate_h60_to_h15,60,0.66,15.0,0.9,advisory_if_unsure,0.7525042379411312,392,296,96,0.7551020408163265,37.145270270270274,30.0,0.6283783783783784,405,1.981651376146789,476,2.329051987767584,0.7036114570361146,7.858103975535168,12.26177370030581,1.4591836734693877,0.8520408163265306,0.48775510204081635,0.3663265306122449,0.3056122448979592,0.26918367346938776,0.2570408163265306,False
all_2021,escalate_h60_to_h15,60,0.66,15.0,0.9,confirm_only_if_unsure,0.7525042379411312,392,357,35,0.9107142857142857,44.11764705882353,60.0,0.7815126050420168,757,3.7039755351681958,2515,12.305810397553516,0.3685664072307306,19.48868501529052,12.26177370030581,6.505102040816326,3.2971938775510203,1.3724489795918366,0.7308673469387755,0.4100765306122449,0.21760204081632653,0.1534438775510204,False
all_2021,escalate_h60_to_h15,60,0.66,15.0,0.94,none,0.8431191246725227,392,209,183,0.5331632653061225,36.24401913875598,30.0,0.5645933014354066,308,1.507033639143731,187,0.9149847094801223,0.8163064833005894,4.981039755351682,0.0,0.9438775510204082,0.7053571428571429,0.5622448979591836,0.5145408163265306,0.49068877551020407,0.4763775510204082,0.47160714285714284,True
all_2021,escalate_h60_to_h15,60,0.66,15.0,0.94,advisory_if_unsure,0.8431191246725227,392,209,183,0.5331632653061225,36.24401913875598,30.0,0.5645933014354066,308,1.507033639143731,187,0.9149847094801223,0.8163064833005894,4.981039755351682,13.700305810397554,0.9438775510204082,0.7053571428571429,0.5622448979591836,0.5145408163265306,0.49068877551020407,0.4763775510204082,0.47160714285714284,False
all_2021,escalate_h60_to_h15,60,0.66,15.0,0.94,confirm_only_if_unsure,0.8431191246725227,392,329,63,0.8392857142857143,43.86018237082067,60.0,0.7689969604863222,789,3.8605504587155965,2374,11.615902140672782,0.356465166711846,18.050152905198775,13.700305810397554,6.216836734693878,3.188775510204082,1.3719387755102042,0.7663265306122449,0.4635204081632653,0.28183673469387754,0.22127551020408162,False
all_2021,escalate_h60_to_h15,60,0.66,15.0,0.98,none,0.9318847280012329,392,92,300,0.23469387755102042,36.358695652173914,30.0,0.532608695652174,181,0.8856269113149847,40,0.19571865443425077,0.9095022624434389,2.162691131498471,0.0,0.8673469387755102,0.8163265306122449,0.7857142857142857,0.7755102040816326,0.7704081632653061,0.7673469387755102,0.7663265306122449,True
all_2021,escalate_h60_to_h15,60,0.66,15.0,0.98,advisory_if_unsure,0.9318847280012329,392,92,300,0.23469387755102042,36.358695652173914,30.0,0.532608695652174,181,0.8856269113149847,40,0.19571865443425077,0.9095022624434389,2.162691131498471,15.42262996941896,0.8673469387755102,0.8163265306122449,0.7857142857142857,0.7755102040816326,0.7704081632653061,0.7673469387755102,0.7663265306122449,False
all_2021,escalate_h60_to_h15,60,0.66,15.0,0.98,confirm_only_if_unsure,0.9318847280012329,392,275,117,0.701530612244898,45.054545454545455,60.0,0.8036363636363636,796,3.8948012232415903,2281,11.16085626911315,0.31645190290680253,16.32782874617737,15.42262996941896,6.11734693877551,3.207908163265306,1.4622448979591838,0.8803571428571428,0.5894132653061225,0.4148469387755102,0.35665816326530614,False
all_2021,escalate_h60_to_h15,60,0.7,15.0,0.5,none,0.08267370272647317,392,387,5,0.9872448979591837,55.81395348837209,60.0,0.9819121447028424,445,2.1773700305810397,3259,15.946177370030581,0.375071907957814,25.516819571865444,0.0,8.326530612244898,4.169642857142857,1.6755102040816328,0.8441326530612245,0.4284438775510204,0.17903061224489797,0.09589285714285714,True
all_2021,escalate_h60_to_h15,60,0.7,15.0,0.5,advisory_if_unsure,0.08267370272647317,392,387,5,0.9872448979591837,55.81395348837209,60.0,0.9819121447028424,445,2.1773700305810397,3259,15.946177370030581,0.375071907957814,25.516819571865444,1.379816513761468,8.326530612244898,4.169642857142857,1.6755102040816328,0.8441326530612245,0.4284438775510204,0.17903061224489797,0.09589285714285714,True
all_2021,escalate_h60_to_h15,60,0.7,15.0,0.5,confirm_only_if_unsure,0.08267370272647317,392,387,5,0.9872448979591837,56.627906976744185,60.0,0.9844961240310077,451,2.2067278287461773,3429,16.777981651376148,0.36535258189894504,26.436697247706423,1.379816513761468,8.760204081632653,4.386479591836735,1.7622448979591836,0.8875,0.4501275510204082,0.18770408163265306,0.10022959183673469,True
all_2021,escalate_h60_to_h15,60,0.7,15.0,0.54,none,0.09375549692172383,392,387,5,0.9872448979591837,55.58139534883721,60.0,0.9819121447028424,456,2.231192660550459,3204,15.677064220183487,0.3781055900621118,25.208562691131498,0.0,8.186224489795919,4.099489795918367,1.6474489795918368,0.8301020408163265,0.42142857142857143,0.17622448979591837,0.09448979591836734,True
all_2021,escalate_h60_to_h15,60,0.7,15.0,0.54,advisory_if_unsure,0.09375549692172383,392,387,5,0.9872448979591837,55.58139534883721,60.0,0.9819121447028424,456,2.231192660550459,3204,15.677064220183487,0.3781055900621118,25.208562691131498,1.5168195718654434,8.186224489795919,4.099489795918367,1.6474489795918368,0.8301020408163265,0.42142857142857143,0.17622448979591837,0.09448979591836734,True
all_2021,escalate_h60_to_h15,60,0.7,15.0,0.54,confirm_only_if_unsure,0.09375549692172383,392,387,5,0.9872448979591837,56.395348837209305,60.0,0.9844961240310077,453,2.21651376146789,3408,16.675229357798166,0.365953488372093,26.299694189602448,1.5168195718654434,8.706632653061224,4.35969387755102,1.751530612244898,0.8821428571428571,0.4474489795918367,0.18663265306122448,0.09969387755102041,True
all_2021,escalate_h60_to_h15,60,0.7,15.0,0.58,none,0.10378188214599825,392,387,5,0.9872448979591837,55.348837209302324,60.0,0.9819121447028424,457,2.236085626911315,3152,15.42262996941896,0.38135426889106966,24.92966360856269,0.0,8.053571428571429,4.033163265306122,1.6209183673469387,0.8168367346938775,0.4147959183673469,0.17357142857142857,0.09316326530612246,True
all_2021,escalate_h60_to_h15,60,0.7,15.0,0.58,advisory_if_unsure,0.10378188214599825,392,387,5,0.9872448979591837,55.348837209302324,60.0,0.9819121447028424,457,2.236085626911315,3152,15.42262996941896,0.38135426889106966,24.92966360856269,1.619571865443425,8.053571428571429,4.033163265306122,1.6209183673469387,0.8168367346938775,0.4147959183673469,0.17357142857142857,0.09316326530612246,True
all_2021,escalate_h60_to_h15,60,0.7,15.0,0.58,confirm_only_if_unsure,0.10378188214599825,392,387,5,0.9872448979591837,56.24031007751938,60.0,0.9844961240310077,452,2.2116207951070335,3390,16.587155963302752,0.3668285394097871,26.196941896024466,1.619571865443425,8.660714285714286,4.336734693877551,1.7423469387755102,0.8775510204081632,0.4451530612244898,0.18571428571428572,0.09923469387755102,True
all_2021,escalate_h60_to_h15,60,0.7,15.0,0.62,none,0.12295514511873351,392,387,5,0.9872448979591837,54.883720930232556,60.0,0.979328165374677,463,2.2654434250764526,3054,14.943119266055046,0.38748495788206977,24.396330275229356,0.0,7.803571428571429,3.9081632653061225,1.5709183673469387,0.7918367346938775,0.40229591836734696,0.16857142857142857,0.09066326530612245,True
all_2021,escalate_h60_to_h15,60,0.7,15.0,0.62,advisory_if_unsure,0.12295514511873351,392,387,5,0.9872448979591837,54.883720930232556,60.0,0.979328165374677,463,2.2654434250764526,3054,14.943119266055046,0.38748495788206977,24.396330275229356,1.9033639143730887,7.803571428571429,3.9081632653061225,1.5709183673469387,0.7918367346938775,0.40229591836734696,0.16857142857142857,0.09066326530612245,True
all_2021,escalate_h60_to_h15,60,0.7,15.0,0.62,confirm_only_if_unsure,0.12295514511873351,392,387,5,0.9872448979591837,55.93023255813954,60.0,0.9819121447028424,455,2.2262996941896023,3340,16.34250764525994,0.3693353474320242,25.9131498470948,1.9033639143730887,8.533163265306122,4.2729591836734695,1.7168367346938775,0.8647959183673469,0.4387755102040816,0.18316326530612245,0.09795918367346938,True
all_2021,escalate_h60_to_h15,60,0.7,15.0,0.66,none,0.1546174142480211,392,387,5,0.9872448979591837,53.372093023255815,60.0,0.9612403100775194,505,2.470948012232416,2911,14.2434250764526,0.39429879317519767,23.51559633027523,0.0,7.438775510204081,3.725765306122449,1.4979591836734694,0.7553571428571428,0.3840561224489796,0.16127551020408162,0.08701530612244898,True
all_2021,escalate_h60_to_h15,60,0.7,15.0,0.66,advisory_if_unsure,0.1546174142480211,392,387,5,0.9872448979591837,53.372093023255815,60.0,0.9612403100775194,505,2.470948012232416,2911,14.2434250764526,0.39429879317519767,23.51559633027523,2.4220183486238533,7.438775510204081,3.725765306122449,1.4979591836734694,0.7553571428571428,0.3840561224489796,0.16127551020408162,0.08701530612244898,True
all_2021,escalate_h60_to_h15,60,0.7,15.0,0.66,confirm_only_if_unsure,0.1546174142480211,392,387,5,0.9872448979591837,55.23255813953488,60.0,0.979328165374677,475,2.324159021406728,3254,15.9217125382263,0.37302504816955684,25.394495412844037,2.4220183486238533,8.313775510204081,4.163265306122449,1.6729591836734694,0.8428571428571429,0.4278061224489796,0.17877551020408164,0.09576530612244898,True
all_2021,escalate_h60_to_h15,60,0.7,15.0,0.7,none,0.2119613016710642,392,386,6,0.9846938775510204,50.751295336787564,60.0,0.9196891191709845,542,2.6519877675840977,2673,13.078899082568807,0.40334821428571427,21.920489296636084,0.0,6.834183673469388,3.4247448979591835,1.3790816326530613,0.6971938775510204,0.35625,0.15168367346938774,0.08349489795918368,True
all_2021,escalate_h60_to_h15,60,0.7,15.0,0.7,advisory_if_unsure,0.2119613016710642,392,386,6,0.9846938775510204,50.751295336787564,60.0,0.9196891191709845,542,2.6519877675840977,2673,13.078899082568807,0.40334821428571427,21.920489296636084,3.4935779816513763,6.834183673469388,3.4247448979591835,1.3790816326530613,0.6971938775510204,0.35625,0.15168367346938774,0.08349489795918368,True
all_2021,escalate_h60_to_h15,60,0.7,15.0,0.7,confirm_only_if_unsure,0.2119613016710642,392,387,5,0.9872448979591837,53.333333333333336,60.0,0.958656330749354,514,2.5149847094801223,3101,15.17308868501529,0.376181854757594,24.322935779816515,3.4935779816513763,7.923469387755102,3.9681122448979593,1.5948979591836734,0.8038265306122448,0.40829081632653064,0.17096938775510204,0.09186224489795919,True
all_2021,escalate_h60_to_h15,60,0.7,15.0,0.74,none,0.2891820580474934,392,385,7,0.9821428571428571,48.116883116883116,60.0,0.8779220779220779,563,2.7547400611620794,2352,11.508256880733946,0.4179658500371195,19.772477064220183,0.0,6.017857142857143,3.017857142857143,1.2178571428571427,0.6178571428571429,0.31785714285714284,0.13785714285714284,0.07785714285714286,True
all_2021,escalate_h60_to_h15,60,0.7,15.0,0.74,advisory_if_unsure,0.2891820580474934,392,385,7,0.9821428571428571,48.116883116883116,60.0,0.8779220779220779,563,2.7547400611620794,2352,11.508256880733946,0.4179658500371195,19.772477064220183,4.888073394495413,6.017857142857143,3.017857142857143,1.2178571428571427,0.6178571428571429,0.31785714285714284,0.13785714285714284,0.07785714285714286,True
all_2021,escalate_h60_to_h15,60,0.7,15.0,0.74,confirm_only_if_unsure,0.2891820580474934,392,386,6,0.9846938775510204,51.13989637305699,60.0,0.9326424870466321,542,2.6519877675840977,2905,14.214067278287462,0.38006828851899277,22.928440366972477,4.888073394495413,7.426020408163265,3.7206632653061225,1.4974489795918366,0.7563775510204082,0.38584183673469385,0.1635204081632653,0.08941326530612245,True
all_2021,escalate_h60_to_h15,60,0.7,15.0,0.78,none,0.3975373790677221,392,383,9,0.9770408163265306,44.92167101827676,60.0,0.8328981723237598,573,2.8036697247706424,1851,9.056880733944954,0.45956204379562043,16.75840978593272,0.0,4.744897959183674,2.3839285714285716,0.9673469387755103,0.4951530612244898,0.2590561224489796,0.11739795918367348,0.07017857142857142,True
all_2021,escalate_h60_to_h15,60,0.7,15.0,0.78,advisory_if_unsure,0.3975373790677221,392,383,9,0.9770408163265306,44.92167101827676,60.0,0.8328981723237598,573,2.8036697247706424,1851,9.056880733944954,0.45956204379562043,16.75840978593272,6.713149847094801,4.744897959183674,2.3839285714285716,0.9673469387755103,0.4951530612244898,0.2590561224489796,0.11739795918367348,0.07017857142857142,True
all_2021,escalate_h60_to_h15,60,0.7,15.0,0.78,confirm_only_if_unsure,0.3975373790677221,392,385,7,0.9821428571428571,48.38961038961039,60.0,0.8909090909090909,583,2.852599388379205,2625,12.844036697247706,0.391374913053559,21.103363914373087,6.713149847094801,6.714285714285714,3.3660714285714284,1.3571428571428572,0.6875,0.35267857142857145,0.15178571428571427,0.08482142857142858,True
all_2021,escalate_h60_to_h15,60,0.7,15.0,0.82,none,0.5157431838170624,392,368,24,0.9387755102040817,42.14673913043478,45.0,0.7663043478260869,514,2.5149847094801223,1307,6.395107033639143,0.5252451870686524,13.470336391437309,0.0,3.395408163265306,1.7283163265306123,0.7280612244897959,0.39464285714285713,0.22793367346938775,0.12790816326530613,0.09456632653061224,True
all_2021,escalate_h60_to_h15,60,0.7,15.0,0.82,advisory_if_unsure,0.5157431838170624,392,368,24,0.9387755102040817,42.14673913043478,45.0,0.7663043478260869,514,2.5149847094801223,1307,6.395107033639143,0.5252451870686524,13.470336391437309,8.48440366972477,3.395408163265306,1.7283163265306123,0.7280612244897959,0.39464285714285713,0.22793367346938775,0.12790816326530613,0.09456632653061224,True
all_2021,escalate_h60_to_h15,60,0.7,15.0,0.82,confirm_only_if_unsure,0.5157431838170624,392,376,16,0.9591836734693877,46.43617021276596,60.0,0.8457446808510638,598,2.925993883792049,2344,11.469113149847095,0.40673247279169833,19.332110091743118,8.48440366972477,6.020408163265306,3.0306122448979593,1.236734693877551,0.6387755102040816,0.33979591836734696,0.16040816326530613,0.10061224489795918,True
all_2021,escalate_h60_to_h15,60,0.7,15.0,0.86,none,0.6225153913808268,392,346,46,0.8826530612244898,39.53757225433526,45.0,0.6936416184971098,447,2.1871559633027524,839,4.10519877675841,0.6090400745573159,10.500305810397554,0.0,2.25765306122449,1.1875,0.5454081632653062,0.33137755102040817,0.2243622448979592,0.1601530612244898,0.13875,True
all_2021,escalate_h60_to_h15,60,0.7,15.0,0.86,advisory_if_unsure,0.6225153913808268,392,346,46,0.8826530612244898,39.53757225433526,45.0,0.6936416184971098,447,2.1871559633027524,839,4.10519877675841,0.6090400745573159,10.500305810397554,9.88868501529052,2.25765306122449,1.1875,0.5454081632653062,0.33137755102040817,0.2243622448979592,0.1601530612244898,0.13875,True
all_2021,escalate_h60_to_h15,60,0.7,15.0,0.86,confirm_only_if_unsure,0.6225153913808268,392,370,22,0.9438775510204082,44.75675675675676,60.0,0.8054054054054054,622,3.0434250764525994,2139,10.46605504587156,0.4162117903930131,17.92782874617737,9.88868501529052,5.512755102040816,2.7844387755102042,1.1474489795918368,0.6017857142857143,0.32895408163265305,0.16525510204081634,0.11068877551020408,True
all_2021,escalate_h60_to_h15,60,0.7,15.0,0.9,none,0.726824978012313,392,292,100,0.7448979591836735,37.24315068493151,30.0,0.6301369863013698,400,1.9571865443425076,455,2.2262996941896023,0.7070186735350934,7.598776758409786,0.0,1.4158163265306123,0.8354591836734694,0.4872448979591837,0.3711734693877551,0.31313775510204084,0.2783163265306122,0.2667091836734694,True
all_2021,escalate_h60_to_h15,60,0.7,15.0,0.9,advisory_if_unsure,0.726824978012313,392,292,100,0.7448979591836735,37.24315068493151,30.0,0.6301369863013698,400,1.9571865443425076,455,2.2262996941896023,0.7070186735350934,7.598776758409786,11.273394495412845,1.4158163265306123,0.8354591836734694,0.4872448979591837,0.3711734693877551,0.31313775510204084,0.2783163265306122,0.2667091836734694,True
all_2021,escalate_h60_to_h15,60,0.7,15.0,0.9,confirm_only_if_unsure,0.726824978012313,392,352,40,0.8979591836734694,44.0625,60.0,0.78125,667,3.2636085626911315,1962,9.6,0.419698314108252,16.543119266055047,11.273394495412845,5.107142857142857,2.604591836734694,1.103061224489796,0.6025510204081632,0.3522959183673469,0.20214285714285715,0.15209183673469387,True
all_2021,escalate_h60_to_h15,60,0.7,15.0,0.94,none,0.824802110817942,392,208,184,0.5306122448979592,36.34615384615385,30.0,0.5673076923076923,305,1.492354740061162,179,0.8758409785932721,0.820281124497992,4.873394495412844,0.0,0.9260204081632653,0.6977040816326531,0.5607142857142857,0.5150510204081633,0.49221938775510204,0.4785204081632653,0.47395408163265307,True
all_2021,escalate_h60_to_h15,60,0.7,15.0,0.94,advisory_if_unsure,0.824802110817942,392,208,184,0.5306122448979592,36.34615384615385,30.0,0.5673076923076923,305,1.492354740061162,179,0.8758409785932721,0.820281124497992,4.873394495412844,12.618960244648319,0.9260204081632653,0.6977040816326531,0.5607142857142857,0.5150510204081633,0.49221938775510204,0.4785204081632653,0.47395408163265307,False
all_2021,escalate_h60_to_h15,60,0.7,15.0,0.94,confirm_only_if_unsure,0.824802110817942,392,325,67,0.8290816326530612,43.753846153846155,60.0,0.7692307692307693,697,3.4103975535168196,1831,8.959021406727828,0.4104958145524791,15.197553516819571,12.618960244648319,4.841836734693878,2.506377551020408,1.1051020408163266,0.6380102040816327,0.4044642857142857,0.26433673469387753,0.21762755102040815,False
all_2021,escalate_h60_to_h15,60,0.7,15.0,0.98,none,0.9233069481090589,392,92,300,0.23469387755102042,36.358695652173914,30.0,0.532608695652174,179,0.8758409785932721,40,0.19571865443425077,0.908256880733945,2.1333333333333333,0.0,0.8673469387755102,0.8163265306122449,0.7857142857142857,0.7755102040816326,0.7704081632653061,0.7673469387755102,0.7663265306122449,True
all_2021,escalate_h60_to_h15,60,0.7,15.0,0.98,advisory_if_unsure,0.9233069481090589,392,92,300,0.23469387755102042,36.358695652173914,30.0,0.532608695652174,179,0.8758409785932721,40,0.19571865443425077,0.908256880733945,2.1333333333333333,14.292354740061162,0.8673469387755102,0.8163265306122449,0.7857142857142857,0.7755102040816326,0.7704081632653061,0.7673469387755102,0.7663265306122449,False
all_2021,escalate_h60_to_h15,60,0.7,15.0,0.98,confirm_only_if_unsure,0.9233069481090589,392,272,120,0.6938775510204082,44.83455882352941,60.0,0.8014705882352942,699,3.4201834862385323,1744,8.533333333333333,0.36903039073806077,13.524159021406728,14.292354740061162,4.755102040816326,2.5306122448979593,1.1959183673469387,0.7510204081632653,0.5285714285714286,0.39510204081632655,0.35061224489795917,False
all_2021,escalate_h60_to_h15,60,0.74,15.0,0.5,none,0.07586344579756438,392,384,8,0.9795918367346939,55.5859375,60.0,0.9765625,426,2.0844036697247708,2757,13.489908256880733,0.4044069993519119,22.64954128440367,0.0,7.053571428571429,3.5369897959183674,1.4270408163265307,0.7237244897959184,0.3720663265306122,0.16107142857142856,0.09073979591836735,True
all_2021,escalate_h60_to_h15,60,0.74,15.0,0.5,advisory_if_unsure,0.07586344579756438,392,384,8,0.9795918367346939,55.5859375,60.0,0.9765625,426,2.0844036697247708,2757,13.489908256880733,0.4044069993519119,22.64954128440367,1.2085626911314984,7.053571428571429,3.5369897959183674,1.4270408163265307,0.7237244897959184,0.3720663265306122,0.16107142857142856,0.09073979591836735,True
all_2021,escalate_h60_to_h15,60,0.74,15.0,0.5,confirm_only_if_unsure,0.07586344579756438,392,384,8,0.9795918367346939,56.40625,60.0,0.9791666666666666,431,2.108868501529052,2872,14.052599388379205,0.39689206215875683,23.300305810397553,1.2085626911314984,7.346938775510204,3.683673469387755,1.4857142857142858,0.753061224489796,0.386734693877551,0.16693877551020408,0.0936734693877551,True
all_2021,escalate_h60_to_h15,60,0.74,15.0,0.54,none,0.08384907167099222,392,384,8,0.9795918367346939,55.3515625,60.0,0.9765625,434,2.1235474006116206,2725,13.333333333333334,0.4061887121377206,22.45382262996942,0.0,6.971938775510204,3.496173469387755,1.4107142857142858,0.7155612244897959,0.367984693877551,0.15943877551020408,0.0899234693877551,True
all_2021,escalate_h60_to_h15,60,0.74,15.0,0.54,advisory_if_unsure,0.08384907167099222,392,384,8,0.9795918367346939,55.3515625,60.0,0.9765625,434,2.1235474006116206,2725,13.333333333333334,0.4061887121377206,22.45382262996942,1.31131498470948,6.971938775510204,3.496173469387755,1.4107142857142858,0.7155612244897959,0.367984693877551,0.15943877551020408,0.0899234693877551,True
all_2021,escalate_h60_to_h15,60,0.74,15.0,0.54,confirm_only_if_unsure,0.08384907167099222,392,384,8,0.9795918367346939,56.171875,60.0,0.9791666666666666,433,2.1186544342507645,2858,13.984097859327218,0.39717359206918373,23.19755351681957,1.31131498470948,7.311224489795919,3.6658163265306123,1.4785714285714286,0.7494897959183674,0.3849489795918367,0.16622448979591836,0.09331632653061224,True
all_2021,escalate_h60_to_h15,60,0.74,15.0,0.58,none,0.09143541625074865,392,384,8,0.9795918367346939,55.1171875,60.0,0.9765625,435,2.128440366972477,2692,13.171865443425077,0.4084816523840914,22.26788990825688,0.0,6.887755102040816,3.454081632653061,1.3938775510204082,0.7071428571428572,0.3637755102040816,0.15775510204081633,0.08908163265306122,True
all_2021,escalate_h60_to_h15,60,0.74,15.0,0.58,advisory_if_unsure,0.09143541625074865,392,384,8,0.9795918367346939,55.1171875,60.0,0.9765625,435,2.128440366972477,2692,13.171865443425077,0.4084816523840914,22.26788990825688,1.3944954128440368,6.887755102040816,3.454081632653061,1.3938775510204082,0.7071428571428572,0.3637755102040816,0.15775510204081633,0.08908163265306122,True
all_2021,escalate_h60_to_h15,60,0.74,15.0,0.58,confirm_only_if_unsure,0.09143541625074865,392,384,8,0.9795918367346939,56.015625,60.0,0.9791666666666666,433,2.1186544342507645,2844,13.91559633027523,0.39796782387806945,23.114373088685014,1.3944954128440368,7.275510204081633,3.6479591836734695,1.4714285714285715,0.7459183673469387,0.38316326530612244,0.16551020408163264,0.09295918367346939,True
all_2021,escalate_h60_to_h15,60,0.74,15.0,0.62,none,0.10740666799760432,392,384,8,0.9795918367346939,54.6484375,60.0,0.9739583333333334,436,2.1333333333333333,2622,12.829357798165137,0.41355401476179826,21.87645259938838,0.0,6.709183673469388,3.364795918367347,1.3581632653061224,0.6892857142857143,0.3548469387755102,0.15418367346938774,0.08729591836734694,True
all_2021,escalate_h60_to_h15,60,0.74,15.0,0.62,advisory_if_unsure,0.10740666799760432,392,384,8,0.9795918367346939,54.6484375,60.0,0.9739583333333334,436,2.1333333333333333,2622,12.829357798165137,0.41355401476179826,21.87645259938838,1.6391437308868502,6.709183673469388,3.364795918367347,1.3581632653061224,0.6892857142857143,0.3548469387755102,0.15418367346938774,0.08729591836734694,True
all_2021,escalate_h60_to_h15,60,0.74,15.0,0.62,confirm_only_if_unsure,0.10740666799760432,392,384,8,0.9795918367346939,55.703125,60.0,0.9765625,435,2.128440366972477,2802,13.710091743119266,0.40051347881899874,22.8697247706422,1.6391437308868502,7.168367346938775,3.5943877551020407,1.45,0.735204081632653,0.3778061224489796,0.1633673469387755,0.09188775510204082,True
all_2021,escalate_h60_to_h15,60,0.74,15.0,0.66,none,0.1363545617887802,392,382,10,0.9744897959183674,53.28534031413613,60.0,0.9581151832460733,448,2.1920489296636085,2513,12.296024464831804,0.4190938511326861,21.16697247706422,0.0,6.436224489795919,3.2308673469387754,1.3076530612244899,0.6665816326530613,0.34604591836734694,0.15372448979591838,0.08961734693877552,True
all_2021,escalate_h60_to_h15,60,0.74,15.0,0.66,advisory_if_unsure,0.1363545617887802,392,382,10,0.9744897959183674,53.28534031413613,60.0,0.9581151832460733,448,2.1920489296636085,2513,12.296024464831804,0.4190938511326861,21.16697247706422,2.079510703363914,6.436224489795919,3.2308673469387754,1.3076530612244899,0.6665816326530613,0.34604591836734694,0.15372448979591838,0.08961734693877552,True
all_2021,escalate_h60_to_h15,60,0.74,15.0,0.66,confirm_only_if_unsure,0.1363545617887802,392,384,8,0.9795918367346939,55.0,60.0,0.9739583333333334,438,2.143119266055046,2732,13.367584097859327,0.4040139616055846,22.42935779816514,2.079510703363914,6.989795918367347,3.5051020408163267,1.4142857142857144,0.7173469387755103,0.36887755102040815,0.15979591836734694,0.09010204081632653,True
all_2021,escalate_h60_to_h15,60,0.74,15.0,0.7,none,0.1930525054901178,392,381,11,0.9719387755102041,50.62992125984252,60.0,0.9186351706036745,498,2.436697247706422,2311,11.307645259938838,0.42825333993072734,19.77737003058104,0.0,5.923469387755102,2.975765306122449,1.207142857142857,0.6176020408163265,0.32283163265306125,0.14596938775510204,0.08701530612244898,True
all_2021,escalate_h60_to_h15,60,0.74,15.0,0.7,advisory_if_unsure,0.1930525054901178,392,381,11,0.9719387755102041,50.62992125984252,60.0,0.9186351706036745,498,2.436697247706422,2311,11.307645259938838,0.42825333993072734,19.77737003058104,3.0385321100917433,5.923469387755102,2.975765306122449,1.207142857142857,0.6176020408163265,0.32283163265306125,0.14596938775510204,0.08701530612244898,True
all_2021,escalate_h60_to_h15,60,0.74,15.0,0.7,confirm_only_if_unsure,0.1930525054901178,392,384,8,0.9795918367346939,53.046875,60.0,0.953125,475,2.324159021406728,2598,12.711926605504587,0.4079307201458523,21.470336391437307,3.0385321100917433,6.6479591836734695,3.3341836734693877,1.3459183673469388,0.6831632653061225,0.3517857142857143,0.1529591836734694,0.08668367346938775,True
all_2021,escalate_h60_to_h15,60,0.74,15.0,0.74,none,0.26532241964463965,392,380,12,0.9693877551020408,48.0,60.0,0.8763157894736842,524,2.563914373088685,2061,10.08440366972477,0.43994565217391307,18.00611620795107,0.0,5.288265306122449,2.6594387755102042,1.082142857142857,0.5563775510204082,0.29349489795918365,0.13576530612244897,0.08318877551020408,True
all_2021,escalate_h60_to_h15,60,0.74,15.0,0.74,advisory_if_unsure,0.26532241964463965,392,380,12,0.9693877551020408,48.0,60.0,0.8763157894736842,524,2.563914373088685,2061,10.08440366972477,0.43994565217391307,18.00611620795107,4.232415902140673,5.288265306122449,2.6594387755102042,1.082142857142857,0.5563775510204082,0.29349489795918365,0.13576530612244897,0.08318877551020408,True
all_2021,escalate_h60_to_h15,60,0.74,15.0,0.74,confirm_only_if_unsure,0.26532241964463965,392,383,9,0.9770408163265306,50.8355091383812,60.0,0.9242819843342036,495,2.4220183486238533,2442,11.948623853211009,0.4107142857142857,20.276452599388378,4.232415902140673,6.252551020408164,3.1377551020408165,1.2688775510204082,0.6459183673469387,0.33443877551020407,0.14755102040816326,0.08525510204081632,True
all_2021,escalate_h60_to_h15,60,0.74,15.0,0.78,none,0.36354561788780193,392,378,14,0.9642857142857143,44.76190476190476,60.0,0.8306878306878307,560,2.7400611620795106,1683,8.234862385321101,0.4720828105395232,15.598776758409786,0.0,4.329081632653061,2.1823979591836733,0.8943877551020408,0.46505102040816326,0.2503826530612245,0.12158163265306123,0.07864795918367347,True
all_2021,escalate_h60_to_h15,60,0.74,15.0,0.78,advisory_if_unsure,0.36354561788780193,392,378,14,0.9642857142857143,44.76190476190476,60.0,0.8306878306878307,560,2.7400611620795106,1683,8.234862385321101,0.4720828105395232,15.598776758409786,5.749235474006116,4.329081632653061,2.1823979591836733,0.8943877551020408,0.46505102040816326,0.2503826530612245,0.12158163265306123,0.07864795918367347,True
all_2021,escalate_h60_to_h15,60,0.74,15.0,0.78,confirm_only_if_unsure,0.36354561788780193,392,382,10,0.9744897959183674,48.06282722513089,60.0,0.8821989528795812,535,2.617737003058104,2225,10.886850152905199,0.4196661450182577,18.759633027522934,5.749235474006116,5.701530612244898,2.8635204081632653,1.1607142857142858,0.5931122448979592,0.3093112244897959,0.13903061224489796,0.08227040816326531,True
all_2021,escalate_h60_to_h15,60,0.74,15.0,0.82,none,0.4787382711119984,392,364,28,0.9285714285714286,41.95054945054945,45.0,0.7637362637362637,523,2.5590214067278287,1228,6.008562691131498,0.5296821141325163,12.775535168195718,0.0,3.204081632653061,1.6377551020408163,0.6979591836734694,0.3846938775510204,0.2280612244897959,0.13408163265306122,0.10275510204081632,True
all_2021,escalate_h60_to_h15,60,0.74,15.0,0.82,advisory_if_unsure,0.4787382711119984,392,364,28,0.9285714285714286,41.95054945054945,45.0,0.7637362637362637,523,2.5590214067278287,1228,6.008562691131498,0.5296821141325163,12.775535168195718,7.285626911314985,3.204081632653061,1.6377551020408163,0.6979591836734694,0.3846938775510204,0.2280612244897959,0.13408163265306122,0.10275510204081632,True
all_2021,escalate_h60_to_h15,60,0.74,15.0,0.82,confirm_only_if_unsure,0.4787382711119984,392,373,19,0.951530612244898,46.0857908847185,60.0,0.839142091152815,549,2.686238532110092,1989,9.732110091743118,0.4349431818181818,17.223241590214066,7.285626911314985,5.122448979591836,2.5854591836734695,1.063265306122449,0.5558673469387755,0.30216836734693875,0.14994897959183673,0.09920918367346938,True
all_2021,escalate_h60_to_h15,60,0.74,15.0,0.86,none,0.5909363146336594,392,344,48,0.8775510204081632,39.46220930232558,45.0,0.6947674418604651,462,2.2605504587155965,796,3.8948012232415903,0.6115178135675939,10.025688073394495,0.0,2.1530612244897958,1.1377551020408163,0.5285714285714286,0.32551020408163267,0.2239795918367347,0.16306122448979593,0.14275510204081632,True
all_2021,escalate_h60_to_h15,60,0.74,15.0,0.86,advisory_if_unsure,0.5909363146336594,392,344,48,0.8775510204081632,39.46220930232558,45.0,0.6947674418604651,462,2.2605504587155965,796,3.8948012232415903,0.6115178135675939,10.025688073394495,8.572477064220184,2.1530612244897958,1.1377551020408163,0.5285714285714286,0.32551020408163267,0.2239795918367347,0.16306122448979593,0.14275510204081632,True
all_2021,escalate_h60_to_h15,60,0.74,15.0,0.86,confirm_only_if_unsure,0.5909363146336594,392,367,25,0.9362244897959183,44.46866485013624,60.0,0.8010899182561307,574,2.8085626911314985,1800,8.807339449541285,0.447344181762358,15.936391437308869,8.572477064220184,4.655612244897959,2.3596938775510203,0.9821428571428571,0.5229591836734694,0.29336734693877553,0.1556122448979592,0.1096938775510204,True
all_2021,escalate_h60_to_h15,60,0.74,15.0,0.9,none,0.7035336394489918,392,290,102,0.7397959183673469,37.241379310344826,30.0,0.6310344827586207,407,1.9914373088685016,434,2.1235474006116206,0.7077441077441078,7.26605504587156,0.0,1.3673469387755102,0.8137755102040817,0.4816326530612245,0.3709183673469388,0.3155612244897959,0.2823469387755102,0.27127551020408164,True
all_2021,escalate_h60_to_h15,60,0.74,15.0,0.9,advisory_if_unsure,0.7035336394489918,392,290,102,0.7397959183673469,37.241379310344826,30.0,0.6310344827586207,407,1.9914373088685016,434,2.1235474006116206,0.7077441077441078,7.26605504587156,9.883792048929664,1.3673469387755102,0.8137755102040817,0.4816326530612245,0.3709183673469388,0.3155612244897959,0.2823469387755102,0.27127551020408164,True
all_2021,escalate_h60_to_h15,60,0.74,15.0,0.9,confirm_only_if_unsure,0.7035336394489918,392,349,43,0.8903061224489796,43.796561604584525,60.0,0.7765042979942693,610,2.984709480122324,1634,7.995107033639144,0.4533288725326196,14.625076452599389,9.883792048929664,4.278061224489796,2.193877551020408,0.9433673469387756,0.5265306122448979,0.3181122448979592,0.19306122448979593,0.15137755102040817,True
all_2021,escalate_h60_to_h15,60,0.74,15.0,0.94,none,0.8095428229187462,392,205,187,0.5229591836734694,36.146341463414636,30.0,0.5560975609756098,306,1.4972477064220184,174,0.8513761467889909,0.8176100628930818,4.667889908256881,0.0,0.9209183673469388,0.6989795918367347,0.5658163265306122,0.5214285714285715,0.49923469387755104,0.4859183673469388,0.4814795918367347,True
all_2021,escalate_h60_to_h15,60,0.74,15.0,0.94,advisory_if_unsure,0.8095428229187462,392,205,187,0.5229591836734694,36.146341463414636,30.0,0.5560975609756098,306,1.4972477064220184,174,0.8513761467889909,0.8176100628930818,4.667889908256881,11.175535168195719,0.9209183673469388,0.6989795918367347,0.5658163265306122,0.5214285714285715,0.49923469387755104,0.4859183673469388,0.4814795918367347,True
all_2021,escalate_h60_to_h15,60,0.74,15.0,0.94,confirm_only_if_unsure,0.8095428229187462,392,320,72,0.8163265306122449,43.546875,60.0,0.7625,629,3.077675840978593,1509,7.38348623853211,0.44623853211009173,13.333333333333334,11.175535168195719,4.033163265306122,2.108418367346939,0.9535714285714286,0.5686224489795918,0.3761479591836735,0.26066326530612244,0.2221683673469388,True
all_2021,escalate_h60_to_h15,60,0.74,15.0,0.98,none,0.915352365741665,392,92,300,0.23469387755102042,36.358695652173914,30.0,0.532608695652174,181,0.8856269113149847,40,0.19571865443425077,0.9056603773584906,2.074617737003058,0.0,0.8673469387755102,0.8163265306122449,0.7857142857142857,0.7755102040816326,0.7704081632653061,0.7673469387755102,0.7663265306122449,True
all_2021,escalate_h60_to_h15,60,0.74,15.0,0.98,advisory_if_unsure,0.915352365741665,392,92,300,0.23469387755102042,36.358695652173914,30.0,0.532608695652174,181,0.8856269113149847,40,0.19571865443425077,0.9056603773584906,2.074617737003058,12.770642201834862,0.8673469387755102,0.8163265306122449,0.7857142857142857,0.7755102040816326,0.7704081632653061,0.7673469387755102,0.7663265306122449,False
all_2021,escalate_h60_to_h15,60,0.74,15.0,0.98,confirm_only_if_unsure,0.915352365741665,392,269,123,0.6862244897959183,44.60966542750929,60.0,0.7955390334572491,632,3.092354740061162,1425,6.972477064220183,0.4060025010421009,11.73822629969419,12.770642201834862,3.9489795918367347,2.131377551020408,1.0408163265306123,0.6772959183673469,0.4955357142857143,0.3864795918367347,0.35012755102040816,False
all_2021,escalate_h60_to_h15,60,0.78,15.0,0.5,none,0.07173313268121395,392,376,16,0.9591836734693877,55.09308510638298,60.0,0.976063829787234,437,2.1382262996941894,1953,9.555963302752293,0.4723047824912186,18.108868501529052,0.0,5.0229591836734695,2.5318877551020407,1.0372448979591837,0.539030612244898,0.2899234693877551,0.14045918367346938,0.09063775510204082,True
all_2021,escalate_h60_to_h15,60,0.78,15.0,0.5,advisory_if_unsure,0.07173313268121395,392,376,16,0.9591836734693877,55.09308510638298,60.0,0.976063829787234,437,2.1382262996941894,1953,9.555963302752293,0.4723047824912186,18.108868501529052,0.9198776758409786,5.0229591836734695,2.5318877551020407,1.0372448979591837,0.539030612244898,0.2899234693877551,0.14045918367346938,0.09063775510204082,True
all_2021,escalate_h60_to_h15,60,0.78,15.0,0.5,confirm_only_if_unsure,0.07173313268121395,392,376,16,0.9591836734693877,55.930851063829785,60.0,0.9787234042553191,446,2.182262996941896,2033,9.947400611620795,0.46485917346670175,18.588379204892966,0.9198776758409786,5.2270408163265305,2.6339285714285716,1.078061224489796,0.559438775510204,0.30012755102040817,0.14454081632653062,0.09267857142857143,True
all_2021,escalate_h60_to_h15,60,0.78,15.0,0.54,none,0.07775269626285428,392,376,16,0.9591836734693877,54.85372340425532,60.0,0.976063829787234,438,2.143119266055046,1936,9.472782874617737,0.47348381833016046,17.991437308868502,0.0,4.979591836734694,2.510204081632653,1.0285714285714285,0.5346938775510204,0.28775510204081634,0.13959183673469389,0.09020408163265306,True
all_2021,escalate_h60_to_h15,60,0.78,15.0,0.54,advisory_if_unsure,0.07775269626285428,392,376,16,0.9591836734693877,54.85372340425532,60.0,0.976063829787234,438,2.143119266055046,1936,9.472782874617737,0.47348381833016046,17.991437308868502,0.998165137614679,4.979591836734694,2.510204081632653,1.0285714285714285,0.5346938775510204,0.28775510204081634,0.13959183673469389,0.09020408163265306,True
all_2021,escalate_h60_to_h15,60,0.78,15.0,0.54,confirm_only_if_unsure,0.07775269626285428,392,376,16,0.9591836734693877,55.691489361702125,60.0,0.9787234042553191,447,2.1871559633027524,2023,9.898470948012232,0.4652392281258261,18.510091743119265,0.998165137614679,5.201530612244898,2.621173469387755,1.0729591836734693,0.5568877551020408,0.29885204081632655,0.14403061224489797,0.0924234693877551,True
all_2021,escalate_h60_to_h15,60,0.78,15.0,0.58,none,0.08402307499372962,392,376,16,0.9591836734693877,54.61436170212766,60.0,0.976063829787234,437,2.1382262996941894,1916,9.374923547400611,0.47535596933187296,17.869113149847095,0.0,4.928571428571429,2.4846938775510203,1.0183673469387755,0.5295918367346939,0.28520408163265304,0.13857142857142857,0.08969387755102042,True
all_2021,escalate_h60_to_h15,60,0.78,15.0,0.58,advisory_if_unsure,0.08402307499372962,392,376,16,0.9591836734693877,54.61436170212766,60.0,0.976063829787234,437,2.1382262996941894,1916,9.374923547400611,0.47535596933187296,17.869113149847095,1.0568807339449542,4.928571428571429,2.4846938775510203,1.0183673469387755,0.5295918367346939,0.28520408163265304,0.13857142857142857,0.08969387755102042,True
all_2021,escalate_h60_to_h15,60,0.78,15.0,0.58,confirm_only_if_unsure,0.08402307499372962,392,376,16,0.9591836734693877,55.53191489361702,60.0,0.9787234042553191,448,2.1920489296636085,2014,9.854434250764527,0.46592415804826304,18.45137614678899,1.0568807339449542,5.178571428571429,2.6096938775510203,1.0683673469387756,0.5545918367346939,0.29770408163265305,0.14357142857142857,0.0921938775510204,True
all_2021,escalate_h60_to_h15,60,0.78,15.0,0.62,none,0.0945573112616002,392,376,16,0.9591836734693877,54.13563829787234,60.0,0.973404255319149,439,2.148012232415902,1884,9.218348623853212,0.4781163434903047,17.66360856269113,0.0,4.846938775510204,2.443877551020408,1.0020408163265306,0.5214285714285715,0.2811224489795918,0.13693877551020409,0.08887755102040816,True
all_2021,escalate_h60_to_h15,60,0.78,15.0,0.62,advisory_if_unsure,0.0945573112616002,392,376,16,0.9591836734693877,54.13563829787234,60.0,0.973404255319149,439,2.148012232415902,1884,9.218348623853212,0.4781163434903047,17.66360856269113,1.2036697247706423,4.846938775510204,2.443877551020408,1.0020408163265306,0.5214285714285715,0.2811224489795918,0.13693877551020409,0.08887755102040816,True
all_2021,escalate_h60_to_h15,60,0.78,15.0,0.62,confirm_only_if_unsure,0.0945573112616002,392,376,16,0.9591836734693877,55.212765957446805,60.0,0.976063829787234,451,2.2067278287461773,1992,9.746788990825689,0.46752205292702487,18.304587155963304,1.2036697247706423,5.122448979591836,2.5816326530612246,1.0571428571428572,0.5489795918367347,0.29489795918367345,0.14244897959183672,0.09163265306122449,True
all_2021,escalate_h60_to_h15,60,0.78,15.0,0.66,none,0.1163782292450464,392,374,18,0.9540816326530612,52.86096256684492,60.0,0.9572192513368984,437,2.1382262996941894,1831,8.959021406727828,0.48027249503264263,17.237920489296638,0.0,4.716836734693878,2.381377551020408,0.9801020408163266,0.5130102040816327,0.2794642857142857,0.13933673469387756,0.09262755102040816,True
all_2021,escalate_h60_to_h15,60,0.78,15.0,0.66,advisory_if_unsure,0.1163782292450464,392,374,18,0.9540816326530612,52.86096256684492,60.0,0.9572192513368984,437,2.1382262996941894,1831,8.959021406727828,0.48027249503264263,17.237920489296638,1.4678899082568808,4.716836734693878,2.381377551020408,0.9801020408163266,0.5130102040816327,0.2794642857142857,0.13933673469387756,0.09262755102040816,True
all_2021,escalate_h60_to_h15,60,0.78,15.0,0.66,confirm_only_if_unsure,0.1163782292450464,392,376,16,0.9591836734693877,54.534574468085104,60.0,0.973404255319149,455,2.2262996941896023,1957,9.575535168195719,0.46921616490371576,18.040366972477063,1.4678899082568808,5.033163265306122,2.5369897959183674,1.0392857142857144,0.5400510204081632,0.29043367346938775,0.14066326530612244,0.09073979591836735,True
all_2021,escalate_h60_to_h15,60,0.78,15.0,0.7,none,0.17607223476297967,392,370,22,0.9438775510204082,50.310810810810814,60.0,0.9135135135135135,445,2.1773700305810397,1672,8.181039755351682,0.4910197869101979,16.073394495412845,0.0,4.321428571428571,2.188775510204082,0.9091836734693878,0.4826530612244898,0.2693877551020408,0.14142857142857143,0.09877551020408164,True
all_2021,escalate_h60_to_h15,60,0.78,15.0,0.7,advisory_if_unsure,0.17607223476297967,392,370,22,0.9438775510204082,50.310810810810814,60.0,0.9135135135135135,445,2.1773700305810397,1672,8.181039755351682,0.4910197869101979,16.073394495412845,2.289908256880734,4.321428571428571,2.188775510204082,0.9091836734693878,0.4826530612244898,0.2693877551020408,0.14142857142857143,0.09877551020408164,True
all_2021,escalate_h60_to_h15,60,0.78,15.0,0.7,confirm_only_if_unsure,0.17607223476297967,392,375,17,0.9566326530612245,52.64,60.0,0.9493333333333334,473,2.314373088685015,1849,9.047094801223242,0.4745666382495027,17.21834862385321,2.289908256880734,4.760204081632653,2.4017857142857144,0.986734693877551,0.5150510204081633,0.27920918367346936,0.13770408163265307,0.09053571428571429,True
all_2021,escalate_h60_to_h15,60,0.78,15.0,0.74,none,0.24755455229495862,392,368,24,0.9387755102040817,47.85326086956522,60.0,0.8777173913043478,449,2.1969418960244647,1489,7.285626911314985,0.5036666666666667,14.678899082568808,0.0,3.8596938775510203,1.9604591836734695,0.8209183673469388,0.44107142857142856,0.2511479591836735,0.13719387755102042,0.09920918367346938,True
all_2021,escalate_h60_to_h15,60,0.78,15.0,0.74,advisory_if_unsure,0.24755455229495862,392,368,24,0.9387755102040817,47.85326086956522,60.0,0.8777173913043478,449,2.1969418960244647,1489,7.285626911314985,0.5036666666666667,14.678899082568808,3.3223241590214068,3.8596938775510203,1.9604591836734695,0.8209183673469388,0.44107142857142856,0.2511479591836735,0.13719387755102042,0.09920918367346938,True
all_2021,escalate_h60_to_h15,60,0.78,15.0,0.74,confirm_only_if_unsure,0.24755455229495862,392,373,19,0.951530612244898,50.50938337801609,60.0,0.9249329758713136,478,2.3388379204892966,1721,8.420795107033639,0.4797460701330109,16.18593272171254,3.3223241590214068,4.438775510204081,2.243622448979592,0.926530612244898,0.4875,0.26798469387755103,0.13627551020408163,0.09237244897959183,True
all_2021,escalate_h60_to_h15,60,0.78,15.0,0.78,none,0.3308251818409832,392,363,29,0.9260204081632653,44.66942148760331,60.0,0.8347107438016529,480,2.3486238532110093,1269,6.209174311926605,0.5243628185907047,13.054434250764526,0.0,3.311224489795918,1.6926020408163265,0.7214285714285714,0.3977040816326531,0.2358418367346939,0.13872448979591837,0.10635204081632653,True
all_2021,escalate_h60_to_h15,60,0.78,15.0,0.78,advisory_if_unsure,0.3308251818409832,392,363,29,0.9260204081632653,44.66942148760331,60.0,0.8347107438016529,480,2.3486238532110093,1269,6.209174311926605,0.5243628185907047,13.054434250764526,4.43302752293578,3.311224489795918,1.6926020408163265,0.7214285714285714,0.3977040816326531,0.2358418367346939,0.13872448979591837,0.10635204081632653,True
all_2021,escalate_h60_to_h15,60,0.78,15.0,0.78,confirm_only_if_unsure,0.3308251818409832,392,369,23,0.9413265306122449,47.84552845528455,60.0,0.8834688346883469,492,2.4073394495412845,1586,7.760244648318043,0.48523206751054854,15.075229357798165,4.43302752293578,4.104591836734694,2.0816326530612246,0.8678571428571429,0.463265306122449,0.26096938775510203,0.13959183673469389,0.09913265306122448,True
all_2021,escalate_h60_to_h15,60,0.78,15.0,0.82,none,0.42287434161023324,392,352,40,0.8979591836734694,41.67613636363637,45.0,0.75,476,2.329051987767584,1010,4.941896024464832,0.5610604085180356,11.258715596330275,0.0,2.6785714285714284,1.3903061224489797,0.6173469387755102,0.3596938775510204,0.2308673469387755,0.15357142857142858,0.1278061224489796,True
all_2021,escalate_h60_to_h15,60,0.78,15.0,0.82,advisory_if_unsure,0.42287434161023324,392,352,40,0.8979591836734694,41.67613636363637,45.0,0.75,476,2.329051987767584,1010,4.941896024464832,0.5610604085180356,11.258715596330275,5.431192660550459,2.6785714285714284,1.3903061224489797,0.6173469387755102,0.3596938775510204,0.2308673469387755,0.15357142857142858,0.1278061224489796,True
all_2021,escalate_h60_to_h15,60,0.78,15.0,0.82,confirm_only_if_unsure,0.42287434161023324,392,362,30,0.923469387755102,45.66298342541437,60.0,0.8259668508287292,500,2.4464831804281344,1451,7.099694189602446,0.4956551963851234,14.077064220183486,5.431192660550459,3.7780612244897958,1.927295918367347,0.8168367346938775,0.44668367346938775,0.26160714285714287,0.15056122448979592,0.11354591836734694,True
all_2021,escalate_h60_to_h15,60,0.78,15.0,0.86,none,0.5324805618259343,392,334,58,0.8520408163265306,39.07185628742515,45.0,0.6766467065868264,453,2.21651376146789,692,3.385932721712538,0.628755364806867,9.120489296636086,0.0,1.913265306122449,1.030612244897959,0.5010204081632653,0.32448979591836735,0.23622448979591837,0.18326530612244898,0.16561224489795917,True
all_2021,escalate_h60_to_h15,60,0.78,15.0,0.86,advisory_if_unsure,0.5324805618259343,392,334,58,0.8520408163265306,39.07185628742515,45.0,0.6766467065868264,453,2.21651376146789,692,3.385932721712538,0.628755364806867,9.120489296636086,6.390214067278287,1.913265306122449,1.030612244897959,0.5010204081632653,0.32448979591836735,0.23622448979591837,0.18326530612244898,0.16561224489795917,True
all_2021,escalate_h60_to_h15,60,0.78,15.0,0.86,confirm_only_if_unsure,0.5324805618259343,392,355,37,0.9056122448979592,43.985915492957744,60.0,0.7859154929577464,526,2.5737003058103975,1322,6.468501529051988,0.5069004102946661,13.118042813455657,6.390214067278287,3.4668367346938775,1.780612244897959,0.7688775510204081,0.4316326530612245,0.26301020408163267,0.16183673469387755,0.1281122448979592,True
all_2021,escalate_h60_to_h15,60,0.78,15.0,0.9,none,0.6508653122648608,392,285,107,0.7270408163265306,37.36842105263158,30.0,0.624561403508772,408,1.996330275229358,399,1.9522935779816515,0.7133620689655172,6.811009174311927,0.0,1.2908163265306123,0.7818877551020408,0.47653061224489796,0.3747448979591837,0.3238520408163265,0.29331632653061224,0.2831377551020408,True
all_2021,escalate_h60_to_h15,60,0.78,15.0,0.9,advisory_if_unsure,0.6508653122648608,392,285,107,0.7270408163265306,37.36842105263158,30.0,0.624561403508772,408,1.996330275229358,399,1.9522935779816515,0.7133620689655172,6.811009174311927,7.442201834862385,1.2908163265306123,0.7818877551020408,0.47653061224489796,0.3747448979591837,0.3238520408163265,0.29331632653061224,0.2831377551020408,True
all_2021,escalate_h60_to_h15,60,0.78,15.0,0.9,confirm_only_if_unsure,0.6508653122648608,392,340,52,0.8673469387755102,43.544117647058826,60.0,0.7588235294117647,565,2.764525993883792,1195,5.847094801223242,0.5154095701540957,12.06605504587156,7.442201834862385,3.181122448979592,1.656887755102041,0.7423469387755102,0.4375,0.2850765306122449,0.19362244897959183,0.16313775510204082,True
all_2021,escalate_h60_to_h15,60,0.78,15.0,0.94,none,0.7752696262854276,392,204,188,0.5204081632653061,36.1764705882353,30.0,0.553921568627451,306,1.4972477064220184,157,0.7681957186544343,0.8247767857142857,4.384097859327217,0.0,0.8801020408163265,0.6798469387755102,0.5596938775510204,0.5196428571428572,0.4996173469387755,0.4876020408163265,0.4835969387755102,True
all_2021,escalate_h60_to_h15,60,0.78,15.0,0.94,advisory_if_unsure,0.7752696262854276,392,204,188,0.5204081632653061,36.1764705882353,30.0,0.553921568627451,306,1.4972477064220184,157,0.7681957186544343,0.8247767857142857,4.384097859327217,8.616513761467889,0.8801020408163265,0.6798469387755102,0.5596938775510204,0.5196428571428572,0.4996173469387755,0.4876020408163265,0.4835969387755102,True
all_2021,escalate_h60_to_h15,60,0.78,15.0,0.94,confirm_only_if_unsure,0.7752696262854276,392,314,78,0.8010204081632653,43.13694267515923,60.0,0.7452229299363057,577,2.8232415902140673,1081,5.289296636085627,0.5143755615453729,10.891743119266055,8.616513761467889,2.9566326530612246,1.5778061224489797,0.7505102040816326,0.4747448979591837,0.3368622448979592,0.2541326530612245,0.2265561224489796,True
all_2021,escalate_h60_to_h15,60,0.78,15.0,0.98,none,0.8996739403059945,392,92,300,0.23469387755102042,36.358695652173914,30.0,0.532608695652174,179,0.8758409785932721,32,0.1565749235474006,0.92,1.9571865443425076,0.0,0.8469387755102041,0.8061224489795918,0.7816326530612245,0.773469387755102,0.7693877551020408,0.7669387755102041,0.7661224489795918,True
all_2021,escalate_h60_to_h15,60,0.78,15.0,0.98,advisory_if_unsure,0.8996739403059945,392,92,300,0.23469387755102042,36.358695652173914,30.0,0.532608695652174,179,0.8758409785932721,32,0.1565749235474006,0.92,1.9571865443425076,10.09908256880734,0.8469387755102041,0.8061224489795918,0.7816326530612245,0.773469387755102,0.7693877551020408,0.7669387755102041,0.7661224489795918,True
all_2021,escalate_h60_to_h15,60,0.78,15.0,0.98,confirm_only_if_unsure,0.8996739403059945,392,263,129,0.6709183673469388,44.14448669201521,60.0,0.7756653992395437,572,2.798776758409786,1006,4.922324159021406,0.47685907436297453,9.409174311926606,10.09908256880734,2.895408163265306,1.6122448979591837,0.8423469387755103,0.5857142857142857,0.4573979591836735,0.38040816326530613,0.3547448979591837,True
all_2021,escalate_h60_to_h15,60,0.82,15.0,0.5,none,0.07050492610837439,392,368,24,0.9387755102040817,54.45652173913044,60.0,0.9782608695652174,411,2.0110091743119267,1392,6.811009174311927,0.5389201722424644,14.771865443425076,0.0,3.6122448979591835,1.836734693877551,0.7714285714285715,0.4163265306122449,0.23877551020408164,0.13224489795918368,0.09673469387755101,True
all_2021,escalate_h60_to_h15,60,0.82,15.0,0.5,advisory_if_unsure,0.07050492610837439,392,368,24,0.9387755102040817,54.45652173913044,60.0,0.9782608695652174,411,2.0110091743119267,1392,6.811009174311927,0.5389201722424644,14.771865443425076,0.763302752293578,3.6122448979591835,1.836734693877551,0.7714285714285715,0.4163265306122449,0.23877551020408164,0.13224489795918368,0.09673469387755101,True
all_2021,escalate_h60_to_h15,60,0.82,15.0,0.5,confirm_only_if_unsure,0.07050492610837439,392,368,24,0.9387755102040817,55.14945652173913,60.0,0.9809782608695652,416,2.0354740061162078,1450,7.09480122324159,0.5310478654592496,15.129051987767584,0.763302752293578,3.760204081632653,1.9107142857142858,0.8010204081632653,0.43112244897959184,0.2461734693877551,0.13520408163265307,0.09821428571428571,True
all_2021,escalate_h60_to_h15,60,0.82,15.0,0.54,none,0.0769704433497537,392,368,24,0.9387755102040817,54.21195652173913,60.0,0.9782608695652174,412,2.015902140672783,1378,6.742507645259939,0.5403602401601068,14.669113149847094,0.0,3.576530612244898,1.8188775510204083,0.7642857142857142,0.41275510204081634,0.23698979591836736,0.13153061224489795,0.09637755102040817,True
all_2021,escalate_h60_to_h15,60,0.82,15.0,0.54,advisory_if_unsure,0.0769704433497537,392,368,24,0.9387755102040817,54.21195652173913,60.0,0.9782608695652174,412,2.015902140672783,1378,6.742507645259939,0.5403602401601068,14.669113149847094,0.8318042813455657,3.576530612244898,1.8188775510204083,0.7642857142857142,0.41275510204081634,0.23698979591836736,0.13153061224489795,0.09637755102040817,True
all_2021,escalate_h60_to_h15,60,0.82,15.0,0.54,confirm_only_if_unsure,0.0769704433497537,392,368,24,0.9387755102040817,54.90489130434783,60.0,0.9809782608695652,417,2.0403669724770643,1442,7.05565749235474,0.5315139701104613,15.060550458715596,0.8318042813455657,3.739795918367347,1.9005102040816326,0.7969387755102041,0.4290816326530612,0.2451530612244898,0.13479591836734695,0.09801020408163265,True
all_2021,escalate_h60_to_h15,60,0.82,15.0,0.58,none,0.08282019704433498,392,368,24,0.9387755102040817,53.96739130434783,60.0,0.9782608695652174,412,2.015902140672783,1364,6.674006116207951,0.5421282309499832,14.576146788990826,0.0,3.5408163265306123,1.8010204081632653,0.7571428571428571,0.4091836734693878,0.23520408163265305,0.13081632653061223,0.0960204081632653,True
all_2021,escalate_h60_to_h15,60,0.82,15.0,0.58,advisory_if_unsure,0.08282019704433498,392,368,24,0.9387755102040817,53.96739130434783,60.0,0.9782608695652174,412,2.015902140672783,1364,6.674006116207951,0.5421282309499832,14.576146788990826,0.8758409785932721,3.5408163265306123,1.8010204081632653,0.7571428571428571,0.4091836734693878,0.23520408163265305,0.13081632653061223,0.0960204081632653,True
all_2021,escalate_h60_to_h15,60,0.82,15.0,0.58,confirm_only_if_unsure,0.08282019704433498,392,368,24,0.9387755102040817,54.74184782608695,60.0,0.9809782608695652,417,2.0403669724770643,1436,7.0262996941896025,0.5320951449983709,15.01651376146789,0.8758409785932721,3.7244897959183674,1.8928571428571428,0.7938775510204081,0.4275510204081633,0.2443877551020408,0.13448979591836735,0.09785714285714285,True
all_2021,escalate_h60_to_h15,60,0.82,15.0,0.62,none,0.09236453201970443,392,368,24,0.9387755102040817,53.55978260869565,60.0,0.9755434782608695,410,2.00611620795107,1341,6.561467889908257,0.5451153324287653,14.424464831804281,0.0,3.482142857142857,1.7716836734693877,0.7454081632653061,0.4033163265306122,0.2322704081632653,0.12964285714285714,0.09543367346938776,True
all_2021,escalate_h60_to_h15,60,0.82,15.0,0.62,advisory_if_unsure,0.09236453201970443,392,368,24,0.9387755102040817,53.55978260869565,60.0,0.9755434782608695,410,2.00611620795107,1341,6.561467889908257,0.5451153324287653,14.424464831804281,0.9737003058103976,3.482142857142857,1.7716836734693877,0.7454081632653061,0.4033163265306122,0.2322704081632653,0.12964285714285714,0.09543367346938776,True
all_2021,escalate_h60_to_h15,60,0.82,15.0,0.62,confirm_only_if_unsure,0.09236453201970443,392,368,24,0.9387755102040817,54.49728260869565,60.0,0.9782608695652174,416,2.0354740061162078,1422,6.957798165137615,0.5336175795342736,14.918654434250765,0.9737003058103976,3.688775510204082,1.875,0.786734693877551,0.42397959183673467,0.24260204081632653,0.13377551020408163,0.0975,True
all_2021,escalate_h60_to_h15,60,0.82,15.0,0.66,none,0.11083743842364532,392,368,24,0.9387755102040817,52.41847826086956,60.0,0.9592391304347826,407,1.9914373088685016,1308,6.4,0.5470914127423823,14.130886850152905,0.0,3.3979591836734695,1.7295918367346939,0.7285714285714285,0.3948979591836735,0.2280612244897959,0.1279591836734694,0.09459183673469387,True
all_2021,escalate_h60_to_h15,60,0.82,15.0,0.66,advisory_if_unsure,0.11083743842364532,392,368,24,0.9387755102040817,52.41847826086956,60.0,0.9592391304347826,407,1.9914373088685016,1308,6.4,0.5470914127423823,14.130886850152905,1.144954128440367,3.3979591836734695,1.7295918367346939,0.7285714285714285,0.3948979591836735,0.2280612244897959,0.1279591836734694,0.09459183673469387,True
all_2021,escalate_h60_to_h15,60,0.82,15.0,0.66,confirm_only_if_unsure,0.11083743842364532,392,368,24,0.9387755102040817,53.88586956521739,60.0,0.9755434782608695,419,2.0501529051987766,1402,6.859938837920489,0.5348374253483743,14.747400611620796,1.144954128440367,3.6377551020408165,1.8494897959183674,0.7765306122448979,0.4188775510204082,0.24005102040816326,0.13275510204081634,0.09698979591836734,True
all_2021,escalate_h60_to_h15,60,0.82,15.0,0.7,none,0.1684113300492611,392,358,34,0.9132653061224489,50.32122905027933,60.0,0.9189944134078212,405,1.981651376146789,1195,5.847094801223242,0.557571269900037,13.215902140672783,0.0,3.135204081632653,1.6109693877551021,0.6964285714285714,0.39158163265306123,0.23915816326530612,0.14770408163265306,0.11721938775510204,True
all_2021,escalate_h60_to_h15,60,0.82,15.0,0.7,advisory_if_unsure,0.1684113300492611,392,358,34,0.9132653061224489,50.32122905027933,60.0,0.9189944134078212,405,1.981651376146789,1195,5.847094801223242,0.557571269900037,13.215902140672783,1.8055045871559634,3.135204081632653,1.6109693877551021,0.6964285714285714,0.39158163265306123,0.23915816326530612,0.14770408163265306,0.11721938775510204,True
all_2021,escalate_h60_to_h15,60,0.82,15.0,0.7,confirm_only_if_unsure,0.1684113300492611,392,360,32,0.9183673469387755,52.458333333333336,60.0,0.9555555555555556,426,2.0844036697247708,1324,6.4782874617737,0.540118096561306,14.086850152905198,1.8055045871559634,3.4591836734693877,1.7704081632653061,0.7571428571428571,0.4193877551020408,0.25051020408163266,0.14918367346938777,0.11540816326530612,True
all_2021,escalate_h60_to_h15,60,0.82,15.0,0.74,none,0.23706896551724138,392,353,39,0.9005102040816326,47.93201133144476,60.0,0.8781869688385269,407,1.9914373088685016,1067,5.22079510703364,0.569410815173527,12.124770642201835,0.0,2.8214285714285716,1.4604591836734695,0.6438775510204081,0.37168367346938774,0.23558673469387756,0.15392857142857144,0.1267091836734694,True
all_2021,escalate_h60_to_h15,60,0.82,15.0,0.74,advisory_if_unsure,0.23706896551724138,392,353,39,0.9005102040816326,47.93201133144476,60.0,0.8781869688385269,407,1.9914373088685016,1067,5.22079510703364,0.569410815173527,12.124770642201835,2.6617737003058104,2.8214285714285716,1.4604591836734695,0.6438775510204081,0.37168367346938774,0.23558673469387756,0.15392857142857144,0.1267091836734694,True
all_2021,escalate_h60_to_h15,60,0.82,15.0,0.74,confirm_only_if_unsure,0.23706896551724138,392,355,37,0.9056122448979592,50.49295774647887,60.0,0.9295774647887324,423,2.069724770642202,1226,5.998776758409786,0.5465976331360947,13.230581039755352,2.6617737003058104,3.2219387755102042,1.6581632653061225,0.7198979591836735,0.40714285714285714,0.25076530612244896,0.15693877551020408,0.12566326530612246,True
all_2021,escalate_h60_to_h15,60,0.82,15.0,0.78,none,0.31157635467980294,392,349,43,0.8903061224489796,44.52722063037249,45.0,0.830945558739255,425,2.079510703363914,929,4.545565749235474,0.5845259391771019,10.940672782874618,0.0,2.479591836734694,1.2946428571428572,0.5836734693877551,0.3466836734693878,0.22818877551020408,0.15709183673469387,0.13339285714285715,True
all_2021,escalate_h60_to_h15,60,0.82,15.0,0.78,advisory_if_unsure,0.31157635467980294,392,349,43,0.8903061224489796,44.52722063037249,45.0,0.830945558739255,425,2.079510703363914,929,4.545565749235474,0.5845259391771019,10.940672782874618,3.532721712538226,2.479591836734694,1.2946428571428572,0.5836734693877551,0.3466836734693878,0.22818877551020408,0.15709183673469387,0.13339285714285715,True
all_2021,escalate_h60_to_h15,60,0.82,15.0,0.78,confirm_only_if_unsure,0.31157635467980294,392,352,40,0.8979591836734694,47.68465909090909,60.0,0.8863636363636364,426,2.0844036697247708,1134,5.5486238532110095,0.5510688836104513,12.359633027522936,3.532721712538226,2.9948979591836733,1.5484693877551021,0.6806122448979591,0.39132653061224487,0.24668367346938774,0.15989795918367347,0.13096938775510203,True
all_2021,escalate_h60_to_h15,60,0.82,15.0,0.82,none,0.38362068965517243,392,337,55,0.8596938775510204,41.88427299703264,45.0,0.7566765578635015,427,2.089296636085627,789,3.8605504587155965,0.6058941058941059,9.795718654434252,0.0,2.1530612244897958,1.1466836734693877,0.5428571428571428,0.34158163265306124,0.2409438775510204,0.18056122448979592,0.16043367346938775,True
all_2021,escalate_h60_to_h15,60,0.82,15.0,0.82,advisory_if_unsure,0.38362068965517243,392,337,55,0.8596938775510204,41.88427299703264,45.0,0.7566765578635015,427,2.089296636085627,789,3.8605504587155965,0.6058941058941059,9.795718654434252,4.227522935779817,2.1530612244897958,1.1466836734693877,0.5428571428571428,0.34158163265306124,0.2409438775510204,0.18056122448979592,0.16043367346938775,True
all_2021,escalate_h60_to_h15,60,0.82,15.0,0.82,confirm_only_if_unsure,0.38362068965517243,392,344,48,0.8775510204081632,45.65406976744186,60.0,0.8343023255813954,430,2.1039755351681957,1053,5.152293577981651,0.5583053691275168,11.664831804281345,4.227522935779817,2.808673469387755,1.465561224489796,0.6596938775510204,0.39107142857142857,0.25676020408163264,0.1761734693877551,0.14931122448979592,True
all_2021,escalate_h60_to_h15,60,0.82,15.0,0.86,none,0.4815270935960591,392,317,75,0.8086734693877551,39.46372239747634,45.0,0.6876971608832808,409,2.001223241590214,577,2.8232415902140673,0.6573634204275535,8.239755351681957,0.0,1.663265306122449,0.9272959183673469,0.4857142857142857,0.3385204081632653,0.26492346938775513,0.220765306122449,0.20604591836734693,True
all_2021,escalate_h60_to_h15,60,0.82,15.0,0.86,advisory_if_unsure,0.4815270935960591,392,317,75,0.8086734693877551,39.46372239747634,45.0,0.6876971608832808,409,2.001223241590214,577,2.8232415902140673,0.6573634204275535,8.239755351681957,4.956574923547401,1.663265306122449,0.9272959183673469,0.4857142857142857,0.3385204081632653,0.26492346938775513,0.220765306122449,0.20604591836734693,True
all_2021,escalate_h60_to_h15,60,0.82,15.0,0.86,confirm_only_if_unsure,0.4815270935960591,392,336,56,0.8571428571428571,44.107142857142854,60.0,0.7976190476190477,443,2.167584097859327,963,4.711926605504587,0.5691275167785235,10.935779816513762,4.956574923547401,2.5994897959183674,1.371173469387755,0.6341836734693878,0.38852040816326533,0.2656887755102041,0.19198979591836735,0.1674234693877551,True
all_2021,escalate_h60_to_h15,60,0.82,15.0,0.9,none,0.6028325123152709,392,274,118,0.6989795918367347,37.88321167883212,30.0,0.6386861313868614,375,1.834862385321101,343,1.6782874617737003,0.734108527131783,6.3119266055045875,0.0,1.1760204081632653,0.7385204081632653,0.4760204081632653,0.38852040816326533,0.3447704081632653,0.3185204081632653,0.3097704081632653,True
all_2021,escalate_h60_to_h15,60,0.82,15.0,0.9,advisory_if_unsure,0.6028325123152709,392,274,118,0.6989795918367347,37.88321167883212,30.0,0.6386861313868614,375,1.834862385321101,343,1.6782874617737003,0.734108527131783,6.3119266055045875,5.851987767584098,1.1760204081632653,0.7385204081632653,0.4760204081632653,0.38852040816326533,0.3447704081632653,0.3185204081632653,0.3097704081632653,True
all_2021,escalate_h60_to_h15,60,0.82,15.0,0.9,confirm_only_if_unsure,0.6028325123152709,392,322,70,0.8214285714285714,43.55590062111801,60.0,0.7701863354037267,466,2.2801223241590214,861,4.2128440366972475,0.5804093567251462,10.040366972477065,5.851987767584098,2.375,1.2767857142857142,0.6178571428571429,0.3982142857142857,0.2883928571428571,0.2225,0.2005357142857143,True
all_2021,escalate_h60_to_h15,60,0.82,15.0,0.94,none,0.7419950738916257,392,199,193,0.5076530612244898,36.33165829145729,30.0,0.5628140703517588,285,1.3944954128440368,129,0.6311926605504588,0.8460620525059666,4.100305810397553,0.0,0.8214285714285714,0.6568877551020408,0.5581632653061225,0.5252551020408164,0.5088010204081632,0.49892857142857144,0.49563775510204083,True
all_2021,escalate_h60_to_h15,60,0.82,15.0,0.94,advisory_if_unsure,0.7419950738916257,392,199,193,0.5076530612244898,36.33165829145729,30.0,0.5628140703517588,285,1.3944954128440368,129,0.6311926605504588,0.8460620525059666,4.100305810397553,6.903975535168196,0.8214285714285714,0.6568877551020408,0.5581632653061225,0.5252551020408164,0.5088010204081632,0.49892857142857144,0.49563775510204083,True
all_2021,escalate_h60_to_h15,60,0.82,15.0,0.94,confirm_only_if_unsure,0.7419950738916257,392,299,93,0.7627551020408163,42.89297658862876,45.0,0.7558528428093646,473,2.314373088685015,763,3.7333333333333334,0.5846488840500816,8.988379204892967,6.903975535168196,2.183673469387755,1.2104591836734695,0.6265306122448979,0.4318877551020408,0.33456632653061225,0.2761734693877551,0.2567091836734694,True
all_2021,escalate_h60_to_h15,60,0.82,15.0,0.98,none,0.8799261083743842,392,91,301,0.23214285714285715,36.0989010989011,30.0,0.5274725274725275,175,0.8562691131498471,29,0.1418960244648318,0.9256410256410257,1.908256880733945,0.0,0.8418367346938775,0.8048469387755102,0.7826530612244897,0.7752551020408164,0.7715561224489796,0.7693367346938775,0.7685969387755102,True
all_2021,escalate_h60_to_h15,60,0.82,15.0,0.98,advisory_if_unsure,0.8799261083743842,392,91,301,0.23214285714285715,36.0989010989011,30.0,0.5274725274725275,175,0.8562691131498471,29,0.1418960244648318,0.9256410256410257,1.908256880733945,8.229969418960245,0.8418367346938775,0.8048469387755102,0.7826530612244897,0.7752551020408164,0.7715561224489796,0.7693367346938775,0.7685969387755102,True
all_2021,escalate_h60_to_h15,60,0.82,15.0,0.98,confirm_only_if_unsure,0.8799261083743842,392,249,143,0.6352040816326531,43.734939759036145,60.0,0.7791164658634538,474,2.3192660550458717,705,3.44954128440367,0.5498084291187739,7.662385321100918,8.229969418960245,2.163265306122449,1.2640306122448979,0.7244897959183674,0.5446428571428571,0.45471938775510207,0.400765306122449,0.38278061224489796,True
all_2021,escalate_h60_to_h15,60,0.86,15.0,0.5,none,0.06963329213020189,392,330,62,0.8418367346938775,53.59090909090909,60.0,0.9727272727272728,406,1.9865443425076452,864,4.227522935779817,0.6173604960141719,11.048318042813456,0.0,2.3622448979591835,1.260204081632653,0.5989795918367347,0.37857142857142856,0.2683673469387755,0.20224489795918368,0.18020408163265306,True
all_2021,escalate_h60_to_h15,60,0.86,15.0,0.5,advisory_if_unsure,0.06963329213020189,392,330,62,0.8418367346938775,53.59090909090909,60.0,0.9727272727272728,406,1.9865443425076452,864,4.227522935779817,0.6173604960141719,11.048318042813456,0.6262996941896024,2.3622448979591835,1.260204081632653,0.5989795918367347,0.37857142857142856,0.2683673469387755,0.20224489795918368,0.18020408163265306,True
all_2021,escalate_h60_to_h15,60,0.86,15.0,0.5,confirm_only_if_unsure,0.06963329213020189,392,330,62,0.8418367346938775,54.04545454545455,60.0,0.9727272727272728,408,1.996330275229358,895,4.379204892966361,0.6107003044802087,11.248929663608562,0.6262996941896024,2.441326530612245,1.2997448979591837,0.6147959183673469,0.3864795918367347,0.27232142857142855,0.2038265306122449,0.18099489795918366,True
all_2021,escalate_h60_to_h15,60,0.86,15.0,0.54,none,0.07663782447466007,392,330,62,0.8418367346938775,53.31818181818182,60.0,0.9727272727272728,405,1.981651376146789,854,4.178593272171254,0.6189201249442213,10.965137614678898,0.0,2.336734693877551,1.2474489795918366,0.5938775510204082,0.3760204081632653,0.2670918367346939,0.20173469387755102,0.17994897959183673,True
all_2021,escalate_h60_to_h15,60,0.86,15.0,0.54,advisory_if_unsure,0.07663782447466007,392,330,62,0.8418367346938775,53.31818181818182,60.0,0.9727272727272728,405,1.981651376146789,854,4.178593272171254,0.6189201249442213,10.965137614678898,0.689908256880734,2.336734693877551,1.2474489795918366,0.5938775510204082,0.3760204081632653,0.2670918367346939,0.20173469387755102,0.17994897959183673,True
all_2021,escalate_h60_to_h15,60,0.86,15.0,0.54,confirm_only_if_unsure,0.07663782447466007,392,330,62,0.8418367346938775,53.77272727272727,60.0,0.9727272727272728,407,1.9914373088685016,888,4.344954128440367,0.6115485564304461,11.185321100917431,0.689908256880734,2.423469387755102,1.2908163265306123,0.6112244897959184,0.3846938775510204,0.2714285714285714,0.20346938775510204,0.18081632653061225,True
all_2021,escalate_h60_to_h15,60,0.86,15.0,0.58,none,0.08034610630407911,392,330,62,0.8418367346938775,53.04545454545455,60.0,0.9727272727272728,403,1.9718654434250764,849,4.154128440366972,0.6196236559139785,10.921100917431193,0.0,2.3239795918367347,1.2410714285714286,0.5913265306122449,0.3747448979591837,0.26645408163265305,0.2014795918367347,0.17982142857142858,True
all_2021,escalate_h60_to_h15,60,0.86,15.0,0.58,advisory_if_unsure,0.08034610630407911,392,330,62,0.8418367346938775,53.04545454545455,60.0,0.9727272727272728,403,1.9718654434250764,849,4.154128440366972,0.6196236559139785,10.921100917431193,0.7192660550458716,2.3239795918367347,1.2410714285714286,0.5913265306122449,0.3747448979591837,0.26645408163265305,0.2014795918367347,0.17982142857142858,True
all_2021,escalate_h60_to_h15,60,0.86,15.0,0.58,confirm_only_if_unsure,0.08034610630407911,392,330,62,0.8418367346938775,53.59090909090909,60.0,0.9727272727272728,405,1.981651376146789,885,4.330275229357798,0.6118421052631579,11.155963302752294,0.7192660550458716,2.4158163265306123,1.2869897959183674,0.6096938775510204,0.38392857142857145,0.2710459183673469,0.20331632653061224,0.18073979591836734,True
all_2021,escalate_h60_to_h15,60,0.86,15.0,0.62,none,0.08735063864853729,392,330,62,0.8418367346938775,52.68181818181818,60.0,0.9696969696969697,402,1.9669724770642203,839,4.10519877675841,0.6212189616252821,10.837920489296636,0.0,2.298469387755102,1.2283163265306123,0.5862244897959183,0.3721938775510204,0.26517857142857143,0.20096938775510204,0.17956632653061225,True
all_2021,escalate_h60_to_h15,60,0.86,15.0,0.62,advisory_if_unsure,0.08735063864853729,392,330,62,0.8418367346938775,52.68181818181818,60.0,0.9696969696969697,402,1.9669724770642203,839,4.10519877675841,0.6212189616252821,10.837920489296636,0.7828746177370031,2.298469387755102,1.2283163265306123,0.5862244897959183,0.3721938775510204,0.26517857142857143,0.20096938775510204,0.17956632653061225,True
all_2021,escalate_h60_to_h15,60,0.86,15.0,0.62,confirm_only_if_unsure,0.08735063864853729,392,330,62,0.8418367346938775,53.31818181818182,60.0,0.9696969696969697,405,1.981651376146789,878,4.296024464831804,0.6127040141155713,11.092354740061163,0.7828746177370031,2.3979591836734695,1.278061224489796,0.6061224489795919,0.3821428571428571,0.2701530612244898,0.20295918367346938,0.18056122448979592,True
all_2021,escalate_h60_to_h15,60,0.86,15.0,0.66,none,0.10630407911001236,392,327,65,0.8341836734693877,51.74311926605505,60.0,0.9571865443425076,398,1.9474006116207951,817,3.997553516819572,0.6233287229137852,10.612844036697247,0.0,2.25,1.2079081632653061,0.5826530612244898,0.37423469387755104,0.2700255102040816,0.2075,0.18665816326530613,True
all_2021,escalate_h60_to_h15,60,0.86,15.0,0.66,advisory_if_unsure,0.10630407911001236,392,327,65,0.8341836734693877,51.74311926605505,60.0,0.9571865443425076,398,1.9474006116207951,817,3.997553516819572,0.6233287229137852,10.612844036697247,0.9247706422018349,2.25,1.2079081632653061,0.5826530612244898,0.37423469387755104,0.2700255102040816,0.2075,0.18665816326530613,True
all_2021,escalate_h60_to_h15,60,0.86,15.0,0.66,confirm_only_if_unsure,0.10630407911001236,392,328,64,0.8367346938775511,52.82012195121951,60.0,0.9695121951219512,403,1.9718654434250764,862,4.217737003058104,0.6148346738159071,10.95045871559633,0.9247706422018349,2.3622448979591835,1.2627551020408163,0.6030612244897959,0.38316326530612244,0.2732142857142857,0.20724489795918366,0.18525510204081633,True
all_2021,escalate_h60_to_h15,60,0.86,15.0,0.7,none,0.16522455706633704,392,317,75,0.8086734693877551,50.01577287066246,60.0,0.9242902208201893,391,1.9131498470948012,737,3.6061162079510702,0.6362290227048372,9.913149847094802,0.0,2.0714285714285716,1.1313775510204083,0.5673469387755102,0.3793367346938776,0.2853316326530612,0.22892857142857143,0.21012755102040817,True
all_2021,escalate_h60_to_h15,60,0.86,15.0,0.7,advisory_if_unsure,0.16522455706633704,392,317,75,0.8086734693877551,50.01577287066246,60.0,0.9242902208201893,391,1.9131498470948012,737,3.6061162079510702,0.6362290227048372,9.913149847094802,1.4287461773700305,2.0714285714285716,1.1313775510204083,0.5673469387755102,0.3793367346938776,0.2853316326530612,0.22892857142857143,0.21012755102040817,True
all_2021,escalate_h60_to_h15,60,0.86,15.0,0.7,confirm_only_if_unsure,0.16522455706633704,392,318,74,0.8112244897959183,51.65094339622642,60.0,0.949685534591195,401,1.962079510703364,807,3.9486238532110094,0.6220140515222482,10.446483180428135,1.4287461773700305,2.247448979591837,1.218112244897959,0.6005102040816327,0.39464285714285713,0.2917091836734694,0.22994897959183674,0.20936224489795918,True
all_2021,escalate_h60_to_h15,60,0.86,15.0,0.74,none,0.22661722290894107,392,312,80,0.7959183673469388,48.26923076923077,60.0,0.8846153846153846,385,1.8837920489296636,659,3.2244648318042812,0.648907831646244,9.184097859327217,0.0,1.885204081632653,1.0446428571428572,0.5403061224489796,0.3721938775510204,0.2881377551020408,0.23770408163265305,0.22089285714285714,True
all_2021,escalate_h60_to_h15,60,0.86,15.0,0.74,advisory_if_unsure,0.22661722290894107,392,312,80,0.7959183673469388,48.26923076923077,60.0,0.8846153846153846,385,1.8837920489296636,659,3.2244648318042812,0.648907831646244,9.184097859327217,2.0256880733944955,1.885204081632653,1.0446428571428572,0.5403061224489796,0.3721938775510204,0.2881377551020408,0.23770408163265305,0.22089285714285714,True
all_2021,escalate_h60_to_h15,60,0.86,15.0,0.74,confirm_only_if_unsure,0.22661722290894107,392,314,78,0.8010204081632653,50.111464968152866,60.0,0.9235668789808917,389,1.9033639143730887,742,3.6305810397553517,0.6313959264778937,9.849541284403669,2.0256880733944955,2.0918367346938775,1.1454081632653061,0.5775510204081633,0.38826530612244897,0.29362244897959183,0.23683673469387756,0.21790816326530613,True
all_2021,escalate_h60_to_h15,60,0.86,15.0,0.78,none,0.29954676555418214,392,306,86,0.7806122448979592,45.14705882352941,52.5,0.8333333333333334,382,1.8691131498470948,573,2.8036697247706424,0.6629411764705883,8.318042813455657,0.0,1.6811224489795917,0.9502551020408163,0.511734693877551,0.36556122448979594,0.2924744897959184,0.24862244897959185,0.23400510204081632,True
all_2021,escalate_h60_to_h15,60,0.86,15.0,0.78,advisory_if_unsure,0.29954676555418214,392,306,86,0.7806122448979592,45.14705882352941,52.5,0.8333333333333334,382,1.8691131498470948,573,2.8036697247706424,0.6629411764705883,8.318042813455657,2.7009174311926607,1.6811224489795917,0.9502551020408163,0.511734693877551,0.36556122448979594,0.2924744897959184,0.24862244897959185,0.23400510204081632,True
all_2021,escalate_h60_to_h15,60,0.86,15.0,0.78,confirm_only_if_unsure,0.29954676555418214,392,310,82,0.7908163265306123,47.41935483870968,60.0,0.8774193548387097,385,1.8837920489296636,680,3.327217125382263,0.6373333333333333,9.174311926605505,2.7009174311926607,1.9438775510204083,1.0765306122448979,0.5561224489795918,0.3826530612244898,0.29591836734693877,0.24387755102040817,0.22653061224489796,True
all_2021,escalate_h60_to_h15,60,0.86,15.0,0.82,none,0.3535228677379481,392,296,96,0.7551020408163265,43.023648648648646,45.0,0.777027027027027,368,1.800611620795107,513,2.510091743119266,0.6730401529636711,7.677064220183486,0.0,1.5535714285714286,0.8992346938775511,0.5066326530612245,0.37576530612244896,0.31033163265306124,0.2710714285714286,0.257984693877551,True
all_2021,escalate_h60_to_h15,60,0.86,15.0,0.82,advisory_if_unsure,0.3535228677379481,392,296,96,0.7551020408163265,43.023648648648646,45.0,0.777027027027027,368,1.800611620795107,513,2.510091743119266,0.6730401529636711,7.677064220183486,3.1314984709480123,1.5535714285714286,0.8992346938775511,0.5066326530612245,0.37576530612244896,0.31033163265306124,0.2710714285714286,0.257984693877551,True
all_2021,escalate_h60_to_h15,60,0.86,15.0,0.82,confirm_only_if_unsure,0.3535228677379481,392,304,88,0.7755102040816326,45.49342105263158,60.0,0.8289473684210527,373,1.8250764525993883,640,3.1314984709480123,0.6418578623391158,8.743730886850154,3.1314984709480123,1.8571428571428572,1.0408163265306123,0.5510204081632653,0.3877551020408163,0.30612244897959184,0.2571428571428571,0.24081632653061225,True
all_2021,escalate_h60_to_h15,60,0.86,15.0,0.86,none,0.42398022249690975,392,277,115,0.7066326530612245,41.20938628158845,45.0,0.7220216606498195,346,1.692966360856269,416,2.0354740061162078,0.7024320457796852,6.840366972477065,0.0,1.3545918367346939,0.8239795918367347,0.5056122448979592,0.39948979591836736,0.3464285714285714,0.3145918367346939,0.3039795918367347,True
all_2021,escalate_h60_to_h15,60,0.86,15.0,0.86,advisory_if_unsure,0.42398022249690975,392,277,115,0.7066326530612245,41.20938628158845,45.0,0.7220216606498195,346,1.692966360856269,416,2.0354740061162078,0.7024320457796852,6.840366972477065,3.5669724770642204,1.3545918367346939,0.8239795918367347,0.5056122448979592,0.39948979591836736,0.3464285714285714,0.3145918367346939,0.3039795918367347,True
all_2021,escalate_h60_to_h15,60,0.86,15.0,0.86,confirm_only_if_unsure,0.42398022249690975,392,297,95,0.7576530612244898,44.343434343434346,60.0,0.797979797979798,373,1.8250764525993883,590,2.8868501529051986,0.6525323910482921,8.308256880733945,3.5669724770642204,1.7474489795918366,0.9948979591836735,0.5433673469387755,0.39285714285714285,0.31760204081632654,0.2724489795918367,0.2573979591836735,True
all_2021,escalate_h60_to_h15,60,0.86,15.0,0.9,none,0.5364647713226205,392,248,144,0.6326530612244898,39.01209677419355,45.0,0.6612903225806451,321,1.5706422018348625,267,1.306422018348624,0.7626666666666667,5.504587155963303,0.0,1.0484693877551021,0.7079081632653061,0.5035714285714286,0.43545918367346936,0.4014030612244898,0.38096938775510203,0.3741581632653061,True
all_2021,escalate_h60_to_h15,60,0.86,15.0,0.9,advisory_if_unsure,0.5364647713226205,392,248,144,0.6326530612244898,39.01209677419355,45.0,0.6612903225806451,321,1.5706422018348625,267,1.306422018348624,0.7626666666666667,5.504587155963303,4.217737003058104,1.0484693877551021,0.7079081632653061,0.5035714285714286,0.43545918367346936,0.4014030612244898,0.38096938775510203,0.3741581632653061,True
all_2021,escalate_h60_to_h15,60,0.86,15.0,0.9,confirm_only_if_unsure,0.5364647713226205,392,285,107,0.7270408163265306,43.578947368421055,60.0,0.7614035087719299,378,1.8495412844036698,520,2.54434250764526,0.6677316293929713,7.657492354740061,4.217737003058104,1.5994897959183674,0.9362244897959183,0.5382653061224489,0.40561224489795916,0.3392857142857143,0.29948979591836733,0.28622448979591836,True
all_2021,escalate_h60_to_h15,60,0.86,15.0,0.94,none,0.6856201071281417,392,186,206,0.4744897959183674,37.33870967741935,30.0,0.5860215053763441,259,1.2672782874617736,104,0.5088685015290519,0.8636959370904325,3.7333333333333334,0.0,0.7908163265306123,0.6581632653061225,0.5785714285714286,0.5520408163265306,0.5387755102040817,0.5308163265306123,0.5281632653061225,True
all_2021,escalate_h60_to_h15,60,0.86,15.0,0.94,advisory_if_unsure,0.6856201071281417,392,186,206,0.4744897959183674,37.33870967741935,30.0,0.5860215053763441,259,1.2672782874617736,104,0.5088685015290519,0.8636959370904325,3.7333333333333334,5.098470948012232,0.7908163265306123,0.6581632653061225,0.5785714285714286,0.5520408163265306,0.5387755102040817,0.5308163265306123,0.5281632653061225,True
all_2021,escalate_h60_to_h15,60,0.86,15.0,0.94,confirm_only_if_unsure,0.6856201071281417,392,261,131,0.6658163265306123,42.93103448275862,45.0,0.7394636015325671,386,1.88868501529052,444,2.1724770642201836,0.6794223826714801,6.776758409785932,5.098470948012232,1.4668367346938775,0.9005102040816326,0.5607142857142857,0.4474489795918367,0.39081632653061227,0.35683673469387756,0.34551020408163263,True
all_2021,escalate_h60_to_h15,60,0.86,15.0,0.98,none,0.8471363823650597,392,90,302,0.22959183673469388,35.833333333333336,30.0,0.5222222222222223,165,0.8073394495412844,24,0.11743119266055047,0.9353099730458221,1.8152905198776759,0.0,0.8316326530612245,0.8010204081632653,0.7826530612244897,0.7765306122448979,0.773469387755102,0.7716326530612245,0.7710204081632653,True
all_2021,escalate_h60_to_h15,60,0.86,15.0,0.98,advisory_if_unsure,0.8471363823650597,392,90,302,0.22959183673469388,35.833333333333336,30.0,0.5222222222222223,165,0.8073394495412844,24,0.11743119266055047,0.9353099730458221,1.8152905198776759,6.292354740061162,0.8316326530612245,0.8010204081632653,0.7826530612244897,0.7765306122448979,0.773469387755102,0.7716326530612245,0.7710204081632653,True
all_2021,escalate_h60_to_h15,60,0.86,15.0,0.98,confirm_only_if_unsure,0.8471363823650597,392,214,178,0.5459183673469388,43.598130841121495,60.0,0.7570093457943925,385,1.8837920489296636,396,1.9376146788990827,0.6529360210341806,5.582874617737003,6.292354740061162,1.4642857142857142,0.9591836734693877,0.6561224489795918,0.5551020408163265,0.5045918367346939,0.4742857142857143,0.46418367346938777,True
all_2021,escalate_h60_to_h15,60,0.9,15.0,0.5,none,0.0771909460243761,392,280,112,0.7142857142857143,53.142857142857146,60.0,0.9928571428571429,354,1.7321100917431194,465,2.2752293577981653,0.7075471698113207,7.779816513761468,0.0,1.471938775510204,0.8788265306122449,0.5229591836734694,0.40433673469387754,0.3450255102040816,0.3094387755102041,0.29757653061224487,True
all_2021,escalate_h60_to_h15,60,0.9,15.0,0.5,advisory_if_unsure,0.0771909460243761,392,280,112,0.7142857142857143,53.142857142857146,60.0,0.9928571428571429,354,1.7321100917431194,465,2.2752293577981653,0.7075471698113207,7.779816513761468,0.5137614678899083,1.471938775510204,0.8788265306122449,0.5229591836734694,0.40433673469387754,0.3450255102040816,0.3094387755102041,0.29757653061224487,True
all_2021,escalate_h60_to_h15,60,0.9,15.0,0.5,confirm_only_if_unsure,0.0771909460243761,392,280,112,0.7142857142857143,53.67857142857143,60.0,0.9928571428571429,357,1.7467889908256882,483,2.363302752293578,0.7014833127317676,7.916819571865443,0.5137614678899083,1.5178571428571428,0.9017857142857143,0.5321428571428571,0.4089285714285714,0.34732142857142856,0.31035714285714283,0.2980357142857143,True
all_2021,escalate_h60_to_h15,60,0.9,15.0,0.54,none,0.08473592571096925,392,280,112,0.7142857142857143,52.82142857142857,60.0,0.9928571428571429,351,1.7174311926605506,458,2.240978593272171,0.709575142675967,7.716207951070336,0.0,1.4540816326530612,0.8698979591836735,0.5193877551020408,0.40255102040816326,0.3441326530612245,0.3090816326530612,0.29739795918367345,True
all_2021,escalate_h60_to_h15,60,0.9,15.0,0.54,advisory_if_unsure,0.08473592571096925,392,280,112,0.7142857142857143,52.82142857142857,60.0,0.9928571428571429,351,1.7174311926605506,458,2.240978593272171,0.709575142675967,7.716207951070336,0.5724770642201835,1.4540816326530612,0.8698979591836735,0.5193877551020408,0.40255102040816326,0.3441326530612245,0.3090816326530612,0.29739795918367345,True
all_2021,escalate_h60_to_h15,60,0.9,15.0,0.54,confirm_only_if_unsure,0.08473592571096925,392,280,112,0.7142857142857143,53.357142857142854,60.0,0.9928571428571429,355,1.7370030581039755,477,2.3339449541284405,0.702988792029888,7.858103975535168,0.5724770642201835,1.5025510204081634,0.8941326530612245,0.5290816326530612,0.4073979591836735,0.3465561224489796,0.3100510204081633,0.29788265306122447,True
all_2021,escalate_h60_to_h15,60,0.9,15.0,0.58,none,0.08821822402785838,392,280,112,0.7142857142857143,52.5,60.0,0.9928571428571429,350,1.7125382262996942,456,2.231192660550459,0.7097390197326544,7.6868501529051985,0.0,1.4489795918367347,0.8673469387755102,0.5183673469387755,0.4020408163265306,0.3438775510204082,0.3089795918367347,0.2973469387755102,True
all_2021,escalate_h60_to_h15,60,0.9,15.0,0.58,advisory_if_unsure,0.08821822402785838,392,280,112,0.7142857142857143,52.5,60.0,0.9928571428571429,350,1.7125382262996942,456,2.231192660550459,0.7097390197326544,7.6868501529051985,0.5969418960244648,1.4489795918367347,0.8673469387755102,0.5183673469387755,0.4020408163265306,0.3438775510204082,0.3089795918367347,0.2973469387755102,True
all_2021,escalate_h60_to_h15,60,0.9,15.0,0.58,confirm_only_if_unsure,0.08821822402785838,392,280,112,0.7142857142857143,53.142857142857146,60.0,0.9928571428571429,354,1.7321100917431194,475,2.324159021406728,0.7033104309806371,7.8336391437308865,0.5969418960244648,1.4974489795918366,0.8915816326530612,0.5280612244897959,0.40688775510204084,0.34630102040816324,0.30994897959183676,0.29783163265306123,True
all_2021,escalate_h60_to_h15,60,0.9,15.0,0.62,none,0.09576320371445154,392,280,112,0.7142857142857143,52.017857142857146,60.0,0.9857142857142858,349,1.7076452599388379,450,2.2018348623853212,0.711168164313222,7.623241590214067,0.0,1.433673469387755,0.8596938775510204,0.5153061224489796,0.4005102040816326,0.34311224489795916,0.3086734693877551,0.2971938775510204,True
all_2021,escalate_h60_to_h15,60,0.9,15.0,0.62,advisory_if_unsure,0.09576320371445154,392,280,112,0.7142857142857143,52.017857142857146,60.0,0.9857142857142858,349,1.7076452599388379,450,2.2018348623853212,0.711168164313222,7.623241590214067,0.6507645259938838,1.433673469387755,0.8596938775510204,0.5153061224489796,0.4005102040816326,0.34311224489795916,0.3086734693877551,0.2971938775510204,True
all_2021,escalate_h60_to_h15,60,0.9,15.0,0.62,confirm_only_if_unsure,0.09576320371445154,392,280,112,0.7142857142857143,52.767857142857146,60.0,0.9857142857142858,353,1.727217125382263,470,2.2996941896024463,0.7044025157232704,7.779816513761468,0.6507645259938838,1.4846938775510203,0.8852040816326531,0.5255102040816326,0.40561224489795916,0.34566326530612246,0.3096938775510204,0.29770408163265305,True
all_2021,escalate_h60_to_h15,60,0.9,15.0,0.66,none,0.11317469529889727,392,278,114,0.7091836734693877,51.097122302158276,60.0,0.9748201438848921,345,1.688073394495413,439,2.148012232415902,0.712696335078534,7.476452599388379,0.0,1.4107142857142858,0.8507653061224489,0.514795918367347,0.40280612244897956,0.3468112244897959,0.3132142857142857,0.302015306122449,True
all_2021,escalate_h60_to_h15,60,0.9,15.0,0.66,advisory_if_unsure,0.11317469529889727,392,278,114,0.7091836734693877,51.097122302158276,60.0,0.9748201438848921,345,1.688073394495413,439,2.148012232415902,0.712696335078534,7.476452599388379,0.7437308868501529,1.4107142857142858,0.8507653061224489,0.514795918367347,0.40280612244897956,0.3468112244897959,0.3132142857142857,0.302015306122449,True
all_2021,escalate_h60_to_h15,60,0.9,15.0,0.66,confirm_only_if_unsure,0.11317469529889727,392,278,114,0.7091836734693877,52.28417266187051,60.0,0.9856115107913669,351,1.7174311926605506,462,2.2605504587155965,0.705919796308084,7.6868501529051985,0.7437308868501529,1.469387755102041,0.8801020408163265,0.5265306122448979,0.4086734693877551,0.3497448979591837,0.3143877551020408,0.3026020408163265,True
all_2021,escalate_h60_to_h15,60,0.9,15.0,0.7,none,0.16831108531630876,392,271,121,0.6913265306122449,49.48339483394834,60.0,0.933579335793358,331,1.619571865443425,388,1.8984709480122324,0.7292393579902303,7.011620795107033,0.0,1.2984693877551021,0.8035714285714286,0.5066326530612245,0.4076530612244898,0.35816326530612247,0.32846938775510204,0.31857142857142856,True
all_2021,escalate_h60_to_h15,60,0.9,15.0,0.7,advisory_if_unsure,0.16831108531630876,392,271,121,0.6913265306122449,49.48339483394834,60.0,0.933579335793358,331,1.619571865443425,388,1.8984709480122324,0.7292393579902303,7.011620795107033,1.1009174311926606,1.2984693877551021,0.8035714285714286,0.5066326530612245,0.4076530612244898,0.35816326530612247,0.32846938775510204,0.31857142857142856,True
all_2021,escalate_h60_to_h15,60,0.9,15.0,0.7,confirm_only_if_unsure,0.16831108531630876,392,272,120,0.6938775510204082,51.286764705882355,60.0,0.9632352941176471,345,1.688073394495413,424,2.074617737003058,0.7169559412550067,7.329663608562691,1.1009174311926606,1.3877551020408163,0.8469387755102041,0.5224489795918368,0.4142857142857143,0.36020408163265305,0.3277551020408163,0.3169387755102041,True
all_2021,escalate_h60_to_h15,60,0.9,15.0,0.74,none,0.2298316889146837,392,266,126,0.6785714285714286,47.932330827067666,60.0,0.8947368421052632,320,1.5657492354740061,338,1.653822629969419,0.7452901281085155,6.492966360856269,0.0,1.183673469387755,0.7525510204081632,0.49387755102040815,0.4076530612244898,0.3645408163265306,0.3386734693877551,0.33005102040816325,True
all_2021,escalate_h60_to_h15,60,0.9,15.0,0.74,advisory_if_unsure,0.2298316889146837,392,266,126,0.6785714285714286,47.932330827067666,60.0,0.8947368421052632,320,1.5657492354740061,338,1.653822629969419,0.7452901281085155,6.492966360856269,1.5363914373088685,1.183673469387755,0.7525510204081632,0.49387755102040815,0.4076530612244898,0.3645408163265306,0.3386734693877551,0.33005102040816325,True
all_2021,escalate_h60_to_h15,60,0.9,15.0,0.74,confirm_only_if_unsure,0.2298316889146837,392,267,125,0.6811224489795918,50.0,60.0,0.9363295880149812,334,1.6342507645259938,382,1.8691131498470948,0.7288857345635202,6.894189602446483,1.5363914373088685,1.2933673469387754,0.8061224489795918,0.5137755102040816,0.4163265306122449,0.3676020408163265,0.3383673469387755,0.32862244897959186,True
all_2021,escalate_h60_to_h15,60,0.9,15.0,0.78,none,0.3070226349390598,392,258,134,0.6581632653061225,44.76744186046512,45.0,0.8449612403100775,313,1.5314984709480122,289,1.4140672782874617,0.7579564489112228,5.842201834862386,0.0,1.0790816326530612,0.7104591836734694,0.48928571428571427,0.41556122448979593,0.37869897959183674,0.3565816326530612,0.34920918367346937,True
all_2021,escalate_h60_to_h15,60,0.9,15.0,0.78,advisory_if_unsure,0.3070226349390598,392,258,134,0.6581632653061225,44.76744186046512,45.0,0.8449612403100775,313,1.5314984709480122,289,1.4140672782874617,0.7579564489112228,5.842201834862386,2.074617737003058,1.0790816326530612,0.7104591836734694,0.48928571428571427,0.41556122448979593,0.37869897959183674,0.3565816326530612,0.34920918367346937,True
all_2021,escalate_h60_to_h15,60,0.9,15.0,0.78,confirm_only_if_unsure,0.3070226349390598,392,262,130,0.6683673469387755,47.17557251908397,60.0,0.8893129770992366,332,1.6244648318042814,342,1.6733944954128441,0.7367205542725174,6.3559633027522935,2.074617737003058,1.2040816326530612,0.7678571428571429,0.5061224489795918,0.4188775510204082,0.3752551020408163,0.34908163265306125,0.34035714285714286,True
all_2021,escalate_h60_to_h15,60,0.9,15.0,0.82,none,0.3522925130586187,392,247,145,0.6301020408163265,42.935222672064775,45.0,0.7894736842105263,297,1.453211009174312,264,1.2917431192660551,0.7634408602150538,5.460550458715597,0.0,1.0433673469387754,0.7066326530612245,0.5045918367346939,0.4372448979591837,0.4035714285714286,0.3833673469387755,0.3766326530612245,True
all_2021,escalate_h60_to_h15,60,0.9,15.0,0.82,advisory_if_unsure,0.3522925130586187,392,247,145,0.6301020408163265,42.935222672064775,45.0,0.7894736842105263,297,1.453211009174312,264,1.2917431192660551,0.7634408602150538,5.460550458715597,2.363302752293578,1.0433673469387754,0.7066326530612245,0.5045918367346939,0.4372448979591837,0.4035714285714286,0.3833673469387755,0.3766326530612245,True
all_2021,escalate_h60_to_h15,60,0.9,15.0,0.82,confirm_only_if_unsure,0.3522925130586187,392,256,136,0.6530612244897959,45.41015625,60.0,0.84375,322,1.5755351681957186,323,1.580428134556575,0.739516129032258,6.0672782874617734,2.363302752293578,1.1709183673469388,0.7589285714285714,0.511734693877551,0.42933673469387756,0.3881377551020408,0.3634183673469388,0.35517857142857145,True
all_2021,escalate_h60_to_h15,60,0.9,15.0,0.86,none,0.4033662217063262,392,235,157,0.5994897959183674,41.04255319148936,45.0,0.7446808510638298,282,1.379816513761468,223,1.091131498470948,0.7830739299610895,5.029969418960245,0.0,0.9693877551020408,0.6849489795918368,0.5142857142857142,0.4573979591836735,0.4289540816326531,0.41188775510204084,0.40619897959183676,True
all_2021,escalate_h60_to_h15,60,0.9,15.0,0.86,advisory_if_unsure,0.4033662217063262,392,235,157,0.5994897959183674,41.04255319148936,45.0,0.7446808510638298,282,1.379816513761468,223,1.091131498470948,0.7830739299610895,5.029969418960245,2.598165137614679,0.9693877551020408,0.6849489795918368,0.5142857142857142,0.4573979591836735,0.4289540816326531,0.41188775510204084,0.40619897959183676,True
all_2021,escalate_h60_to_h15,60,0.9,15.0,0.86,confirm_only_if_unsure,0.4033662217063262,392,251,141,0.6403061224489796,44.16334661354582,45.0,0.8167330677290837,320,1.5657492354740061,301,1.472782874617737,0.74748322147651,5.8324159021406725,2.598165137614679,1.1275510204081634,0.7436224489795918,0.513265306122449,0.4364795918367347,0.39808673469387756,0.37505102040816324,0.3673724489795918,True
all_2021,escalate_h60_to_h15,60,0.9,15.0,0.9,none,0.4822983168891468,392,219,173,0.5586734693877551,39.24657534246575,45.0,0.6666666666666666,261,1.2770642201834863,162,0.7926605504587156,0.8183856502242153,4.364525993883792,0.0,0.8545918367346939,0.6479591836734694,0.5239795918367347,0.4826530612244898,0.46198979591836736,0.4495918367346939,0.44545918367346937,True
all_2021,escalate_h60_to_h15,60,0.9,15.0,0.9,advisory_if_unsure,0.4822983168891468,392,219,173,0.5586734693877551,39.24657534246575,45.0,0.6666666666666666,261,1.2770642201834863,162,0.7926605504587156,0.8183856502242153,4.364525993883792,2.9504587155963304,0.8545918367346939,0.6479591836734694,0.5239795918367347,0.4826530612244898,0.46198979591836736,0.4495918367346939,0.44545918367346937,True
all_2021,escalate_h60_to_h15,60,0.9,15.0,0.9,confirm_only_if_unsure,0.4822983168891468,392,243,149,0.6198979591836735,43.27160493827161,45.0,0.7695473251028807,312,1.526605504587156,271,1.3259938837920489,0.7580357142857143,5.480122324159021,2.9504587155963304,1.0714285714285714,0.7257653061224489,0.5183673469387755,0.449234693877551,0.4146683673469388,0.3939285714285714,0.387015306122449,True
all_2021,escalate_h60_to_h15,60,0.9,15.0,0.94,none,0.6198491004062682,392,168,224,0.42857142857142855,37.410714285714285,30.0,0.5892857142857143,223,1.091131498470948,73,0.35718654434250763,0.8885496183206106,3.2048929663608563,0.0,0.7576530612244898,0.6645408163265306,0.6086734693877551,0.5900510204081633,0.5807397959183673,0.5751530612244898,0.5732908163265306,True
all_2021,escalate_h60_to_h15,60,0.9,15.0,0.94,advisory_if_unsure,0.6198491004062682,392,168,224,0.42857142857142855,37.410714285714285,30.0,0.5892857142857143,223,1.091131498470948,73,0.35718654434250763,0.8885496183206106,3.2048929663608563,3.5767584097859326,0.7576530612244898,0.6645408163265306,0.6086734693877551,0.5900510204081633,0.5807397959183673,0.5751530612244898,0.5732908163265306,True
all_2021,escalate_h60_to_h15,60,0.9,15.0,0.94,confirm_only_if_unsure,0.6198491004062682,392,223,169,0.5688775510204082,42.309417040358746,45.0,0.7399103139013453,308,1.507033639143731,222,1.0862385321100918,0.7762096774193549,4.853822629969419,3.5767584097859326,0.9974489795918368,0.7142857142857143,0.5443877551020408,0.48775510204081635,0.45943877551020407,0.4424489795918367,0.4367857142857143,True
all_2021,escalate_h60_to_h15,60,0.9,15.0,0.98,none,0.804410911201393,392,82,310,0.20918367346938777,36.21951219512195,30.0,0.5365853658536586,153,0.7486238532110092,21,0.10275229357798166,0.9376854599406528,1.6489296636085626,0.0,0.8443877551020408,0.8176020408163265,0.801530612244898,0.7961734693877551,0.7934948979591837,0.7918877551020408,0.7913520408163265,True
all_2021,escalate_h60_to_h15,60,0.9,15.0,0.98,advisory_if_unsure,0.804410911201393,392,82,310,0.20918367346938777,36.21951219512195,30.0,0.5365853658536586,153,0.7486238532110092,21,0.10275229357798166,0.9376854599406528,1.6489296636085626,4.58960244648318,0.8443877551020408,0.8176020408163265,0.801530612244898,0.7961734693877551,0.7934948979591837,0.7918877551020408,0.7913520408163265,True
all_2021,escalate_h60_to_h15,60,0.9,15.0,0.98,confirm_only_if_unsure,0.804410911201393,392,180,212,0.45918367346938777,42.833333333333336,45.0,0.7555555555555555,304,1.4874617737003057,189,0.9247706422018349,0.759235668789809,3.840978593272171,4.58960244648318,1.0229591836734695,0.7818877551020408,0.6372448979591837,0.5890306122448979,0.5649234693877551,0.5504591836734694,0.5456377551020408,True
all_2021,escalate_h60_to_h15,60,0.94,15.0,0.5,none,0.08481675392670157,392,196,196,0.5,51.65816326530612,60.0,0.9846938775510204,239,1.1694189602446483,158,0.7730886850152905,0.8192219679633868,4.276452599388379,0.0,0.9030612244897959,0.701530612244898,0.5806122448979592,0.5403061224489796,0.5201530612244898,0.508061224489796,0.504030612244898,True
all_2021,escalate_h60_to_h15,60,0.94,15.0,0.5,advisory_if_unsure,0.08481675392670157,392,196,196,0.5,51.65816326530612,60.0,0.9846938775510204,239,1.1694189602446483,158,0.7730886850152905,0.8192219679633868,4.276452599388379,0.32782874617737,0.9030612244897959,0.701530612244898,0.5806122448979592,0.5403061224489796,0.5201530612244898,0.508061224489796,0.504030612244898,True
all_2021,escalate_h60_to_h15,60,0.94,15.0,0.5,confirm_only_if_unsure,0.08481675392670157,392,196,196,0.5,52.423469387755105,60.0,0.9846938775510204,239,1.1694189602446483,163,0.7975535168195719,0.8164414414414415,4.344954128440367,0.32782874617737,0.9158163265306123,0.7079081632653061,0.5831632653061225,0.5415816326530613,0.5207908163265306,0.5083163265306122,0.5041581632653062,True
all_2021,escalate_h60_to_h15,60,0.94,15.0,0.54,none,0.09319371727748692,392,196,196,0.5,51.19897959183673,60.0,0.9846938775510204,239,1.1694189602446483,156,0.763302752293578,0.8198614318706697,4.237308868501529,0.0,0.8979591836734694,0.6989795918367347,0.5795918367346938,0.539795918367347,0.5198979591836734,0.5079591836734694,0.5039795918367347,True
all_2021,escalate_h60_to_h15,60,0.94,15.0,0.54,advisory_if_unsure,0.09319371727748692,392,196,196,0.5,51.19897959183673,60.0,0.9846938775510204,239,1.1694189602446483,156,0.763302752293578,0.8198614318706697,4.237308868501529,0.3669724770642202,0.8979591836734694,0.6989795918367347,0.5795918367346938,0.539795918367347,0.5198979591836734,0.5079591836734694,0.5039795918367347,True
all_2021,escalate_h60_to_h15,60,0.94,15.0,0.54,confirm_only_if_unsure,0.09319371727748692,392,196,196,0.5,51.964285714285715,60.0,0.9846938775510204,239,1.1694189602446483,161,0.7877675840978593,0.8170454545454545,4.3058103975535165,0.3669724770642202,0.9107142857142857,0.7053571428571429,0.5821428571428572,0.5410714285714285,0.5205357142857143,0.5082142857142857,0.5041071428571429,True
all_2021,escalate_h60_to_h15,60,0.94,15.0,0.58,none,0.09738219895287958,392,196,196,0.5,50.892857142857146,60.0,0.9846938775510204,239,1.1694189602446483,155,0.7584097859327217,0.820185614849188,4.217737003058104,0.0,0.8954081632653061,0.6977040816326531,0.5790816326530612,0.5395408163265306,0.5197704081632653,0.5079081632653061,0.5039540816326531,True
all_2021,escalate_h60_to_h15,60,0.94,15.0,0.58,advisory_if_unsure,0.09738219895287958,392,196,196,0.5,50.892857142857146,60.0,0.9846938775510204,239,1.1694189602446483,155,0.7584097859327217,0.820185614849188,4.217737003058104,0.38654434250764524,0.8954081632653061,0.6977040816326531,0.5790816326530612,0.5395408163265306,0.5197704081632653,0.5079081632653061,0.5039540816326531,True
all_2021,escalate_h60_to_h15,60,0.94,15.0,0.58,confirm_only_if_unsure,0.09738219895287958,392,196,196,0.5,51.65816326530612,60.0,0.9846938775510204,239,1.1694189602446483,160,0.7828746177370031,0.817351598173516,4.286238532110092,0.38654434250764524,0.9081632653061225,0.7040816326530612,0.5816326530612245,0.5408163265306123,0.5204081632653061,0.5081632653061224,0.5040816326530613,True
all_2021,escalate_h60_to_h15,60,0.94,15.0,0.62,none,0.10471204188481675,392,195,197,0.49744897959183676,50.76923076923077,60.0,0.9846153846153847,236,1.1547400611620795,151,0.7388379204892966,0.8233918128654971,4.18348623853211,0.0,0.8877551020408163,0.6951530612244898,0.5795918367346938,0.5410714285714285,0.5218112244897959,0.5102551020408164,0.5064030612244897,True
all_2021,escalate_h60_to_h15,60,0.94,15.0,0.62,advisory_if_unsure,0.10471204188481675,392,195,197,0.49744897959183676,50.76923076923077,60.0,0.9846153846153847,236,1.1547400611620795,151,0.7388379204892966,0.8233918128654971,4.18348623853211,0.41590214067278286,0.8877551020408163,0.6951530612244898,0.5795918367346938,0.5410714285714285,0.5218112244897959,0.5102551020408164,0.5064030612244897,True
all_2021,escalate_h60_to_h15,60,0.94,15.0,0.62,confirm_only_if_unsure,0.10471204188481675,392,195,197,0.49744897959183676,51.53846153846154,60.0,0.9846153846153847,236,1.1547400611620795,157,0.7681957186544343,0.8195402298850575,4.256880733944954,0.41590214067278286,0.9030612244897959,0.7028061224489796,0.5826530612244898,0.5426020408163266,0.5225765306122448,0.5105612244897959,0.5065561224489796,True
all_2021,escalate_h60_to_h15,60,0.94,15.0,0.66,none,0.1225130890052356,392,191,201,0.4872448979591837,50.026178010471206,60.0,0.9685863874345549,231,1.1302752293577982,145,0.709480122324159,0.8269689737470167,4.100305810397553,0.0,0.8826530612244898,0.6977040816326531,0.5867346938775511,0.5497448979591837,0.53125,0.5201530612244898,0.516454081632653,True
all_2021,escalate_h60_to_h15,60,0.94,15.0,0.66,advisory_if_unsure,0.1225130890052356,392,191,201,0.4872448979591837,50.026178010471206,60.0,0.9685863874345549,231,1.1302752293577982,145,0.709480122324159,0.8269689737470167,4.100305810397553,0.4746177370030581,0.8826530612244898,0.6977040816326531,0.5867346938775511,0.5497448979591837,0.53125,0.5201530612244898,0.516454081632653,True
all_2021,escalate_h60_to_h15,60,0.94,15.0,0.66,confirm_only_if_unsure,0.1225130890052356,392,193,199,0.4923469387755102,51.13989637305699,60.0,0.9792746113989638,234,1.144954128440367,151,0.7388379204892966,0.824009324009324,4.198165137614679,0.4746177370030581,0.8928571428571429,0.7002551020408163,0.5846938775510204,0.5461734693877551,0.5269132653061225,0.5153571428571428,0.5115051020408163,True
all_2021,escalate_h60_to_h15,60,0.94,15.0,0.7,none,0.18219895287958116,392,183,209,0.46683673469387754,47.868852459016395,60.0,0.907103825136612,219,1.071559633027523,121,0.5920489296636086,0.8450704225352113,3.8214067278287462,0.0,0.8418367346938775,0.6875,0.5948979591836735,0.5640306122448979,0.5485969387755102,0.5393367346938776,0.53625,True
all_2021,escalate_h60_to_h15,60,0.94,15.0,0.7,advisory_if_unsure,0.18219895287958116,392,183,209,0.46683673469387754,47.868852459016395,60.0,0.907103825136612,219,1.071559633027523,121,0.5920489296636086,0.8450704225352113,3.8214067278287462,0.7045871559633028,0.8418367346938775,0.6875,0.5948979591836735,0.5640306122448979,0.5485969387755102,0.5393367346938776,0.53625,True
all_2021,escalate_h60_to_h15,60,0.94,15.0,0.7,confirm_only_if_unsure,0.18219895287958116,392,186,206,0.4744897959183674,49.596774193548384,60.0,0.9354838709677419,230,1.1253822629969419,132,0.6458715596330276,0.8372379778051788,3.9681957186544343,0.7045871559633028,0.8622448979591837,0.6938775510204082,0.5928571428571429,0.5591836734693878,0.5423469387755102,0.5322448979591837,0.5288775510204081,True
all_2021,escalate_h60_to_h15,60,0.94,15.0,0.74,none,0.24397905759162303,392,177,215,0.45153061224489793,46.440677966101696,60.0,0.8757062146892656,213,1.0422018348623854,103,0.5039755351681957,0.8573407202216067,3.532721712538226,0.0,0.8112244897959183,0.6798469387755102,0.6010204081632653,0.5747448979591837,0.5616071428571429,0.5537244897959184,0.5510969387755102,True
all_2021,escalate_h60_to_h15,60,0.94,15.0,0.74,advisory_if_unsure,0.24397905759162303,392,177,215,0.45153061224489793,46.440677966101696,60.0,0.8757062146892656,213,1.0422018348623854,103,0.5039755351681957,0.8573407202216067,3.532721712538226,0.9541284403669725,0.8112244897959183,0.6798469387755102,0.6010204081632653,0.5747448979591837,0.5616071428571429,0.5537244897959184,0.5510969387755102,True
all_2021,escalate_h60_to_h15,60,0.94,15.0,0.74,confirm_only_if_unsure,0.24397905759162303,392,181,211,0.461734693877551,48.232044198895025,60.0,0.9116022099447514,227,1.110703363914373,116,0.5675840978593272,0.8473684210526315,3.7186544342507646,0.9541284403669725,0.8341836734693877,0.6862244897959183,0.5974489795918367,0.5678571428571428,0.5530612244897959,0.5441836734693878,0.5412244897959184,True
all_2021,escalate_h60_to_h15,60,0.94,15.0,0.78,none,0.32356020942408376,392,168,224,0.42857142857142855,43.660714285714285,45.0,0.8154761904761905,210,1.0275229357798166,85,0.41590214067278286,0.868421052631579,3.16085626911315,0.0,0.7882653061224489,0.6798469387755102,0.6147959183673469,0.5931122448979592,0.5822704081632653,0.575765306122449,0.5735969387755102,True
all_2021,escalate_h60_to_h15,60,0.94,15.0,0.78,advisory_if_unsure,0.32356020942408376,392,168,224,0.42857142857142855,43.660714285714285,45.0,0.8154761904761905,210,1.0275229357798166,85,0.41590214067278286,0.868421052631579,3.16085626911315,1.2917431192660551,0.7882653061224489,0.6798469387755102,0.6147959183673469,0.5931122448979592,0.5822704081632653,0.575765306122449,0.5735969387755102,True
all_2021,escalate_h60_to_h15,60,0.94,15.0,0.78,confirm_only_if_unsure,0.32356020942408376,392,172,220,0.4387755102040816,45.61046511627907,60.0,0.8546511627906976,224,1.0960244648318043,98,0.4795107033639144,0.8581765557163531,3.381039755351682,1.2917431192660551,0.8112244897959183,0.6862244897959183,0.6112244897959184,0.5862244897959183,0.5737244897959184,0.5662244897959183,0.5637244897959184,True
all_2021,escalate_h60_to_h15,60,0.94,15.0,0.82,none,0.35916230366492147,392,162,230,0.413265306122449,42.68518518518518,45.0,0.7777777777777778,204,0.998165137614679,77,0.3767584097859327,0.8741830065359477,2.994495412844037,0.0,0.7831632653061225,0.6849489795918368,0.6260204081632653,0.6063775510204081,0.5965561224489796,0.5906632653061225,0.5886989795918367,True
all_2021,escalate_h60_to_h15,60,0.94,15.0,0.82,advisory_if_unsure,0.35916230366492147,392,162,230,0.413265306122449,42.68518518518518,45.0,0.7777777777777778,204,0.998165137614679,77,0.3767584097859327,0.8741830065359477,2.994495412844037,1.4238532110091744,0.7831632653061225,0.6849489795918368,0.6260204081632653,0.6063775510204081,0.5965561224489796,0.5906632653061225,0.5886989795918367,True
all_2021,escalate_h60_to_h15,60,0.94,15.0,0.82,confirm_only_if_unsure,0.35916230366492147,392,167,225,0.4260204081632653,44.73053892215569,60.0,0.8203592814371258,219,1.071559633027523,92,0.45015290519877676,0.8614457831325302,3.2489296636085627,1.4238532110091744,0.8086734693877551,0.6913265306122449,0.6209183673469387,0.5974489795918367,0.5857142857142857,0.5786734693877551,0.5763265306122449,True
all_2021,escalate_h60_to_h15,60,0.94,15.0,0.86,none,0.381151832460733,392,155,237,0.39540816326530615,41.806451612903224,45.0,0.7548387096774194,196,0.9590214067278288,73,0.35718654434250763,0.8764805414551607,2.891743119266055,0.0,0.7908163265306123,0.6977040816326531,0.6418367346938776,0.6232142857142857,0.6139030612244898,0.6083163265306123,0.606454081632653,True
all_2021,escalate_h60_to_h15,60,0.94,15.0,0.86,advisory_if_unsure,0.381151832460733,392,155,237,0.39540816326530615,41.806451612903224,45.0,0.7548387096774194,196,0.9590214067278288,73,0.35718654434250763,0.8764805414551607,2.891743119266055,1.5168195718654434,0.7908163265306123,0.6977040816326531,0.6418367346938776,0.6232142857142857,0.6139030612244898,0.6083163265306123,0.606454081632653,True
all_2021,escalate_h60_to_h15,60,0.94,15.0,0.86,confirm_only_if_unsure,0.381151832460733,392,160,232,0.40816326530612246,44.0625,52.5,0.80625,211,1.0324159021406727,88,0.43058103975535167,0.8635658914728682,3.1559633027522938,1.5168195718654434,0.8163265306122449,0.7040816326530612,0.636734693877551,0.6142857142857143,0.6030612244897959,0.5963265306122449,0.5940816326530612,True
all_2021,escalate_h60_to_h15,60,0.94,15.0,0.9,none,0.42513089005235605,392,144,248,0.3673469387755102,41.875,45.0,0.7222222222222222,187,0.9149847094801223,61,0.2984709480122324,0.8888888888888888,2.686238532110092,0.0,0.7882653061224489,0.7104591836734694,0.6637755102040817,0.6482142857142857,0.6404336734693877,0.635765306122449,0.6342091836734693,True
all_2021,escalate_h60_to_h15,60,0.94,15.0,0.9,advisory_if_unsure,0.42513089005235605,392,144,248,0.3673469387755102,41.875,45.0,0.7222222222222222,187,0.9149847094801223,61,0.2984709480122324,0.8888888888888888,2.686238532110092,1.6489296636085626,0.7882653061224489,0.7104591836734694,0.6637755102040817,0.6482142857142857,0.6404336734693877,0.635765306122449,0.6342091836734693,True
all_2021,escalate_h60_to_h15,60,0.94,15.0,0.9,confirm_only_if_unsure,0.42513089005235605,392,153,239,0.3903061224489796,44.01960784313726,60.0,0.7712418300653595,206,1.0079510703363914,80,0.39143730886850153,0.8705501618122977,3.0238532110091745,1.6489296636085626,0.8137755102040817,0.7117346938775511,0.6505102040816326,0.6301020408163265,0.6198979591836735,0.6137755102040816,0.611734693877551,True
all_2021,escalate_h60_to_h15,60,0.94,15.0,0.94,none,0.5193717277486911,392,124,268,0.3163265306122449,39.556451612903224,45.0,0.6532258064516129,169,0.8269113149847095,35,0.1712538226299694,0.9237472766884531,2.2458715596330276,0.0,0.7729591836734694,0.7283163265306123,0.701530612244898,0.6926020408163265,0.6881377551020408,0.6854591836734694,0.6845663265306122,True
all_2021,escalate_h60_to_h15,60,0.94,15.0,0.94,advisory_if_unsure,0.5193717277486911,392,124,268,0.3163265306122449,39.556451612903224,45.0,0.6532258064516129,169,0.8269113149847095,35,0.1712538226299694,0.9237472766884531,2.2458715596330276,1.9571865443425076,0.7729591836734694,0.7283163265306123,0.701530612244898,0.6926020408163265,0.6881377551020408,0.6854591836734694,0.6845663265306122,True
all_2021,escalate_h60_to_h15,60,0.94,15.0,0.94,confirm_only_if_unsure,0.5193717277486911,392,143,249,0.3647959183673469,42.7972027972028,60.0,0.7342657342657343,200,0.9785932721712538,58,0.2837920489296636,0.8954954954954955,2.7155963302752295,1.9571865443425076,0.7831632653061225,0.7091836734693877,0.664795918367347,0.65,0.6426020408163265,0.6381632653061224,0.6366836734693877,True
all_2021,escalate_h60_to_h15,60,0.94,15.0,0.98,none,0.7172774869109948,392,71,321,0.18112244897959184,38.23943661971831,45.0,0.5915492957746479,127,0.6214067278287462,14,0.06850152905198777,0.9481481481481482,1.3211009174311927,0.0,0.8545918367346939,0.8367346938775511,0.8260204081632653,0.8224489795918367,0.8206632653061224,0.8195918367346938,0.819234693877551,True
all_2021,escalate_h60_to_h15,60,0.94,15.0,0.98,advisory_if_unsure,0.7172774869109948,392,71,321,0.18112244897959184,38.23943661971831,45.0,0.5915492957746479,127,0.6214067278287462,14,0.06850152905198777,0.9481481481481482,1.3211009174311927,2.6813455657492353,0.8545918367346939,0.8367346938775511,0.8260204081632653,0.8224489795918367,0.8206632653061224,0.8195918367346938,0.819234693877551,True
all_2021,escalate_h60_to_h15,60,0.94,15.0,0.98,confirm_only_if_unsure,0.7172774869109948,392,108,284,0.2755102040816326,43.888888888888886,60.0,0.7407407407407407,187,0.9149847094801223,41,0.20061162079510703,0.8992628992628993,1.9914373088685016,2.6813455657492353,0.8290816326530612,0.7767857142857143,0.7454081632653061,0.7349489795918367,0.729719387755102,0.7265816326530612,0.7255357142857143,True
all_2021,escalate_h60_to_h15,60,0.98,15.0,0.5,none,0.15412186379928317,392,77,315,0.19642857142857142,47.142857142857146,45.0,0.961038961038961,102,0.4990825688073395,26,0.12721712538226299,0.8898305084745762,1.1547400611620795,0.0,0.8698979591836735,0.8367346938775511,0.8168367346938775,0.810204081632653,0.8068877551020408,0.8048979591836735,0.804234693877551,True
all_2021,escalate_h60_to_h15,60,0.98,15.0,0.5,advisory_if_unsure,0.15412186379928317,392,77,315,0.19642857142857142,47.142857142857146,45.0,0.961038961038961,102,0.4990825688073395,26,0.12721712538226299,0.8898305084745762,1.1547400611620795,0.18103975535168196,0.8698979591836735,0.8367346938775511,0.8168367346938775,0.810204081632653,0.8068877551020408,0.8048979591836735,0.804234693877551,True
all_2021,escalate_h60_to_h15,60,0.98,15.0,0.5,confirm_only_if_unsure,0.15412186379928317,392,78,314,0.1989795918367347,47.88461538461539,45.0,0.9615384615384616,103,0.5039755351681957,27,0.13211009174311927,0.8884297520661157,1.1840978593272171,0.18103975535168196,0.8698979591836735,0.8354591836734694,0.814795918367347,0.8079081632653061,0.8044642857142857,0.8023979591836735,0.8017091836734694,True
all_2021,escalate_h60_to_h15,60,0.98,15.0,0.54,none,0.17204301075268819,392,77,315,0.19642857142857142,46.36363636363637,45.0,0.961038961038961,102,0.4990825688073395,25,0.12232415902140673,0.8917748917748918,1.1302752293577982,0.0,0.8673469387755102,0.8354591836734694,0.8163265306122449,0.8099489795918368,0.8067602040816326,0.8048469387755102,0.8042091836734694,True
all_2021,escalate_h60_to_h15,60,0.98,15.0,0.54,advisory_if_unsure,0.17204301075268819,392,77,315,0.19642857142857142,46.36363636363637,45.0,0.961038961038961,102,0.4990825688073395,25,0.12232415902140673,0.8917748917748918,1.1302752293577982,0.20550458715596331,0.8673469387755102,0.8354591836734694,0.8163265306122449,0.8099489795918368,0.8067602040816326,0.8048469387755102,0.8042091836734694,True
all_2021,escalate_h60_to_h15,60,0.98,15.0,0.54,confirm_only_if_unsure,0.17204301075268819,392,78,314,0.1989795918367347,47.11538461538461,45.0,0.9615384615384616,103,0.5039755351681957,26,0.12721712538226299,0.890295358649789,1.1596330275229358,0.20550458715596331,0.8673469387755102,0.8341836734693877,0.8142857142857143,0.8076530612244898,0.8043367346938776,0.8023469387755102,0.8016836734693877,True
all_2021,escalate_h60_to_h15,60,0.98,15.0,0.58,none,0.17562724014336917,392,77,315,0.19642857142857142,46.16883116883117,45.0,0.961038961038961,102,0.4990825688073395,25,0.12232415902140673,0.8913043478260869,1.1253822629969419,0.0,0.8673469387755102,0.8354591836734694,0.8163265306122449,0.8099489795918368,0.8067602040816326,0.8048469387755102,0.8042091836734694,True
all_2021,escalate_h60_to_h15,60,0.98,15.0,0.58,advisory_if_unsure,0.17562724014336917,392,77,315,0.19642857142857142,46.16883116883117,45.0,0.961038961038961,102,0.4990825688073395,25,0.12232415902140673,0.8913043478260869,1.1253822629969419,0.21039755351681957,0.8673469387755102,0.8354591836734694,0.8163265306122449,0.8099489795918368,0.8067602040816326,0.8048469387755102,0.8042091836734694,True
all_2021,escalate_h60_to_h15,60,0.98,15.0,0.58,confirm_only_if_unsure,0.17562724014336917,392,78,314,0.1989795918367347,46.92307692307692,45.0,0.9615384615384616,103,0.5039755351681957,26,0.12721712538226299,0.8898305084745762,1.1547400611620795,0.21039755351681957,0.8673469387755102,0.8341836734693877,0.8142857142857143,0.8076530612244898,0.8043367346938776,0.8023469387755102,0.8016836734693877,True
all_2021,escalate_h60_to_h15,60,0.98,15.0,0.62,none,0.1827956989247312,392,76,316,0.19387755102040816,45.98684210526316,45.0,0.9605263157894737,101,0.4941896024464832,25,0.12232415902140673,0.8903508771929824,1.1155963302752294,0.0,0.8698979591836735,0.8380102040816326,0.8188775510204082,0.8125,0.8093112244897959,0.8073979591836735,0.8067602040816326,True
all_2021,escalate_h60_to_h15,60,0.98,15.0,0.62,advisory_if_unsure,0.1827956989247312,392,76,316,0.19387755102040816,45.98684210526316,45.0,0.9605263157894737,101,0.4941896024464832,25,0.12232415902140673,0.8903508771929824,1.1155963302752294,0.22018348623853212,0.8698979591836735,0.8380102040816326,0.8188775510204082,0.8125,0.8093112244897959,0.8073979591836735,0.8067602040816326,True
all_2021,escalate_h60_to_h15,60,0.98,15.0,0.62,confirm_only_if_unsure,0.1827956989247312,392,77,315,0.19642857142857142,46.753246753246756,45.0,0.961038961038961,102,0.4990825688073395,26,0.12721712538226299,0.8888888888888888,1.144954128440367,0.22018348623853212,0.8698979591836735,0.8367346938775511,0.8168367346938775,0.810204081632653,0.8068877551020408,0.8048979591836735,0.804234693877551,True
all_2021,escalate_h60_to_h15,60,0.98,15.0,0.66,none,0.20430107526881722,392,75,317,0.1913265306122449,45.2,45.0,0.9466666666666667,99,0.48440366972477067,23,0.11253822629969419,0.8963963963963963,1.0862385321100918,0.0,0.8673469387755102,0.8380102040816326,0.8204081632653061,0.8145408163265306,0.8116071428571429,0.8098469387755102,0.8092602040816327,True
all_2021,escalate_h60_to_h15,60,0.98,15.0,0.66,advisory_if_unsure,0.20430107526881722,392,75,317,0.1913265306122449,45.2,45.0,0.9466666666666667,99,0.48440366972477067,23,0.11253822629969419,0.8963963963963963,1.0862385321100918,0.2397553516819572,0.8673469387755102,0.8380102040816326,0.8204081632653061,0.8145408163265306,0.8116071428571429,0.8098469387755102,0.8092602040816327,True
all_2021,escalate_h60_to_h15,60,0.98,15.0,0.66,confirm_only_if_unsure,0.20430107526881722,392,77,315,0.19642857142857142,46.16883116883117,45.0,0.948051948051948,101,0.4941896024464832,24,0.11743119266055047,0.8956521739130435,1.1253822629969419,0.2397553516819572,0.8647959183673469,0.8341836734693877,0.8158163265306122,0.8096938775510204,0.8066326530612244,0.804795918367347,0.8041836734693878,True
all_2021,escalate_h60_to_h15,60,0.98,15.0,0.7,none,0.3010752688172043,392,68,324,0.17346938775510204,42.13235294117647,45.0,0.8676470588235294,88,0.43058103975535167,15,0.07339449541284404,0.9230769230769231,0.9541284403669725,0.0,0.8647959183673469,0.8456632653061225,0.8341836734693877,0.8303571428571429,0.8284438775510204,0.827295918367347,0.8269132653061224,True
all_2021,escalate_h60_to_h15,60,0.98,15.0,0.7,advisory_if_unsure,0.3010752688172043,392,68,324,0.17346938775510204,42.13235294117647,45.0,0.8676470588235294,88,0.43058103975535167,15,0.07339449541284404,0.9230769230769231,0.9541284403669725,0.35718654434250763,0.8647959183673469,0.8456632653061225,0.8341836734693877,0.8303571428571429,0.8284438775510204,0.827295918367347,0.8269132653061224,True
all_2021,escalate_h60_to_h15,60,0.98,15.0,0.7,confirm_only_if_unsure,0.3010752688172043,392,70,322,0.17857142857142858,44.785714285714285,45.0,0.9142857142857143,93,0.45504587155963305,16,0.0782874617737003,0.9223300970873787,1.0079510703363914,0.35718654434250763,0.8622448979591837,0.8418367346938775,0.8295918367346938,0.8255102040816327,0.823469387755102,0.8222448979591837,0.8218367346938775,True
all_2021,escalate_h60_to_h15,60,0.98,15.0,0.74,none,0.3655913978494624,392,61,331,0.1556122448979592,40.32786885245902,45.0,0.8032786885245902,80,0.39143730886850153,12,0.05871559633027523,0.9322033898305084,0.8660550458715597,0.0,0.875,0.8596938775510204,0.8505102040816327,0.8474489795918367,0.8459183673469388,0.845,0.8446938775510204,True
all_2021,escalate_h60_to_h15,60,0.98,15.0,0.74,advisory_if_unsure,0.3655913978494624,392,61,331,0.1556122448979592,40.32786885245902,45.0,0.8032786885245902,80,0.39143730886850153,12,0.05871559633027523,0.9322033898305084,0.8660550458715597,0.4452599388379205,0.875,0.8596938775510204,0.8505102040816327,0.8474489795918367,0.8459183673469388,0.845,0.8446938775510204,True
all_2021,escalate_h60_to_h15,60,0.98,15.0,0.74,confirm_only_if_unsure,0.3655913978494624,392,63,329,0.16071428571428573,43.57142857142857,45.0,0.873015873015873,85,0.41590214067278286,13,0.06360856269113149,0.9308510638297872,0.9198776758409786,0.4452599388379205,0.8724489795918368,0.8558673469387755,0.8459183673469388,0.8426020408163265,0.8409438775510204,0.8399489795918368,0.8396173469387755,True
all_2021,escalate_h60_to_h15,60,0.98,15.0,0.78,none,0.43010752688172044,392,54,338,0.1377551020408163,38.611111111111114,30.0,0.7407407407407407,72,0.3522935779816514,10,0.04892966360856269,0.9371069182389937,0.7779816513761468,0.0,0.8877551020408163,0.875,0.8673469387755102,0.8647959183673469,0.8635204081632653,0.8627551020408163,0.8625,True
all_2021,escalate_h60_to_h15,60,0.98,15.0,0.78,advisory_if_unsure,0.43010752688172044,392,54,338,0.1377551020408163,38.611111111111114,30.0,0.7407407407407407,72,0.3522935779816514,10,0.04892966360856269,0.9371069182389937,0.7779816513761468,0.5186544342507645,0.8877551020408163,0.875,0.8673469387755102,0.8647959183673469,0.8635204081632653,0.8627551020408163,0.8625,True
all_2021,escalate_h60_to_h15,60,0.98,15.0,0.78,confirm_only_if_unsure,0.43010752688172044,392,56,336,0.14285714285714285,42.32142857142857,45.0,0.8214285714285714,78,0.381651376146789,11,0.05382262996941896,0.9364161849710982,0.8464831804281345,0.5186544342507645,0.8852040816326531,0.8711734693877551,0.8627551020408163,0.8599489795918367,0.858545918367347,0.8577040816326531,0.8574234693877552,True
all_2021,escalate_h60_to_h15,60,0.98,15.0,0.82,none,0.46953405017921146,392,53,339,0.13520408163265307,36.79245283018868,30.0,0.660377358490566,72,0.3522935779816514,9,0.044036697247706424,0.9391891891891891,0.7241590214067278,0.0,0.8877551020408163,0.8762755102040817,0.8693877551020408,0.8670918367346939,0.8659438775510204,0.8652551020408163,0.8650255102040816,True
all_2021,escalate_h60_to_h15,60,0.98,15.0,0.82,advisory_if_unsure,0.46953405017921146,392,53,339,0.13520408163265307,36.79245283018868,30.0,0.660377358490566,72,0.3522935779816514,9,0.044036697247706424,0.9391891891891891,0.7241590214067278,0.5626911314984709,0.8877551020408163,0.8762755102040817,0.8693877551020408,0.8670918367346939,0.8659438775510204,0.8652551020408163,0.8650255102040816,True
all_2021,escalate_h60_to_h15,60,0.98,15.0,0.82,confirm_only_if_unsure,0.46953405017921146,392,55,337,0.14030612244897958,40.63636363636363,45.0,0.7454545454545455,77,0.3767584097859327,10,0.04892966360856269,0.9390243902439024,0.8024464831804281,0.5626911314984709,0.8852040816326531,0.8724489795918368,0.8647959183673469,0.8622448979591837,0.860969387755102,0.860204081632653,0.8599489795918367,True
all_2021,escalate_h60_to_h15,60,0.98,15.0,0.86,none,0.4946236559139785,392,49,343,0.125,36.12244897959184,30.0,0.6326530612244898,69,0.3376146788990826,8,0.03914373088685015,0.9432624113475178,0.689908256880734,0.0,0.8954081632653061,0.8852040816326531,0.8790816326530613,0.8770408163265306,0.8760204081632653,0.8754081632653061,0.8752040816326531,True
all_2021,escalate_h60_to_h15,60,0.98,15.0,0.86,advisory_if_unsure,0.4946236559139785,392,49,343,0.125,36.12244897959184,30.0,0.6326530612244898,69,0.3376146788990826,8,0.03914373088685015,0.9432624113475178,0.689908256880734,0.5920489296636086,0.8954081632653061,0.8852040816326531,0.8790816326530613,0.8770408163265306,0.8760204081632653,0.8754081632653061,0.8752040816326531,True
all_2021,escalate_h60_to_h15,60,0.98,15.0,0.86,confirm_only_if_unsure,0.4946236559139785,392,52,340,0.1326530612244898,40.09615384615385,45.0,0.7307692307692307,74,0.3620795107033639,9,0.044036697247706424,0.9430379746835443,0.7730886850152905,0.5920489296636086,0.8903061224489796,0.8788265306122449,0.871938775510204,0.8696428571428572,0.8684948979591837,0.8678061224489796,0.8675765306122449,True
all_2021,escalate_h60_to_h15,60,0.98,15.0,0.9,none,0.5161290322580645,392,47,345,0.11989795918367346,36.06382978723404,30.0,0.6170212765957447,68,0.3327217125382263,7,0.03425076452599388,0.9481481481481482,0.6605504587155964,0.0,0.8979591836734694,0.889030612244898,0.8836734693877552,0.8818877551020409,0.8809948979591836,0.8804591836734694,0.880280612244898,True
all_2021,escalate_h60_to_h15,60,0.98,15.0,0.9,advisory_if_unsure,0.5161290322580645,392,47,345,0.11989795918367346,36.06382978723404,30.0,0.6170212765957447,68,0.3327217125382263,7,0.03425076452599388,0.9481481481481482,0.6605504587155964,0.6116207951070336,0.8979591836734694,0.889030612244898,0.8836734693877552,0.8818877551020409,0.8809948979591836,0.8804591836734694,0.880280612244898,True
all_2021,escalate_h60_to_h15,60,0.98,15.0,0.9,confirm_only_if_unsure,0.5161290322580645,392,50,342,0.12755102040816327,40.5,45.0,0.72,72,0.3522935779816514,8,0.03914373088685015,0.948051948051948,0.7535168195718654,0.6116207951070336,0.8928571428571429,0.8826530612244898,0.8765306122448979,0.8744897959183674,0.8734693877551021,0.8728571428571429,0.8726530612244898,True
all_2021,escalate_h60_to_h15,60,0.98,15.0,0.94,none,0.5555555555555556,392,40,352,0.10204081632653061,35.25,30.0,0.575,62,0.3033639143730887,6,0.029357798165137616,0.9516129032258065,0.6067278287461774,0.0,0.9132653061224489,0.9056122448979592,0.9010204081632653,0.8994897959183673,0.8987244897959183,0.8982653061224489,0.8981122448979592,True
all_2021,escalate_h60_to_h15,60,0.98,15.0,0.94,advisory_if_unsure,0.5555555555555556,392,40,352,0.10204081632653061,35.25,30.0,0.575,62,0.3033639143730887,6,0.029357798165137616,0.9516129032258065,0.6067278287461774,0.6605504587155964,0.9132653061224489,0.9056122448979592,0.9010204081632653,0.8994897959183673,0.8987244897959183,0.8982653061224489,0.8981122448979592,True
all_2021,escalate_h60_to_h15,60,0.98,15.0,0.94,confirm_only_if_unsure,0.5555555555555556,392,44,348,0.11224489795918367,40.56818181818182,45.0,0.7045454545454546,67,0.32782874617737,7,0.03425076452599388,0.9513888888888888,0.7045871559633028,0.6605504587155964,0.9056122448979592,0.8966836734693877,0.8913265306122449,0.8895408163265306,0.8886479591836735,0.8881122448979591,0.8879336734693878,True
all_2021,escalate_h60_to_h15,60,0.98,15.0,0.98,none,0.6774193548387096,392,24,368,0.061224489795918366,38.75,45.0,0.5833333333333334,43,0.21039755351681957,2,0.009785932721712538,0.9777777777777777,0.44036697247706424,0.0,0.9438775510204082,0.9413265306122449,0.939795918367347,0.9392857142857143,0.9390306122448979,0.9388775510204082,0.9388265306122449,True
all_2021,escalate_h60_to_h15,60,0.98,15.0,0.98,advisory_if_unsure,0.6774193548387096,392,24,368,0.061224489795918366,38.75,45.0,0.5833333333333334,43,0.21039755351681957,2,0.009785932721712538,0.9777777777777777,0.44036697247706424,0.8024464831804281,0.9438775510204082,0.9413265306122449,0.939795918367347,0.9392857142857143,0.9390306122448979,0.9388775510204082,0.9388265306122449,True
all_2021,escalate_h60_to_h15,60,0.98,15.0,0.98,confirm_only_if_unsure,0.6774193548387096,392,31,361,0.07908163265306123,45.96774193548387,60.0,0.7741935483870968,53,0.25932721712538226,3,0.014678899082568808,0.9739130434782609,0.5626911314984709,0.8024464831804281,0.9285714285714286,0.9247448979591837,0.9224489795918367,0.9216836734693877,0.9213010204081633,0.9210714285714285,0.9209948979591837,True
clean_Jul_Sep,single_h15,15,0.5,,,none,0.0,147,147,0,1.0,15.0,15.0,0.0,194,2.555433589462129,3124,41.15038419319429,0.11826136042901496,46.66959385290889,0.0,21.25170068027211,10.625850340136054,4.2503401360544215,2.1251700680272108,1.0625850340136054,0.4250340136054422,0.2125170068027211,True
clean_Jul_Sep,single_h15,15,0.54,,,none,0.0,147,147,0,1.0,15.0,15.0,0.0,211,2.779363336992316,2833,37.317233809001095,0.12884378843788438,42.83644346871569,0.0,19.272108843537413,9.636054421768707,3.854421768707483,1.9272108843537414,0.9636054421768707,0.3854421768707483,0.19272108843537414,True
clean_Jul_Sep,single_h15,15,0.58,,,none,0.0,147,147,0,1.0,15.0,15.0,0.0,186,2.4500548847420416,2538,33.43139407244786,0.1416976665539398,38.950603732162456,0.0,17.26530612244898,8.63265306122449,3.453061224489796,1.726530612244898,0.863265306122449,0.34530612244897957,0.17265306122448978,True
clean_Jul_Sep,single_h15,15,0.62,,,none,0.0,147,147,0,1.0,15.0,15.0,0.0,160,2.1075740944017562,2273,29.940724478594948,0.15564635958395245,35.45993413830955,0.0,15.462585034013605,7.7312925170068025,3.092517006802721,1.5462585034013605,0.7731292517006803,0.30925170068027213,0.15462585034013607,True
clean_Jul_Sep,single_h15,15,0.66,,,none,0.0,147,147,0,1.0,15.0,15.0,0.0,135,1.7782656421514818,2023,26.647639956092206,0.17158067158067158,32.166849615806804,0.0,13.761904761904763,6.880952380952381,2.7523809523809524,1.3761904761904762,0.6880952380952381,0.2752380952380952,0.1376190476190476,True
clean_Jul_Sep,single_h15,15,0.7,,,none,0.0,147,146,1,0.9931972789115646,15.0,15.0,0.0,144,1.8968166849615806,1697,22.353457738748627,0.19763593380614658,27.859495060373213,0.0,11.551020408163266,5.77891156462585,2.3156462585034014,1.1612244897959183,0.5840136054421768,0.23768707482993198,0.12224489795918367,True
clean_Jul_Sep,single_h15,15,0.74,,,none,0.0,147,141,6,0.9591836734693877,15.0,15.0,0.0,151,1.9890230515916574,1466,19.31064763995609,0.2197977647684939,24.750823271130624,0.0,10.013605442176871,5.0272108843537415,2.035374149659864,1.0380952380952382,0.5394557823129251,0.24027210884353742,0.14054421768707484,True
clean_Jul_Sep,single_h15,15,0.78,,,none,0.0,147,140,7,0.9523809523809523,15.0,15.0,0.0,175,2.305159165751921,1192,15.701427003293084,0.256857855361596,21.128430296377605,0.0,8.156462585034014,4.1020408163265305,1.6693877551020408,0.8585034013605443,0.4530612244897959,0.20979591836734693,0.1287074829931973,True
clean_Jul_Sep,single_h15,15,0.82,,,none,0.0,147,135,12,0.9183673469387755,15.0,15.0,0.0,181,2.3841931942919867,901,11.86827661909989,0.31063504208110176,17.216245883644344,0.0,6.210884353741497,3.1462585034013606,1.307482993197279,0.6945578231292517,0.3880952380952381,0.20421768707482993,0.1429251700680272,True
clean_Jul_Sep,single_h15,15,0.86,,,none,0.0,147,123,24,0.8367346938775511,15.0,15.0,0.0,179,2.3578485181119646,644,8.48298572996707,0.3771760154738878,13.620197585071349,0.0,4.54421768707483,2.3537414965986394,1.0394557823129251,0.601360544217687,0.38231292517006804,0.2508843537414966,0.2070748299319728,True
clean_Jul_Sep,single_h15,15,0.9,,,none,0.0,147,100,47,0.6802721088435374,15.0,15.0,0.0,169,2.226125137211855,449,5.9143798024149286,0.44084682440846823,10.577387486278814,0.0,3.3741496598639458,1.846938775510204,0.9306122448979591,0.6251700680272109,0.47244897959183674,0.38081632653061226,0.35027210884353743,True
clean_Jul_Sep,single_h15,15,0.94,,,none,0.0,147,70,77,0.47619047619047616,15.0,15.0,0.0,151,1.9890230515916574,235,3.0954994511525795,0.5607476635514018,7.047200878155873,0.0,2.122448979591837,1.3231292517006803,0.8435374149659864,0.6836734693877551,0.6037414965986394,0.5557823129251701,0.539795918367347,True
clean_Jul_Sep,single_h15,15,0.98,,,none,0.0,147,30,117,0.20408163265306123,15.0,15.0,0.0,100,1.3172338090010975,56,0.7376509330406147,0.7647058823529411,3.1350164654226123,0.0,1.1768707482993197,0.9863945578231292,0.8721088435374149,0.8340136054421768,0.8149659863945579,0.8035374149659864,0.7997278911564626,True
clean_Jul_Sep,single_h30,30,0.5,,,none,0.0,147,147,0,1.0,30.0,30.0,1.0,157,2.068057080131723,3043,40.0834248079034,0.16584429824561403,48.05268935236004,0.0,20.700680272108844,10.350340136054422,4.1401360544217685,2.0700680272108842,1.0350340136054421,0.41401360544217686,0.20700680272108843,True
clean_Jul_Sep,single_h30,30,0.54,,,none,0.0,147,147,0,1.0,30.0,30.0,1.0,167,2.1997804610318332,2733,36.0,0.18124625524266028,43.969264544456635,0.0,18.591836734693878,9.295918367346939,3.7183673469387757,1.8591836734693878,0.9295918367346939,0.37183673469387757,0.18591836734693878,True
clean_Jul_Sep,single_h30,30,0.58,,,none,0.0,147,147,0,1.0,30.0,30.0,1.0,160,2.1075740944017562,2399,31.600439077936333,0.20086608927381747,39.54335894621295,0.0,16.31972789115646,8.15986394557823,3.2639455782312927,1.6319727891156464,0.8159863945578232,0.32639455782312926,0.16319727891156463,True
clean_Jul_Sep,single_h30,30,0.62,,,none,0.0,147,147,0,1.0,30.0,30.0,1.0,126,1.659714599341383,2120,27.92535675082327,0.2208746784270489,35.841931942919864,0.0,14.421768707482993,7.210884353741497,2.8843537414965987,1.4421768707482994,0.7210884353741497,0.28843537414965986,0.14421768707482993,True
clean_Jul_Sep,single_h30,30,0.66,,,none,0.0,147,147,0,1.0,30.0,30.0,1.0,133,1.7519209659714599,1843,24.27661909989023,0.242810188989318,32.061470911086715,0.0,12.537414965986395,6.2687074829931975,2.507482993197279,1.2537414965986395,0.6268707482993198,0.2507482993197279,0.12537414965986396,True
clean_Jul_Sep,single_h30,30,0.7,,,none,0.0,147,145,2,0.9863945578231292,29.896551724137932,30.0,0.993103448275862,168,2.212952799121844,1532,20.180021953896816,0.2732447817836812,27.767288693743136,0.0,10.435374149659864,5.224489795918367,2.0979591836734692,1.05578231292517,0.5346938775510204,0.2220408163265306,0.11782312925170069,True
clean_Jul_Sep,single_h30,30,0.74,,,none,0.0,147,142,5,0.9659863945578231,29.8943661971831,30.0,0.9929577464788732,161,2.1207464324917673,1271,16.74204171240395,0.3024149286498353,24.0,0.0,8.680272108843537,4.357142857142857,1.763265306122449,0.898639455782313,0.4663265306122449,0.2069387755102041,0.12047619047619047,True
clean_Jul_Sep,single_h30,30,0.78,,,none,0.0,147,142,5,0.9659863945578231,29.8943661971831,30.0,0.9929577464788732,163,2.147091108671789,1044,13.75192096597146,0.34298300818124605,20.93084522502744,0.0,7.136054421768708,3.5850340136054424,1.454421768707483,0.7442176870748299,0.3891156462585034,0.17605442176870748,0.10503401360544218,True
clean_Jul_Sep,single_h30,30,0.82,,,none,0.0,147,136,11,0.9251700680272109,29.227941176470587,30.0,0.9485294117647058,175,2.305159165751921,751,9.892425905598243,0.4077287066246057,16.702524698133917,0.0,5.183673469387755,2.629251700680272,1.0965986394557823,0.5857142857142857,0.3302721088435374,0.17700680272108843,0.1259183673469388,True
clean_Jul_Sep,single_h30,30,0.86,,,none,0.0,147,129,18,0.8775510204081632,28.372093023255815,30.0,0.8914728682170543,161,2.1207464324917673,503,6.625686059275521,0.4851586489252815,12.869374313940723,0.0,3.54421768707483,1.8333333333333333,0.8068027210884354,0.46462585034013604,0.2935374149659864,0.1908843537414966,0.15666666666666668,True
clean_Jul_Sep,single_h30,30,0.9,,,none,0.0,147,107,40,0.7278911564625851,27.19626168224299,30.0,0.8130841121495327,131,1.725576289791438,346,4.557628979143797,0.5405046480743692,9.918770581778265,0.0,2.6258503401360542,1.4489795918367347,0.7428571428571429,0.507482993197279,0.38979591836734695,0.31918367346938775,0.29564625850340137,True
clean_Jul_Sep,single_h30,30,0.94,,,none,0.0,147,79,68,0.5374149659863946,24.68354430379747,30.0,0.6455696202531646,108,1.4226125137211854,184,2.4237102085620195,0.6282828282828283,6.520307354555433,0.0,1.7142857142857142,1.08843537414966,0.7129251700680272,0.5877551020408164,0.5251700680272109,0.4876190476190476,0.4751020408163265,True
clean_Jul_Sep,single_h30,30,0.98,,,none,0.0,147,26,121,0.17687074829931973,23.076923076923077,30.0,0.5384615384615384,49,0.6454445664105378,22,0.2897914379802415,0.8405797101449275,1.8177826564215147,0.0,0.9727891156462585,0.8979591836734694,0.8530612244897959,0.8380952380952381,0.8306122448979592,0.8261224489795919,0.824625850340136,True
clean_Jul_Sep,single_h45,45,0.5,,,none,0.0,147,147,0,1.0,45.0,45.0,1.0,166,2.186608122941822,2934,38.647639956092206,0.20032706459525756,48.329308452250274,0.0,19.959183673469386,9.979591836734693,3.9918367346938775,1.9959183673469387,0.9979591836734694,0.39918367346938777,0.19959183673469388,True
clean_Jul_Sep,single_h45,45,0.54,,,none,0.0,147,147,0,1.0,45.0,45.0,1.0,181,2.3841931942919867,2625,34.57738748627881,0.21851741589758858,44.24588364434687,0.0,17.857142857142858,8.928571428571429,3.5714285714285716,1.7857142857142858,0.8928571428571429,0.35714285714285715,0.17857142857142858,True
clean_Jul_Sep,single_h45,45,0.58,,,none,0.0,147,147,0,1.0,45.0,45.0,1.0,171,2.252469813391877,2315,30.49396267837541,0.23973727422003285,40.10976948408342,0.0,15.748299319727892,7.874149659863946,3.1496598639455784,1.5748299319727892,0.7874149659863946,0.3149659863945578,0.1574829931972789,True
clean_Jul_Sep,single_h45,45,0.62,,,none,0.0,147,147,0,1.0,45.0,45.0,1.0,134,1.7650933040614707,2001,26.357848518111965,0.26433823529411765,35.828759604829855,0.0,13.612244897959183,6.8061224489795915,2.7224489795918365,1.3612244897959183,0.6806122448979591,0.27224489795918366,0.13612244897959183,True
clean_Jul_Sep,single_h45,45,0.66,,,none,0.0,147,147,0,1.0,45.0,45.0,1.0,125,1.646542261251372,1708,22.498353457738748,0.2927536231884058,31.811196487376506,0.0,11.619047619047619,5.809523809523809,2.323809523809524,1.161904761904762,0.580952380952381,0.23238095238095238,0.11619047619047619,True
clean_Jul_Sep,single_h45,45,0.7,,,none,0.0,147,145,2,0.9863945578231292,44.689655172413794,45.0,0.993103448275862,165,2.173435784851811,1433,18.87596048298573,0.3224586288416076,27.859495060373213,0.0,9.761904761904763,4.887755102040816,1.963265306122449,0.9884353741496599,0.5010204081632653,0.20857142857142857,0.11108843537414965,True
clean_Jul_Sep,single_h45,45,0.74,,,none,0.0,147,142,5,0.9659863945578231,44.683098591549296,45.0,0.9929577464788732,155,2.0417124039517014,1187,15.63556531284303,0.3573362208987547,24.329308452250274,0.0,8.108843537414966,4.071428571428571,1.6489795918367347,0.8414965986394558,0.4377551020408163,0.19551020408163267,0.11476190476190476,True
clean_Jul_Sep,single_h45,45,0.78,,,none,0.0,147,141,6,0.9591836734693877,44.46808510638298,45.0,1.0,168,2.212952799121844,929,12.237102085620197,0.4079031230082855,20.667398463227222,0.0,6.360544217687075,3.2006802721088436,1.3047619047619048,0.6727891156462585,0.35680272108843536,0.16721088435374148,0.10401360544217687,True
clean_Jul_Sep,single_h45,45,0.82,,,none,0.0,147,136,11,0.9251700680272109,44.22794117647059,45.0,0.9926470588235294,165,2.173435784851811,696,9.167947310647639,0.46213292117465227,17.045005488474203,0.0,4.809523809523809,2.442176870748299,1.021768707482993,0.5482993197278911,0.3115646258503401,0.16952380952380952,0.12217687074829932,True
clean_Jul_Sep,single_h45,45,0.86,,,none,0.0,147,127,20,0.8639455782312925,43.58267716535433,45.0,0.9921259842519685,146,1.9231613611416025,470,6.190998902305159,0.5369458128078818,13.369923161361141,0.0,3.3333333333333335,1.7346938775510203,0.7755102040816326,0.4557823129251701,0.29591836734693877,0.2,0.16802721088435374,True
clean_Jul_Sep,single_h45,45,0.9,,,none,0.0,147,111,36,0.7551020408163265,43.37837837837838,45.0,0.9819819819819819,125,1.646542261251372,316,4.162458836443468,0.5964240102171137,10.313940724478595,0.0,2.3945578231292517,1.3197278911564625,0.6748299319727891,0.4598639455782313,0.3523809523809524,0.287891156462585,0.26639455782312926,True
clean_Jul_Sep,single_h45,45,0.94,,,none,0.0,147,82,65,0.5578231292517006,41.707317073170735,45.0,1.0,101,1.3304061470911086,159,2.094401756311745,0.6787878787878788,6.520307354555433,0.0,1.5238095238095237,0.9829931972789115,0.6585034013605442,0.5503401360544218,0.4962585034013605,0.4638095238095238,0.4529931972789116,True
clean_Jul_Sep,single_h45,45,0.98,,,none,0.0,147,30,117,0.20408163265306123,36.0,45.0,0.8,42,0.553238199780461,12,0.15806805708013172,0.8983050847457628,1.5543358946212953,0.0,0.8775510204081632,0.8367346938775511,0.8122448979591836,0.8040816326530612,0.8,0.7975510204081633,0.796734693877551,True
clean_Jul_Sep,single_h60,60,0.5,,,none,0.0,147,147,0,1.0,60.0,60.0,1.0,166,2.186608122941822,2826,37.225027442371015,0.22723543888433143,48.17124039517014,0.0,19.224489795918366,9.612244897959183,3.8448979591836734,1.9224489795918367,0.9612244897959183,0.38448979591836735,0.19224489795918367,True
clean_Jul_Sep,single_h60,60,0.54,,,none,0.0,147,147,0,1.0,60.0,60.0,1.0,174,2.2919868276619098,2495,32.864983534577384,0.24894641782059002,43.758507135016465,0.0,16.972789115646258,8.486394557823129,3.3945578231292517,1.6972789115646258,0.8486394557823129,0.33945578231292517,0.16972789115646258,True
clean_Jul_Sep,single_h60,60,0.58,,,none,0.0,147,147,0,1.0,60.0,60.0,1.0,159,2.094401756311745,2224,29.295279912184412,0.27010173941581883,40.136114160263446,0.0,15.129251700680273,7.5646258503401365,3.0258503401360546,1.5129251700680273,0.7564625850340136,0.3025850340136054,0.1512925170068027,True
clean_Jul_Sep,single_h60,60,0.62,,,none,0.0,147,147,0,1.0,59.89795918367347,60.0,1.0,142,1.8704720087815585,1914,25.211855104281007,0.2970987881013588,35.86827661909989,0.0,13.020408163265307,6.510204081632653,2.6040816326530614,1.3020408163265307,0.6510204081632653,0.26040816326530614,0.13020408163265307,True
clean_Jul_Sep,single_h60,60,0.66,,,none,0.0,147,147,0,1.0,59.795918367346935,60.0,1.0,134,1.7650933040614707,1646,21.681668496158068,0.3254098360655738,32.14050493962678,0.0,11.197278911564625,5.598639455782313,2.239455782312925,1.1197278911564625,0.5598639455782313,0.22394557823129252,0.11197278911564626,True
clean_Jul_Sep,single_h60,60,0.7,,,none,0.0,147,145,2,0.9863945578231292,59.689655172413794,60.0,1.0,138,1.8177826564215147,1343,17.690450054884742,0.36441079034548035,27.833150384193193,0.0,9.149659863945578,4.581632653061225,1.8408163265306123,0.9272108843537415,0.4704081632653061,0.1963265306122449,0.10496598639455783,True
clean_Jul_Sep,single_h60,60,0.74,,,none,0.0,147,142,5,0.9659863945578231,59.683098591549296,60.0,1.0,141,1.8572996706915477,1132,14.911086717892426,0.395621996796583,24.67178924259056,0.0,7.73469387755102,3.8843537414965987,1.5741496598639455,0.8040816326530612,0.41904761904761906,0.18802721088435373,0.1110204081632653,True
clean_Jul_Sep,single_h60,60,0.78,,,none,0.0,147,140,7,0.9523809523809523,59.785714285714285,60.0,1.0,153,2.0153677277716793,866,11.407244785949505,0.44664536741214056,20.614709110867178,0.0,5.938775510204081,2.993197278911565,1.2258503401360543,0.636734693877551,0.34217687074829933,0.1654421768707483,0.10653061224489796,True
clean_Jul_Sep,single_h60,60,0.82,,,none,0.0,147,138,9,0.9387755102040817,59.23913043478261,60.0,1.0,157,2.068057080131723,653,8.601536772777168,0.501906941266209,17.26893523600439,0.0,4.503401360544218,2.2823129251700682,0.9496598639455782,0.5054421768707483,0.2833333333333333,0.15006802721088436,0.10564625850340136,True
clean_Jul_Sep,single_h60,60,0.86,,,none,0.0,147,128,19,0.8707482993197279,57.0703125,60.0,0.9921875,158,2.081229418221734,440,5.79582875960483,0.5707317073170731,13.50164654226125,0.0,3.122448979591837,1.6258503401360545,0.7278911564625851,0.42857142857142855,0.2789115646258503,0.1891156462585034,0.15918367346938775,True
clean_Jul_Sep,single_h60,60,0.9,,,none,0.0,147,113,34,0.7687074829931972,56.283185840707965,60.0,1.0,139,1.8309549945115258,284,3.740944017563117,0.6349614395886889,10.248079034028539,0.0,2.163265306122449,1.1972789115646258,0.617687074829932,0.42448979591836733,0.32789115646258504,0.2699319727891156,0.2506122448979592,True
clean_Jul_Sep,single_h60,60,0.94,,,none,0.0,147,84,63,0.5714285714285714,54.464285714285715,60.0,0.9761904761904762,108,1.4226125137211854,133,1.7519209659714599,0.7182203389830508,6.217343578485181,0.0,1.3333333333333333,0.8809523809523809,0.6095238095238096,0.5190476190476191,0.4738095238095238,0.44666666666666666,0.43761904761904763,True
clean_Jul_Sep,single_h60,60,0.98,,,none,0.0,147,29,118,0.19727891156462585,53.793103448275865,60.0,1.0,43,0.566410537870472,26,0.3424807903402854,0.7570093457943925,1.4094401756311745,0.0,0.9795918367346939,0.891156462585034,0.8380952380952381,0.8204081632653061,0.8115646258503402,0.8062585034013605,0.8044897959183673,True
clean_Jul_Sep,escalate_h60_to_h15,60,0.5,15.0,0.5,none,0.14191960623461855,147,147,0,1.0,58.36734693877551,60.0,1.0,202,2.660812294182217,2323,30.5993413830955,0.25971956660293183,41.334796926454445,0.0,15.802721088435375,7.901360544217687,3.160544217687075,1.5802721088435374,0.7901360544217687,0.31605442176870746,0.15802721088435373,True
clean_Jul_Sep,escalate_h60_to_h15,60,0.5,15.0,0.5,advisory_if_unsure,0.14191960623461855,147,147,0,1.0,58.36734693877551,60.0,1.0,202,2.660812294182217,2323,30.5993413830955,0.25971956660293183,41.334796926454445,1.2118551042810097,15.802721088435375,7.901360544217687,3.160544217687075,1.5802721088435374,0.7901360544217687,0.31605442176870746,0.15802721088435373,True
clean_Jul_Sep,escalate_h60_to_h15,60,0.5,15.0,0.5,confirm_only_if_unsure,0.14191960623461855,147,147,0,1.0,58.775510204081634,60.0,1.0,177,2.331503841931943,2746,36.17124039517014,0.22973352033660588,46.95938529088913,1.2118551042810097,18.68027210884354,9.34013605442177,3.7360544217687073,1.8680272108843536,0.9340136054421768,0.37360544217687075,0.18680272108843538,True
clean_Jul_Sep,escalate_h60_to_h15,60,0.5,15.0,0.54,none,0.18676510801203172,147,147,0,1.0,57.95918367346939,60.0,1.0,221,2.9110867178924256,2163,28.49176728869374,0.2726967047747142,39.17453347969264,0.0,14.714285714285714,7.357142857142857,2.942857142857143,1.4714285714285715,0.7357142857142858,0.29428571428571426,0.14714285714285713,True
clean_Jul_Sep,escalate_h60_to_h15,60,0.5,15.0,0.54,advisory_if_unsure,0.18676510801203172,147,147,0,1.0,57.95918367346939,60.0,1.0,221,2.9110867178924256,2163,28.49176728869374,0.2726967047747142,39.17453347969264,1.4884742041712402,14.714285714285714,7.357142857142857,2.942857142857143,1.4714285714285715,0.7357142857142858,0.29428571428571426,0.14714285714285713,True
clean_Jul_Sep,escalate_h60_to_h15,60,0.5,15.0,0.54,confirm_only_if_unsure,0.18676510801203172,147,147,0,1.0,58.36734693877551,60.0,1.0,182,2.397365532381998,2729,35.94731064763995,0.22996613995485327,46.6827661909989,1.4884742041712402,18.564625850340136,9.282312925170068,3.712925170068027,1.8564625850340135,0.9282312925170068,0.3712925170068027,0.18564625850340136,True
clean_Jul_Sep,escalate_h60_to_h15,60,0.5,15.0,0.58,none,0.24063439978124146,147,147,0,1.0,57.857142857142854,60.0,1.0,196,2.5817782656421513,1967,25.90998902305159,0.291681670867843,36.57958287596048,0.0,13.380952380952381,6.690476190476191,2.676190476190476,1.338095238095238,0.669047619047619,0.26761904761904765,0.13380952380952382,True
clean_Jul_Sep,escalate_h60_to_h15,60,0.5,15.0,0.58,advisory_if_unsure,0.24063439978124146,147,147,0,1.0,57.857142857142854,60.0,1.0,196,2.5817782656421513,1967,25.90998902305159,0.291681670867843,36.57958287596048,1.686059275521405,13.380952380952381,6.690476190476191,2.676190476190476,1.338095238095238,0.669047619047619,0.26761904761904765,0.13380952380952382,True
clean_Jul_Sep,escalate_h60_to_h15,60,0.5,15.0,0.58,confirm_only_if_unsure,0.24063439978124146,147,147,0,1.0,58.265306122448976,60.0,1.0,179,2.3578485181119646,2715,35.7628979143798,0.23066024369509777,46.485181119648736,1.686059275521405,18.46938775510204,9.23469387755102,3.693877551020408,1.846938775510204,0.923469387755102,0.3693877551020408,0.1846938775510204,True
clean_Jul_Sep,escalate_h60_to_h15,60,0.5,15.0,0.62,none,0.29969920700027347,147,147,0,1.0,57.755102040816325,60.0,1.0,175,2.305159165751921,1752,23.07793633369923,0.3158922295978134,33.73435784851811,0.0,11.918367346938776,5.959183673469388,2.3836734693877553,1.1918367346938776,0.5959183673469388,0.2383673469387755,0.11918367346938775,True
clean_Jul_Sep,escalate_h60_to_h15,60,0.5,15.0,0.62,advisory_if_unsure,0.29969920700027347,147,147,0,1.0,57.755102040816325,60.0,1.0,175,2.305159165751921,1752,23.07793633369923,0.3158922295978134,33.73435784851811,2.068057080131723,11.918367346938776,5.959183673469388,2.3836734693877553,1.1918367346938776,0.5959183673469388,0.2383673469387755,0.11918367346938775,True
clean_Jul_Sep,escalate_h60_to_h15,60,0.5,15.0,0.62,confirm_only_if_unsure,0.29969920700027347,147,147,0,1.0,58.16326530612245,60.0,1.0,182,2.397365532381998,2687,35.39407244785949,0.2322857142857143,46.103183315038414,2.068057080131723,18.27891156462585,9.139455782312925,3.65578231292517,1.827891156462585,0.9139455782312925,0.365578231292517,0.1827891156462585,True
clean_Jul_Sep,escalate_h60_to_h15,60,0.5,15.0,0.66,none,0.35985780694558384,147,147,0,1.0,57.142857142857146,60.0,0.9931972789115646,157,2.068057080131723,1540,20.285400658616904,0.3421614694574968,30.836443468715697,0.0,10.476190476190476,5.238095238095238,2.0952380952380953,1.0476190476190477,0.5238095238095238,0.20952380952380953,0.10476190476190476,True
clean_Jul_Sep,escalate_h60_to_h15,60,0.5,15.0,0.66,advisory_if_unsure,0.35985780694558384,147,147,0,1.0,57.142857142857146,60.0,0.9931972789115646,157,2.068057080131723,1540,20.285400658616904,0.3421614694574968,30.836443468715697,2.621295279912184,10.476190476190476,5.238095238095238,2.0952380952380953,1.0476190476190477,0.5238095238095238,0.20952380952380953,0.10476190476190476,True
clean_Jul_Sep,escalate_h60_to_h15,60,0.5,15.0,0.66,confirm_only_if_unsure,0.35985780694558384,147,147,0,1.0,58.06122448979592,60.0,1.0,188,2.4763995609220637,2648,34.880351262349066,0.23423944476576056,45.549945115257955,2.621295279912184,18.01360544217687,9.006802721088436,3.602721088435374,1.801360544217687,0.9006802721088435,0.36027210884353744,0.18013605442176872,True
clean_Jul_Sep,escalate_h60_to_h15,60,0.5,15.0,0.7,none,0.44681432868471427,147,147,0,1.0,55.10204081632653,60.0,0.9727891156462585,155,2.0417124039517014,1246,16.412733260153676,0.38408304498269896,26.647639956092206,0.0,8.476190476190476,4.238095238095238,1.6952380952380952,0.8476190476190476,0.4238095238095238,0.16952380952380952,0.08476190476190476,True
clean_Jul_Sep,escalate_h60_to_h15,60,0.5,15.0,0.7,advisory_if_unsure,0.44681432868471427,147,147,0,1.0,55.10204081632653,60.0,0.9727891156462585,155,2.0417124039517014,1246,16.412733260153676,0.38408304498269896,26.647639956092206,4.346871569703622,8.476190476190476,4.238095238095238,1.6952380952380952,0.8476190476190476,0.4238095238095238,0.16952380952380952,0.08476190476190476,True
clean_Jul_Sep,escalate_h60_to_h15,60,0.5,15.0,0.7,confirm_only_if_unsure,0.44681432868471427,147,147,0,1.0,56.53061224489796,60.0,0.9795918367346939,202,2.660812294182217,2534,33.37870472008781,0.23835287045386233,43.824368825466514,4.346871569703622,17.238095238095237,8.619047619047619,3.447619047619048,1.723809523809524,0.861904761904762,0.34476190476190477,0.17238095238095238,True
clean_Jul_Sep,escalate_h60_to_h15,60,0.5,15.0,0.74,none,0.5110746513535686,147,147,0,1.0,52.3469387755102,60.0,0.9455782312925171,156,2.0548847420417125,1055,13.89681668496158,0.4099552572706935,23.552140504939626,0.0,7.1768707482993195,3.5884353741496597,1.435374149659864,0.717687074829932,0.358843537414966,0.1435374149659864,0.0717687074829932,True
clean_Jul_Sep,escalate_h60_to_h15,60,0.5,15.0,0.74,advisory_if_unsure,0.5110746513535686,147,147,0,1.0,52.3469387755102,60.0,0.9455782312925171,156,2.0548847420417125,1055,13.89681668496158,0.4099552572706935,23.552140504939626,6.125137211855104,7.1768707482993195,3.5884353741496597,1.435374149659864,0.717687074829932,0.358843537414966,0.1435374149659864,0.0717687074829932,True
clean_Jul_Sep,escalate_h60_to_h15,60,0.5,15.0,0.74,confirm_only_if_unsure,0.5110746513535686,147,147,0,1.0,53.87755102040816,60.0,0.9591836734693877,218,2.871569703622393,2438,32.11416026344676,0.2362155388471178,42.04610318331503,6.125137211855104,16.58503401360544,8.29251700680272,3.3170068027210884,1.6585034013605442,0.8292517006802721,0.33170068027210886,0.16585034013605443,True
clean_Jul_Sep,escalate_h60_to_h15,60,0.5,15.0,0.78,none,0.5857260049220673,147,147,0,1.0,47.755102040816325,60.0,0.9047619047619048,176,2.318331503841932,845,11.130625686059275,0.44224422442244227,19.95609220636663,0.0,5.7482993197278915,2.8741496598639458,1.1496598639455782,0.5748299319727891,0.28741496598639454,0.11496598639455782,0.05748299319727891,True
clean_Jul_Sep,escalate_h60_to_h15,60,0.5,15.0,0.78,advisory_if_unsure,0.5857260049220673,147,147,0,1.0,47.755102040816325,60.0,0.9047619047619048,176,2.318331503841932,845,11.130625686059275,0.44224422442244227,19.95609220636663,8.061470911086717,5.7482993197278915,2.8741496598639458,1.1496598639455782,0.5748299319727891,0.28741496598639454,0.11496598639455782,0.05748299319727891,True
clean_Jul_Sep,escalate_h60_to_h15,60,0.5,15.0,0.78,confirm_only_if_unsure,0.5857260049220673,147,147,0,1.0,50.0,60.0,0.9183673469387755,260,3.424807903402854,2345,30.88913282107574,0.22988505747126436,40.10976948408342,8.061470911086717,15.952380952380953,7.976190476190476,3.1904761904761907,1.5952380952380953,0.7976190476190477,0.319047619047619,0.1595238095238095,True
clean_Jul_Sep,escalate_h60_to_h15,60,0.5,15.0,0.82,none,0.6644790812141099,147,146,1,0.9931972789115646,43.97260273972603,45.0,0.821917808219178,180,2.3710208562019757,604,7.9560922063666295,0.5077424612876935,16.162458836443466,0.0,4.115646258503402,2.061224489795918,0.8285714285714286,0.41768707482993195,0.21224489795918366,0.08897959183673469,0.04789115646258504,True
clean_Jul_Sep,escalate_h60_to_h15,60,0.5,15.0,0.82,advisory_if_unsure,0.6644790812141099,147,146,1,0.9931972789115646,43.97260273972603,45.0,0.821917808219178,180,2.3710208562019757,604,7.9560922063666295,0.5077424612876935,16.162458836443466,10.076838638858396,4.115646258503402,2.061224489795918,0.8285714285714286,0.41768707482993195,0.21224489795918366,0.08897959183673469,0.04789115646258504,True
clean_Jul_Sep,escalate_h60_to_h15,60,0.5,15.0,0.82,confirm_only_if_unsure,0.6644790812141099,147,146,1,0.9931972789115646,47.773972602739725,60.0,0.8698630136986302,286,3.767288693743139,2224,29.295279912184412,0.23098201936376211,38.09440175631174,10.076838638858396,15.136054421768707,7.571428571428571,3.0326530612244897,1.5197278911564627,0.763265306122449,0.3093877551020408,0.1580952380952381,True
clean_Jul_Sep,escalate_h60_to_h15,60,0.5,15.0,0.86,none,0.7358490566037735,147,140,7,0.9523809523809523,41.785714285714285,45.0,0.7714285714285715,176,2.318331503841932,395,5.203073545554336,0.5910973084886129,12.724478594950602,0.0,2.7346938775510203,1.3911564625850341,0.5850340136054422,0.3163265306122449,0.18197278911564627,0.10136054421768707,0.07448979591836735,True
clean_Jul_Sep,escalate_h60_to_h15,60,0.5,15.0,0.86,advisory_if_unsure,0.7358490566037735,147,140,7,0.9523809523809523,41.785714285714285,45.0,0.7714285714285715,176,2.318331503841932,395,5.203073545554336,0.5910973084886129,12.724478594950602,12.065861690450054,2.7346938775510203,1.3911564625850341,0.5850340136054422,0.3163265306122449,0.18197278911564627,0.10136054421768707,0.07448979591836735,False
clean_Jul_Sep,escalate_h60_to_h15,60,0.5,15.0,0.86,confirm_only_if_unsure,0.7358490566037735,147,144,3,0.9795918367346939,46.041666666666664,60.0,0.8402777777777778,315,4.149286498353457,2110,27.79363336992316,0.2302079533017147,36.10537870472009,12.065861690450054,14.374149659863946,7.197278911564626,2.891156462585034,1.4557823129251701,0.7380952380952381,0.3074829931972789,0.16394557823129252,False
clean_Jul_Sep,escalate_h60_to_h15,60,0.5,15.0,0.9,none,0.7965545529122231,147,119,28,0.8095238095238095,40.21008403361345,45.0,0.7142857142857143,164,2.1602634467618,258,3.3984632272228317,0.6532258064516129,9.800219538968166,0.0,1.945578231292517,1.0680272108843538,0.5414965986394558,0.3659863945578231,0.2782312925170068,0.225578231292517,0.20802721088435375,True
clean_Jul_Sep,escalate_h60_to_h15,60,0.5,15.0,0.9,advisory_if_unsure,0.7965545529122231,147,119,28,0.8095238095238095,40.21008403361345,45.0,0.7142857142857143,164,2.1602634467618,258,3.3984632272228317,0.6532258064516129,9.800219538968166,13.949506037321624,1.945578231292517,1.0680272108843538,0.5414965986394558,0.3659863945578231,0.2782312925170068,0.225578231292517,0.20802721088435375,False
clean_Jul_Sep,escalate_h60_to_h15,60,0.5,15.0,0.9,confirm_only_if_unsure,0.7965545529122231,147,137,10,0.9319727891156463,44.67153284671533,45.0,0.7956204379562044,350,4.610318331503842,2024,26.660812294182215,0.22093918398768284,34.22173435784852,13.949506037321624,13.83673469387755,6.9523809523809526,2.821768707482993,1.4448979591836735,0.7564625850340136,0.34340136054421766,0.2057142857142857,False
clean_Jul_Sep,escalate_h60_to_h15,60,0.5,15.0,0.94,none,0.8662838392124692,147,90,57,0.6122448979591837,39.666666666666664,45.0,0.6555555555555556,140,1.8441273326015366,115,1.5148188803512623,0.7648261758691206,6.441273326015367,0.0,1.1700680272108843,0.7789115646258503,0.54421768707483,0.46598639455782315,0.4268707482993197,0.4034013605442177,0.395578231292517,True
clean_Jul_Sep,escalate_h60_to_h15,60,0.5,15.0,0.94,advisory_if_unsure,0.8662838392124692,147,90,57,0.6122448979591837,39.666666666666664,45.0,0.6555555555555556,140,1.8441273326015366,115,1.5148188803512623,0.7648261758691206,6.441273326015367,16.478594950603732,1.1700680272108843,0.7789115646258503,0.54421768707483,0.46598639455782315,0.4268707482993197,0.4034013605442177,0.395578231292517,False
clean_Jul_Sep,escalate_h60_to_h15,60,0.5,15.0,0.94,confirm_only_if_unsure,0.8662838392124692,147,123,24,0.8367346938775511,43.78048780487805,45.0,0.7560975609756098,370,4.873765093304061,1914,25.211855104281007,0.20448877805486285,31.69264544456641,16.478594950603732,13.183673469387756,6.673469387755102,2.76734693877551,1.4653061224489796,0.8142857142857143,0.4236734693877551,0.29346938775510206,False
clean_Jul_Sep,escalate_h60_to_h15,60,0.5,15.0,0.98,none,0.9412086409625376,147,46,101,0.3129251700680272,39.45652173913044,45.0,0.6086956521739131,97,1.2777167947310646,30,0.3951701427003293,0.8604651162790697,2.8320526893523597,0.0,0.891156462585034,0.7891156462585034,0.7278911564625851,0.7074829931972789,0.6972789115646258,0.691156462585034,0.6891156462585034,True
clean_Jul_Sep,escalate_h60_to_h15,60,0.5,15.0,0.98,advisory_if_unsure,0.9412086409625376,147,46,101,0.3129251700680272,39.45652173913044,45.0,0.6086956521739131,97,1.2777167947310646,30,0.3951701427003293,0.8604651162790697,2.8320526893523597,19.521405049396268,0.891156462585034,0.7891156462585034,0.7278911564625851,0.7074829931972789,0.6972789115646258,0.691156462585034,0.6891156462585034,False
clean_Jul_Sep,escalate_h60_to_h15,60,0.5,15.0,0.98,confirm_only_if_unsure,0.9412086409625376,147,94,53,0.6394557823129252,43.56382978723404,45.0,0.7659574468085106,382,5.031833150384193,1847,24.329308452250274,0.15080459770114943,28.649835345773873,19.521405049396268,12.92517006802721,6.642857142857143,2.873469387755102,1.6170068027210884,0.9887755102040816,0.6118367346938776,0.4861904761904762,False
clean_Jul_Sep,escalate_h60_to_h15,60,0.54,15.0,0.5,none,0.11047561709813365,147,147,0,1.0,58.36734693877551,60.0,1.0,178,2.3446761800219535,2144,28.24149286498353,0.27445008460236886,38.92425905598243,0.0,14.585034013605442,7.292517006802721,2.9170068027210885,1.4585034013605442,0.7292517006802721,0.2917006802721088,0.1458503401360544,True
clean_Jul_Sep,escalate_h60_to_h15,60,0.54,15.0,0.5,advisory_if_unsure,0.11047561709813365,147,147,0,1.0,58.36734693877551,60.0,1.0,178,2.3446761800219535,2144,28.24149286498353,0.27445008460236886,38.92425905598243,1.119648737650933,14.585034013605442,7.292517006802721,2.9170068027210885,1.4585034013605442,0.7292517006802721,0.2917006802721088,0.1458503401360544,True
clean_Jul_Sep,escalate_h60_to_h15,60,0.54,15.0,0.5,confirm_only_if_unsure,0.11047561709813365,147,147,0,1.0,58.775510204081634,60.0,1.0,184,2.4237102085620195,2422,31.903402854006583,0.2517763361136855,42.63885839736553,1.119648737650933,16.476190476190474,8.238095238095237,3.295238095238095,1.6476190476190475,0.8238095238095238,0.3295238095238095,0.16476190476190475,True
clean_Jul_Sep,escalate_h60_to_h15,60,0.54,15.0,0.54,none,0.1435881998795906,147,147,0,1.0,57.95918367346939,60.0,1.0,184,2.4237102085620195,2038,26.845225027442368,0.2836555360281195,37.475301866081224,0.0,13.863945578231293,6.931972789115647,2.7727891156462583,1.3863945578231291,0.6931972789115646,0.27727891156462586,0.13863945578231293,True
clean_Jul_Sep,escalate_h60_to_h15,60,0.54,15.0,0.54,advisory_if_unsure,0.1435881998795906,147,147,0,1.0,57.95918367346939,60.0,1.0,184,2.4237102085620195,2038,26.845225027442368,0.2836555360281195,37.475301866081224,1.3699231613611416,13.863945578231293,6.931972789115647,2.7727891156462583,1.3863945578231291,0.6931972789115646,0.27727891156462586,0.13863945578231293,True
clean_Jul_Sep,escalate_h60_to_h15,60,0.54,15.0,0.54,confirm_only_if_unsure,0.1435881998795906,147,147,0,1.0,58.36734693877551,60.0,1.0,186,2.4500548847420416,2407,31.70581778265642,0.25201988812927284,42.38858397365532,1.3699231613611416,16.374149659863946,8.187074829931973,3.274829931972789,1.6374149659863946,0.8187074829931973,0.3274829931972789,0.16374149659863946,True
clean_Jul_Sep,escalate_h60_to_h15,60,0.54,15.0,0.58,none,0.18392534617700182,147,147,0,1.0,57.857142857142854,60.0,1.0,184,2.4237102085620195,1905,25.09330406147091,0.29730726669125784,35.71020856201976,0.0,12.959183673469388,6.479591836734694,2.5918367346938775,1.2959183673469388,0.6479591836734694,0.25918367346938775,0.12959183673469388,True
clean_Jul_Sep,escalate_h60_to_h15,60,0.54,15.0,0.58,advisory_if_unsure,0.18392534617700182,147,147,0,1.0,57.857142857142854,60.0,1.0,184,2.4237102085620195,1905,25.09330406147091,0.29730726669125784,35.71020856201976,1.5016465422612513,12.959183673469388,6.479591836734694,2.5918367346938775,1.2959183673469388,0.6479591836734694,0.25918367346938775,0.12959183673469388,True
clean_Jul_Sep,escalate_h60_to_h15,60,0.54,15.0,0.58,confirm_only_if_unsure,0.18392534617700182,147,147,0,1.0,58.265306122448976,60.0,1.0,186,2.4500548847420416,2398,31.58726673984632,0.2524937655860349,42.25686059275521,1.5016465422612513,16.312925170068027,8.156462585034014,3.2625850340136053,1.6312925170068027,0.8156462585034013,0.32625850340136053,0.16312925170068027,True
clean_Jul_Sep,escalate_h60_to_h15,60,0.54,15.0,0.62,none,0.23931366646598434,147,147,0,1.0,57.755102040816325,60.0,1.0,176,2.318331503841932,1722,22.6827661909989,0.3185595567867036,33.28649835345774,0.0,11.714285714285714,5.857142857142857,2.342857142857143,1.1714285714285715,0.5857142857142857,0.2342857142857143,0.11714285714285715,True
clean_Jul_Sep,escalate_h60_to_h15,60,0.54,15.0,0.62,advisory_if_unsure,0.23931366646598434,147,147,0,1.0,57.755102040816325,60.0,1.0,176,2.318331503841932,1722,22.6827661909989,0.3185595567867036,33.28649835345774,1.8704720087815585,11.714285714285714,5.857142857142857,2.342857142857143,1.1714285714285715,0.5857142857142857,0.2342857142857143,0.11714285714285715,True
clean_Jul_Sep,escalate_h60_to_h15,60,0.54,15.0,0.62,confirm_only_if_unsure,0.23931366646598434,147,147,0,1.0,58.16326530612245,60.0,1.0,189,2.4895718990120743,2371,31.231613611416023,0.25440251572327044,41.888035126234904,1.8704720087815585,16.12925170068027,8.064625850340136,3.2258503401360543,1.6129251700680272,0.8064625850340136,0.32258503401360544,0.16129251700680272,True
clean_Jul_Sep,escalate_h60_to_h15,60,0.54,15.0,0.66,none,0.30072245635159545,147,147,0,1.0,57.142857142857146,60.0,0.9931972789115646,161,2.1207464324917673,1526,20.10098792535675,0.34309083082221264,30.5993413830955,0.0,10.380952380952381,5.190476190476191,2.0761904761904764,1.0380952380952382,0.5190476190476191,0.20761904761904762,0.10380952380952381,True
clean_Jul_Sep,escalate_h60_to_h15,60,0.54,15.0,0.66,advisory_if_unsure,0.30072245635159545,147,147,0,1.0,57.142857142857146,60.0,0.9931972789115646,161,2.1207464324917673,1526,20.10098792535675,0.34309083082221264,30.5993413830955,2.397365532381998,10.380952380952381,5.190476190476191,2.0761904761904764,1.0380952380952382,0.5190476190476191,0.20761904761904762,0.10380952380952381,True
clean_Jul_Sep,escalate_h60_to_h15,60,0.54,15.0,0.66,confirm_only_if_unsure,0.30072245635159545,147,147,0,1.0,58.06122448979592,60.0,1.0,195,2.5686059275521402,2334,30.74423710208562,0.256687898089172,41.36114160263447,2.397365532381998,15.877551020408163,7.938775510204081,3.1755102040816325,1.5877551020408163,0.7938775510204081,0.31755102040816324,0.15877551020408162,True
clean_Jul_Sep,escalate_h60_to_h15,60,0.54,15.0,0.7,none,0.3946417820590006,147,147,0,1.0,55.10204081632653,60.0,0.9727891156462585,154,2.0285400658616903,1238,16.307354555433587,0.3843858776727996,26.489571899012073,0.0,8.421768707482993,4.210884353741497,1.6843537414965986,0.8421768707482993,0.42108843537414964,0.16843537414965987,0.08421768707482993,True
clean_Jul_Sep,escalate_h60_to_h15,60,0.54,15.0,0.7,advisory_if_unsure,0.3946417820590006,147,147,0,1.0,55.10204081632653,60.0,0.9727891156462585,154,2.0285400658616903,1238,16.307354555433587,0.3843858776727996,26.489571899012073,4.122941822173436,8.421768707482993,4.210884353741497,1.6843537414965986,0.8421768707482993,0.42108843537414964,0.16843537414965987,0.08421768707482993,True
clean_Jul_Sep,escalate_h60_to_h15,60,0.54,15.0,0.7,confirm_only_if_unsure,0.3946417820590006,147,147,0,1.0,56.53061224489796,60.0,0.9795918367346939,205,2.70032930845225,2220,29.242590559824368,0.2622133599202393,39.63556531284303,4.122941822173436,15.10204081632653,7.551020408163265,3.020408163265306,1.510204081632653,0.7551020408163265,0.3020408163265306,0.1510204081632653,True
clean_Jul_Sep,escalate_h60_to_h15,60,0.54,15.0,0.74,none,0.4653822998193859,147,147,0,1.0,52.3469387755102,60.0,0.9455782312925171,155,2.0417124039517014,1047,13.791437980241492,0.41047297297297297,23.394072447859493,0.0,7.122448979591836,3.561224489795918,1.4244897959183673,0.7122448979591837,0.35612244897959183,0.14244897959183672,0.07122448979591836,True
clean_Jul_Sep,escalate_h60_to_h15,60,0.54,15.0,0.74,advisory_if_unsure,0.4653822998193859,147,147,0,1.0,52.3469387755102,60.0,0.9455782312925171,155,2.0417124039517014,1047,13.791437980241492,0.41047297297297297,23.394072447859493,5.9012074643249175,7.122448979591836,3.561224489795918,1.4244897959183673,0.7122448979591837,0.35612244897959183,0.14244897959183672,0.07122448979591836,True
clean_Jul_Sep,escalate_h60_to_h15,60,0.54,15.0,0.74,confirm_only_if_unsure,0.4653822998193859,147,147,0,1.0,53.87755102040816,60.0,0.9591836734693877,221,2.9110867178924256,2124,27.978046103183313,0.2609603340292276,37.857299670691546,5.9012074643249175,14.448979591836734,7.224489795918367,2.889795918367347,1.4448979591836735,0.7224489795918367,0.2889795918367347,0.14448979591836736,True
clean_Jul_Sep,escalate_h60_to_h15,60,0.54,15.0,0.78,none,0.5469596628537026,147,147,0,1.0,47.755102040816325,60.0,0.9047619047619048,176,2.318331503841932,838,11.038419319429199,0.44318936877076415,19.824368825466518,0.0,5.700680272108843,2.8503401360544216,1.1401360544217687,0.5700680272108843,0.28503401360544217,0.11401360544217687,0.057006802721088434,True
clean_Jul_Sep,escalate_h60_to_h15,60,0.54,15.0,0.78,advisory_if_unsure,0.5469596628537026,147,147,0,1.0,47.755102040816325,60.0,0.9047619047619048,176,2.318331503841932,838,11.038419319429199,0.44318936877076415,19.824368825466518,7.837541163556531,5.700680272108843,2.8503401360544216,1.1401360544217687,0.5700680272108843,0.28503401360544217,0.11401360544217687,0.057006802721088434,True
clean_Jul_Sep,escalate_h60_to_h15,60,0.54,15.0,0.78,confirm_only_if_unsure,0.5469596628537026,147,147,0,1.0,50.0,60.0,0.9183673469387755,263,3.4643249176728865,2031,26.75301866081229,0.2552255225522552,35.920965971459935,7.837541163556531,13.816326530612244,6.908163265306122,2.763265306122449,1.3816326530612244,0.6908163265306122,0.2763265306122449,0.13816326530612244,True
clean_Jul_Sep,escalate_h60_to_h15,60,0.54,15.0,0.82,none,0.633353401565322,147,146,1,0.9931972789115646,43.97260273972603,45.0,0.821917808219178,180,2.3710208562019757,598,7.877058177826564,0.5090311986863711,16.04390779363337,0.0,4.074829931972789,2.0408163265306123,0.8204081632653061,0.41360544217687073,0.21020408163265306,0.08816326530612245,0.04748299319727891,True
clean_Jul_Sep,escalate_h60_to_h15,60,0.54,15.0,0.82,advisory_if_unsure,0.633353401565322,147,146,1,0.9931972789115646,43.97260273972603,45.0,0.821917808219178,180,2.3710208562019757,598,7.877058177826564,0.5090311986863711,16.04390779363337,9.85290889132821,4.074829931972789,2.0408163265306123,0.8204081632653061,0.41360544217687073,0.21020408163265306,0.08816326530612245,0.04748299319727891,True
clean_Jul_Sep,escalate_h60_to_h15,60,0.54,15.0,0.82,confirm_only_if_unsure,0.633353401565322,147,146,1,0.9931972789115646,47.773972602739725,60.0,0.8698630136986302,289,3.8068057080131723,1910,25.159165751920966,0.257964257964258,33.90559824368825,9.85290889132821,13.0,6.503401360544218,2.6054421768707483,1.3061224489795917,0.6564625850340136,0.26666666666666666,0.13673469387755102,True
clean_Jul_Sep,escalate_h60_to_h15,60,0.54,15.0,0.86,none,0.7116195063214931,147,140,7,0.9523809523809523,41.785714285714285,45.0,0.7714285714285715,176,2.318331503841932,390,5.1372118551042805,0.592901878914405,12.619099890230515,0.0,2.7006802721088436,1.3741496598639455,0.5782312925170068,0.3129251700680272,0.18027210884353742,0.10068027210884353,0.07414965986394557,True
clean_Jul_Sep,escalate_h60_to_h15,60,0.54,15.0,0.86,advisory_if_unsure,0.7116195063214931,147,140,7,0.9523809523809523,41.785714285714285,45.0,0.7714285714285715,176,2.318331503841932,390,5.1372118551042805,0.592901878914405,12.619099890230515,11.828759604829857,2.7006802721088436,1.3741496598639455,0.5782312925170068,0.3129251700680272,0.18027210884353742,0.10068027210884353,0.07414965986394557,True
clean_Jul_Sep,escalate_h60_to_h15,60,0.54,15.0,0.86,confirm_only_if_unsure,0.7116195063214931,147,144,3,0.9795918367346939,46.041666666666664,60.0,0.8402777777777778,318,4.18880351262349,1797,23.670691547749723,0.25866336633663367,31.929747530186606,11.828759604829857,12.244897959183673,6.13265306122449,2.4653061224489794,1.2428571428571429,0.6316326530612245,0.2648979591836735,0.14265306122448979,True
clean_Jul_Sep,escalate_h60_to_h15,60,0.54,15.0,0.9,none,0.777844671884407,147,119,28,0.8095238095238095,40.21008403361345,45.0,0.7142857142857143,163,2.147091108671789,255,3.358946212952799,0.6544715447154471,9.7211855104281,0.0,1.9251700680272108,1.0578231292517006,0.5374149659863946,0.36394557823129253,0.27721088435374147,0.22517006802721087,0.20782312925170068,True
clean_Jul_Sep,escalate_h60_to_h15,60,0.54,15.0,0.9,advisory_if_unsure,0.777844671884407,147,119,28,0.8095238095238095,40.21008403361345,45.0,0.7142857142857143,163,2.147091108671789,255,3.358946212952799,0.6544715447154471,9.7211855104281,13.686059275521405,1.9251700680272108,1.0578231292517006,0.5374149659863946,0.36394557823129253,0.27721088435374147,0.22517006802721087,0.20782312925170068,False
clean_Jul_Sep,escalate_h60_to_h15,60,0.54,15.0,0.9,confirm_only_if_unsure,0.777844671884407,147,137,10,0.9319727891156463,44.67153284671533,45.0,0.7956204379562044,350,4.610318331503842,1713,22.5642151481888,0.24967148488830487,30.072447859495057,13.686059275521405,11.72108843537415,5.894557823129252,2.398639455782313,1.2333333333333334,0.6506802721088435,0.30108843537414964,0.1845578231292517,False
clean_Jul_Sep,escalate_h60_to_h15,60,0.54,15.0,0.94,none,0.8543046357615894,147,90,57,0.6122448979591837,39.666666666666664,45.0,0.6555555555555556,139,1.8309549945115258,113,1.4884742041712402,0.7665289256198347,6.375411635565312,0.0,1.1564625850340136,0.7721088435374149,0.5414965986394558,0.46462585034013604,0.4261904761904762,0.40312925170068026,0.3954421768707483,True
clean_Jul_Sep,escalate_h60_to_h15,60,0.54,15.0,0.94,advisory_if_unsure,0.8543046357615894,147,90,57,0.6122448979591837,39.666666666666664,45.0,0.6555555555555556,139,1.8309549945115258,113,1.4884742041712402,0.7665289256198347,6.375411635565312,16.201975850713502,1.1564625850340136,0.7721088435374149,0.5414965986394558,0.46462585034013604,0.4261904761904762,0.40312925170068026,0.3954421768707483,False
clean_Jul_Sep,escalate_h60_to_h15,60,0.54,15.0,0.94,confirm_only_if_unsure,0.8543046357615894,147,123,24,0.8367346938775511,43.78048780487805,45.0,0.7560975609756098,369,4.86059275521405,1604,21.128430296377605,0.2332695984703633,27.556531284302963,16.201975850713502,11.07482993197279,5.619047619047619,2.345578231292517,1.254421768707483,0.708843537414966,0.3814965986394558,0.2723809523809524,False
clean_Jul_Sep,escalate_h60_to_h15,60,0.54,15.0,0.98,none,0.936484045755569,147,46,101,0.3129251700680272,39.45652173913044,45.0,0.6086956521739131,96,1.2645444566410537,28,0.36882546652030734,0.8672985781990521,2.779363336992316,0.0,0.8775510204081632,0.782312925170068,0.7251700680272108,0.7061224489795919,0.6965986394557823,0.6908843537414966,0.6889795918367347,True
clean_Jul_Sep,escalate_h60_to_h15,60,0.54,15.0,0.98,advisory_if_unsure,0.936484045755569,147,46,101,0.3129251700680272,39.45652173913044,45.0,0.6086956521739131,96,1.2645444566410537,28,0.36882546652030734,0.8672985781990521,2.779363336992316,19.231613611416027,0.8775510204081632,0.782312925170068,0.7251700680272108,0.7061224489795919,0.6965986394557823,0.6908843537414966,0.6889795918367347,False
clean_Jul_Sep,escalate_h60_to_h15,60,0.54,15.0,0.98,confirm_only_if_unsure,0.936484045755569,147,94,53,0.6394557823129252,43.56382978723404,45.0,0.7659574468085106,382,5.031833150384193,1537,20.245883644346872,0.17454350161117077,24.52689352360044,19.231613611416027,10.816326530612244,5.58843537414966,2.4517006802721086,1.4061224489795918,0.8833333333333333,0.5696598639455782,0.46510204081632656,False
clean_Jul_Sep,escalate_h60_to_h15,60,0.58,15.0,0.5,none,0.08270429931079751,147,147,0,1.0,58.36734693877551,60.0,1.0,164,2.1602634467618,1988,26.18660812294182,0.2887298747763864,36.81668496158068,0.0,13.523809523809524,6.761904761904762,2.704761904761905,1.3523809523809525,0.6761904761904762,0.2704761904761905,0.13523809523809524,True
clean_Jul_Sep,escalate_h60_to_h15,60,0.58,15.0,0.5,advisory_if_unsure,0.08270429931079751,147,147,0,1.0,58.36734693877551,60.0,1.0,164,2.1602634467618,1988,26.18660812294182,0.2887298747763864,36.81668496158068,1.0142700329308452,13.523809523809524,6.761904761904762,2.704761904761905,1.3523809523809525,0.6761904761904762,0.2704761904761905,0.13523809523809524,True
clean_Jul_Sep,escalate_h60_to_h15,60,0.58,15.0,0.5,confirm_only_if_unsure,0.08270429931079751,147,147,0,1.0,58.775510204081634,60.0,1.0,171,2.252469813391877,2159,28.439077936333696,0.27306397306397306,39.1218441273326,1.0142700329308452,14.687074829931973,7.343537414965986,2.9374149659863944,1.4687074829931972,0.7343537414965986,0.29374149659863946,0.14687074829931973,True
clean_Jul_Sep,escalate_h60_to_h15,60,0.58,15.0,0.54,none,0.10928782408926813,147,147,0,1.0,57.95918367346939,60.0,1.0,173,2.2788144895718987,1911,25.172338090010975,0.29587324981577007,35.74972557628979,0.0,13.0,6.5,2.6,1.3,0.65,0.26,0.13,True
clean_Jul_Sep,escalate_h60_to_h15,60,0.58,15.0,0.54,advisory_if_unsure,0.10928782408926813,147,147,0,1.0,57.95918367346939,60.0,1.0,173,2.2788144895718987,1911,25.172338090010975,0.29587324981577007,35.74972557628979,1.2645444566410537,13.0,6.5,2.6,1.3,0.65,0.26,0.13,True
clean_Jul_Sep,escalate_h60_to_h15,60,0.58,15.0,0.54,confirm_only_if_unsure,0.10928782408926813,147,147,0,1.0,58.36734693877551,60.0,1.0,173,2.2788144895718987,2144,28.24149286498353,0.2734666214842426,38.87156970362239,1.2645444566410537,14.585034013605442,7.292517006802721,2.9170068027210885,1.4585034013605442,0.7292517006802721,0.2917006802721088,0.1458503401360544,True
clean_Jul_Sep,escalate_h60_to_h15,60,0.58,15.0,0.58,none,0.14013784049885133,147,147,0,1.0,57.857142857142854,60.0,1.0,173,2.2788144895718987,1818,23.947310647639956,0.3061068702290076,34.51152579582876,0.0,12.36734693877551,6.183673469387755,2.473469387755102,1.236734693877551,0.6183673469387755,0.2473469387755102,0.1236734693877551,True
clean_Jul_Sep,escalate_h60_to_h15,60,0.58,15.0,0.58,advisory_if_unsure,0.14013784049885133,147,147,0,1.0,57.857142857142854,60.0,1.0,173,2.2788144895718987,1818,23.947310647639956,0.3061068702290076,34.51152579582876,1.3830954994511524,12.36734693877551,6.183673469387755,2.473469387755102,1.236734693877551,0.6183673469387755,0.2473469387755102,0.1236734693877551,True
clean_Jul_Sep,escalate_h60_to_h15,60,0.58,15.0,0.58,confirm_only_if_unsure,0.14013784049885133,147,147,0,1.0,58.265306122448976,60.0,1.0,174,2.2919868276619098,2136,28.136114160263446,0.27396329027872196,38.753018660812295,1.3830954994511524,14.53061224489796,7.26530612244898,2.906122448979592,1.453061224489796,0.726530612244898,0.29061224489795917,0.14530612244897959,True
clean_Jul_Sep,escalate_h60_to_h15,60,0.58,15.0,0.62,none,0.18641286511322613,147,147,0,1.0,57.755102040816325,60.0,1.0,174,2.2919868276619098,1678,22.103183315038418,0.32311415893505446,32.65422612513721,0.0,11.414965986394558,5.707482993197279,2.2829931972789117,1.1414965986394559,0.5707482993197279,0.22829931972789116,0.11414965986394558,True
clean_Jul_Sep,escalate_h60_to_h15,60,0.58,15.0,0.62,advisory_if_unsure,0.18641286511322613,147,147,0,1.0,57.755102040816325,60.0,1.0,174,2.2919868276619098,1678,22.103183315038418,0.32311415893505446,32.65422612513721,1.725576289791438,11.414965986394558,5.707482993197279,2.2829931972789117,1.1414965986394559,0.5707482993197279,0.22829931972789116,0.11414965986394558,True
clean_Jul_Sep,escalate_h60_to_h15,60,0.58,15.0,0.62,confirm_only_if_unsure,0.18641286511322613,147,147,0,1.0,58.16326530612245,60.0,1.0,177,2.331503841931943,2111,27.806805708013172,0.2760631001371742,38.410537870472005,1.725576289791438,14.360544217687075,7.180272108843537,2.872108843537415,1.4360544217687075,0.7180272108843537,0.2872108843537415,0.14360544217687074,True
clean_Jul_Sep,escalate_h60_to_h15,60,0.58,15.0,0.66,none,0.24680013127666559,147,147,0,1.0,57.142857142857146,60.0,0.9931972789115646,163,2.147091108671789,1502,19.784851811196486,0.34553376906318084,30.23051591657519,0.0,10.217687074829932,5.108843537414966,2.043537414965986,1.021768707482993,0.5108843537414965,0.20435374149659863,0.10217687074829931,True
clean_Jul_Sep,escalate_h60_to_h15,60,0.58,15.0,0.66,advisory_if_unsure,0.24680013127666559,147,147,0,1.0,57.142857142857146,60.0,0.9931972789115646,163,2.147091108671789,1502,19.784851811196486,0.34553376906318084,30.23051591657519,2.252469813391877,10.217687074829932,5.108843537414966,2.043537414965986,1.021768707482993,0.5108843537414965,0.20435374149659863,0.10217687074829931,True
clean_Jul_Sep,escalate_h60_to_h15,60,0.58,15.0,0.66,confirm_only_if_unsure,0.24680013127666559,147,147,0,1.0,58.06122448979592,60.0,1.0,183,2.410537870472009,2074,27.319429198682766,0.27885952712100137,37.88364434687157,2.252469813391877,14.108843537414966,7.054421768707483,2.821768707482993,1.4108843537414966,0.7054421768707483,0.28217687074829934,0.14108843537414967,True
clean_Jul_Sep,escalate_h60_to_h15,60,0.58,15.0,0.7,none,0.3455858221201181,147,147,0,1.0,55.10204081632653,60.0,0.9727891156462585,156,2.0548847420417125,1225,16.136114160263446,0.3856569709127382,26.265642151481888,0.0,8.333333333333334,4.166666666666667,1.6666666666666667,0.8333333333333334,0.4166666666666667,0.16666666666666666,0.08333333333333333,True
clean_Jul_Sep,escalate_h60_to_h15,60,0.58,15.0,0.7,advisory_if_unsure,0.3455858221201181,147,147,0,1.0,55.10204081632653,60.0,0.9727891156462585,156,2.0548847420417125,1225,16.136114160263446,0.3856569709127382,26.265642151481888,3.9517014270032926,8.333333333333334,4.166666666666667,1.6666666666666667,0.8333333333333334,0.4166666666666667,0.16666666666666666,0.08333333333333333,True
clean_Jul_Sep,escalate_h60_to_h15,60,0.58,15.0,0.7,confirm_only_if_unsure,0.3455858221201181,147,147,0,1.0,56.53061224489796,60.0,0.9795918367346939,192,2.5290889132821075,1962,25.844127332601534,0.2857662904987259,36.18441273326015,3.9517014270032926,13.346938775510203,6.673469387755102,2.669387755102041,1.3346938775510204,0.6673469387755102,0.26693877551020406,0.13346938775510203,True
clean_Jul_Sep,escalate_h60_to_h15,60,0.58,15.0,0.74,none,0.4223826714801444,147,147,0,1.0,52.3469387755102,60.0,0.9455782312925171,156,2.0548847420417125,1035,13.63336992316136,0.4119318181818182,23.18331503841932,0.0,7.040816326530612,3.520408163265306,1.4081632653061225,0.7040816326530612,0.3520408163265306,0.14081632653061224,0.07040816326530612,True
clean_Jul_Sep,escalate_h60_to_h15,60,0.58,15.0,0.74,advisory_if_unsure,0.4223826714801444,147,147,0,1.0,52.3469387755102,60.0,0.9455782312925171,156,2.0548847420417125,1035,13.63336992316136,0.4119318181818182,23.18331503841932,5.729967069154775,7.040816326530612,3.520408163265306,1.4081632653061225,0.7040816326530612,0.3520408163265306,0.14081632653061224,0.07040816326530612,True
clean_Jul_Sep,escalate_h60_to_h15,60,0.58,15.0,0.74,confirm_only_if_unsure,0.4223826714801444,147,147,0,1.0,53.87755102040816,60.0,0.9591836734693877,208,2.739846322722283,1866,24.579582875960483,0.28560490045941805,34.40614709110867,5.729967069154775,12.693877551020408,6.346938775510204,2.5387755102040814,1.2693877551020407,0.6346938775510204,0.25387755102040815,0.12693877551020408,True
clean_Jul_Sep,escalate_h60_to_h15,60,0.58,15.0,0.78,none,0.5103380374138496,147,147,0,1.0,47.755102040816325,60.0,0.9047619047619048,177,2.331503841931943,829,10.919868276619098,0.44436997319034854,19.653128430296377,0.0,5.639455782312925,2.8197278911564627,1.127891156462585,0.5639455782312925,0.28197278911564627,0.1127891156462585,0.05639455782312925,True
clean_Jul_Sep,escalate_h60_to_h15,60,0.58,15.0,0.78,advisory_if_unsure,0.5103380374138496,147,147,0,1.0,47.755102040816325,60.0,0.9047619047619048,177,2.331503841931943,829,10.919868276619098,0.44436997319034854,19.653128430296377,7.653128430296377,5.639455782312925,2.8197278911564627,1.127891156462585,0.5639455782312925,0.28197278911564627,0.1127891156462585,0.05639455782312925,True
clean_Jul_Sep,escalate_h60_to_h15,60,0.58,15.0,0.78,confirm_only_if_unsure,0.5103380374138496,147,147,0,1.0,50.0,60.0,0.9183673469387755,250,3.293084522502744,1774,23.367727771679473,0.28061638280616386,32.48298572996707,7.653128430296377,12.068027210884354,6.034013605442177,2.4136054421768707,1.2068027210884353,0.6034013605442177,0.24136054421768707,0.12068027210884354,True
clean_Jul_Sep,escalate_h60_to_h15,60,0.58,15.0,0.82,none,0.603216278306531,147,146,1,0.9931972789115646,43.97260273972603,45.0,0.821917808219178,178,2.3446761800219535,592,7.798024149286498,0.5103391232423491,15.925356750823271,0.0,4.034013605442177,2.020408163265306,0.8122448979591836,0.4095238095238095,0.20816326530612245,0.08734693877551021,0.04707482993197279,True
clean_Jul_Sep,escalate_h60_to_h15,60,0.58,15.0,0.82,advisory_if_unsure,0.603216278306531,147,146,1,0.9931972789115646,43.97260273972603,45.0,0.821917808219178,178,2.3446761800219535,592,7.798024149286498,0.5103391232423491,15.925356750823271,9.615806805708013,4.034013605442177,2.020408163265306,0.8122448979591836,0.4095238095238095,0.20816326530612245,0.08734693877551021,0.04707482993197279,True
clean_Jul_Sep,escalate_h60_to_h15,60,0.58,15.0,0.82,confirm_only_if_unsure,0.603216278306531,147,146,1,0.9931972789115646,47.773972602739725,60.0,0.8698630136986302,275,3.6223929747530184,1656,21.813391877058177,0.285282693137678,30.52030735455543,9.615806805708013,11.272108843537415,5.639455782312925,2.2598639455782314,1.1333333333333333,0.5700680272108843,0.23210884353741496,0.11945578231292517,True
clean_Jul_Sep,escalate_h60_to_h15,60,0.58,15.0,0.86,none,0.6878897276009189,147,140,7,0.9523809523809523,41.785714285714285,45.0,0.7714285714285715,175,2.305159165751921,386,5.084522502744237,0.594111461619348,12.526893523600439,0.0,2.673469387755102,1.3605442176870748,0.5727891156462585,0.31020408163265306,0.17891156462585034,0.1001360544217687,0.07387755102040816,True
clean_Jul_Sep,escalate_h60_to_h15,60,0.58,15.0,0.86,advisory_if_unsure,0.6878897276009189,147,140,7,0.9523809523809523,41.785714285714285,45.0,0.7714285714285715,175,2.305159165751921,386,5.084522502744237,0.594111461619348,12.526893523600439,11.565312843029638,2.673469387755102,1.3605442176870748,0.5727891156462585,0.31020408163265306,0.17891156462585034,0.1001360544217687,0.07387755102040816,True
clean_Jul_Sep,escalate_h60_to_h15,60,0.58,15.0,0.86,confirm_only_if_unsure,0.6878897276009189,147,144,3,0.9795918367346939,46.041666666666664,60.0,0.8402777777777778,304,4.004390779363336,1545,20.351262349066957,0.28769017980636236,28.57080131723381,11.565312843029638,10.53061224489796,5.275510204081633,2.122448979591837,1.0714285714285714,0.5459183673469388,0.23061224489795917,0.12551020408163266,True
clean_Jul_Sep,escalate_h60_to_h15,60,0.58,15.0,0.9,none,0.7600918936659009,147,119,28,0.8095238095238095,40.21008403361345,45.0,0.7142857142857143,161,2.1207464324917673,251,3.306256860592755,0.6566347469220246,9.628979143798023,0.0,1.8979591836734695,1.0442176870748299,0.5319727891156463,0.36122448979591837,0.2758503401360544,0.22462585034013605,0.20755102040816326,True
clean_Jul_Sep,escalate_h60_to_h15,60,0.58,15.0,0.9,advisory_if_unsure,0.7600918936659009,147,119,28,0.8095238095238095,40.21008403361345,45.0,0.7142857142857143,161,2.1207464324917673,251,3.306256860592755,0.6566347469220246,9.628979143798023,13.422612513721184,1.8979591836734695,1.0442176870748299,0.5319727891156463,0.36122448979591837,0.2758503401360544,0.22462585034013605,0.20755102040816326,False
clean_Jul_Sep,escalate_h60_to_h15,60,0.58,15.0,0.9,confirm_only_if_unsure,0.7600918936659009,147,137,10,0.9319727891156463,44.67153284671533,45.0,0.7956204379562044,335,4.412733260153677,1461,19.244785949506035,0.27958579881656803,26.71350164654226,13.422612513721184,10.006802721088436,5.037414965986395,2.05578231292517,1.061904761904762,0.5649659863945579,0.2668027210884354,0.16741496598639455,False
clean_Jul_Sep,escalate_h60_to_h15,60,0.58,15.0,0.94,none,0.8418116179849032,147,90,57,0.6122448979591837,39.666666666666664,45.0,0.6555555555555556,140,1.8441273326015366,113,1.4884742041712402,0.7655601659751037,6.349066959385291,0.0,1.1564625850340136,0.7721088435374149,0.5414965986394558,0.46462585034013604,0.4261904761904762,0.40312925170068026,0.3954421768707483,True
clean_Jul_Sep,escalate_h60_to_h15,60,0.58,15.0,0.94,advisory_if_unsure,0.8418116179849032,147,90,57,0.6122448979591837,39.666666666666664,45.0,0.6555555555555556,140,1.8441273326015366,113,1.4884742041712402,0.7655601659751037,6.349066959385291,15.912184412733259,1.1564625850340136,0.7721088435374149,0.5414965986394558,0.46462585034013604,0.4261904761904762,0.40312925170068026,0.3954421768707483,False
clean_Jul_Sep,escalate_h60_to_h15,60,0.58,15.0,0.94,confirm_only_if_unsure,0.8418116179849032,147,123,24,0.8367346938775511,43.78048780487805,45.0,0.7560975609756098,353,4.649835345773875,1354,17.835345773874863,0.26373028820010874,24.223929747530185,15.912184412733259,9.374149659863946,4.7687074829931975,2.005442176870748,1.0843537414965987,0.6238095238095238,0.34748299319727893,0.25537414965986394,False
clean_Jul_Sep,escalate_h60_to_h15,60,0.58,15.0,0.98,none,0.9310797505743355,147,46,101,0.3129251700680272,39.45652173913044,45.0,0.6086956521739131,95,1.2513721185510427,28,0.36882546652030734,0.8666666666666667,2.766190998902305,0.0,0.8775510204081632,0.782312925170068,0.7251700680272108,0.7061224489795919,0.6965986394557823,0.6908843537414966,0.6889795918367347,True
clean_Jul_Sep,escalate_h60_to_h15,60,0.58,15.0,0.98,advisory_if_unsure,0.9310797505743355,147,46,101,0.3129251700680272,39.45652173913044,45.0,0.6086956521739131,95,1.2513721185510427,28,0.36882546652030734,0.8666666666666667,2.766190998902305,18.941822173435785,0.8775510204081632,0.782312925170068,0.7251700680272108,0.7061224489795919,0.6965986394557823,0.6908843537414966,0.6889795918367347,False
clean_Jul_Sep,escalate_h60_to_h15,60,0.58,15.0,0.98,confirm_only_if_unsure,0.9310797505743355,147,94,53,0.6394557823129252,43.56382978723404,45.0,0.7659574468085106,363,4.7815587266739845,1287,16.952799121844127,0.20012430080795526,21.19429198682766,18.941822173435785,9.115646258503402,4.738095238095238,2.11156462585034,1.2360544217687075,0.7982993197278911,0.5356462585034013,0.4480952380952381,False
clean_Jul_Sep,escalate_h60_to_h15,60,0.62,15.0,0.5,none,0.06132941608520015,147,147,0,1.0,58.265306122448976,60.0,1.0,154,2.0285400658616903,1763,23.222832052689352,0.3102503912363067,33.66849615806805,0.0,11.993197278911564,5.996598639455782,2.398639455782313,1.1993197278911565,0.5996598639455782,0.2398639455782313,0.11993197278911565,True
clean_Jul_Sep,escalate_h60_to_h15,60,0.62,15.0,0.5,advisory_if_unsure,0.06132941608520015,147,147,0,1.0,58.265306122448976,60.0,1.0,154,2.0285400658616903,1763,23.222832052689352,0.3102503912363067,33.66849615806805,1.0142700329308452,11.993197278911564,5.996598639455782,2.398639455782313,1.1993197278911565,0.5996598639455782,0.2398639455782313,0.11993197278911565,True
clean_Jul_Sep,escalate_h60_to_h15,60,0.62,15.0,0.5,confirm_only_if_unsure,0.06132941608520015,147,147,0,1.0,58.673469387755105,60.0,1.0,151,1.9890230515916574,1849,24.355653128430294,0.30120937263794406,34.85400658616904,1.0142700329308452,12.578231292517007,6.289115646258503,2.515646258503401,1.2578231292517006,0.6289115646258503,0.2515646258503401,0.12578231292517006,True
clean_Jul_Sep,escalate_h60_to_h15,60,0.62,15.0,0.54,none,0.07969151670951156,147,147,0,1.0,57.857142857142854,60.0,1.0,164,2.1602634467618,1717,22.616904500548845,0.3148443735035914,33.009879253567505,0.0,11.680272108843537,5.840136054421769,2.3360544217687074,1.1680272108843537,0.5840136054421768,0.23360544217687074,0.11680272108843537,True
clean_Jul_Sep,escalate_h60_to_h15,60,0.62,15.0,0.54,advisory_if_unsure,0.07969151670951156,147,147,0,1.0,57.857142857142854,60.0,1.0,164,2.1602634467618,1717,22.616904500548845,0.3148443735035914,33.009879253567505,1.2250274423710208,11.680272108843537,5.840136054421769,2.3360544217687074,1.1680272108843537,0.5840136054421768,0.23360544217687074,0.11680272108843537,True
clean_Jul_Sep,escalate_h60_to_h15,60,0.62,15.0,0.54,confirm_only_if_unsure,0.07969151670951156,147,147,0,1.0,58.265306122448976,60.0,1.0,153,2.0153677277716793,1837,24.19758507135016,0.3015209125475285,34.643249176728865,1.2250274423710208,12.496598639455783,6.2482993197278915,2.4993197278911565,1.2496598639455783,0.6248299319727891,0.24993197278911564,0.12496598639455782,True
clean_Jul_Sep,escalate_h60_to_h15,60,0.62,15.0,0.58,none,0.10172603745868528,147,147,0,1.0,57.755102040816325,60.0,1.0,164,2.1602634467618,1658,21.839736553238197,0.3221586263286999,32.219538968166844,0.0,11.27891156462585,5.639455782312925,2.25578231292517,1.127891156462585,0.5639455782312925,0.225578231292517,0.1127891156462585,True
clean_Jul_Sep,escalate_h60_to_h15,60,0.62,15.0,0.58,advisory_if_unsure,0.10172603745868528,147,147,0,1.0,57.755102040816325,60.0,1.0,164,2.1602634467618,1658,21.839736553238197,0.3221586263286999,32.219538968166844,1.3172338090010975,11.27891156462585,5.639455782312925,2.25578231292517,1.127891156462585,0.5639455782312925,0.225578231292517,0.1127891156462585,True
clean_Jul_Sep,escalate_h60_to_h15,60,0.62,15.0,0.58,confirm_only_if_unsure,0.10172603745868528,147,147,0,1.0,58.16326530612245,60.0,1.0,153,2.0153677277716793,1831,24.118551042810097,0.3019443385436523,34.55104281009879,1.3172338090010975,12.45578231292517,6.227891156462585,2.491156462585034,1.245578231292517,0.6227891156462585,0.2491156462585034,0.1245578231292517,True
clean_Jul_Sep,escalate_h60_to_h15,60,0.62,15.0,0.62,none,0.1340433345574734,147,147,0,1.0,57.6530612244898,60.0,1.0,169,2.226125137211855,1571,20.693743139407243,0.3337574215436811,31.060373216245882,0.0,10.687074829931973,5.343537414965986,2.1374149659863946,1.0687074829931973,0.5343537414965986,0.21374149659863945,0.10687074829931972,True
clean_Jul_Sep,escalate_h60_to_h15,60,0.62,15.0,0.62,advisory_if_unsure,0.1340433345574734,147,147,0,1.0,57.6530612244898,60.0,1.0,169,2.226125137211855,1571,20.693743139407243,0.3337574215436811,31.060373216245882,1.6201975850713501,10.687074829931973,5.343537414965986,2.1374149659863946,1.0687074829931973,0.5343537414965986,0.21374149659863945,0.10687074829931972,True
clean_Jul_Sep,escalate_h60_to_h15,60,0.62,15.0,0.62,confirm_only_if_unsure,0.1340433345574734,147,147,0,1.0,58.06122448979592,60.0,1.0,156,2.0548847420417125,1809,23.828759604829855,0.30423076923076925,34.248079034028535,1.6201975850713501,12.306122448979592,6.153061224489796,2.4612244897959186,1.2306122448979593,0.6153061224489796,0.24612244897959185,0.12306122448979592,True
clean_Jul_Sep,escalate_h60_to_h15,60,0.62,15.0,0.66,none,0.18288652221814175,147,147,0,1.0,57.04081632653061,60.0,0.9931972789115646,169,2.226125137211855,1446,19.04720087815587,0.3501123595505618,29.30845225027442,0.0,9.83673469387755,4.918367346938775,1.9673469387755103,0.9836734693877551,0.49183673469387756,0.19673469387755102,0.09836734693877551,True
clean_Jul_Sep,escalate_h60_to_h15,60,0.62,15.0,0.66,advisory_if_unsure,0.18288652221814175,147,147,0,1.0,57.04081632653061,60.0,0.9931972789115646,169,2.226125137211855,1446,19.04720087815587,0.3501123595505618,29.30845225027442,2.094401756311745,9.83673469387755,4.918367346938775,1.9673469387755103,0.9836734693877551,0.49183673469387756,0.19673469387755102,0.09836734693877551,True
clean_Jul_Sep,escalate_h60_to_h15,60,0.62,15.0,0.66,confirm_only_if_unsure,0.18288652221814175,147,147,0,1.0,57.95918367346939,60.0,1.0,161,2.1207464324917673,1776,23.394072447859493,0.3073322932917317,33.77387486278814,2.094401756311745,12.081632653061224,6.040816326530612,2.416326530612245,1.2081632653061225,0.6040816326530613,0.2416326530612245,0.12081632653061225,True
clean_Jul_Sep,escalate_h60_to_h15,60,0.62,15.0,0.7,none,0.2857142857142857,147,147,0,1.0,55.0,60.0,0.9727891156462585,160,2.1075740944017562,1190,15.675082327113062,0.38817480719794345,25.62019758507135,0.0,8.095238095238095,4.0476190476190474,1.619047619047619,0.8095238095238095,0.40476190476190477,0.1619047619047619,0.08095238095238096,True
clean_Jul_Sep,escalate_h60_to_h15,60,0.62,15.0,0.7,advisory_if_unsure,0.2857142857142857,147,147,0,1.0,55.0,60.0,0.9727891156462585,160,2.1075740944017562,1190,15.675082327113062,0.38817480719794345,25.62019758507135,3.7014270032930843,8.095238095238095,4.0476190476190474,1.619047619047619,0.8095238095238095,0.40476190476190477,0.1619047619047619,0.08095238095238096,True
clean_Jul_Sep,escalate_h60_to_h15,60,0.62,15.0,0.7,confirm_only_if_unsure,0.2857142857142857,147,147,0,1.0,56.42857142857143,60.0,0.9795918367346939,170,2.239297475301866,1671,22.01097694840834,0.3157248157248157,32.166849615806804,3.7014270032930843,11.36734693877551,5.683673469387755,2.273469387755102,1.136734693877551,0.5683673469387756,0.2273469387755102,0.1136734693877551,True
clean_Jul_Sep,escalate_h60_to_h15,60,0.62,15.0,0.74,none,0.37017994858611825,147,147,0,1.0,52.244897959183675,60.0,0.9455782312925171,162,2.133918770581778,1004,13.22502744237102,0.4145772594752187,22.590559824368825,0.0,6.829931972789115,3.4149659863945576,1.3659863945578232,0.6829931972789116,0.3414965986394558,0.13659863945578232,0.06829931972789116,True
clean_Jul_Sep,escalate_h60_to_h15,60,0.62,15.0,0.74,advisory_if_unsure,0.37017994858611825,147,147,0,1.0,52.244897959183675,60.0,0.9455782312925171,162,2.133918770581778,1004,13.22502744237102,0.4145772594752187,22.590559824368825,5.440175631174533,6.829931972789115,3.4149659863945576,1.3659863945578232,0.6829931972789116,0.3414965986394558,0.13659863945578232,0.06829931972789116,True
clean_Jul_Sep,escalate_h60_to_h15,60,0.62,15.0,0.74,confirm_only_if_unsure,0.37017994858611825,147,147,0,1.0,53.775510204081634,60.0,0.9591836734693877,188,2.4763995609220637,1578,20.78594950603732,0.3168831168831169,30.428100987925355,5.440175631174533,10.73469387755102,5.36734693877551,2.146938775510204,1.073469387755102,0.536734693877551,0.2146938775510204,0.1073469387755102,True
clean_Jul_Sep,escalate_h60_to_h15,60,0.62,15.0,0.78,none,0.46566287183253763,147,147,0,1.0,47.755102040816325,60.0,0.9047619047619048,178,2.3446761800219535,805,10.603732162458837,0.44673539518900346,19.16575192096597,0.0,5.476190476190476,2.738095238095238,1.0952380952380953,0.5476190476190477,0.27380952380952384,0.10952380952380952,0.05476190476190476,True
clean_Jul_Sep,escalate_h60_to_h15,60,0.62,15.0,0.78,advisory_if_unsure,0.46566287183253763,147,147,0,1.0,47.755102040816325,60.0,0.9047619047619048,178,2.3446761800219535,805,10.603732162458837,0.44673539518900346,19.16575192096597,7.323819978046103,5.476190476190476,2.738095238095238,1.0952380952380953,0.5476190476190477,0.27380952380952384,0.10952380952380952,0.05476190476190476,True
clean_Jul_Sep,escalate_h60_to_h15,60,0.62,15.0,0.78,confirm_only_if_unsure,0.46566287183253763,147,147,0,1.0,49.89795918367347,60.0,0.9183673469387755,227,2.9901207464324915,1489,19.613611416026345,0.3128749423165667,28.544456641053785,7.323819978046103,10.129251700680273,5.0646258503401365,2.0258503401360546,1.0129251700680273,0.5064625850340136,0.20258503401360545,0.10129251700680272,True
clean_Jul_Sep,escalate_h60_to_h15,60,0.62,15.0,0.82,none,0.5666544252662504,147,145,2,0.9863945578231292,44.172413793103445,45.0,0.8275862068965517,175,2.305159165751921,575,7.574094401756311,0.5127118644067796,15.543358946212951,0.0,3.925170068027211,1.969387755102041,0.7959183673469388,0.40476190476190477,0.20918367346938777,0.09183673469387756,0.05272108843537415,True
clean_Jul_Sep,escalate_h60_to_h15,60,0.62,15.0,0.82,advisory_if_unsure,0.5666544252662504,147,145,2,0.9863945578231292,44.172413793103445,45.0,0.8275862068965517,175,2.305159165751921,575,7.574094401756311,0.5127118644067796,15.543358946212951,9.220636663007683,3.925170068027211,1.969387755102041,0.7959183673469388,0.40476190476190477,0.20918367346938777,0.09183673469387756,0.05272108843537415,True
clean_Jul_Sep,escalate_h60_to_h15,60,0.62,15.0,0.82,confirm_only_if_unsure,0.5666544252662504,147,146,1,0.9931972789115646,47.67123287671233,60.0,0.8698630136986302,249,3.279912184412733,1375,18.111964873765093,0.3203163618388532,26.647639956092206,9.220636663007683,9.360544217687075,4.683673469387755,1.8775510204081634,0.9421768707482994,0.4744897959183674,0.19387755102040816,0.10034013605442177,True
clean_Jul_Sep,escalate_h60_to_h15,60,0.62,15.0,0.86,none,0.6584649283878076,147,139,8,0.9455782312925171,41.97841726618705,45.0,0.7769784172661871,172,2.265642151481888,377,4.965971459934138,0.5946236559139785,12.250274423710207,0.0,2.619047619047619,1.336734693877551,0.5673469387755102,0.3108843537414966,0.1826530612244898,0.10571428571428572,0.08006802721088435,True
clean_Jul_Sep,escalate_h60_to_h15,60,0.62,15.0,0.86,advisory_if_unsure,0.6584649283878076,147,139,8,0.9455782312925171,41.97841726618705,45.0,0.7769784172661871,172,2.265642151481888,377,4.965971459934138,0.5946236559139785,12.250274423710207,11.06476399560922,2.619047619047619,1.336734693877551,0.5673469387755102,0.3108843537414966,0.1826530612244898,0.10571428571428572,0.08006802721088435,True
clean_Jul_Sep,escalate_h60_to_h15,60,0.62,15.0,0.86,confirm_only_if_unsure,0.6584649283878076,147,144,3,0.9795918367346939,45.9375,60.0,0.8402777777777778,278,3.6619099890230515,1272,16.75521405049396,0.3244822092405735,24.80351262349067,11.06476399560922,8.673469387755102,4.346938775510204,1.7510204081632652,0.8857142857142857,0.4530612244897959,0.19346938775510203,0.10693877551020409,True
clean_Jul_Sep,escalate_h60_to_h15,60,0.62,15.0,0.9,none,0.736320235034888,147,119,28,0.8095238095238095,40.21008403361345,45.0,0.7142857142857143,158,2.081229418221734,247,3.253567508232711,0.6559888579387186,9.45773874862788,0.0,1.870748299319728,1.030612244897959,0.5265306122448979,0.3585034013605442,0.27448979591836736,0.22408163265306122,0.20727891156462586,True
clean_Jul_Sep,escalate_h60_to_h15,60,0.62,15.0,0.9,advisory_if_unsure,0.736320235034888,147,119,28,0.8095238095238095,40.21008403361345,45.0,0.7142857142857143,158,2.081229418221734,247,3.253567508232711,0.6559888579387186,9.45773874862788,12.81668496158068,1.870748299319728,1.030612244897959,0.5265306122448979,0.3585034013605442,0.27448979591836736,0.22408163265306122,0.20727891156462586,False
clean_Jul_Sep,escalate_h60_to_h15,60,0.62,15.0,0.9,confirm_only_if_unsure,0.736320235034888,147,137,10,0.9319727891156463,44.56204379562044,45.0,0.7956204379562044,308,4.057080131723381,1193,15.714599341383094,0.3182857142857143,23.051591657519207,12.81668496158068,8.183673469387756,4.125850340136054,1.691156462585034,0.8795918367346939,0.4738095238095238,0.23034013605442177,0.14918367346938777,False
clean_Jul_Sep,escalate_h60_to_h15,60,0.62,15.0,0.94,none,0.8262945280940139,147,90,57,0.6122448979591837,39.666666666666664,45.0,0.6555555555555556,139,1.8309549945115258,112,1.4753018660812294,0.7632135306553911,6.230515916575191,0.0,1.1496598639455782,0.7687074829931972,0.5401360544217687,0.4639455782312925,0.42585034013605444,0.4029931972789116,0.39537414965986395,True
clean_Jul_Sep,escalate_h60_to_h15,60,0.62,15.0,0.94,advisory_if_unsure,0.8262945280940139,147,90,57,0.6122448979591837,39.666666666666664,45.0,0.6555555555555556,139,1.8309549945115258,112,1.4753018660812294,0.7632135306553911,6.230515916575191,15.266739846322722,1.1496598639455782,0.7687074829931972,0.5401360544217687,0.4639455782312925,0.42585034013605444,0.4029931972789116,0.39537414965986395,False
clean_Jul_Sep,escalate_h60_to_h15,60,0.62,15.0,0.94,confirm_only_if_unsure,0.8262945280940139,147,123,24,0.8367346938775511,43.65853658536585,45.0,0.7560975609756098,327,4.307354555433589,1088,14.331503841931942,0.30434782608695654,20.601536772777166,15.266739846322722,7.5646258503401365,3.8639455782312924,1.6435374149659865,0.9034013605442177,0.5333333333333333,0.3112925170068027,0.23727891156462586,False
clean_Jul_Sep,escalate_h60_to_h15,60,0.62,15.0,0.98,none,0.9250826294528094,147,46,101,0.3129251700680272,39.45652173913044,45.0,0.6086956521739131,93,1.2250274423710208,28,0.36882546652030734,0.8627450980392157,2.6871569703622393,0.0,0.8775510204081632,0.782312925170068,0.7251700680272108,0.7061224489795919,0.6965986394557823,0.6908843537414966,0.6889795918367347,True
clean_Jul_Sep,escalate_h60_to_h15,60,0.62,15.0,0.98,advisory_if_unsure,0.9250826294528094,147,46,101,0.3129251700680272,39.45652173913044,45.0,0.6086956521739131,93,1.2250274423710208,28,0.36882546652030734,0.8627450980392157,2.6871569703622393,18.283205268935234,0.8775510204081632,0.782312925170068,0.7251700680272108,0.7061224489795919,0.6965986394557823,0.6908843537414966,0.6889795918367347,False
clean_Jul_Sep,escalate_h60_to_h15,60,0.62,15.0,0.98,confirm_only_if_unsure,0.9250826294528094,147,93,54,0.6326530612244898,43.54838709677419,45.0,0.7634408602150538,335,4.412733260153677,1022,13.462129527991218,0.2344569288389513,17.585071350164654,18.283205268935234,7.319727891156463,3.8435374149659864,1.7578231292517006,1.0625850340136054,0.7149659863945578,0.5063945578231293,0.4368707482993197,False
clean_Jul_Sep,escalate_h60_to_h15,60,0.66,15.0,0.5,none,0.05737704918032787,147,147,0,1.0,58.16326530612245,60.0,1.0,150,1.9758507135016463,1522,20.048298572996707,0.3382608695652174,30.296377607025246,0.0,10.353741496598639,5.1768707482993195,2.0707482993197277,1.0353741496598639,0.5176870748299319,0.2070748299319728,0.1035374149659864,True
clean_Jul_Sep,escalate_h60_to_h15,60,0.66,15.0,0.5,advisory_if_unsure,0.05737704918032787,147,147,0,1.0,58.16326530612245,60.0,1.0,150,1.9758507135016463,1522,20.048298572996707,0.3382608695652174,30.296377607025246,0.9879253567508232,10.353741496598639,5.1768707482993195,2.0707482993197277,1.0353741496598639,0.5176870748299319,0.2070748299319728,0.1035374149659864,True
clean_Jul_Sep,escalate_h60_to_h15,60,0.66,15.0,0.5,confirm_only_if_unsure,0.05737704918032787,147,147,0,1.0,58.57142857142857,60.0,1.0,142,1.8704720087815585,1583,20.851811196487375,0.3306553911205074,31.15257958287596,0.9879253567508232,10.768707482993197,5.384353741496598,2.1537414965986397,1.0768707482993198,0.5384353741496599,0.21537414965986396,0.10768707482993198,True
clean_Jul_Sep,escalate_h60_to_h15,60,0.66,15.0,0.54,none,0.07295081967213114,147,147,0,1.0,57.755102040816325,60.0,1.0,158,2.081229418221734,1488,19.600439077936333,0.3421750663129973,29.795828759604827,0.0,10.122448979591837,5.061224489795919,2.024489795918367,1.0122448979591836,0.5061224489795918,0.20244897959183675,0.10122448979591837,True
clean_Jul_Sep,escalate_h60_to_h15,60,0.66,15.0,0.54,advisory_if_unsure,0.07295081967213114,147,147,0,1.0,57.755102040816325,60.0,1.0,158,2.081229418221734,1488,19.600439077936333,0.3421750663129973,29.795828759604827,1.1723380900109768,10.122448979591837,5.061224489795919,2.024489795918367,1.0122448979591836,0.5061224489795918,0.20244897959183675,0.10122448979591837,True
clean_Jul_Sep,escalate_h60_to_h15,60,0.66,15.0,0.54,confirm_only_if_unsure,0.07295081967213114,147,147,0,1.0,58.16326530612245,60.0,1.0,144,1.8968166849615806,1573,20.720087815587267,0.33092301148447467,30.968166849615805,1.1723380900109768,10.700680272108844,5.350340136054422,2.140136054421769,1.0700680272108845,0.5350340136054422,0.21401360544217687,0.10700680272108844,True
clean_Jul_Sep,escalate_h60_to_h15,60,0.66,15.0,0.58,none,0.08934426229508197,147,147,0,1.0,57.6530612244898,60.0,1.0,154,2.0285400658616903,1449,19.086717892425906,0.3478847884788479,29.26893523600439,0.0,9.857142857142858,4.928571428571429,1.9714285714285715,0.9857142857142858,0.4928571428571429,0.19714285714285715,0.09857142857142857,True
clean_Jul_Sep,escalate_h60_to_h15,60,0.66,15.0,0.58,advisory_if_unsure,0.08934426229508197,147,147,0,1.0,57.6530612244898,60.0,1.0,154,2.0285400658616903,1449,19.086717892425906,0.3478847884788479,29.26893523600439,1.2513721185510427,9.857142857142858,4.928571428571429,1.9714285714285715,0.9857142857142858,0.4928571428571429,0.19714285714285715,0.09857142857142857,True
clean_Jul_Sep,escalate_h60_to_h15,60,0.66,15.0,0.58,confirm_only_if_unsure,0.08934426229508197,147,147,0,1.0,58.06122448979592,60.0,1.0,144,1.8968166849615806,1568,20.65422612513721,0.33134328358208953,30.88913282107574,1.2513721185510427,10.666666666666666,5.333333333333333,2.1333333333333333,1.0666666666666667,0.5333333333333333,0.21333333333333335,0.10666666666666667,True
clean_Jul_Sep,escalate_h60_to_h15,60,0.66,15.0,0.62,none,0.11311475409836065,147,147,0,1.0,57.55102040816327,60.0,1.0,156,2.0548847420417125,1392,18.335894621295278,0.3567467652495379,28.504939626783752,0.0,9.46938775510204,4.73469387755102,1.8938775510204082,0.9469387755102041,0.47346938775510206,0.1893877551020408,0.0946938775510204,True
clean_Jul_Sep,escalate_h60_to_h15,60,0.66,15.0,0.62,advisory_if_unsure,0.11311475409836065,147,147,0,1.0,57.55102040816327,60.0,1.0,156,2.0548847420417125,1392,18.335894621295278,0.3567467652495379,28.504939626783752,1.4884742041712402,9.46938775510204,4.73469387755102,1.8938775510204082,0.9469387755102041,0.47346938775510206,0.1893877551020408,0.0946938775510204,True
clean_Jul_Sep,escalate_h60_to_h15,60,0.66,15.0,0.62,confirm_only_if_unsure,0.11311475409836065,147,147,0,1.0,57.95918367346939,60.0,1.0,147,1.9363336992316136,1551,20.430296377607025,0.33347657928663516,30.65203073545554,1.4884742041712402,10.551020408163266,5.275510204081633,2.110204081632653,1.0551020408163265,0.5275510204081633,0.2110204081632653,0.10551020408163266,True
clean_Jul_Sep,escalate_h60_to_h15,60,0.66,15.0,0.66,none,0.15,147,147,0,1.0,56.93877551020408,60.0,0.9931972789115646,158,2.081229418221734,1310,17.25576289791438,0.36837029893924783,27.319429198682766,0.0,8.91156462585034,4.45578231292517,1.782312925170068,0.891156462585034,0.445578231292517,0.1782312925170068,0.0891156462585034,True
clean_Jul_Sep,escalate_h60_to_h15,60,0.66,15.0,0.66,advisory_if_unsure,0.15,147,147,0,1.0,56.93877551020408,60.0,0.9931972789115646,158,2.081229418221734,1310,17.25576289791438,0.36837029893924783,27.319429198682766,1.8704720087815585,8.91156462585034,4.45578231292517,1.782312925170068,0.891156462585034,0.445578231292517,0.1782312925170068,0.0891156462585034,True
clean_Jul_Sep,escalate_h60_to_h15,60,0.66,15.0,0.66,confirm_only_if_unsure,0.15,147,147,0,1.0,57.857142857142854,60.0,1.0,152,2.002195389681668,1525,20.08781558726674,0.3363794604003481,30.270032930845222,1.8704720087815585,10.374149659863946,5.187074829931973,2.074829931972789,1.0374149659863945,0.5187074829931972,0.20748299319727892,0.10374149659863946,True
clean_Jul_Sep,escalate_h60_to_h15,60,0.66,15.0,0.7,none,0.23565573770491804,147,147,0,1.0,55.0,60.0,0.9727891156462585,175,2.305159165751921,1124,14.805708013172337,0.39731903485254694,24.56641053787047,0.0,7.64625850340136,3.82312925170068,1.5292517006802722,0.7646258503401361,0.38231292517006804,0.15292517006802722,0.07646258503401361,True
clean_Jul_Sep,escalate_h60_to_h15,60,0.66,15.0,0.7,advisory_if_unsure,0.23565573770491804,147,147,0,1.0,55.0,60.0,0.9727891156462585,175,2.305159165751921,1124,14.805708013172337,0.39731903485254694,24.56641053787047,3.306256860592755,7.64625850340136,3.82312925170068,1.5292517006802722,0.7646258503401361,0.38231292517006804,0.15292517006802722,0.07646258503401361,True
clean_Jul_Sep,escalate_h60_to_h15,60,0.66,15.0,0.7,confirm_only_if_unsure,0.23565573770491804,147,147,0,1.0,56.326530612244895,60.0,0.9795918367346939,164,2.1602634467618,1433,18.87596048298573,0.3453631795340338,28.834248079034026,3.306256860592755,9.748299319727892,4.874149659863946,1.9496598639455782,0.9748299319727891,0.48741496598639455,0.1949659863945578,0.0974829931972789,True
clean_Jul_Sep,escalate_h60_to_h15,60,0.66,15.0,0.74,none,0.3233606557377049,147,147,0,1.0,52.244897959183675,60.0,0.9455782312925171,176,2.318331503841932,954,12.566410537870471,0.42216838279830404,21.74753018660812,0.0,6.489795918367347,3.2448979591836733,1.2979591836734694,0.6489795918367347,0.32448979591836735,0.12979591836734694,0.06489795918367347,True
clean_Jul_Sep,escalate_h60_to_h15,60,0.66,15.0,0.74,advisory_if_unsure,0.3233606557377049,147,147,0,1.0,52.244897959183675,60.0,0.9455782312925171,176,2.318331503841932,954,12.566410537870471,0.42216838279830404,21.74753018660812,5.045005488474204,6.489795918367347,3.2448979591836733,1.2979591836734694,0.6489795918367347,0.32448979591836735,0.12979591836734694,0.06489795918367347,True
clean_Jul_Sep,escalate_h60_to_h15,60,0.66,15.0,0.74,confirm_only_if_unsure,0.3233606557377049,147,147,0,1.0,53.673469387755105,60.0,0.9591836734693877,181,2.3841931942919867,1340,17.650933040614706,0.34856587263004374,27.095499451152577,5.045005488474204,9.115646258503402,4.557823129251701,1.8231292517006803,0.9115646258503401,0.4557823129251701,0.18231292517006803,0.09115646258503401,True
clean_Jul_Sep,escalate_h60_to_h15,60,0.66,15.0,0.78,none,0.42295081967213116,147,146,1,0.9931972789115646,47.773972602739725,60.0,0.9041095890410958,188,2.4763995609220637,771,10.155872667398462,0.4524147727272727,18.546652030735455,0.0,5.2517006802721085,2.629251700680272,1.05578231292517,0.5312925170068027,0.26904761904761904,0.11170068027210885,0.05925170068027211,True
clean_Jul_Sep,escalate_h60_to_h15,60,0.66,15.0,0.78,advisory_if_unsure,0.42295081967213116,147,146,1,0.9931972789115646,47.773972602739725,60.0,0.9041095890410958,188,2.4763995609220637,771,10.155872667398462,0.4524147727272727,18.546652030735455,6.928649835345773,5.2517006802721085,2.629251700680272,1.05578231292517,0.5312925170068027,0.26904761904761904,0.11170068027210885,0.05925170068027211,True
clean_Jul_Sep,escalate_h60_to_h15,60,0.66,15.0,0.78,confirm_only_if_unsure,0.42295081967213116,147,146,1,0.9931972789115646,49.82876712328767,60.0,0.9178082191780822,217,2.8583973655323818,1251,16.478594950603732,0.3463949843260188,25.211855104281007,6.928649835345773,8.517006802721088,4.261904761904762,1.708843537414966,0.8578231292517007,0.43231292517006803,0.17700680272108843,0.0919047619047619,True
clean_Jul_Sep,escalate_h60_to_h15,60,0.66,15.0,0.82,none,0.5319672131147541,147,144,3,0.9795918367346939,44.0625,45.0,0.8194444444444444,180,2.3710208562019757,549,7.231613611416026,0.5192644483362522,15.042810098792534,0.0,3.7551020408163267,1.8877551020408163,0.7673469387755102,0.39387755102040817,0.20714285714285716,0.09510204081632653,0.057755102040816325,True
clean_Jul_Sep,escalate_h60_to_h15,60,0.66,15.0,0.82,advisory_if_unsure,0.5319672131147541,147,144,3,0.9795918367346939,44.0625,45.0,0.8194444444444444,180,2.3710208562019757,549,7.231613611416026,0.5192644483362522,15.042810098792534,8.733260153677277,3.7551020408163267,1.8877551020408163,0.7673469387755102,0.39387755102040817,0.20714285714285716,0.09510204081632653,0.057755102040816325,True
clean_Jul_Sep,escalate_h60_to_h15,60,0.66,15.0,0.82,confirm_only_if_unsure,0.5319672131147541,147,145,2,0.9863945578231292,47.58620689655172,60.0,0.8689655172413793,237,3.121844127332601,1143,15.055982436882546,0.35678109172763084,23.407244785949505,8.733260153677277,7.789115646258503,3.901360544217687,1.5687074829931973,0.791156462585034,0.4023809523809524,0.1691156462585034,0.09136054421768708,True
clean_Jul_Sep,escalate_h60_to_h15,60,0.66,15.0,0.86,none,0.6290983606557377,147,137,10,0.9319727891156463,42.043795620437955,45.0,0.7737226277372263,170,2.239297475301866,362,4.7683863885839735,0.6,11.920965971459934,0.0,2.5306122448979593,1.2993197278911566,0.5605442176870749,0.3142857142857143,0.19115646258503402,0.11727891156462585,0.0926530612244898,True
clean_Jul_Sep,escalate_h60_to_h15,60,0.66,15.0,0.86,advisory_if_unsure,0.6290983606557377,147,137,10,0.9319727891156463,42.043795620437955,45.0,0.7737226277372263,170,2.239297475301866,362,4.7683863885839735,0.6,11.920965971459934,10.445664105378704,2.5306122448979593,1.2993197278911566,0.5605442176870749,0.3142857142857143,0.19115646258503402,0.11727891156462585,0.0926530612244898,True
clean_Jul_Sep,escalate_h60_to_h15,60,0.66,15.0,0.86,confirm_only_if_unsure,0.6290983606557377,147,143,4,0.9727891156462585,45.83916083916084,60.0,0.8391608391608392,258,3.3984632272228317,1049,13.817782656421514,0.3630843958712811,21.694840834248076,10.445664105378704,7.163265306122449,3.5952380952380953,1.454421768707483,0.7408163265306122,0.3840136054421769,0.16993197278911565,0.09857142857142857,True
clean_Jul_Sep,escalate_h60_to_h15,60,0.66,15.0,0.9,none,0.7127049180327869,147,118,29,0.8027210884353742,40.16949152542373,45.0,0.711864406779661,154,2.0285400658616903,238,3.1350164654226123,0.6604850213980028,9.233809001097693,0.0,1.816326530612245,1.0068027210884354,0.5210884353741496,0.35918367346938773,0.2782312925170068,0.22965986394557822,0.21346938775510205,True
clean_Jul_Sep,escalate_h60_to_h15,60,0.66,15.0,0.9,advisory_if_unsure,0.7127049180327869,147,118,29,0.8027210884353742,40.16949152542373,45.0,0.711864406779661,154,2.0285400658616903,238,3.1350164654226123,0.6604850213980028,9.233809001097693,12.14489571899012,1.816326530612245,1.0068027210884354,0.5210884353741496,0.35918367346938773,0.2782312925170068,0.22965986394557822,0.21346938775510205,False
clean_Jul_Sep,escalate_h60_to_h15,60,0.66,15.0,0.9,confirm_only_if_unsure,0.7127049180327869,147,136,11,0.9251700680272109,44.4485294117647,45.0,0.7941176470588235,285,3.754116355653128,973,12.81668496158068,0.3590250329380764,19.995609220636663,12.14489571899012,6.6938775510204085,3.3843537414965987,1.398639455782313,0.736734693877551,0.4057823129251701,0.2072108843537415,0.1410204081632653,False
clean_Jul_Sep,escalate_h60_to_h15,60,0.66,15.0,0.94,none,0.809016393442623,147,90,57,0.6122448979591837,39.666666666666664,45.0,0.6555555555555556,137,1.8046103183315036,111,1.4621295279912183,0.7618025751072961,6.138309549945115,0.0,1.1428571428571428,0.7653061224489796,0.5387755102040817,0.463265306122449,0.42551020408163265,0.40285714285714286,0.3953061224489796,True
clean_Jul_Sep,escalate_h60_to_h15,60,0.66,15.0,0.94,advisory_if_unsure,0.809016393442623,147,90,57,0.6122448979591837,39.666666666666664,45.0,0.6555555555555556,137,1.8046103183315036,111,1.4621295279912183,0.7618025751072961,6.138309549945115,14.463227222832051,1.1428571428571428,0.7653061224489796,0.5387755102040817,0.463265306122449,0.42551020408163265,0.40285714285714286,0.3953061224489796,False
clean_Jul_Sep,escalate_h60_to_h15,60,0.66,15.0,0.94,confirm_only_if_unsure,0.809016393442623,147,123,24,0.8367346938775511,43.53658536585366,45.0,0.7560975609756098,306,4.0307354555433585,876,11.538968166849616,0.3472429210134128,17.67727771679473,14.463227222832051,6.122448979591836,3.142857142857143,1.3551020408163266,0.7591836734693878,0.46122448979591835,0.28244897959183674,0.22285714285714286,False
clean_Jul_Sep,escalate_h60_to_h15,60,0.66,15.0,0.98,none,0.9180327868852459,147,46,101,0.3129251700680272,39.45652173913044,45.0,0.6086956521739131,91,1.198682766190999,28,0.36882546652030734,0.86,2.634467618002195,0.0,0.8775510204081632,0.782312925170068,0.7251700680272108,0.7061224489795919,0.6965986394557823,0.6908843537414966,0.6889795918367347,True
clean_Jul_Sep,escalate_h60_to_h15,60,0.66,15.0,0.98,advisory_if_unsure,0.9180327868852459,147,46,101,0.3129251700680272,39.45652173913044,45.0,0.6086956521739131,91,1.198682766190999,28,0.36882546652030734,0.86,2.634467618002195,17.453347969264545,0.8775510204081632,0.782312925170068,0.7251700680272108,0.7061224489795919,0.6965986394557823,0.6908843537414966,0.6889795918367347,False
clean_Jul_Sep,escalate_h60_to_h15,60,0.66,15.0,0.98,confirm_only_if_unsure,0.9180327868852459,147,93,54,0.6326530612244898,43.38709677419355,45.0,0.7634408602150538,313,4.122941822173436,811,10.682766190998901,0.2726457399103139,14.687156970362238,17.453347969264545,5.884353741496598,3.1258503401360542,1.4707482993197278,0.919047619047619,0.6431972789115646,0.47768707482993195,0.4225170068027211,False
clean_Jul_Sep,escalate_h60_to_h15,60,0.7,15.0,0.5,none,0.05868433506862281,147,145,2,0.9863945578231292,58.03448275862069,60.0,1.0,134,1.7650933040614707,1235,16.267837541163555,0.3790849673202614,26.199780461031832,0.0,8.414965986394558,4.214285714285714,1.6938775510204083,0.8537414965986394,0.4336734693877551,0.1816326530612245,0.09761904761904762,True
clean_Jul_Sep,escalate_h60_to_h15,60,0.7,15.0,0.5,advisory_if_unsure,0.05868433506862281,147,145,2,0.9863945578231292,58.03448275862069,60.0,1.0,134,1.7650933040614707,1235,16.267837541163555,0.3790849673202614,26.199780461031832,0.9615806805708013,8.414965986394558,4.214285714285714,1.6938775510204083,0.8537414965986394,0.4336734693877551,0.1816326530612245,0.09761904761904762,True
clean_Jul_Sep,escalate_h60_to_h15,60,0.7,15.0,0.5,confirm_only_if_unsure,0.05868433506862281,147,145,2,0.9863945578231292,58.44827586206897,60.0,1.0,136,1.7914379802414928,1282,16.88693743139407,0.3715686274509804,26.87156970362239,0.9615806805708013,8.73469387755102,4.374149659863946,1.7578231292517006,0.8857142857142857,0.4496598639455782,0.18802721088435373,0.10081632653061225,True
clean_Jul_Sep,escalate_h60_to_h15,60,0.7,15.0,0.54,none,0.07240889730241364,147,145,2,0.9863945578231292,57.62068965517241,60.0,1.0,137,1.8046103183315036,1210,15.938529088913281,0.3826530612244898,25.817782656421514,0.0,8.244897959183673,4.129251700680272,1.6598639455782314,0.8367346938775511,0.42517006802721086,0.1782312925170068,0.09591836734693877,True
clean_Jul_Sep,escalate_h60_to_h15,60,0.7,15.0,0.54,advisory_if_unsure,0.07240889730241364,147,145,2,0.9863945578231292,57.62068965517241,60.0,1.0,137,1.8046103183315036,1210,15.938529088913281,0.3826530612244898,25.817782656421514,1.132821075740944,8.244897959183673,4.129251700680272,1.6598639455782314,0.8367346938775511,0.42517006802721086,0.1782312925170068,0.09591836734693877,True
clean_Jul_Sep,escalate_h60_to_h15,60,0.7,15.0,0.54,confirm_only_if_unsure,0.07240889730241364,147,145,2,0.9863945578231292,58.03448275862069,60.0,1.0,138,1.8177826564215147,1273,16.768386388583973,0.3719782930439072,26.700329308452247,1.132821075740944,8.673469387755102,4.343537414965986,1.745578231292517,0.8795918367346939,0.4465986394557823,0.18680272108843538,0.10020408163265306,True
clean_Jul_Sep,escalate_h60_to_h15,60,0.7,15.0,0.58,none,0.08613345953620445,147,145,2,0.9863945578231292,57.51724137931034,60.0,1.0,138,1.8177826564215147,1182,15.569703622392973,0.38788192646297254,25.435784851811196,0.0,8.054421768707483,4.034013605442177,1.6217687074829932,0.817687074829932,0.41564625850340137,0.174421768707483,0.09401360544217686,True
clean_Jul_Sep,escalate_h60_to_h15,60,0.7,15.0,0.58,advisory_if_unsure,0.08613345953620445,147,145,2,0.9863945578231292,57.51724137931034,60.0,1.0,138,1.8177826564215147,1182,15.569703622392973,0.38788192646297254,25.435784851811196,1.198682766190999,8.054421768707483,4.034013605442177,1.6217687074829932,0.817687074829932,0.41564625850340137,0.174421768707483,0.09401360544217686,True
clean_Jul_Sep,escalate_h60_to_h15,60,0.7,15.0,0.58,confirm_only_if_unsure,0.08613345953620445,147,145,2,0.9863945578231292,57.93103448275862,60.0,1.0,138,1.8177826564215147,1269,16.71569703622393,0.3724035608308605,26.634467618002194,1.198682766190999,8.646258503401361,4.329931972789115,1.7401360544217688,0.8768707482993198,0.4452380952380952,0.18625850340136055,0.09993197278911564,True
clean_Jul_Sep,escalate_h60_to_h15,60,0.7,15.0,0.62,none,0.10790345480359678,147,145,2,0.9863945578231292,57.41379310344828,60.0,1.0,142,1.8704720087815585,1137,14.97694840834248,0.396816976127321,24.82985729967069,0.0,7.7482993197278915,3.880952380952381,1.5605442176870747,0.7870748299319728,0.40034013605442176,0.16829931972789117,0.09095238095238095,True
clean_Jul_Sep,escalate_h60_to_h15,60,0.7,15.0,0.62,advisory_if_unsure,0.10790345480359678,147,145,2,0.9863945578231292,57.41379310344828,60.0,1.0,142,1.8704720087815585,1137,14.97694840834248,0.396816976127321,24.82985729967069,1.4357848518111964,7.7482993197278915,3.880952380952381,1.5605442176870747,0.7870748299319728,0.40034013605442176,0.16829931972789117,0.09095238095238095,True
clean_Jul_Sep,escalate_h60_to_h15,60,0.7,15.0,0.62,confirm_only_if_unsure,0.10790345480359678,147,145,2,0.9863945578231292,57.827586206896555,60.0,1.0,141,1.8572996706915477,1252,16.491767288693744,0.37524950099800397,26.397365532381997,1.4357848518111964,8.53061224489796,4.272108843537415,1.7170068027210885,0.8653061224489796,0.43945578231292515,0.1839455782312925,0.09877551020408164,True
clean_Jul_Sep,escalate_h60_to_h15,60,0.7,15.0,0.66,none,0.13440605773781353,147,145,2,0.9863945578231292,56.793103448275865,60.0,0.993103448275862,148,1.9495060373216244,1089,14.344676180021953,0.40459267359212686,24.092206366630077,0.0,7.421768707482993,3.7176870748299318,1.4952380952380953,0.754421768707483,0.3840136054421769,0.16176870748299318,0.08768707482993197,True
clean_Jul_Sep,escalate_h60_to_h15,60,0.7,15.0,0.66,advisory_if_unsure,0.13440605773781353,147,145,2,0.9863945578231292,56.793103448275865,60.0,0.993103448275862,148,1.9495060373216244,1089,14.344676180021953,0.40459267359212686,24.092206366630077,1.7650933040614707,7.421768707482993,3.7176870748299318,1.4952380952380953,0.754421768707483,0.3840136054421769,0.16176870748299318,0.08768707482993197,True
clean_Jul_Sep,escalate_h60_to_h15,60,0.7,15.0,0.66,confirm_only_if_unsure,0.13440605773781353,147,145,2,0.9863945578231292,57.724137931034484,60.0,1.0,145,1.9099890230515915,1230,16.201975850713502,0.37847397675593736,26.068057080131723,1.7650933040614707,8.380952380952381,4.197278911564626,1.6870748299319729,0.8503401360544217,0.43197278911564624,0.18095238095238095,0.09727891156462586,True
clean_Jul_Sep,escalate_h60_to_h15,60,0.7,15.0,0.7,none,0.1926171320397539,147,145,2,0.9863945578231292,54.93103448275862,60.0,0.9724137931034482,176,2.318331503841932,988,13.014270032930844,0.4208675263774912,22.472008781558724,0.0,6.73469387755102,3.3741496598639458,1.3578231292517007,0.6857142857142857,0.34965986394557824,0.14802721088435375,0.08081632653061224,True
clean_Jul_Sep,escalate_h60_to_h15,60,0.7,15.0,0.7,advisory_if_unsure,0.1926171320397539,147,145,2,0.9863945578231292,54.93103448275862,60.0,0.9724137931034482,176,2.318331503841932,988,13.014270032930844,0.4208675263774912,22.472008781558724,2.9506037321624587,6.73469387755102,3.3741496598639458,1.3578231292517007,0.6857142857142857,0.34965986394557824,0.14802721088435375,0.08081632653061224,True
clean_Jul_Sep,escalate_h60_to_h15,60,0.7,15.0,0.7,confirm_only_if_unsure,0.1926171320397539,147,145,2,0.9863945578231292,56.172413793103445,60.0,0.9793103448275862,163,2.147091108671789,1157,15.2403951701427,0.3875066172578084,24.882546652030733,2.9506037321624587,7.884353741496598,3.9489795918367347,1.5877551020408163,0.8006802721088435,0.40714285714285714,0.1710204081632653,0.09231292517006803,True
clean_Jul_Sep,escalate_h60_to_h15,60,0.7,15.0,0.74,none,0.2716516800757217,147,145,2,0.9863945578231292,52.13793103448276,60.0,0.9448275862068966,180,2.3710208562019757,862,11.35455543358946,0.43989603638726443,20.272228320526892,0.0,5.877551020408164,2.945578231292517,1.1863945578231292,0.6,0.30680272108843537,0.1308843537414966,0.07224489795918368,True
clean_Jul_Sep,escalate_h60_to_h15,60,0.7,15.0,0.74,advisory_if_unsure,0.2716516800757217,147,145,2,0.9863945578231292,52.13793103448276,60.0,0.9448275862068966,180,2.3710208562019757,862,11.35455543358946,0.43989603638726443,20.272228320526892,4.610318331503842,5.877551020408164,2.945578231292517,1.1863945578231292,0.6,0.30680272108843537,0.1308843537414966,0.07224489795918368,True
clean_Jul_Sep,escalate_h60_to_h15,60,0.7,15.0,0.74,confirm_only_if_unsure,0.2716516800757217,147,145,2,0.9863945578231292,53.48275862068966,60.0,0.9586206896551724,178,2.3446761800219535,1070,14.094401756311745,0.39307997731140104,23.222832052689352,4.610318331503842,7.292517006802721,3.6530612244897958,1.469387755102041,0.7414965986394558,0.37755102040816324,0.15918367346938775,0.08639455782312926,True
clean_Jul_Sep,escalate_h60_to_h15,60,0.7,15.0,0.78,none,0.3705631803123521,147,144,3,0.9795918367346939,47.604166666666664,60.0,0.9027777777777778,186,2.4500548847420416,713,9.391877058177826,0.4639097744360902,17.519209659714598,0.0,4.870748299319728,2.445578231292517,0.9904761904761905,0.5054421768707483,0.26292517006802724,0.11741496598639456,0.06891156462585034,True
clean_Jul_Sep,escalate_h60_to_h15,60,0.7,15.0,0.78,advisory_if_unsure,0.3705631803123521,147,144,3,0.9795918367346939,47.604166666666664,60.0,0.9027777777777778,186,2.4500548847420416,713,9.391877058177826,0.4639097744360902,17.519209659714598,6.414928649835345,4.870748299319728,2.445578231292517,0.9904761904761905,0.5054421768707483,0.26292517006802724,0.11741496598639456,0.06891156462585034,True
clean_Jul_Sep,escalate_h60_to_h15,60,0.7,15.0,0.78,confirm_only_if_unsure,0.3705631803123521,147,144,3,0.9795918367346939,49.583333333333336,60.0,0.9166666666666666,205,2.70032930845225,987,13.001097694840833,0.3929889298892989,21.418221734357846,6.414928649835345,6.73469387755102,3.377551020408163,1.363265306122449,0.6918367346938775,0.35612244897959183,0.1546938775510204,0.08755102040816326,True
clean_Jul_Sep,escalate_h60_to_h15,60,0.7,15.0,0.82,none,0.48698532891623286,147,141,6,0.9591836734693877,44.04255319148936,45.0,0.8226950354609929,178,2.3446761800219535,510,6.717892425905598,0.5295202952029521,14.278814489571898,0.0,3.510204081632653,1.7755102040816326,0.7346938775510204,0.3877551020408163,0.21428571428571427,0.11020408163265306,0.07551020408163266,True
clean_Jul_Sep,escalate_h60_to_h15,60,0.7,15.0,0.82,advisory_if_unsure,0.48698532891623286,147,141,6,0.9591836734693877,44.04255319148936,45.0,0.8226950354609929,178,2.3446761800219535,510,6.717892425905598,0.5295202952029521,14.278814489571898,8.127332601536772,3.510204081632653,1.7755102040816326,0.7346938775510204,0.3877551020408163,0.21428571428571427,0.11020408163265306,0.07551020408163266,True
clean_Jul_Sep,escalate_h60_to_h15,60,0.7,15.0,0.82,confirm_only_if_unsure,0.48698532891623286,147,143,4,0.9727891156462585,47.30769230769231,60.0,0.8671328671328671,220,2.897914379802415,886,11.670691547749724,0.4077540106951872,19.70581778265642,8.127332601536772,6.054421768707483,3.0408163265306123,1.2326530612244897,0.6299319727891156,0.32857142857142857,0.14775510204081632,0.08748299319727891,True
clean_Jul_Sep,escalate_h60_to_h15,60,0.7,15.0,0.86,none,0.5906294368196876,147,135,12,0.9183673469387755,41.888888888888886,45.0,0.7703703703703704,160,2.1075740944017562,338,4.45225027442371,0.6092485549132948,11.394072447859495,0.0,2.380952380952381,1.2312925170068028,0.5414965986394558,0.3115646258503401,0.19659863945578232,0.12761904761904763,0.10462585034013605,True
clean_Jul_Sep,escalate_h60_to_h15,60,0.7,15.0,0.86,advisory_if_unsure,0.5906294368196876,147,135,12,0.9183673469387755,41.888888888888886,45.0,0.7703703703703704,160,2.1075740944017562,338,4.45225027442371,0.6092485549132948,11.394072447859495,9.734357848518112,2.380952380952381,1.2312925170068028,0.5414965986394558,0.3115646258503401,0.19659863945578232,0.12761904761904763,0.10462585034013605,True
clean_Jul_Sep,escalate_h60_to_h15,60,0.7,15.0,0.86,confirm_only_if_unsure,0.5906294368196876,147,141,6,0.9591836734693877,45.53191489361702,45.0,0.8368794326241135,236,3.1086717892425906,799,10.52469813391877,0.41848617176128095,18.09879253567508,9.734357848518112,5.476190476190476,2.758503401360544,1.127891156462585,0.5843537414965987,0.31258503401360543,0.14952380952380953,0.09517006802721088,True
clean_Jul_Sep,escalate_h60_to_h15,60,0.7,15.0,0.9,none,0.6810222432560341,147,117,30,0.7959183673469388,40.0,45.0,0.7094017094017094,148,1.9495060373216244,225,2.96377607025247,0.6661721068249258,8.878155872667397,0.0,1.7346938775510203,0.9693877551020408,0.5102040816326531,0.35714285714285715,0.28061224489795916,0.23469387755102042,0.2193877551020408,True
clean_Jul_Sep,escalate_h60_to_h15,60,0.7,15.0,0.9,advisory_if_unsure,0.6810222432560341,147,117,30,0.7959183673469388,40.0,45.0,0.7094017094017094,148,1.9495060373216244,225,2.96377607025247,0.6661721068249258,8.878155872667397,11.407244785949505,1.7346938775510203,0.9693877551020408,0.5102040816326531,0.35714285714285715,0.28061224489795916,0.23469387755102042,0.2193877551020408,True
clean_Jul_Sep,escalate_h60_to_h15,60,0.7,15.0,0.9,confirm_only_if_unsure,0.6810222432560341,147,134,13,0.9115646258503401,44.1044776119403,45.0,0.7910447761194029,261,3.437980241492865,725,9.549945115257957,0.4186046511627907,16.425905598243688,11.407244785949505,5.020408163265306,2.554421768707483,1.0748299319727892,0.5816326530612245,0.33503401360544216,0.1870748299319728,0.1377551020408163,True
clean_Jul_Sep,escalate_h60_to_h15,60,0.7,15.0,0.94,none,0.7865593942262187,147,90,57,0.6122448979591837,39.666666666666664,45.0,0.6555555555555556,134,1.7650933040614707,105,1.3830954994511524,0.7671840354767184,5.940724478594951,0.0,1.1020408163265305,0.7448979591836735,0.5306122448979592,0.45918367346938777,0.42346938775510207,0.4020408163265306,0.3948979591836735,True
clean_Jul_Sep,escalate_h60_to_h15,60,0.7,15.0,0.94,advisory_if_unsure,0.7865593942262187,147,90,57,0.6122448979591837,39.666666666666664,45.0,0.6555555555555556,134,1.7650933040614707,105,1.3830954994511524,0.7671840354767184,5.940724478594951,13.63336992316136,1.1020408163265305,0.7448979591836735,0.5306122448979592,0.45918367346938777,0.42346938775510207,0.4020408163265306,0.3948979591836735,False
clean_Jul_Sep,escalate_h60_to_h15,60,0.7,15.0,0.94,confirm_only_if_unsure,0.7865593942262187,147,121,26,0.8231292517006803,43.14049586776859,45.0,0.7520661157024794,282,3.7145993413830953,634,8.351262349066959,0.41187384044526903,14.199780461031832,13.63336992316136,4.489795918367347,2.3333333333333335,1.0394557823129251,0.6081632653061224,0.3925170068027211,0.26312925170068024,0.22,False
clean_Jul_Sep,escalate_h60_to_h15,60,0.7,15.0,0.98,none,0.9072408897302414,147,46,101,0.3129251700680272,39.45652173913044,45.0,0.6086956521739131,90,1.1855104281009878,28,0.36882546652030734,0.8571428571428571,2.5817782656421513,0.0,0.8775510204081632,0.782312925170068,0.7251700680272108,0.7061224489795919,0.6965986394557823,0.6908843537414966,0.6889795918367347,True
clean_Jul_Sep,escalate_h60_to_h15,60,0.7,15.0,0.98,advisory_if_unsure,0.9072408897302414,147,46,101,0.3129251700680272,39.45652173913044,45.0,0.6086956521739131,90,1.1855104281009878,28,0.36882546652030734,0.8571428571428571,2.5817782656421513,16.531284302963776,0.8775510204081632,0.782312925170068,0.7251700680272108,0.7061224489795919,0.6965986394557823,0.6908843537414966,0.6889795918367347,False
clean_Jul_Sep,escalate_h60_to_h15,60,0.7,15.0,0.98,confirm_only_if_unsure,0.9072408897302414,147,91,56,0.6190476190476191,42.857142857142854,45.0,0.7582417582417582,287,3.78046103183315,574,7.5609220636663,0.331002331002331,11.301866081229418,16.531284302963776,4.285714285714286,2.3333333333333335,1.161904761904762,0.7714285714285715,0.5761904761904761,0.45904761904761904,0.42,False
clean_Jul_Sep,escalate_h60_to_h15,60,0.74,15.0,0.5,none,0.05178857447944474,147,142,5,0.9659863945578231,57.99295774647887,60.0,1.0,137,1.8046103183315036,1051,13.844127332601536,0.40822072072072074,23.394072447859493,0.0,7.183673469387755,3.608843537414966,1.4639455782312925,0.7489795918367347,0.3914965986394558,0.17700680272108843,0.10551020408163266,True
clean_Jul_Sep,escalate_h60_to_h15,60,0.74,15.0,0.5,advisory_if_unsure,0.05178857447944474,147,142,5,0.9659863945578231,57.99295774647887,60.0,1.0,137,1.8046103183315036,1051,13.844127332601536,0.40822072072072074,23.394072447859493,0.8693743139407244,7.183673469387755,3.608843537414966,1.4639455782312925,0.7489795918367347,0.3914965986394558,0.17700680272108843,0.10551020408163266,True
clean_Jul_Sep,escalate_h60_to_h15,60,0.74,15.0,0.5,confirm_only_if_unsure,0.05178857447944474,147,142,5,0.9659863945578231,58.41549295774648,60.0,1.0,137,1.8046103183315036,1078,14.199780461031832,0.4034311012728279,23.802414928649835,0.8693743139407244,7.36734693877551,3.7006802721088436,1.5006802721088435,0.7673469387755102,0.40068027210884355,0.18068027210884355,0.1073469387755102,True
clean_Jul_Sep,escalate_h60_to_h15,60,0.74,15.0,0.54,none,0.060864922584089695,147,142,5,0.9659863945578231,57.570422535211264,60.0,1.0,140,1.8441273326015366,1038,13.672886937431393,0.40989198408186467,23.170142700329308,0.0,7.095238095238095,3.564625850340136,1.4462585034013606,0.7401360544217687,0.3870748299319728,0.17523809523809525,0.10462585034013605,True
clean_Jul_Sep,escalate_h60_to_h15,60,0.74,15.0,0.54,advisory_if_unsure,0.060864922584089695,147,142,5,0.9659863945578231,57.570422535211264,60.0,1.0,140,1.8441273326015366,1038,13.672886937431393,0.40989198408186467,23.170142700329308,1.0274423710208562,7.095238095238095,3.564625850340136,1.4462585034013606,0.7401360544217687,0.3870748299319728,0.17523809523809525,0.10462585034013605,True
clean_Jul_Sep,escalate_h60_to_h15,60,0.74,15.0,0.54,confirm_only_if_unsure,0.060864922584089695,147,142,5,0.9659863945578231,57.99295774647887,60.0,1.0,139,1.8309549945115258,1070,14.094401756311745,0.403899721448468,23.644346871569702,1.0274423710208562,7.312925170068027,3.673469387755102,1.489795918367347,0.7619047619047619,0.3979591836734694,0.17959183673469387,0.10680272108843537,True
clean_Jul_Sep,escalate_h60_to_h15,60,0.74,15.0,0.58,none,0.06887346502936466,147,142,5,0.9659863945578231,57.46478873239437,60.0,1.0,140,1.8441273326015366,1024,13.48847420417124,0.41284403669724773,22.972557628979143,0.0,7.0,3.5170068027210886,1.4272108843537414,0.7306122448979592,0.38231292517006804,0.17333333333333334,0.1036734693877551,True
clean_Jul_Sep,escalate_h60_to_h15,60,0.74,15.0,0.58,advisory_if_unsure,0.06887346502936466,147,142,5,0.9659863945578231,57.46478873239437,60.0,1.0,140,1.8441273326015366,1024,13.48847420417124,0.41284403669724773,22.972557628979143,1.093304061470911,7.0,3.5170068027210886,1.4272108843537414,0.7306122448979592,0.38231292517006804,0.17333333333333334,0.1036734693877551,True
clean_Jul_Sep,escalate_h60_to_h15,60,0.74,15.0,0.58,confirm_only_if_unsure,0.06887346502936466,147,142,5,0.9659863945578231,57.88732394366197,60.0,1.0,139,1.8309549945115258,1066,14.041712403951701,0.4044692737430168,23.578485181119646,1.093304061470911,7.285714285714286,3.6598639455782314,1.4843537414965986,0.7591836734693878,0.39659863945578233,0.17904761904761904,0.10653061224489796,True
clean_Jul_Sep,escalate_h60_to_h15,60,0.74,15.0,0.62,none,0.08542445274959957,147,142,5,0.9659863945578231,57.359154929577464,60.0,1.0,142,1.8704720087815585,994,13.09330406147091,0.4197314652656159,22.5642151481888,0.0,6.795918367346939,3.4149659863945576,1.3863945578231291,0.710204081632653,0.37210884353741497,0.16925170068027212,0.10163265306122449,True
clean_Jul_Sep,escalate_h60_to_h15,60,0.74,15.0,0.62,advisory_if_unsure,0.08542445274959957,147,142,5,0.9659863945578231,57.359154929577464,60.0,1.0,142,1.8704720087815585,994,13.09330406147091,0.4197314652656159,22.5642151481888,1.3040614709110867,6.795918367346939,3.4149659863945576,1.3863945578231291,0.710204081632653,0.37210884353741497,0.16925170068027212,0.10163265306122449,True
clean_Jul_Sep,escalate_h60_to_h15,60,0.74,15.0,0.62,confirm_only_if_unsure,0.08542445274959957,147,142,5,0.9659863945578231,57.78169014084507,60.0,1.0,143,1.8836443468715696,1051,13.844127332601536,0.40755355129650506,23.367727771679473,1.3040614709110867,7.183673469387755,3.608843537414966,1.4639455782312925,0.7489795918367347,0.3914965986394558,0.17700680272108843,0.10551020408163266,True
clean_Jul_Sep,escalate_h60_to_h15,60,0.74,15.0,0.66,none,0.10838227442605446,147,142,5,0.9659863945578231,56.725352112676056,60.0,0.9929577464788732,142,1.8704720087815585,959,12.632272228320526,0.42574850299401196,21.99780461031833,0.0,6.557823129251701,3.295918367346939,1.3387755102040817,0.6863945578231293,0.36020408163265305,0.16448979591836735,0.09925170068027211,True
clean_Jul_Sep,escalate_h60_to_h15,60,0.74,15.0,0.66,advisory_if_unsure,0.10838227442605446,147,142,5,0.9659863945578231,56.725352112676056,60.0,0.9929577464788732,142,1.8704720087815585,959,12.632272228320526,0.42574850299401196,21.99780461031833,1.5806805708013172,6.557823129251701,3.295918367346939,1.3387755102040817,0.6863945578231293,0.36020408163265305,0.16448979591836735,0.09925170068027211,True
clean_Jul_Sep,escalate_h60_to_h15,60,0.74,15.0,0.66,confirm_only_if_unsure,0.10838227442605446,147,142,5,0.9659863945578231,57.67605633802817,60.0,1.0,145,1.9099890230515915,1033,13.607025246981339,0.4107244723331432,23.09110867178924,1.5806805708013172,7.061224489795919,3.5476190476190474,1.4394557823129253,0.736734693877551,0.38537414965986394,0.1745578231292517,0.10428571428571429,True
clean_Jul_Sep,escalate_h60_to_h15,60,0.74,15.0,0.7,none,0.16978109983982914,147,142,5,0.9659863945578231,54.71830985915493,60.0,0.971830985915493,172,2.265642151481888,866,11.407244785949505,0.44308681672025724,20.48298572996707,0.0,5.925170068027211,2.979591836734694,1.2122448979591838,0.6231292517006802,0.32857142857142857,0.15183673469387754,0.09292517006802721,True
clean_Jul_Sep,escalate_h60_to_h15,60,0.74,15.0,0.7,advisory_if_unsure,0.16978109983982914,147,142,5,0.9659863945578231,54.71830985915493,60.0,0.971830985915493,172,2.265642151481888,866,11.407244785949505,0.44308681672025724,20.48298572996707,2.739846322722283,5.925170068027211,2.979591836734694,1.2122448979591838,0.6231292517006802,0.32857142857142857,0.15183673469387754,0.09292517006802721,True
clean_Jul_Sep,escalate_h60_to_h15,60,0.74,15.0,0.7,confirm_only_if_unsure,0.16978109983982914,147,142,5,0.9659863945578231,55.985915492957744,60.0,0.9788732394366197,163,2.147091108671789,962,12.67178924259056,0.4222222222222222,21.931942919868277,2.739846322722283,6.578231292517007,3.306122448979592,1.3428571428571427,0.6884353741496598,0.36122448979591837,0.16489795918367348,0.09945578231292516,True
clean_Jul_Sep,escalate_h60_to_h15,60,0.74,15.0,0.74,none,0.24879871863320877,147,142,5,0.9659863945578231,51.86619718309859,60.0,0.9436619718309859,179,2.3578485181119646,758,9.98463227222832,0.4612651030561478,18.533479692645443,0.0,5.190476190476191,2.6122448979591835,1.0653061224489795,0.5496598639455782,0.29183673469387755,0.13714285714285715,0.085578231292517,True
clean_Jul_Sep,escalate_h60_to_h15,60,0.74,15.0,0.74,advisory_if_unsure,0.24879871863320877,147,142,5,0.9659863945578231,51.86619718309859,60.0,0.9436619718309859,179,2.3578485181119646,758,9.98463227222832,0.4612651030561478,18.533479692645443,4.294182217343578,5.190476190476191,2.6122448979591835,1.0653061224489795,0.5496598639455782,0.29183673469387755,0.13714285714285715,0.085578231292517,True
clean_Jul_Sep,escalate_h60_to_h15,60,0.74,15.0,0.74,confirm_only_if_unsure,0.24879871863320877,147,142,5,0.9659863945578231,53.23943661971831,60.0,0.9577464788732394,172,2.265642151481888,883,11.631174533479692,0.42921784098254684,20.37760702524698,4.294182217343578,6.040816326530612,3.0374149659863945,1.235374149659864,0.6346938775510204,0.33435374149659863,0.15414965986394558,0.09408163265306123,True
clean_Jul_Sep,escalate_h60_to_h15,60,0.74,15.0,0.78,none,0.3395621996796583,147,141,6,0.9591836734693877,47.234042553191486,60.0,0.900709219858156,193,2.5422612513721186,648,8.535675082327112,0.4761519805982215,16.29418221734358,0.0,4.448979591836735,2.2448979591836733,0.9224489795918367,0.4816326530612245,0.2612244897959184,0.12897959183673469,0.08489795918367347,True
clean_Jul_Sep,escalate_h60_to_h15,60,0.74,15.0,0.78,advisory_if_unsure,0.3395621996796583,147,141,6,0.9591836734693877,47.234042553191486,60.0,0.900709219858156,193,2.5422612513721186,648,8.535675082327112,0.4761519805982215,16.29418221734358,5.874862788144895,4.448979591836735,2.2448979591836733,0.9224489795918367,0.4816326530612245,0.2612244897959184,0.12897959183673469,0.08489795918367347,True
clean_Jul_Sep,escalate_h60_to_h15,60,0.74,15.0,0.78,confirm_only_if_unsure,0.3395621996796583,147,141,6,0.9591836734693877,49.255319148936174,60.0,0.9148936170212766,195,2.5686059275521402,817,10.761800219538967,0.42747021723896284,18.796926454445664,5.874862788144895,5.598639455782313,2.8197278911564627,1.1523809523809523,0.5965986394557823,0.3187074829931973,0.15197278911564627,0.09639455782312925,True
clean_Jul_Sep,escalate_h60_to_h15,60,0.74,15.0,0.82,none,0.45114789108382275,147,139,8,0.9455782312925171,43.81294964028777,45.0,0.8201438848920863,191,2.5159165751920964,479,6.309549945115258,0.5340466926070039,13.541163556531284,0.0,3.312925170068027,1.683673469387755,0.7061224489795919,0.3802721088435374,0.2173469387755102,0.11959183673469388,0.08700680272108843,True
clean_Jul_Sep,escalate_h60_to_h15,60,0.74,15.0,0.82,advisory_if_unsure,0.45114789108382275,147,139,8,0.9455782312925171,43.81294964028777,45.0,0.8201438848920863,191,2.5159165751920964,479,6.309549945115258,0.5340466926070039,13.541163556531284,7.4028540065861685,3.312925170068027,1.683673469387755,0.7061224489795919,0.3802721088435374,0.2173469387755102,0.11959183673469388,0.08700680272108843,True
clean_Jul_Sep,escalate_h60_to_h15,60,0.74,15.0,0.82,confirm_only_if_unsure,0.45114789108382275,147,140,7,0.9523809523809523,46.82142857142857,60.0,0.8642857142857143,210,2.766190998902305,730,9.615806805708013,0.4431731502669718,17.26893523600439,7.4028540065861685,5.01360544217687,2.5306122448979593,1.0408163265306123,0.54421768707483,0.29591836734693877,0.1469387755102041,0.09727891156462586,True
clean_Jul_Sep,escalate_h60_to_h15,60,0.74,15.0,0.86,none,0.5616657768286172,147,134,13,0.9115646258503401,41.52985074626866,45.0,0.7686567164179104,169,2.226125137211855,317,4.175631174533479,0.6138855054811205,10.814489571899012,0.0,2.2448979591836733,1.1666666666666667,0.5197278911564626,0.3040816326530612,0.19625850340136056,0.13156462585034012,0.11,True
clean_Jul_Sep,escalate_h60_to_h15,60,0.74,15.0,0.86,advisory_if_unsure,0.5616657768286172,147,134,13,0.9115646258503401,41.52985074626866,45.0,0.7686567164179104,169,2.226125137211855,317,4.175631174533479,0.6138855054811205,10.814489571899012,8.970362239297474,2.2448979591836733,1.1666666666666667,0.5197278911564626,0.3040816326530612,0.19625850340136056,0.13156462585034012,0.11,True
clean_Jul_Sep,escalate_h60_to_h15,60,0.74,15.0,0.86,confirm_only_if_unsure,0.5616657768286172,147,138,9,0.9387755102040817,45.0,45.0,0.8333333333333334,224,2.9506037321624587,645,8.49615806805708,0.4588926174496644,15.701427003293084,8.970362239297474,4.448979591836735,2.2551020408163267,0.9387755102040817,0.5,0.28061224489795916,0.1489795918367347,0.10510204081632653,True
clean_Jul_Sep,escalate_h60_to_h15,60,0.74,15.0,0.9,none,0.6556326748531767,147,117,30,0.7959183673469388,39.743589743589745,45.0,0.7094017094017094,150,1.9758507135016463,214,2.818880351262349,0.6682170542635659,8.49615806805708,0.0,1.6598639455782314,0.9319727891156463,0.49523809523809526,0.34965986394557824,0.27687074829931974,0.23319727891156464,0.21863945578231292,True
clean_Jul_Sep,escalate_h60_to_h15,60,0.74,15.0,0.9,advisory_if_unsure,0.6556326748531767,147,117,30,0.7959183673469388,39.743589743589745,45.0,0.7094017094017094,150,1.9758507135016463,214,2.818880351262349,0.6682170542635659,8.49615806805708,10.52469813391877,1.6598639455782314,0.9319727891156463,0.49523809523809526,0.34965986394557824,0.27687074829931974,0.23319727891156464,0.21863945578231292,True
clean_Jul_Sep,escalate_h60_to_h15,60,0.74,15.0,0.9,confirm_only_if_unsure,0.6556326748531767,147,131,16,0.891156462585034,43.62595419847328,45.0,0.7862595419847328,240,3.1613611416026344,577,7.6004390779363336,0.462756052141527,14.147091108671788,10.52469813391877,4.034013605442177,2.0714285714285716,0.8938775510204081,0.501360544217687,0.3051020408163265,0.1873469387755102,0.14809523809523809,True
clean_Jul_Sep,escalate_h60_to_h15,60,0.74,15.0,0.94,none,0.7682861719167111,147,88,59,0.5986394557823129,39.54545454545455,45.0,0.6477272727272727,128,1.686059275521405,101,1.3304061470911086,0.7672811059907834,5.7167947310647635,0.0,1.08843537414966,0.7448979591836735,0.5387755102040817,0.47006802721088436,0.4357142857142857,0.4151020408163265,0.4082312925170068,True
clean_Jul_Sep,escalate_h60_to_h15,60,0.74,15.0,0.94,advisory_if_unsure,0.7682861719167111,147,88,59,0.5986394557823129,39.54545454545455,45.0,0.6477272727272727,128,1.686059275521405,101,1.3304061470911086,0.7672811059907834,5.7167947310647635,12.632272228320526,1.08843537414966,0.7448979591836735,0.5387755102040817,0.47006802721088436,0.4357142857142857,0.4151020408163265,0.4082312925170068,False
clean_Jul_Sep,escalate_h60_to_h15,60,0.74,15.0,0.94,confirm_only_if_unsure,0.7682861719167111,147,116,31,0.7891156462585034,42.80172413793103,45.0,0.7413793103448276,249,3.279912184412733,491,6.4676180021953895,0.462800875273523,12.039517014270032,12.632272228320526,3.5510204081632653,1.880952380952381,0.8789115646258503,0.5448979591836735,0.37789115646258503,0.277687074829932,0.24428571428571427,False
clean_Jul_Sep,escalate_h60_to_h15,60,0.74,15.0,0.98,none,0.8990923651895355,147,46,101,0.3129251700680272,39.45652173913044,45.0,0.6086956521739131,93,1.2250274423710208,28,0.36882546652030734,0.8518518518518519,2.4895718990120743,0.0,0.8775510204081632,0.782312925170068,0.7251700680272108,0.7061224489795919,0.6965986394557823,0.6908843537414966,0.6889795918367347,True
clean_Jul_Sep,escalate_h60_to_h15,60,0.74,15.0,0.98,advisory_if_unsure,0.8990923651895355,147,46,101,0.3129251700680272,39.45652173913044,45.0,0.6086956521739131,93,1.2250274423710208,28,0.36882546652030734,0.8518518518518519,2.4895718990120743,15.411635565312842,0.8775510204081632,0.782312925170068,0.7251700680272108,0.7061224489795919,0.6965986394557823,0.6908843537414966,0.6889795918367347,False
clean_Jul_Sep,escalate_h60_to_h15,60,0.74,15.0,0.98,confirm_only_if_unsure,0.8990923651895355,147,88,59,0.5986394557823129,42.44318181818182,45.0,0.75,257,3.385290889132821,434,5.7167947310647635,0.38264580369843526,9.260153677277716,15.411635565312842,3.3537414965986394,1.8775510204081634,0.9918367346938776,0.6965986394557823,0.5489795918367347,0.46040816326530615,0.4308843537414966,False
clean_Jul_Sep,escalate_h60_to_h15,60,0.78,15.0,0.5,none,0.05623003194888179,147,140,7,0.9523809523809523,58.07142857142857,60.0,1.0,151,1.9890230515916574,794,10.458836443468716,0.46242383209207855,19.455543358946212,0.0,5.448979591836735,2.748299319727891,1.127891156462585,0.5877551020408164,0.31768707482993197,0.15564625850340136,0.10163265306122449,True
clean_Jul_Sep,escalate_h60_to_h15,60,0.78,15.0,0.5,advisory_if_unsure,0.05623003194888179,147,140,7,0.9523809523809523,58.07142857142857,60.0,1.0,151,1.9890230515916574,794,10.458836443468716,0.46242383209207855,19.455543358946212,0.8035126234906695,5.448979591836735,2.748299319727891,1.127891156462585,0.5877551020408164,0.31768707482993197,0.15564625850340136,0.10163265306122449,True
clean_Jul_Sep,escalate_h60_to_h15,60,0.78,15.0,0.5,confirm_only_if_unsure,0.05623003194888179,147,140,7,0.9523809523809523,58.5,60.0,1.0,152,2.002195389681668,817,10.761800219538967,0.456781914893617,19.81119648737651,0.8035126234906695,5.605442176870748,2.826530612244898,1.1591836734693877,0.6034013605442177,0.32551020408163267,0.15877551020408162,0.10319727891156463,True
clean_Jul_Sep,escalate_h60_to_h15,60,0.78,15.0,0.54,none,0.065814696485623,147,140,7,0.9523809523809523,57.642857142857146,60.0,1.0,153,2.0153677277716793,783,10.313940724478595,0.46443228454172364,19.257958287596047,0.0,5.374149659863946,2.7108843537414966,1.1129251700680272,0.5802721088435374,0.31394557823129254,0.15414965986394558,0.1008843537414966,True
clean_Jul_Sep,escalate_h60_to_h15,60,0.78,15.0,0.54,advisory_if_unsure,0.065814696485623,147,140,7,0.9523809523809523,57.642857142857146,60.0,1.0,153,2.0153677277716793,783,10.313940724478595,0.46443228454172364,19.257958287596047,0.9484083424807903,5.374149659863946,2.7108843537414966,1.1129251700680272,0.5802721088435374,0.31394557823129254,0.15414965986394558,0.1008843537414966,True
clean_Jul_Sep,escalate_h60_to_h15,60,0.78,15.0,0.54,confirm_only_if_unsure,0.065814696485623,147,140,7,0.9523809523809523,58.07142857142857,60.0,1.0,154,2.0285400658616903,810,10.669593852908891,0.4574681848626926,19.66630076838639,0.9484083424807903,5.557823129251701,2.802721088435374,1.1496598639455782,0.5986394557823129,0.3231292517006803,0.15782312925170067,0.10272108843537416,True
clean_Jul_Sep,escalate_h60_to_h15,60,0.78,15.0,0.58,none,0.07220447284345048,147,140,7,0.9523809523809523,57.535714285714285,60.0,1.0,152,2.002195389681668,774,10.195389681668496,0.4669421487603306,19.126234906695938,0.0,5.312925170068027,2.6802721088435373,1.1006802721088436,0.5741496598639456,0.3108843537414966,0.15292517006802722,0.10027210884353742,True
clean_Jul_Sep,escalate_h60_to_h15,60,0.78,15.0,0.58,advisory_if_unsure,0.07220447284345048,147,140,7,0.9523809523809523,57.535714285714285,60.0,1.0,152,2.002195389681668,774,10.195389681668496,0.4669421487603306,19.126234906695938,1.001097694840834,5.312925170068027,2.6802721088435373,1.1006802721088436,0.5741496598639456,0.3108843537414966,0.15292517006802722,0.10027210884353742,True
clean_Jul_Sep,escalate_h60_to_h15,60,0.78,15.0,0.58,confirm_only_if_unsure,0.07220447284345048,147,140,7,0.9523809523809523,57.964285714285715,60.0,1.0,154,2.0285400658616903,807,10.630076838638857,0.458025520483546,19.613611416026345,1.001097694840834,5.537414965986395,2.792517006802721,1.145578231292517,0.5965986394557823,0.322108843537415,0.15741496598639457,0.10251700680272109,True
clean_Jul_Sep,escalate_h60_to_h15,60,0.78,15.0,0.62,none,0.08306709265175719,147,140,7,0.9523809523809523,57.42857142857143,60.0,1.0,154,2.0285400658616903,758,9.98463227222832,0.47177700348432056,18.90230515916575,0.0,5.204081632653061,2.6258503401360542,1.0789115646258503,0.563265306122449,0.3054421768707483,0.15074829931972789,0.09918367346938775,True
clean_Jul_Sep,escalate_h60_to_h15,60,0.78,15.0,0.62,advisory_if_unsure,0.08306709265175719,147,140,7,0.9523809523809523,57.42857142857143,60.0,1.0,154,2.0285400658616903,758,9.98463227222832,0.47177700348432056,18.90230515916575,1.159165751920966,5.204081632653061,2.6258503401360542,1.0789115646258503,0.563265306122449,0.3054421768707483,0.15074829931972789,0.09918367346938775,True
clean_Jul_Sep,escalate_h60_to_h15,60,0.78,15.0,0.62,confirm_only_if_unsure,0.08306709265175719,147,140,7,0.9523809523809523,57.857142857142854,60.0,1.0,156,2.0548847420417125,796,10.485181119648736,0.46106973595125256,19.455543358946212,1.159165751920966,5.462585034013605,2.7551020408163267,1.1306122448979592,0.5891156462585034,0.3183673469387755,0.15591836734693879,0.1017687074829932,True
clean_Jul_Sep,escalate_h60_to_h15,60,0.78,15.0,0.66,none,0.10543130990415335,147,140,7,0.9523809523809523,56.785714285714285,60.0,0.9928571428571429,153,2.0153677277716793,731,9.628979143798023,0.47785714285714287,18.441273326015367,0.0,5.020408163265306,2.5340136054421767,1.0421768707482992,0.5448979591836735,0.29625850340136056,0.1470748299319728,0.0973469387755102,True
clean_Jul_Sep,escalate_h60_to_h15,60,0.78,15.0,0.66,advisory_if_unsure,0.10543130990415335,147,140,7,0.9523809523809523,56.785714285714285,60.0,0.9928571428571429,153,2.0153677277716793,731,9.628979143798023,0.47785714285714287,18.441273326015367,1.3962678375411635,5.020408163265306,2.5340136054421767,1.0421768707482992,0.5448979591836735,0.29625850340136056,0.1470748299319728,0.0973469387755102,True
clean_Jul_Sep,escalate_h60_to_h15,60,0.78,15.0,0.66,confirm_only_if_unsure,0.10543130990415335,147,140,7,0.9523809523809523,57.75,60.0,1.0,158,2.081229418221734,781,10.287596048298573,0.46470185058259084,19.218441273326015,1.3962678375411635,5.360544217687075,2.704081632653061,1.110204081632653,0.5789115646258504,0.31326530612244896,0.15387755102040818,0.1007482993197279,True
clean_Jul_Sep,escalate_h60_to_h15,60,0.78,15.0,0.7,none,0.16677316293929711,147,140,7,0.9523809523809523,54.642857142857146,60.0,0.9642857142857143,160,2.1075740944017562,656,8.6410537870472,0.49693251533742333,17.176728869374312,0.0,4.510204081632653,2.2789115646258504,0.9401360544217687,0.49387755102040815,0.2707482993197279,0.13687074829931972,0.09224489795918367,True
clean_Jul_Sep,escalate_h60_to_h15,60,0.78,15.0,0.7,advisory_if_unsure,0.16677316293929711,147,140,7,0.9523809523809523,54.642857142857146,60.0,0.9642857142857143,160,2.1075740944017562,656,8.6410537870472,0.49693251533742333,17.176728869374312,2.3841931942919867,4.510204081632653,2.2789115646258504,0.9401360544217687,0.49387755102040815,0.2707482993197279,0.13687074829931972,0.09224489795918367,True
clean_Jul_Sep,escalate_h60_to_h15,60,0.78,15.0,0.7,confirm_only_if_unsure,0.16677316293929711,147,140,7,0.9523809523809523,55.92857142857143,60.0,0.9714285714285714,165,2.173435784851811,723,9.523600439077935,0.47760115606936415,18.23051591657519,2.3841931942919867,4.965986394557823,2.506802721088435,1.0312925170068028,0.5394557823129251,0.2935374149659864,0.14598639455782314,0.09680272108843538,True
clean_Jul_Sep,escalate_h60_to_h15,60,0.78,15.0,0.74,none,0.24664536741214058,147,140,7,0.9523809523809523,51.857142857142854,60.0,0.9357142857142857,157,2.068057080131723,569,7.495060373216245,0.5173876166242578,15.530186608122941,0.0,3.9183673469387754,1.9829931972789117,0.8217687074829932,0.4346938775510204,0.241156462585034,0.12503401360544217,0.08632653061224489,True
clean_Jul_Sep,escalate_h60_to_h15,60,0.78,15.0,0.74,advisory_if_unsure,0.24664536741214058,147,140,7,0.9523809523809523,51.857142857142854,60.0,0.9357142857142857,157,2.068057080131723,569,7.495060373216245,0.5173876166242578,15.530186608122941,3.819978046103183,3.9183673469387754,1.9829931972789117,0.8217687074829932,0.4346938775510204,0.241156462585034,0.12503401360544217,0.08632653061224489,True
clean_Jul_Sep,escalate_h60_to_h15,60,0.78,15.0,0.74,confirm_only_if_unsure,0.24664536741214058,147,140,7,0.9523809523809523,53.25,60.0,0.95,165,2.173435784851811,651,8.575192096597146,0.4894117647058824,16.794731064763994,3.819978046103183,4.476190476190476,2.261904761904762,0.9333333333333333,0.49047619047619045,0.26904761904761904,0.1361904761904762,0.0919047619047619,True
clean_Jul_Sep,escalate_h60_to_h15,60,0.78,15.0,0.78,none,0.3271565495207668,147,139,8,0.9455782312925171,46.94244604316547,60.0,0.8920863309352518,166,2.186608122941822,502,6.61251372118551,0.5232668566001899,13.870472008781558,0.0,3.4693877551020407,1.7619047619047619,0.7374149659863946,0.39591836734693875,0.22517006802721087,0.12272108843537415,0.08857142857142856,True
clean_Jul_Sep,escalate_h60_to_h15,60,0.78,15.0,0.78,advisory_if_unsure,0.3271565495207668,147,139,8,0.9455782312925171,46.94244604316547,60.0,0.8920863309352518,166,2.186608122941822,502,6.61251372118551,0.5232668566001899,13.870472008781558,5.124039517014269,3.4693877551020407,1.7619047619047619,0.7374149659863946,0.39591836734693875,0.22517006802721087,0.12272108843537415,0.08857142857142856,True
clean_Jul_Sep,escalate_h60_to_h15,60,0.78,15.0,0.78,confirm_only_if_unsure,0.3271565495207668,147,139,8,0.9455782312925171,49.10071942446043,60.0,0.9064748201438849,178,2.3446761800219535,606,7.982436882546652,0.4846938775510204,15.490669593852909,5.124039517014269,4.1768707482993195,2.1156462585034013,0.8789115646258503,0.4666666666666667,0.2605442176870748,0.13687074829931972,0.09564625850340136,True
clean_Jul_Sep,escalate_h60_to_h15,60,0.78,15.0,0.82,none,0.4134185303514377,147,137,10,0.9319727891156463,43.68613138686131,45.0,0.8102189781021898,179,2.3578485181119646,405,5.3347969264544455,0.5588235294117647,12.092206366630077,0.0,2.82312925170068,1.445578231292517,0.6190476190476191,0.3435374149659864,0.20578231292517007,0.12312925170068027,0.09557823129251701,True
clean_Jul_Sep,escalate_h60_to_h15,60,0.78,15.0,0.82,advisory_if_unsure,0.4134185303514377,147,137,10,0.9319727891156463,43.68613138686131,45.0,0.8102189781021898,179,2.3578485181119646,405,5.3347969264544455,0.5588235294117647,12.092206366630077,6.190998902305159,2.82312925170068,1.445578231292517,0.6190476190476191,0.3435374149659864,0.20578231292517007,0.12312925170068027,0.09557823129251701,True
clean_Jul_Sep,escalate_h60_to_h15,60,0.78,15.0,0.82,confirm_only_if_unsure,0.4134185303514377,147,138,9,0.9387755102040817,46.73913043478261,60.0,0.855072463768116,191,2.5159165751920964,553,7.28430296377607,0.4949771689497717,14.423710208562019,6.190998902305159,3.82312925170068,1.9421768707482994,0.8136054421768707,0.43741496598639457,0.24931972789115647,0.1364625850340136,0.09884353741496599,True
clean_Jul_Sep,escalate_h60_to_h15,60,0.78,15.0,0.86,none,0.5175718849840255,147,131,16,0.891156462585034,41.33587786259542,45.0,0.7480916030534351,170,2.239297475301866,284,3.740944017563117,0.623841059602649,9.945115257958287,0.0,2.0408163265306123,1.0748299319727892,0.49523809523809526,0.3020408163265306,0.2054421768707483,0.14748299319727892,0.12816326530612246,True
clean_Jul_Sep,escalate_h60_to_h15,60,0.78,15.0,0.86,advisory_if_unsure,0.5175718849840255,147,131,16,0.891156462585034,41.33587786259542,45.0,0.7480916030534351,170,2.239297475301866,284,3.740944017563117,0.623841059602649,9.945115257958287,7.481888035126234,2.0408163265306123,1.0748299319727892,0.49523809523809526,0.3020408163265306,0.2054421768707483,0.14748299319727892,0.12816326530612246,True
clean_Jul_Sep,escalate_h60_to_h15,60,0.78,15.0,0.86,confirm_only_if_unsure,0.5175718849840255,147,134,13,0.9115646258503401,44.88805970149254,45.0,0.8134328358208955,208,2.739846322722283,488,6.428100987925356,0.5105315947843531,13.132821075740944,7.481888035126234,3.4081632653061225,1.748299319727891,0.7523809523809524,0.4204081632653061,0.254421768707483,0.1548299319727891,0.12163265306122449,True
clean_Jul_Sep,escalate_h60_to_h15,60,0.78,15.0,0.9,none,0.6185303514376996,147,114,33,0.7755102040816326,40.0,45.0,0.7017543859649122,156,2.0548847420417125,193,2.5422612513721186,0.6767169179229481,7.863885839736553,0.0,1.5374149659863945,0.8809523809523809,0.48707482993197276,0.35578231292517004,0.2901360544217687,0.2507482993197279,0.23761904761904762,True
clean_Jul_Sep,escalate_h60_to_h15,60,0.78,15.0,0.9,advisory_if_unsure,0.6185303514376996,147,114,33,0.7755102040816326,40.0,45.0,0.7017543859649122,156,2.0548847420417125,193,2.5422612513721186,0.6767169179229481,7.863885839736553,8.90450054884742,1.5374149659863945,0.8809523809523809,0.48707482993197276,0.35578231292517004,0.2901360544217687,0.2507482993197279,0.23761904761904762,True
clean_Jul_Sep,escalate_h60_to_h15,60,0.78,15.0,0.9,confirm_only_if_unsure,0.6185303514376996,147,128,19,0.8707482993197279,43.7109375,45.0,0.7734375,227,2.9901207464324915,426,5.611416026344676,0.5208098987626547,11.710208562019758,8.90450054884742,3.0272108843537415,1.5782312925170068,0.708843537414966,0.41904761904761906,0.27414965986394557,0.1872108843537415,0.1582312925170068,True
clean_Jul_Sep,escalate_h60_to_h15,60,0.78,15.0,0.94,none,0.74185303514377,147,87,60,0.5918367346938775,39.6551724137931,45.0,0.6436781609195402,129,1.6992316136114158,88,1.159165751920966,0.7821782178217822,5.321624588364434,0.0,1.0068027210884354,0.7074829931972789,0.527891156462585,0.46802721088435373,0.4380952380952381,0.4201360544217687,0.4141496598639456,True
clean_Jul_Sep,escalate_h60_to_h15,60,0.78,15.0,0.94,advisory_if_unsure,0.74185303514377,147,87,60,0.5918367346938775,39.6551724137931,45.0,0.6436781609195402,129,1.6992316136114158,88,1.159165751920966,0.7821782178217822,5.321624588364434,10.827661909989022,1.0068027210884354,0.7074829931972789,0.527891156462585,0.46802721088435373,0.4380952380952381,0.4201360544217687,0.4141496598639456,True
clean_Jul_Sep,escalate_h60_to_h15,60,0.78,15.0,0.94,confirm_only_if_unsure,0.74185303514377,147,115,32,0.782312925170068,42.65217391304348,45.0,0.7304347826086957,230,3.0296377607025247,346,4.557628979143797,0.5343203230148048,9.787047200878154,10.827661909989022,2.5714285714285716,1.3945578231292517,0.6884353741496598,0.4530612244897959,0.33537414965986395,0.26476190476190475,0.24122448979591837,True
clean_Jul_Sep,escalate_h60_to_h15,60,0.78,15.0,0.98,none,0.8875399361022365,147,46,101,0.3129251700680272,39.45652173913044,45.0,0.6086956521739131,96,1.2645444566410537,22,0.2897914379802415,0.875,2.318331503841932,0.0,0.8367346938775511,0.7619047619047619,0.7170068027210884,0.7020408163265306,0.6945578231292517,0.6900680272108843,0.6885714285714286,True
clean_Jul_Sep,escalate_h60_to_h15,60,0.78,15.0,0.98,advisory_if_unsure,0.8875399361022365,147,46,101,0.3129251700680272,39.45652173913044,45.0,0.6086956521739131,96,1.2645444566410537,22,0.2897914379802415,0.875,2.318331503841932,13.396267837541163,0.8367346938775511,0.7619047619047619,0.7170068027210884,0.7020408163265306,0.6945578231292517,0.6900680272108843,0.6885714285714286,False
clean_Jul_Sep,escalate_h60_to_h15,60,0.78,15.0,0.98,confirm_only_if_unsure,0.8875399361022365,147,87,60,0.5918367346938775,42.241379310344826,45.0,0.735632183908046,233,3.0691547749725574,296,3.899012074643249,0.45985401459854014,7.218441273326015,13.396267837541163,2.421768707482993,1.4149659863945578,0.8108843537414966,0.6095238095238096,0.508843537414966,0.44843537414965984,0.42829931972789115,False
clean_Jul_Sep,escalate_h60_to_h15,60,0.82,15.0,0.5,none,0.05263157894736842,147,138,9,0.9387755102040817,57.71739130434783,60.0,1.0,155,2.0417124039517014,598,7.877058177826564,0.5185185185185185,16.36004390779363,0.0,4.129251700680272,2.0952380952380953,0.8748299319727891,0.46802721088435373,0.2646258503401361,0.14258503401360545,0.1019047619047619,True
clean_Jul_Sep,escalate_h60_to_h15,60,0.82,15.0,0.5,advisory_if_unsure,0.05263157894736842,147,138,9,0.9387755102040817,57.71739130434783,60.0,1.0,155,2.0417124039517014,598,7.877058177826564,0.5185185185185185,16.36004390779363,0.6717892425905598,4.129251700680272,2.0952380952380953,0.8748299319727891,0.46802721088435373,0.2646258503401361,0.14258503401360545,0.1019047619047619,True
clean_Jul_Sep,escalate_h60_to_h15,60,0.82,15.0,0.5,confirm_only_if_unsure,0.05263157894736842,147,138,9,0.9387755102040817,57.93478260869565,60.0,1.0,156,2.0548847420417125,614,8.08781558726674,0.5126984126984127,16.59714599341383,0.6717892425905598,4.238095238095238,2.1496598639455784,0.8965986394557823,0.47891156462585033,0.27006802721088435,0.14476190476190476,0.10299319727891157,True
clean_Jul_Sep,escalate_h60_to_h15,60,0.82,15.0,0.54,none,0.06254767353165523,147,138,9,0.9387755102040817,57.28260869565217,60.0,1.0,156,2.0548847420417125,589,7.7585071350164645,0.5207485760781123,16.18880351262349,0.0,4.068027210884353,2.064625850340136,0.8625850340136054,0.46190476190476193,0.2615646258503401,0.14136054421768707,0.10129251700680272,True
clean_Jul_Sep,escalate_h60_to_h15,60,0.82,15.0,0.54,advisory_if_unsure,0.06254767353165523,147,138,9,0.9387755102040817,57.28260869565217,60.0,1.0,156,2.0548847420417125,589,7.7585071350164645,0.5207485760781123,16.18880351262349,0.8035126234906695,4.068027210884353,2.064625850340136,0.8625850340136054,0.46190476190476193,0.2615646258503401,0.14136054421768707,0.10129251700680272,True
clean_Jul_Sep,escalate_h60_to_h15,60,0.82,15.0,0.54,confirm_only_if_unsure,0.06254767353165523,147,138,9,0.9387755102040817,57.5,60.0,1.0,157,2.068057080131723,608,8.008781558726673,0.5136,16.46542261251372,0.8035126234906695,4.197278911564626,2.129251700680272,0.8884353741496599,0.4748299319727891,0.2680272108843537,0.1439455782312925,0.10258503401360544,True
clean_Jul_Sep,escalate_h60_to_h15,60,0.82,15.0,0.58,none,0.06864988558352403,147,138,9,0.9387755102040817,57.17391304347826,60.0,1.0,156,2.0548847420417125,582,7.666300768386388,0.5233415233415234,16.083424807903402,0.0,4.020408163265306,2.0408163265306123,0.8530612244897959,0.45714285714285713,0.25918367346938775,0.1404081632653061,0.10081632653061225,True
clean_Jul_Sep,escalate_h60_to_h15,60,0.82,15.0,0.58,advisory_if_unsure,0.06864988558352403,147,138,9,0.9387755102040817,57.17391304347826,60.0,1.0,156,2.0548847420417125,582,7.666300768386388,0.5233415233415234,16.083424807903402,0.8562019758507134,4.020408163265306,2.0408163265306123,0.8530612244897959,0.45714285714285713,0.25918367346938775,0.1404081632653061,0.10081632653061225,True
clean_Jul_Sep,escalate_h60_to_h15,60,0.82,15.0,0.58,confirm_only_if_unsure,0.06864988558352403,147,138,9,0.9387755102040817,57.391304347826086,60.0,1.0,157,2.068057080131723,605,7.969264544456641,0.514446227929374,16.412733260153676,0.8562019758507134,4.1768707482993195,2.119047619047619,0.8843537414965986,0.47278911564625853,0.26700680272108845,0.1435374149659864,0.10238095238095238,True
clean_Jul_Sep,escalate_h60_to_h15,60,0.82,15.0,0.62,none,0.07932875667429443,147,138,9,0.9387755102040817,57.06521739130435,60.0,1.0,155,2.0417124039517014,569,7.495060373216245,0.5285832642916322,15.899012074643249,0.0,3.931972789115646,1.9965986394557824,0.8353741496598639,0.44829931972789117,0.25476190476190474,0.13863945578231293,0.09993197278911564,True
clean_Jul_Sep,escalate_h60_to_h15,60,0.82,15.0,0.62,advisory_if_unsure,0.07932875667429443,147,138,9,0.9387755102040817,57.06521739130435,60.0,1.0,155,2.0417124039517014,569,7.495060373216245,0.5285832642916322,15.899012074643249,0.9747530186608122,3.931972789115646,1.9965986394557824,0.8353741496598639,0.44829931972789117,0.25476190476190474,0.13863945578231293,0.09993197278911564,True
clean_Jul_Sep,escalate_h60_to_h15,60,0.82,15.0,0.62,confirm_only_if_unsure,0.07932875667429443,147,138,9,0.9387755102040817,57.28260869565217,60.0,1.0,156,2.0548847420417125,597,7.863885839736553,0.5173807599029911,16.29418221734358,0.9747530186608122,4.122448979591836,2.0918367346938775,0.8734693877551021,0.4673469387755102,0.2642857142857143,0.14244897959183672,0.10183673469387755,True
clean_Jul_Sep,escalate_h60_to_h15,60,0.82,15.0,0.66,none,0.10068649885583524,147,138,9,0.9387755102040817,56.41304347826087,60.0,0.9927536231884058,154,2.0285400658616903,548,7.218441273326015,0.5351993214588634,15.530186608122941,0.0,3.7891156462585034,1.9251700680272108,0.8068027210884354,0.4340136054421769,0.24761904761904763,0.13578231292517007,0.09850340136054422,True
clean_Jul_Sep,escalate_h60_to_h15,60,0.82,15.0,0.66,advisory_if_unsure,0.10068649885583524,147,138,9,0.9387755102040817,56.41304347826087,60.0,0.9927536231884058,154,2.0285400658616903,548,7.218441273326015,0.5351993214588634,15.530186608122941,1.159165751920966,3.7891156462585034,1.9251700680272108,0.8068027210884354,0.4340136054421769,0.24761904761904763,0.13578231292517007,0.09850340136054422,True
clean_Jul_Sep,escalate_h60_to_h15,60,0.82,15.0,0.66,confirm_only_if_unsure,0.10068649885583524,147,138,9,0.9387755102040817,57.17391304347826,60.0,1.0,157,2.068057080131723,585,7.705817782656421,0.5216680294358136,16.109769484083422,1.159165751920966,4.040816326530612,2.0510204081632653,0.8571428571428571,0.45918367346938777,0.2602040816326531,0.14081632653061224,0.10102040816326531,True
clean_Jul_Sep,escalate_h60_to_h15,60,0.82,15.0,0.7,none,0.15942028985507245,147,136,11,0.9251700680272109,54.705882352941174,60.0,0.9632352941176471,160,2.1075740944017562,490,6.4544456641053785,0.5553539019963702,14.515916575192096,0.0,3.4081632653061225,1.7414965986394557,0.7414965986394558,0.40816326530612246,0.24149659863945577,0.1414965986394558,0.10816326530612246,True
clean_Jul_Sep,escalate_h60_to_h15,60,0.82,15.0,0.7,advisory_if_unsure,0.15942028985507245,147,136,11,0.9251700680272109,54.705882352941174,60.0,0.9632352941176471,160,2.1075740944017562,490,6.4544456641053785,0.5553539019963702,14.515916575192096,1.9758507135016463,3.4081632653061225,1.7414965986394557,0.7414965986394558,0.40816326530612246,0.24149659863945577,0.1414965986394558,0.10816326530612246,True
clean_Jul_Sep,escalate_h60_to_h15,60,0.82,15.0,0.7,confirm_only_if_unsure,0.15942028985507245,147,136,11,0.9251700680272109,55.80882352941177,60.0,0.9779411764705882,162,2.133918770581778,539,7.099890230515916,0.5357450473729544,15.293084522502744,1.9758507135016463,3.741496598639456,1.9081632653061225,0.8081632653061225,0.4414965986394558,0.25816326530612244,0.14816326530612245,0.11149659863945578,True
clean_Jul_Sep,escalate_h60_to_h15,60,0.82,15.0,0.74,none,0.2372234935163997,147,135,12,0.9183673469387755,52.0,60.0,0.9333333333333333,152,2.002195389681668,422,5.558726673984632,0.578,13.172338090010976,0.0,2.9523809523809526,1.5170068027210883,0.6557823129251701,0.3687074829931973,0.22517006802721087,0.13904761904761906,0.11034013605442176,True
clean_Jul_Sep,escalate_h60_to_h15,60,0.82,15.0,0.74,advisory_if_unsure,0.2372234935163997,147,135,12,0.9183673469387755,52.0,60.0,0.9333333333333333,152,2.002195389681668,422,5.558726673984632,0.578,13.172338090010976,3.2272228320526892,2.9523809523809526,1.5170068027210883,0.6557823129251701,0.3687074829931973,0.22517006802721087,0.13904761904761906,0.11034013605442176,True
clean_Jul_Sep,escalate_h60_to_h15,60,0.82,15.0,0.74,confirm_only_if_unsure,0.2372234935163997,147,135,12,0.9183673469387755,53.22222222222222,60.0,0.9555555555555556,156,2.0548847420417125,478,6.296377607025247,0.551594746716698,14.041712403951701,3.2272228320526892,3.3333333333333335,1.7074829931972788,0.7319727891156462,0.40680272108843535,0.24421768707482994,0.14666666666666667,0.11414965986394558,True
clean_Jul_Sep,escalate_h60_to_h15,60,0.82,15.0,0.78,none,0.31960335621662855,147,134,13,0.9115646258503401,46.56716417910448,60.0,0.8731343283582089,159,2.094401756311745,372,4.900109769484083,0.5829596412556054,11.74972557628979,0.0,2.619047619047619,1.3537414965986394,0.5945578231292517,0.3414965986394558,0.21496598639455783,0.13904761904761906,0.11374149659863945,True
clean_Jul_Sep,escalate_h60_to_h15,60,0.82,15.0,0.78,advisory_if_unsure,0.31960335621662855,147,134,13,0.9115646258503401,46.56716417910448,60.0,0.8731343283582089,159,2.094401756311745,372,4.900109769484083,0.5829596412556054,11.74972557628979,4.465422612513721,2.619047619047619,1.3537414965986394,0.5945578231292517,0.3414965986394558,0.21496598639455783,0.13904761904761906,0.11374149659863945,True
clean_Jul_Sep,escalate_h60_to_h15,60,0.82,15.0,0.78,confirm_only_if_unsure,0.31960335621662855,147,134,13,0.9115646258503401,48.80597014925373,60.0,0.9029850746268657,166,2.186608122941822,438,5.769484083424808,0.5493827160493827,12.803512623490668,4.465422612513721,3.068027210884354,1.5782312925170068,0.6843537414965987,0.38639455782312926,0.23741496598639455,0.14802721088435375,0.1182312925170068,True
clean_Jul_Sep,escalate_h60_to_h15,60,0.82,15.0,0.82,none,0.3897787948131198,147,132,15,0.8979591836734694,43.40909090909091,45.0,0.7954545454545454,168,2.212952799121844,313,4.122941822173436,0.60875,10.53787047200878,0.0,2.2312925170068025,1.1666666666666667,0.527891156462585,0.3149659863945578,0.2085034013605442,0.14462585034013606,0.12333333333333334,True
clean_Jul_Sep,escalate_h60_to_h15,60,0.82,15.0,0.82,advisory_if_unsure,0.3897787948131198,147,132,15,0.8979591836734694,43.40909090909091,45.0,0.7954545454545454,168,2.212952799121844,313,4.122941822173436,0.60875,10.53787047200878,5.361141602634468,2.2312925170068025,1.1666666666666667,0.527891156462585,0.3149659863945578,0.2085034013605442,0.14462585034013606,0.12333333333333334,True
clean_Jul_Sep,escalate_h60_to_h15,60,0.82,15.0,0.82,confirm_only_if_unsure,0.3897787948131198,147,133,14,0.9047619047619048,46.12781954887218,60.0,0.8421052631578947,175,2.305159165751921,396,5.216245883644347,0.5619469026548672,11.907793633369922,5.361141602634468,2.7891156462585034,1.4421768707482994,0.6340136054421769,0.36462585034013606,0.22993197278911565,0.1491156462585034,0.12217687074829932,True
clean_Jul_Sep,escalate_h60_to_h15,60,0.82,15.0,0.86,none,0.479023646071701,147,127,20,0.8639455782312925,41.45669291338583,45.0,0.7480314960629921,160,2.1075740944017562,232,3.0559824368825463,0.6603221083455344,8.996706915477496,0.0,1.7142857142857142,0.9251700680272109,0.45170068027210886,0.2938775510204082,0.21496598639455783,0.1676190476190476,0.15183673469387754,True
clean_Jul_Sep,escalate_h60_to_h15,60,0.82,15.0,0.86,advisory_if_unsure,0.479023646071701,147,127,20,0.8639455782312925,41.45669291338583,45.0,0.7480314960629921,160,2.1075740944017562,232,3.0559824368825463,0.6603221083455344,8.996706915477496,6.362239297475301,1.7142857142857142,0.9251700680272109,0.45170068027210886,0.2938775510204082,0.21496598639455783,0.1676190476190476,0.15183673469387754,True
clean_Jul_Sep,escalate_h60_to_h15,60,0.82,15.0,0.86,confirm_only_if_unsure,0.479023646071701,147,129,18,0.8775510204081632,44.651162790697676,45.0,0.813953488372093,185,2.4368825466520305,349,4.597145993413831,0.5785024154589372,10.906695938529088,6.362239297475301,2.496598639455782,1.3095238095238095,0.5972789115646259,0.3598639455782313,0.241156462585034,0.16993197278911565,0.1461904761904762,True
clean_Jul_Sep,escalate_h60_to_h15,60,0.82,15.0,0.9,none,0.5766590389016019,147,114,33,0.7755102040816326,39.60526315789474,45.0,0.6842105263157895,149,1.9626783754116355,163,2.147091108671789,0.7063063063063063,7.310647639956092,0.0,1.3333333333333333,0.7789115646258503,0.44625850340136053,0.33537414965986395,0.27993197278911564,0.24666666666666667,0.235578231292517,True
clean_Jul_Sep,escalate_h60_to_h15,60,0.82,15.0,0.9,advisory_if_unsure,0.5766590389016019,147,114,33,0.7755102040816326,39.60526315789474,45.0,0.6842105263157895,149,1.9626783754116355,163,2.147091108671789,0.7063063063063063,7.310647639956092,7.547749725576289,1.3333333333333333,0.7789115646258503,0.44625850340136053,0.33537414965986395,0.27993197278911564,0.24666666666666667,0.235578231292517,True
clean_Jul_Sep,escalate_h60_to_h15,60,0.82,15.0,0.9,confirm_only_if_unsure,0.5766590389016019,147,124,23,0.8435374149659864,42.943548387096776,45.0,0.7580645161290323,196,2.5817782656421513,302,3.9780461031833148,0.5907859078590786,9.7211855104281,7.547749725576289,2.2108843537414966,1.183673469387755,0.5673469387755102,0.3619047619047619,0.25918367346938775,0.19755102040816327,0.17700680272108843,True
clean_Jul_Sep,escalate_h60_to_h15,60,0.82,15.0,0.94,none,0.7109077040427155,147,87,60,0.5918367346938775,39.48275862068966,45.0,0.6436781609195402,123,1.6201975850713501,72,0.9484083424807903,0.8100263852242744,4.99231613611416,0.0,0.8979591836734694,0.6530612244897959,0.5061224489795918,0.45714285714285713,0.4326530612244898,0.4179591836734694,0.41306122448979593,True
clean_Jul_Sep,escalate_h60_to_h15,60,0.82,15.0,0.94,advisory_if_unsure,0.7109077040427155,147,87,60,0.5918367346938775,39.48275862068966,45.0,0.6436781609195402,123,1.6201975850713501,72,0.9484083424807903,0.8100263852242744,4.99231613611416,9.286498353457738,0.8979591836734694,0.6530612244897959,0.5061224489795918,0.45714285714285713,0.4326530612244898,0.4179591836734694,0.41306122448979593,True
clean_Jul_Sep,escalate_h60_to_h15,60,0.82,15.0,0.94,confirm_only_if_unsure,0.7109077040427155,147,111,36,0.7551020408163265,42.027027027027025,45.0,0.7297297297297297,192,2.5290889132821075,233,3.0691547749725574,0.6155115511551155,7.982436882546652,9.286498353457738,1.8299319727891157,1.0374149659863945,0.5619047619047619,0.4034013605442177,0.32414965986394556,0.27659863945578234,0.26074829931972787,True
clean_Jul_Sep,escalate_h60_to_h15,60,0.82,15.0,0.98,none,0.8695652173913043,147,46,101,0.3129251700680272,39.45652173913044,45.0,0.6086956521739131,93,1.2250274423710208,19,0.2502744237102085,0.8888888888888888,2.252469813391877,0.0,0.8163265306122449,0.7517006802721088,0.7129251700680272,0.7,0.6935374149659864,0.6896598639455782,0.6883673469387755,True
clean_Jul_Sep,escalate_h60_to_h15,60,0.82,15.0,0.98,advisory_if_unsure,0.8695652173913043,147,46,101,0.3129251700680272,39.45652173913044,45.0,0.6086956521739131,93,1.2250274423710208,19,0.2502744237102085,0.8888888888888888,2.252469813391877,11.644346871569702,0.8163265306122449,0.7517006802721088,0.7129251700680272,0.7,0.6935374149659864,0.6896598639455782,0.6883673469387755,True
clean_Jul_Sep,escalate_h60_to_h15,60,0.82,15.0,0.98,confirm_only_if_unsure,0.8695652173913043,147,81,66,0.5510204081632653,41.851851851851855,45.0,0.7283950617283951,193,2.5422612513721186,192,2.5290889132821075,0.550351288056206,5.624588364434687,11.644346871569702,1.7551020408163265,1.1020408163265305,0.710204081632653,0.5795918367346938,0.5142857142857142,0.4751020408163265,0.4620408163265306,True
clean_Jul_Sep,escalate_h60_to_h15,60,0.86,15.0,0.5,none,0.05658536585365854,147,128,19,0.8707482993197279,55.546875,60.0,0.9921875,156,2.0548847420417125,395,5.203073545554336,0.5915201654601862,12.737650933040614,0.0,2.816326530612245,1.4727891156462585,0.6666666666666666,0.3979591836734694,0.26360544217687076,0.18299319727891156,0.15612244897959185,True
clean_Jul_Sep,escalate_h60_to_h15,60,0.86,15.0,0.5,advisory_if_unsure,0.05658536585365854,147,128,19,0.8707482993197279,55.546875,60.0,0.9921875,156,2.0548847420417125,395,5.203073545554336,0.5915201654601862,12.737650933040614,0.6059275521405049,2.816326530612245,1.4727891156462585,0.6666666666666666,0.3979591836734694,0.26360544217687076,0.18299319727891156,0.15612244897959185,True
clean_Jul_Sep,escalate_h60_to_h15,60,0.86,15.0,0.5,confirm_only_if_unsure,0.05658536585365854,147,128,19,0.8707482993197279,55.6640625,60.0,0.9921875,157,2.068057080131723,406,5.3479692645444565,0.585291113381001,12.895718990120745,0.6059275521405049,2.891156462585034,1.510204081632653,0.6816326530612244,0.4054421768707483,0.2673469387755102,0.18448979591836734,0.15687074829931974,True
clean_Jul_Sep,escalate_h60_to_h15,60,0.86,15.0,0.54,none,0.06536585365853659,147,128,19,0.8707482993197279,55.078125,60.0,0.9921875,155,2.0417124039517014,390,5.1372118551042805,0.592901878914405,12.619099890230515,0.0,2.7823129251700682,1.4557823129251701,0.6598639455782312,0.3945578231292517,0.2619047619047619,0.18231292517006803,0.15578231292517006,True
clean_Jul_Sep,escalate_h60_to_h15,60,0.86,15.0,0.54,advisory_if_unsure,0.06536585365853659,147,128,19,0.8707482993197279,55.078125,60.0,0.9921875,155,2.0417124039517014,390,5.1372118551042805,0.592901878914405,12.619099890230515,0.7244785949506037,2.7823129251700682,1.4557823129251701,0.6598639455782312,0.3945578231292517,0.2619047619047619,0.18231292517006803,0.15578231292517006,True
clean_Jul_Sep,escalate_h60_to_h15,60,0.86,15.0,0.54,confirm_only_if_unsure,0.06536585365853659,147,128,19,0.8707482993197279,55.1953125,60.0,0.9921875,156,2.0548847420417125,401,5.282107574094401,0.5865979381443299,12.777167947310646,0.7244785949506037,2.857142857142857,1.4931972789115646,0.6748299319727891,0.4020408163265306,0.26564625850340134,0.1838095238095238,0.15653061224489795,True
clean_Jul_Sep,escalate_h60_to_h15,60,0.86,15.0,0.58,none,0.06926829268292684,147,128,19,0.8707482993197279,54.9609375,60.0,0.9921875,154,2.0285400658616903,387,5.097694840834248,0.5943396226415094,12.566410537870471,0.0,2.761904761904762,1.445578231292517,0.6557823129251701,0.3925170068027211,0.2608843537414966,0.1819047619047619,0.155578231292517,True
clean_Jul_Sep,escalate_h60_to_h15,60,0.86,15.0,0.58,advisory_if_unsure,0.06926829268292684,147,128,19,0.8707482993197279,54.9609375,60.0,0.9921875,154,2.0285400658616903,387,5.097694840834248,0.5943396226415094,12.566410537870471,0.7639956092206366,2.761904761904762,1.445578231292517,0.6557823129251701,0.3925170068027211,0.2608843537414966,0.1819047619047619,0.155578231292517,True
clean_Jul_Sep,escalate_h60_to_h15,60,0.86,15.0,0.58,confirm_only_if_unsure,0.06926829268292684,147,128,19,0.8707482993197279,55.078125,60.0,0.9921875,155,2.0417124039517014,399,5.255762897914379,0.5873836608066184,12.737650933040614,0.7639956092206366,2.8435374149659864,1.4863945578231292,0.672108843537415,0.40068027210884355,0.2649659863945578,0.18353741496598638,0.15639455782312925,True
clean_Jul_Sep,escalate_h60_to_h15,60,0.86,15.0,0.62,none,0.07707317073170732,147,128,19,0.8707482993197279,54.84375,60.0,0.9921875,153,2.0153677277716793,380,5.005488474204171,0.5983086680761099,12.461031833150383,0.0,2.7142857142857144,1.4217687074829932,0.6462585034013606,0.3877551020408163,0.2585034013605442,0.18095238095238095,0.15510204081632653,True
clean_Jul_Sep,escalate_h60_to_h15,60,0.86,15.0,0.62,advisory_if_unsure,0.07707317073170732,147,128,19,0.8707482993197279,54.84375,60.0,0.9921875,153,2.0153677277716793,380,5.005488474204171,0.5983086680761099,12.461031833150383,0.8430296377607025,2.7142857142857144,1.4217687074829932,0.6462585034013606,0.3877551020408163,0.2585034013605442,0.18095238095238095,0.15510204081632653,True
clean_Jul_Sep,escalate_h60_to_h15,60,0.86,15.0,0.62,confirm_only_if_unsure,0.07707317073170732,147,128,19,0.8707482993197279,54.9609375,60.0,0.9921875,154,2.0285400658616903,394,5.189901207464325,0.5900104058272633,12.658616904500548,0.8430296377607025,2.8095238095238093,1.469387755102041,0.6653061224489796,0.39727891156462586,0.26326530612244897,0.18285714285714286,0.15605442176870749,True
clean_Jul_Sep,escalate_h60_to_h15,60,0.86,15.0,0.66,none,0.0975609756097561,147,127,20,0.8639455782312925,54.44881889763779,60.0,0.9921259842519685,150,1.9758507135016463,365,4.807903402854007,0.6054054054054054,12.184412733260153,0.0,2.619047619047619,1.3775510204081634,0.6326530612244898,0.3843537414965986,0.2602040816326531,0.18571428571428572,0.1608843537414966,True
clean_Jul_Sep,escalate_h60_to_h15,60,0.86,15.0,0.66,advisory_if_unsure,0.0975609756097561,147,127,20,0.8639455782312925,54.44881889763779,60.0,0.9921259842519685,150,1.9758507135016463,365,4.807903402854007,0.6054054054054054,12.184412733260153,1.0142700329308452,2.619047619047619,1.3775510204081634,0.6326530612244898,0.3843537414965986,0.2602040816326531,0.18571428571428572,0.1608843537414966,True
clean_Jul_Sep,escalate_h60_to_h15,60,0.86,15.0,0.66,confirm_only_if_unsure,0.0975609756097561,147,127,20,0.8639455782312925,55.039370078740156,60.0,0.9921259842519685,151,1.9890230515916574,383,5.045005488474204,0.5959915611814346,12.487376509330405,1.0142700329308452,2.741496598639456,1.4387755102040816,0.6571428571428571,0.39659863945578233,0.26632653061224487,0.18816326530612246,0.16210884353741498,True
clean_Jul_Sep,escalate_h60_to_h15,60,0.86,15.0,0.7,none,0.15609756097560976,147,125,22,0.8503401360544217,53.28,60.0,0.976,150,1.9758507135016463,320,4.2151481888035125,0.630057803468208,11.394072447859495,0.0,2.326530612244898,1.2380952380952381,0.5850340136054422,0.3673469387755102,0.2585034013605442,0.19319727891156463,0.17142857142857143,True
clean_Jul_Sep,escalate_h60_to_h15,60,0.86,15.0,0.7,advisory_if_unsure,0.15609756097560976,147,125,22,0.8503401360544217,53.28,60.0,0.976,150,1.9758507135016463,320,4.2151481888035125,0.630057803468208,11.394072447859495,1.686059275521405,2.326530612244898,1.2380952380952381,0.5850340136054422,0.3673469387755102,0.2585034013605442,0.19319727891156463,0.17142857142857143,True
clean_Jul_Sep,escalate_h60_to_h15,60,0.86,15.0,0.7,confirm_only_if_unsure,0.15609756097560976,147,125,22,0.8503401360544217,54.0,60.0,0.976,150,1.9758507135016463,345,4.544456641053786,0.6153846153846154,11.815587266739845,1.686059275521405,2.496598639455782,1.3231292517006803,0.6190476190476191,0.3843537414965986,0.26700680272108845,0.19659863945578232,0.17312925170068028,True
clean_Jul_Sep,escalate_h60_to_h15,60,0.86,15.0,0.74,none,0.22048780487804878,147,124,23,0.8435374149659864,51.53225806451613,60.0,0.9516129032258065,145,1.9099890230515915,279,3.675082327113062,0.6508135168961201,10.52469813391877,0.0,2.054421768707483,1.1054421768707483,0.5360544217687074,0.34625850340136055,0.25136054421768705,0.19442176870748298,0.1754421768707483,True
clean_Jul_Sep,escalate_h60_to_h15,60,0.86,15.0,0.74,advisory_if_unsure,0.22048780487804878,147,124,23,0.8435374149659864,51.53225806451613,60.0,0.9516129032258065,145,1.9099890230515915,279,3.675082327113062,0.6508135168961201,10.52469813391877,2.5159165751920964,2.054421768707483,1.1054421768707483,0.5360544217687074,0.34625850340136055,0.25136054421768705,0.19442176870748298,0.1754421768707483,True
clean_Jul_Sep,escalate_h60_to_h15,60,0.86,15.0,0.74,confirm_only_if_unsure,0.22048780487804878,147,124,23,0.8435374149659864,52.37903225806452,60.0,0.9596774193548387,145,1.9099890230515915,307,4.04390779363337,0.63189448441247,10.985729967069155,2.5159165751920964,2.2448979591836733,1.2006802721088434,0.5741496598639456,0.3653061224489796,0.2608843537414966,0.1982312925170068,0.1773469387755102,True
clean_Jul_Sep,escalate_h60_to_h15,60,0.86,15.0,0.78,none,0.3102439024390244,147,119,28,0.8095238095238095,46.63865546218487,60.0,0.8823529411764706,142,1.8704720087815585,240,3.1613611416026344,0.6605374823196606,9.31284302963776,0.0,1.8231292517006803,1.0068027210884354,0.5170068027210885,0.35374149659863946,0.272108843537415,0.22312925170068026,0.20680272108843537,True
clean_Jul_Sep,escalate_h60_to_h15,60,0.86,15.0,0.78,advisory_if_unsure,0.3102439024390244,147,119,28,0.8095238095238095,46.63865546218487,60.0,0.8823529411764706,142,1.8704720087815585,240,3.1613611416026344,0.6605374823196606,9.31284302963776,3.6355653128430294,1.8231292517006803,1.0068027210884354,0.5170068027210885,0.35374149659863946,0.272108843537415,0.22312925170068026,0.20680272108843537,True
clean_Jul_Sep,escalate_h60_to_h15,60,0.86,15.0,0.78,confirm_only_if_unsure,0.3102439024390244,147,121,26,0.8231292517006803,48.099173553719005,60.0,0.9008264462809917,145,1.9099890230515915,272,3.5828759604829856,0.636849132176235,9.86608122941822,3.6355653128430294,2.0272108843537415,1.1020408163265305,0.5469387755102041,0.3619047619047619,0.2693877551020408,0.21387755102040817,0.19537414965986394,True
clean_Jul_Sep,escalate_h60_to_h15,60,0.86,15.0,0.82,none,0.36292682926829267,147,117,30,0.7959183673469388,44.1025641025641,45.0,0.811965811965812,135,1.7782656421514818,211,2.779363336992316,0.6768759571209801,8.601536772777168,0.0,1.6394557823129252,0.9217687074829932,0.49115646258503404,0.3476190476190476,0.2758503401360544,0.2327891156462585,0.21843537414965986,True
clean_Jul_Sep,escalate_h60_to_h15,60,0.86,15.0,0.82,advisory_if_unsure,0.36292682926829267,147,117,30,0.7959183673469388,44.1025641025641,45.0,0.811965811965812,135,1.7782656421514818,211,2.779363336992316,0.6768759571209801,8.601536772777168,4.2151481888035125,1.6394557823129252,0.9217687074829932,0.49115646258503404,0.3476190476190476,0.2758503401360544,0.2327891156462585,0.21843537414965986,True
clean_Jul_Sep,escalate_h60_to_h15,60,0.86,15.0,0.82,confirm_only_if_unsure,0.36292682926829267,147,119,28,0.8095238095238095,45.88235294117647,60.0,0.8403361344537815,140,1.8441273326015366,249,3.279912184412733,0.6468085106382979,9.286498353457738,4.2151481888035125,1.8843537414965987,1.0374149659863945,0.5292517006802722,0.3598639455782313,0.2751700680272109,0.22435374149659865,0.20741496598639456,True
clean_Jul_Sep,escalate_h60_to_h15,60,0.86,15.0,0.86,none,0.4273170731707317,147,113,34,0.7687074829931972,43.27433628318584,45.0,0.7876106194690266,129,1.6992316136114158,168,2.212952799121844,0.7137989778534923,7.732162458836443,0.0,1.3741496598639455,0.8027210884353742,0.4598639455782313,0.345578231292517,0.28843537414965986,0.25414965986394555,0.24272108843537415,True
clean_Jul_Sep,escalate_h60_to_h15,60,0.86,15.0,0.86,advisory_if_unsure,0.4273170731707317,147,113,34,0.7687074829931972,43.27433628318584,45.0,0.7876106194690266,129,1.6992316136114158,168,2.212952799121844,0.7137989778534923,7.732162458836443,4.873765093304061,1.3741496598639455,0.8027210884353742,0.4598639455782313,0.345578231292517,0.28843537414965986,0.25414965986394555,0.24272108843537415,True
clean_Jul_Sep,escalate_h60_to_h15,60,0.86,15.0,0.86,confirm_only_if_unsure,0.4273170731707317,147,116,31,0.7891156462585034,45.258620689655174,45.0,0.8275862068965517,142,1.8704720087815585,218,2.871569703622393,0.667175572519084,8.62788144895719,4.873765093304061,1.6938775510204083,0.9523809523809523,0.507482993197279,0.35918367346938773,0.28503401360544217,0.24054421768707482,0.2257142857142857,True
clean_Jul_Sep,escalate_h60_to_h15,60,0.86,15.0,0.9,none,0.5102439024390244,147,106,41,0.7210884353741497,40.18867924528302,45.0,0.6886792452830188,126,1.659714599341383,129,1.6992316136114158,0.7430278884462151,6.61251372118551,0.0,1.1564625850340136,0.717687074829932,0.454421768707483,0.36666666666666664,0.3227891156462585,0.2964625850340136,0.287687074829932,True
clean_Jul_Sep,escalate_h60_to_h15,60,0.86,15.0,0.9,advisory_if_unsure,0.5102439024390244,147,106,41,0.7210884353741497,40.18867924528302,45.0,0.6886792452830188,126,1.659714599341383,129,1.6992316136114158,0.7430278884462151,6.61251372118551,5.7036223929747525,1.1564625850340136,0.717687074829932,0.454421768707483,0.36666666666666664,0.3227891156462585,0.2964625850340136,0.287687074829932,True
clean_Jul_Sep,escalate_h60_to_h15,60,0.86,15.0,0.9,confirm_only_if_unsure,0.5102439024390244,147,112,35,0.7619047619047619,42.857142857142854,45.0,0.75,147,1.9363336992316136,189,2.4895718990120743,0.6807432432432432,7.798024149286498,5.7036223929747525,1.5238095238095237,0.8809523809523809,0.49523809523809526,0.36666666666666664,0.30238095238095236,0.2638095238095238,0.2509523809523809,True
clean_Jul_Sep,escalate_h60_to_h15,60,0.86,15.0,0.94,none,0.6517073170731708,147,85,62,0.5782312925170068,39.35294117647059,45.0,0.6352941176470588,113,1.4884742041712402,60,0.7903402854006586,0.8319327731092437,4.702524698133918,0.0,0.8299319727891157,0.6258503401360545,0.5034013605442177,0.46258503401360546,0.4421768707482993,0.42993197278911566,0.42585034013605444,True
clean_Jul_Sep,escalate_h60_to_h15,60,0.86,15.0,0.94,advisory_if_unsure,0.6517073170731708,147,85,62,0.5782312925170068,39.35294117647059,45.0,0.6352941176470588,113,1.4884742041712402,60,0.7903402854006586,0.8319327731092437,4.702524698133918,7.192096597145993,0.8299319727891157,0.6258503401360545,0.5034013605442177,0.46258503401360546,0.4421768707482993,0.42993197278911566,0.42585034013605444,True
clean_Jul_Sep,escalate_h60_to_h15,60,0.86,15.0,0.94,confirm_only_if_unsure,0.6517073170731708,147,100,47,0.6802721088435374,41.55,45.0,0.71,148,1.9495060373216244,135,1.7782656421514818,0.7181628392484343,6.309549945115258,7.192096597145993,1.2380952380952381,0.7789115646258503,0.5034013605442177,0.41156462585034015,0.3656462585034014,0.3380952380952381,0.32891156462585036,True
clean_Jul_Sep,escalate_h60_to_h15,60,0.86,15.0,0.98,none,0.8390243902439024,147,45,102,0.30612244897959184,39.0,45.0,0.6,88,1.159165751920966,16,0.21075740944017562,0.9030303030303031,2.173435784851811,0.0,0.8027210884353742,0.7482993197278912,0.7156462585034014,0.7047619047619048,0.6993197278911565,0.6960544217687075,0.6949659863945579,True
clean_Jul_Sep,escalate_h60_to_h15,60,0.86,15.0,0.98,advisory_if_unsure,0.8390243902439024,147,45,102,0.30612244897959184,39.0,45.0,0.6,88,1.159165751920966,16,0.21075740944017562,0.9030303030303031,2.173435784851811,9.391877058177826,0.8027210884353742,0.7482993197278912,0.7156462585034014,0.7047619047619048,0.6993197278911565,0.6960544217687075,0.6949659863945579,True
clean_Jul_Sep,escalate_h60_to_h15,60,0.86,15.0,0.98,confirm_only_if_unsure,0.8390243902439024,147,71,76,0.48299319727891155,40.985915492957744,45.0,0.704225352112676,149,1.9626783754116355,101,1.3304061470911086,0.6762820512820513,4.109769484083425,9.391877058177826,1.2040816326530612,0.8605442176870748,0.654421768707483,0.5857142857142857,0.5513605442176871,0.5307482993197279,0.5238775510204081,True
clean_Jul_Sep,escalate_h60_to_h15,60,0.9,15.0,0.5,none,0.061696658097686374,147,113,34,0.7687074829931972,54.557522123893804,60.0,1.0,134,1.7650933040614707,249,3.279912184412733,0.6589041095890411,9.615806805708013,0.0,1.9251700680272108,1.0782312925170068,0.5700680272108843,0.40068027210884355,0.3159863945578231,0.2651700680272109,0.2482312925170068,True
clean_Jul_Sep,escalate_h60_to_h15,60,0.9,15.0,0.5,advisory_if_unsure,0.061696658097686374,147,113,34,0.7687074829931972,54.557522123893804,60.0,1.0,134,1.7650933040614707,249,3.279912184412733,0.6589041095890411,9.615806805708013,0.54006586169045,1.9251700680272108,1.0782312925170068,0.5700680272108843,0.40068027210884355,0.3159863945578231,0.2651700680272109,0.2482312925170068,True
clean_Jul_Sep,escalate_h60_to_h15,60,0.9,15.0,0.5,confirm_only_if_unsure,0.061696658097686374,147,113,34,0.7687074829931972,54.690265486725664,60.0,1.0,136,1.7914379802414928,255,3.358946212952799,0.6540027137042063,9.70801317233809,0.54006586169045,1.965986394557823,1.098639455782313,0.5782312925170068,0.40476190476190477,0.31802721088435376,0.26598639455782314,0.24863945578231292,True
clean_Jul_Sep,escalate_h60_to_h15,60,0.9,15.0,0.54,none,0.07197943444730077,147,113,34,0.7687074829931972,54.02654867256637,60.0,1.0,132,1.7387486278814488,245,3.2272228320526892,0.6606648199445984,9.510428100987925,0.0,1.8979591836734695,1.064625850340136,0.564625850340136,0.3979591836734694,0.31462585034013607,0.2646258503401361,0.2479591836734694,True
clean_Jul_Sep,escalate_h60_to_h15,60,0.9,15.0,0.54,advisory_if_unsure,0.07197943444730077,147,113,34,0.7687074829931972,54.02654867256637,60.0,1.0,132,1.7387486278814488,245,3.2272228320526892,0.6606648199445984,9.510428100987925,0.6454445664105378,1.8979591836734695,1.064625850340136,0.564625850340136,0.3979591836734694,0.31462585034013607,0.2646258503401361,0.2479591836734694,True
clean_Jul_Sep,escalate_h60_to_h15,60,0.9,15.0,0.54,confirm_only_if_unsure,0.07197943444730077,147,113,34,0.7687074829931972,54.15929203539823,60.0,1.0,134,1.7650933040614707,251,3.306256860592755,0.6556927297668038,9.602634467618001,0.6454445664105378,1.9387755102040816,1.0850340136054422,0.5727891156462585,0.4020408163265306,0.31666666666666665,0.2654421768707483,0.24836734693877552,True
clean_Jul_Sep,escalate_h60_to_h15,60,0.9,15.0,0.58,none,0.07583547557840617,147,113,34,0.7687074829931972,53.89380530973451,60.0,1.0,131,1.725576289791438,243,3.200878155872667,0.6620305980528511,9.470911086717893,0.0,1.8843537414965987,1.0578231292517006,0.5619047619047619,0.39659863945578233,0.31394557823129254,0.2643537414965986,0.2478231292517007,True
clean_Jul_Sep,escalate_h60_to_h15,60,0.9,15.0,0.58,advisory_if_unsure,0.07583547557840617,147,113,34,0.7687074829931972,53.89380530973451,60.0,1.0,131,1.725576289791438,243,3.200878155872667,0.6620305980528511,9.470911086717893,0.6849615806805708,1.8843537414965987,1.0578231292517006,0.5619047619047619,0.39659863945578233,0.31394557823129254,0.2643537414965986,0.2478231292517007,True
clean_Jul_Sep,escalate_h60_to_h15,60,0.9,15.0,0.58,confirm_only_if_unsure,0.07583547557840617,147,113,34,0.7687074829931972,54.02654867256637,60.0,1.0,133,1.7519209659714599,249,3.279912184412733,0.6570247933884298,9.563117453347969,0.6849615806805708,1.9251700680272108,1.0782312925170068,0.5700680272108843,0.40068027210884355,0.3159863945578231,0.2651700680272109,0.2482312925170068,True
clean_Jul_Sep,escalate_h60_to_h15,60,0.9,15.0,0.62,none,0.08226221079691516,147,113,34,0.7687074829931972,53.76106194690266,60.0,1.0,130,1.712403951701427,239,3.1481888035126233,0.665266106442577,9.405049396267836,0.0,1.8571428571428572,1.0442176870748299,0.5564625850340136,0.39387755102040817,0.31258503401360543,0.2638095238095238,0.24755102040816326,True
clean_Jul_Sep,escalate_h60_to_h15,60,0.9,15.0,0.62,advisory_if_unsure,0.08226221079691516,147,113,34,0.7687074829931972,53.76106194690266,60.0,1.0,130,1.712403951701427,239,3.1481888035126233,0.665266106442577,9.405049396267836,0.7508232711306256,1.8571428571428572,1.0442176870748299,0.5564625850340136,0.39387755102040817,0.31258503401360543,0.2638095238095238,0.24755102040816326,True
clean_Jul_Sep,escalate_h60_to_h15,60,0.9,15.0,0.62,confirm_only_if_unsure,0.08226221079691516,147,113,34,0.7687074829931972,53.89380530973451,60.0,1.0,132,1.7387486278814488,245,3.2272228320526892,0.6601941747572816,9.497255762897915,0.7508232711306256,1.8979591836734695,1.064625850340136,0.564625850340136,0.3979591836734694,0.31462585034013607,0.2646258503401361,0.2479591836734694,True
clean_Jul_Sep,escalate_h60_to_h15,60,0.9,15.0,0.66,none,0.09768637532133675,147,112,35,0.7619047619047619,53.4375,60.0,1.0,128,1.686059275521405,232,3.0559824368825463,0.6695156695156695,9.246981339187705,0.0,1.816326530612245,1.0272108843537415,0.5537414965986395,0.39591836734693875,0.31700680272108844,0.2696598639455782,0.25387755102040815,True
clean_Jul_Sep,escalate_h60_to_h15,60,0.9,15.0,0.66,advisory_if_unsure,0.09768637532133675,147,112,35,0.7619047619047619,53.4375,60.0,1.0,128,1.686059275521405,232,3.0559824368825463,0.6695156695156695,9.246981339187705,0.8430296377607025,1.816326530612245,1.0272108843537415,0.5537414965986395,0.39591836734693875,0.31700680272108844,0.2696598639455782,0.25387755102040815,True
clean_Jul_Sep,escalate_h60_to_h15,60,0.9,15.0,0.66,confirm_only_if_unsure,0.09768637532133675,147,112,35,0.7619047619047619,53.973214285714285,60.0,1.0,130,1.712403951701427,240,3.1613611416026344,0.6638655462184874,9.405049396267836,0.8430296377607025,1.870748299319728,1.054421768707483,0.564625850340136,0.4013605442176871,0.3197278911564626,0.2707482993197279,0.254421768707483,True
clean_Jul_Sep,escalate_h60_to_h15,60,0.9,15.0,0.7,none,0.15424164524421594,147,111,36,0.7551020408163265,52.027027027027025,60.0,0.972972972972973,124,1.633369923161361,201,2.647639956092206,0.6945288753799392,8.667398463227222,0.0,1.6122448979591837,0.9285714285714286,0.5183673469387755,0.3816326530612245,0.31326530612244896,0.27224489795918366,0.25857142857142856,True
clean_Jul_Sep,escalate_h60_to_h15,60,0.9,15.0,0.7,advisory_if_unsure,0.15424164524421594,147,111,36,0.7551020408163265,52.027027027027025,60.0,0.972972972972973,124,1.633369923161361,201,2.647639956092206,0.6945288753799392,8.667398463227222,1.3435784851811197,1.6122448979591837,0.9285714285714286,0.5183673469387755,0.3816326530612245,0.31326530612244896,0.27224489795918366,0.25857142857142856,True
clean_Jul_Sep,escalate_h60_to_h15,60,0.9,15.0,0.7,confirm_only_if_unsure,0.15424164524421594,147,111,36,0.7551020408163265,52.972972972972975,60.0,0.9819819819819819,127,1.672886937431394,213,2.805708013172338,0.6849112426035503,8.90450054884742,1.3435784851811197,1.6938775510204083,0.9693877551020408,0.5346938775510204,0.38979591836734695,0.3173469387755102,0.27387755102040817,0.2593877551020408,True
clean_Jul_Sep,escalate_h60_to_h15,60,0.9,15.0,0.74,none,0.2133676092544987,147,110,37,0.7482993197278912,50.59090909090909,60.0,0.9454545454545454,120,1.5806805708013172,174,2.2919868276619098,0.7156862745098039,8.061470911086717,0.0,1.435374149659864,0.8435374149659864,0.4884353741496599,0.37006802721088433,0.3108843537414966,0.27537414965986395,0.26353741496598637,True
clean_Jul_Sep,escalate_h60_to_h15,60,0.9,15.0,0.74,advisory_if_unsure,0.2133676092544987,147,110,37,0.7482993197278912,50.59090909090909,60.0,0.9454545454545454,120,1.5806805708013172,174,2.2919868276619098,0.7156862745098039,8.061470911086717,1.9231613611416025,1.435374149659864,0.8435374149659864,0.4884353741496599,0.37006802721088433,0.3108843537414966,0.27537414965986395,0.26353741496598637,True
clean_Jul_Sep,escalate_h60_to_h15,60,0.9,15.0,0.74,confirm_only_if_unsure,0.2133676092544987,147,110,37,0.7482993197278912,51.68181818181818,60.0,0.9636363636363636,124,1.633369923161361,188,2.4763995609220637,0.7025316455696202,8.324917672886937,1.9231613611416025,1.530612244897959,0.891156462585034,0.507482993197279,0.3795918367346939,0.31564625850340133,0.27727891156462586,0.26448979591836735,True
clean_Jul_Sep,escalate_h60_to_h15,60,0.9,15.0,0.78,none,0.3059125964010283,147,105,42,0.7142857142857143,45.714285714285715,45.0,0.8761904761904762,122,1.607025246981339,149,1.9626783754116355,0.7240740740740741,7.113062568605927,0.0,1.2993197278911566,0.7925170068027211,0.4884353741496599,0.3870748299319728,0.33639455782312927,0.3059863945578231,0.29585034013605443,True
clean_Jul_Sep,escalate_h60_to_h15,60,0.9,15.0,0.78,advisory_if_unsure,0.3059125964010283,147,105,42,0.7142857142857143,45.714285714285715,45.0,0.8761904761904762,122,1.607025246981339,149,1.9626783754116355,0.7240740740740741,7.113062568605927,2.8452250274423707,1.2993197278911566,0.7925170068027211,0.4884353741496599,0.3870748299319728,0.33639455782312927,0.3059863945578231,0.29585034013605443,True
clean_Jul_Sep,escalate_h60_to_h15,60,0.9,15.0,0.78,confirm_only_if_unsure,0.3059125964010283,147,107,40,0.7278911564625851,47.242990654205606,60.0,0.897196261682243,126,1.659714599341383,163,2.147091108671789,0.7099644128113879,7.4028540065861685,2.8452250274423707,1.380952380952381,0.826530612244898,0.49387755102040815,0.38299319727891157,0.32755102040816325,0.29428571428571426,0.2831972789115646,True
clean_Jul_Sep,escalate_h60_to_h15,60,0.9,15.0,0.82,none,0.3508997429305913,147,100,47,0.6802721088435374,44.1,45.0,0.82,114,1.5016465422612513,135,1.7782656421514818,0.7326732673267327,6.652030735455543,0.0,1.2380952380952381,0.7789115646258503,0.5034013605442177,0.41156462585034015,0.3656462585034014,0.3380952380952381,0.32891156462585036,True
clean_Jul_Sep,escalate_h60_to_h15,60,0.9,15.0,0.82,advisory_if_unsure,0.3508997429305913,147,100,47,0.6802721088435374,44.1,45.0,0.82,114,1.5016465422612513,135,1.7782656421514818,0.7326732673267327,6.652030735455543,3.2403951701427003,1.2380952380952381,0.7789115646258503,0.5034013605442177,0.41156462585034015,0.3656462585034014,0.3380952380952381,0.32891156462585036,True
clean_Jul_Sep,escalate_h60_to_h15,60,0.9,15.0,0.82,confirm_only_if_unsure,0.3508997429305913,147,104,43,0.7074829931972789,45.57692307692308,45.0,0.8461538461538461,121,1.593852908891328,151,1.9890230515916574,0.7161654135338346,7.007683863885839,3.2403951701427003,1.3197278911564625,0.8061224489795918,0.49795918367346936,0.3952380952380952,0.3438775510204082,0.3130612244897959,0.3027891156462585,True
clean_Jul_Sep,escalate_h60_to_h15,60,0.9,15.0,0.86,none,0.38688946015424164,147,98,49,0.6666666666666666,43.316326530612244,45.0,0.8061224489795918,114,1.5016465422612513,116,1.5279912184412732,0.7568134171907757,6.283205268935236,0.0,1.1224489795918366,0.7278911564625851,0.49115646258503404,0.4122448979591837,0.3727891156462585,0.3491156462585034,0.34122448979591835,True
clean_Jul_Sep,escalate_h60_to_h15,60,0.9,15.0,0.86,advisory_if_unsure,0.38688946015424164,147,98,49,0.6666666666666666,43.316326530612244,45.0,0.8061224489795918,114,1.5016465422612513,116,1.5279912184412732,0.7568134171907757,6.283205268935236,3.5301866081229414,1.1224489795918366,0.7278911564625851,0.49115646258503404,0.4122448979591837,0.3727891156462585,0.3491156462585034,0.34122448979591835,True
clean_Jul_Sep,escalate_h60_to_h15,60,0.9,15.0,0.86,confirm_only_if_unsure,0.38688946015424164,147,102,45,0.6938775510204082,44.85294117647059,45.0,0.8333333333333334,125,1.646542261251372,138,1.8177826564215147,0.7294117647058823,6.717892425905598,3.5301866081229414,1.2448979591836735,0.7755102040816326,0.49387755102040815,0.4,0.35306122448979593,0.3248979591836735,0.31551020408163266,True
clean_Jul_Sep,escalate_h60_to_h15,60,0.9,15.0,0.9,none,0.4537275064267352,147,94,53,0.6394557823129252,40.851063829787236,45.0,0.7127659574468085,111,1.4621295279912183,96,1.2645444566410537,0.7741176470588236,5.598243688254665,0.0,1.0136054421768708,0.6870748299319728,0.49115646258503404,0.42585034013605444,0.39319727891156464,0.37360544217687075,0.36707482993197277,True
clean_Jul_Sep,escalate_h60_to_h15,60,0.9,15.0,0.9,advisory_if_unsure,0.4537275064267352,147,94,53,0.6394557823129252,40.851063829787236,45.0,0.7127659574468085,111,1.4621295279912183,96,1.2645444566410537,0.7741176470588236,5.598243688254665,4.04390779363337,1.0136054421768708,0.6870748299319728,0.49115646258503404,0.42585034013605444,0.39319727891156464,0.37360544217687075,0.36707482993197277,True
clean_Jul_Sep,escalate_h60_to_h15,60,0.9,15.0,0.9,confirm_only_if_unsure,0.4537275064267352,147,99,48,0.673469387755102,43.03030303030303,45.0,0.7676767676767676,123,1.6201975850713501,123,1.6201975850713501,0.7388535031847133,6.20417124039517,4.04390779363337,1.163265306122449,0.7448979591836735,0.49387755102040815,0.41020408163265304,0.3683673469387755,0.343265306122449,0.3348979591836735,True
clean_Jul_Sep,escalate_h60_to_h15,60,0.9,15.0,0.94,none,0.5886889460154242,147,75,72,0.5102040816326531,40.0,45.0,0.6533333333333333,100,1.3172338090010975,49,0.6454445664105378,0.846875,4.2151481888035125,0.0,0.8231292517006803,0.6564625850340136,0.5564625850340136,0.5231292517006803,0.5064625850340136,0.4964625850340136,0.4931292517006803,True
clean_Jul_Sep,escalate_h60_to_h15,60,0.9,15.0,0.94,advisory_if_unsure,0.5886889460154242,147,75,72,0.5102040816326531,40.0,45.0,0.6533333333333333,100,1.3172338090010975,49,0.6454445664105378,0.846875,4.2151481888035125,5.189901207464325,0.8231292517006803,0.6564625850340136,0.5564625850340136,0.5231292517006803,0.5064625850340136,0.4964625850340136,0.4931292517006803,True
clean_Jul_Sep,escalate_h60_to_h15,60,0.9,15.0,0.94,confirm_only_if_unsure,0.5886889460154242,147,87,60,0.5918367346938775,41.89655172413793,45.0,0.7241379310344828,117,1.5411635565312842,83,1.093304061470911,0.7838541666666666,5.058177826564215,5.189901207464325,0.9727891156462585,0.6904761904761905,0.5210884353741496,0.46462585034013604,0.43639455782312925,0.4194557823129252,0.4138095238095238,True
clean_Jul_Sep,escalate_h60_to_h15,60,0.9,15.0,0.98,none,0.7994858611825193,147,40,107,0.272108843537415,39.75,45.0,0.625,83,1.093304061470911,15,0.19758507135016465,0.9038461538461539,2.0548847420417125,0.0,0.8299319727891157,0.7789115646258503,0.7482993197278912,0.7380952380952381,0.7329931972789115,0.7299319727891157,0.7289115646258504,True
clean_Jul_Sep,escalate_h60_to_h15,60,0.9,15.0,0.98,advisory_if_unsure,0.7994858611825193,147,40,107,0.272108843537415,39.75,45.0,0.625,83,1.093304061470911,15,0.19758507135016465,0.9038461538461539,2.0548847420417125,7.073545554335894,0.8299319727891157,0.7789115646258503,0.7482993197278912,0.7380952380952381,0.7329931972789115,0.7299319727891157,0.7289115646258504,True
clean_Jul_Sep,escalate_h60_to_h15,60,0.9,15.0,0.98,confirm_only_if_unsure,0.7994858611825193,147,61,86,0.41496598639455784,40.81967213114754,45.0,0.7049180327868853,120,1.5806805708013172,58,0.7639956092206366,0.7593360995850622,3.1745334796926454,7.073545554335894,0.9795918367346939,0.782312925170068,0.6639455782312925,0.6244897959183674,0.6047619047619047,0.5929251700680273,0.5889795918367347,True
clean_Jul_Sep,escalate_h60_to_h15,60,0.94,15.0,0.5,none,0.07203389830508475,147,84,63,0.5714285714285714,52.32142857142857,60.0,0.9761904761904762,105,1.3830954994511524,111,1.4621295279912183,0.7465753424657534,5.769484083424808,0.0,1.183673469387755,0.8061224489795918,0.5795918367346938,0.5040816326530613,0.4663265306122449,0.4436734693877551,0.43612244897959185,True
clean_Jul_Sep,escalate_h60_to_h15,60,0.94,15.0,0.5,advisory_if_unsure,0.07203389830508475,147,84,63,0.5714285714285714,52.32142857142857,60.0,0.9761904761904762,105,1.3830954994511524,111,1.4621295279912183,0.7465753424657534,5.769484083424808,0.40834248079034025,1.183673469387755,0.8061224489795918,0.5795918367346938,0.5040816326530613,0.4663265306122449,0.4436734693877551,0.43612244897959185,True
clean_Jul_Sep,escalate_h60_to_h15,60,0.94,15.0,0.5,confirm_only_if_unsure,0.07203389830508475,147,84,63,0.5714285714285714,52.5,60.0,0.9761904761904762,105,1.3830954994511524,113,1.4884742041712402,0.7437641723356009,5.80900109769484,0.40834248079034025,1.1972789115646258,0.8129251700680272,0.582312925170068,0.5054421768707483,0.4670068027210884,0.4439455782312925,0.4362585034013605,True
clean_Jul_Sep,escalate_h60_to_h15,60,0.94,15.0,0.54,none,0.0826271186440678,147,84,63,0.5714285714285714,51.607142857142854,60.0,0.9761904761904762,105,1.3830954994511524,110,1.4489571899012075,0.745958429561201,5.7036223929747525,0.0,1.1768707482993197,0.8027210884353742,0.5782312925170068,0.5034013605442177,0.46598639455782315,0.4435374149659864,0.43605442176870746,True
clean_Jul_Sep,escalate_h60_to_h15,60,0.94,15.0,0.54,advisory_if_unsure,0.0826271186440678,147,84,63,0.5714285714285714,51.607142857142854,60.0,0.9761904761904762,105,1.3830954994511524,110,1.4489571899012075,0.745958429561201,5.7036223929747525,0.47420417124039516,1.1768707482993197,0.8027210884353742,0.5782312925170068,0.5034013605442177,0.46598639455782315,0.4435374149659864,0.43605442176870746,True
clean_Jul_Sep,escalate_h60_to_h15,60,0.94,15.0,0.54,confirm_only_if_unsure,0.0826271186440678,147,84,63,0.5714285714285714,51.785714285714285,60.0,0.9761904761904762,105,1.3830954994511524,112,1.4753018660812294,0.7431192660550459,5.743139407244786,0.47420417124039516,1.1904761904761905,0.8095238095238095,0.580952380952381,0.5047619047619047,0.4666666666666667,0.4438095238095238,0.4361904761904762,True
clean_Jul_Sep,escalate_h60_to_h15,60,0.94,15.0,0.58,none,0.08686440677966102,147,84,63,0.5714285714285714,51.42857142857143,60.0,0.9761904761904762,105,1.3830954994511524,109,1.4357848518111964,0.7470997679814385,5.67727771679473,0.0,1.1700680272108843,0.7993197278911565,0.5768707482993197,0.5027210884353741,0.46564625850340136,0.4434013605442177,0.4359863945578231,True
clean_Jul_Sep,escalate_h60_to_h15,60,0.94,15.0,0.58,advisory_if_unsure,0.08686440677966102,147,84,63,0.5714285714285714,51.42857142857143,60.0,0.9761904761904762,105,1.3830954994511524,109,1.4357848518111964,0.7470997679814385,5.67727771679473,0.500548847420417,1.1700680272108843,0.7993197278911565,0.5768707482993197,0.5027210884353741,0.46564625850340136,0.4434013605442177,0.4359863945578231,True
clean_Jul_Sep,escalate_h60_to_h15,60,0.94,15.0,0.58,confirm_only_if_unsure,0.08686440677966102,147,84,63,0.5714285714285714,51.607142857142854,60.0,0.9761904761904762,105,1.3830954994511524,111,1.4621295279912183,0.7442396313364056,5.7167947310647635,0.500548847420417,1.183673469387755,0.8061224489795918,0.5795918367346938,0.5040816326530613,0.4663265306122449,0.4436734693877551,0.43612244897959185,True
clean_Jul_Sep,escalate_h60_to_h15,60,0.94,15.0,0.62,none,0.09533898305084745,147,84,63,0.5714285714285714,51.25,60.0,0.9761904761904762,103,1.3567508232711305,106,1.3962678375411635,0.7517564402810304,5.624588364434687,0.0,1.1496598639455782,0.7891156462585034,0.5727891156462585,0.5006802721088436,0.46462585034013604,0.44299319727891157,0.43578231292517006,True
clean_Jul_Sep,escalate_h60_to_h15,60,0.94,15.0,0.62,advisory_if_unsure,0.09533898305084745,147,84,63,0.5714285714285714,51.25,60.0,0.9761904761904762,103,1.3567508232711305,106,1.3962678375411635,0.7517564402810304,5.624588364434687,0.553238199780461,1.1496598639455782,0.7891156462585034,0.5727891156462585,0.5006802721088436,0.46462585034013604,0.44299319727891157,0.43578231292517006,True
clean_Jul_Sep,escalate_h60_to_h15,60,0.94,15.0,0.62,confirm_only_if_unsure,0.09533898305084745,147,84,63,0.5714285714285714,51.42857142857143,60.0,0.9761904761904762,103,1.3567508232711305,108,1.4226125137211854,0.7488372093023256,5.664105378704719,0.553238199780461,1.163265306122449,0.7959183673469388,0.5755102040816327,0.5020408163265306,0.46530612244897956,0.44326530612244897,0.4359183673469388,True
clean_Jul_Sep,escalate_h60_to_h15,60,0.94,15.0,0.66,none,0.11016949152542373,147,82,65,0.5578231292517006,51.03658536585366,60.0,0.975609756097561,100,1.3172338090010975,102,1.3435784851811197,0.7571428571428571,5.53238199780461,0.0,1.1360544217687074,0.7891156462585034,0.580952380952381,0.5115646258503401,0.47687074829931975,0.4560544217687075,0.4491156462585034,True
clean_Jul_Sep,escalate_h60_to_h15,60,0.94,15.0,0.66,advisory_if_unsure,0.11016949152542373,147,82,65,0.5578231292517006,51.03658536585366,60.0,0.975609756097561,100,1.3172338090010975,102,1.3435784851811197,0.7571428571428571,5.53238199780461,0.6190998902305159,1.1360544217687074,0.7891156462585034,0.580952380952381,0.5115646258503401,0.47687074829931975,0.4560544217687075,0.4491156462585034,True
clean_Jul_Sep,escalate_h60_to_h15,60,0.94,15.0,0.66,confirm_only_if_unsure,0.11016949152542373,147,84,63,0.5714285714285714,51.25,60.0,0.9761904761904762,102,1.3435784851811197,104,1.3699231613611416,0.7552941176470588,5.598243688254665,0.6190998902305159,1.1360544217687074,0.782312925170068,0.5700680272108843,0.4993197278911565,0.4639455782312925,0.44272108843537417,0.4356462585034014,True
clean_Jul_Sep,escalate_h60_to_h15,60,0.94,15.0,0.7,none,0.1652542372881356,147,81,66,0.5510204081632653,49.25925925925926,60.0,0.9259259259259259,97,1.2777167947310646,85,1.119648737650933,0.7842639593908629,5.189901207464325,0.0,1.0272108843537415,0.7380952380952381,0.564625850340136,0.5068027210884354,0.477891156462585,0.4605442176870748,0.45476190476190476,True
clean_Jul_Sep,escalate_h60_to_h15,60,0.94,15.0,0.7,advisory_if_unsure,0.1652542372881356,147,81,66,0.5510204081632653,49.25925925925926,60.0,0.9259259259259259,97,1.2777167947310646,85,1.119648737650933,0.7842639593908629,5.189901207464325,0.9484083424807903,1.0272108843537415,0.7380952380952381,0.564625850340136,0.5068027210884354,0.477891156462585,0.4605442176870748,0.45476190476190476,True
clean_Jul_Sep,escalate_h60_to_h15,60,0.94,15.0,0.7,confirm_only_if_unsure,0.1652542372881356,147,83,64,0.564625850340136,49.51807228915663,60.0,0.927710843373494,100,1.3172338090010975,88,1.159165751920966,0.78,5.26893523600439,0.9484083424807903,1.034013605442177,0.7346938775510204,0.5551020408163265,0.49523809523809526,0.46530612244897956,0.4473469387755102,0.44136054421768706,True
clean_Jul_Sep,escalate_h60_to_h15,60,0.94,15.0,0.74,none,0.21822033898305085,147,79,68,0.5374149659863946,48.037974683544306,60.0,0.8987341772151899,95,1.2513721185510427,73,0.9615806805708013,0.8021680216802168,4.86059275521405,0.0,0.9591836734693877,0.7108843537414966,0.5619047619047619,0.5122448979591837,0.48741496598639455,0.4725170068027211,0.46755102040816326,True
clean_Jul_Sep,escalate_h60_to_h15,60,0.94,15.0,0.74,advisory_if_unsure,0.21822033898305085,147,79,68,0.5374149659863946,48.037974683544306,60.0,0.8987341772151899,95,1.2513721185510427,73,0.9615806805708013,0.8021680216802168,4.86059275521405,1.2777167947310646,0.9591836734693877,0.7108843537414966,0.5619047619047619,0.5122448979591837,0.48741496598639455,0.4725170068027211,0.46755102040816326,True
clean_Jul_Sep,escalate_h60_to_h15,60,0.94,15.0,0.74,confirm_only_if_unsure,0.21822033898305085,147,81,66,0.5510204081632653,48.333333333333336,60.0,0.9012345679012346,98,1.2908891328210756,76,1.001097694840834,0.7973333333333333,4.939626783754116,1.2777167947310646,0.9659863945578231,0.7074829931972789,0.5523809523809524,0.5006802721088436,0.4748299319727891,0.45931972789115644,0.45414965986394557,True
clean_Jul_Sep,escalate_h60_to_h15,60,0.94,15.0,0.78,none,0.3156779661016949,147,74,73,0.5034013605442177,43.986486486486484,45.0,0.8243243243243243,97,1.2777167947310646,60,0.7903402854006586,0.8142414860681114,4.254665203073546,0.0,0.9047619047619048,0.7006802721088435,0.5782312925170068,0.5374149659863946,0.5170068027210885,0.5047619047619047,0.5006802721088436,True
clean_Jul_Sep,escalate_h60_to_h15,60,0.94,15.0,0.78,advisory_if_unsure,0.3156779661016949,147,74,73,0.5034013605442177,43.986486486486484,45.0,0.8243243243243243,97,1.2777167947310646,60,0.7903402854006586,0.8142414860681114,4.254665203073546,1.8836443468715696,0.9047619047619048,0.7006802721088435,0.5782312925170068,0.5374149659863946,0.5170068027210885,0.5047619047619047,0.5006802721088436,True
clean_Jul_Sep,escalate_h60_to_h15,60,0.94,15.0,0.78,confirm_only_if_unsure,0.3156779661016949,147,76,71,0.5170068027210885,44.4078947368421,45.0,0.8289473684210527,100,1.3172338090010975,63,0.8298572996706916,0.8085106382978723,4.333699231613611,1.8836443468715696,0.9115646258503401,0.6972789115646258,0.5687074829931973,0.5258503401360545,0.504421768707483,0.4915646258503401,0.4872789115646258,True
clean_Jul_Sep,escalate_h60_to_h15,60,0.94,15.0,0.82,none,0.3495762711864407,147,71,76,0.48299319727891155,43.521126760563384,45.0,0.8028169014084507,95,1.2513721185510427,55,0.7244785949506037,0.8208469055374593,4.04390779363337,0.0,0.891156462585034,0.7040816326530612,0.5918367346938775,0.5544217687074829,0.5357142857142857,0.5244897959183673,0.5207482993197279,True
clean_Jul_Sep,escalate_h60_to_h15,60,0.94,15.0,0.82,advisory_if_unsure,0.3495762711864407,147,71,76,0.48299319727891155,43.521126760563384,45.0,0.8028169014084507,95,1.2513721185510427,55,0.7244785949506037,0.8208469055374593,4.04390779363337,2.068057080131723,0.891156462585034,0.7040816326530612,0.5918367346938775,0.5544217687074829,0.5357142857142857,0.5244897959183673,0.5207482993197279,True
clean_Jul_Sep,escalate_h60_to_h15,60,0.94,15.0,0.82,confirm_only_if_unsure,0.3495762711864407,147,73,74,0.4965986394557823,43.97260273972603,45.0,0.8082191780821918,100,1.3172338090010975,60,0.7903402854006586,0.8095238095238095,4.149286498353457,2.068057080131723,0.9115646258503401,0.7074829931972789,0.5850340136054422,0.54421768707483,0.5238095238095238,0.5115646258503401,0.507482993197279,True
clean_Jul_Sep,escalate_h60_to_h15,60,0.94,15.0,0.86,none,0.3665254237288136,147,70,77,0.47619047619047616,42.642857142857146,45.0,0.7857142857142857,94,1.2381997804610319,53,0.6981339187705817,0.822742474916388,3.938529088913282,0.0,0.8843537414965986,0.7040816326530612,0.5959183673469388,0.5598639455782313,0.5418367346938775,0.5310204081632653,0.5274149659863946,True
clean_Jul_Sep,escalate_h60_to_h15,60,0.94,15.0,0.86,advisory_if_unsure,0.3665254237288136,147,70,77,0.47619047619047616,42.642857142857146,45.0,0.7857142857142857,94,1.2381997804610319,53,0.6981339187705817,0.822742474916388,3.938529088913282,2.173435784851811,0.8843537414965986,0.7040816326530612,0.5959183673469388,0.5598639455782313,0.5418367346938775,0.5310204081632653,0.5274149659863946,True
clean_Jul_Sep,escalate_h60_to_h15,60,0.94,15.0,0.86,confirm_only_if_unsure,0.3665254237288136,147,72,75,0.4897959183673469,43.125,45.0,0.7916666666666666,99,1.3040614709110867,58,0.7639956092206366,0.8110749185667753,4.04390779363337,2.173435784851811,0.9047619047619048,0.7074829931972789,0.5891156462585034,0.5496598639455782,0.5299319727891156,0.518095238095238,0.5141496598639456,True
clean_Jul_Sep,escalate_h60_to_h15,60,0.94,15.0,0.9,none,0.3983050847457627,147,66,81,0.4489795918367347,42.72727272727273,45.0,0.7424242424242424,91,1.198682766190999,48,0.6322722283205269,0.8309859154929577,3.740944017563117,0.0,0.8775510204081632,0.7142857142857143,0.6163265306122448,0.5836734693877551,0.5673469387755102,0.5575510204081633,0.5542857142857143,True
clean_Jul_Sep,escalate_h60_to_h15,60,0.94,15.0,0.9,advisory_if_unsure,0.3983050847457627,147,66,81,0.4489795918367347,42.72727272727273,45.0,0.7424242424242424,91,1.198682766190999,48,0.6322722283205269,0.8309859154929577,3.740944017563117,2.331503841931943,0.8775510204081632,0.7142857142857143,0.6163265306122448,0.5836734693877551,0.5673469387755102,0.5575510204081633,0.5542857142857143,True
clean_Jul_Sep,escalate_h60_to_h15,60,0.94,15.0,0.9,confirm_only_if_unsure,0.3983050847457627,147,69,78,0.46938775510204084,43.04347826086956,45.0,0.7536231884057971,98,1.2908891328210756,54,0.7113062568605927,0.8169491525423729,3.8858397365532378,2.331503841931943,0.8979591836734694,0.7142857142857143,0.6040816326530613,0.5673469387755102,0.5489795918367347,0.5379591836734694,0.5342857142857143,True
clean_Jul_Sep,escalate_h60_to_h15,60,0.94,15.0,0.94,none,0.4936440677966102,147,59,88,0.4013605442176871,41.440677966101696,45.0,0.711864406779661,81,1.066959385290889,27,0.35565312843029634,0.8870292887029289,3.1481888035126233,0.0,0.782312925170068,0.6904761904761905,0.6353741496598639,0.6170068027210884,0.6078231292517007,0.6023129251700681,0.6004761904761905,True
clean_Jul_Sep,escalate_h60_to_h15,60,0.94,15.0,0.94,advisory_if_unsure,0.4936440677966102,147,59,88,0.4013605442176871,41.440677966101696,45.0,0.711864406779661,81,1.066959385290889,27,0.35565312843029634,0.8870292887029289,3.1481888035126233,2.897914379802415,0.782312925170068,0.6904761904761905,0.6353741496598639,0.6170068027210884,0.6078231292517007,0.6023129251700681,0.6004761904761905,True
clean_Jul_Sep,escalate_h60_to_h15,60,0.94,15.0,0.94,confirm_only_if_unsure,0.4936440677966102,147,63,84,0.42857142857142855,41.42857142857143,45.0,0.7142857142857143,90,1.1855104281009878,34,0.4478594950603732,0.8650793650793651,3.319429198682766,2.897914379802415,0.8027210884353742,0.6870748299319728,0.617687074829932,0.5945578231292517,0.5829931972789115,0.5760544217687075,0.5737414965986395,True
clean_Jul_Sep,escalate_h60_to_h15,60,0.94,15.0,0.98,none,0.7139830508474576,147,36,111,0.24489795918367346,40.0,45.0,0.6388888888888888,72,0.9484083424807903,11,0.14489571899012074,0.9185185185185185,1.7782656421514818,0.0,0.8299319727891157,0.7925170068027211,0.7700680272108843,0.7625850340136054,0.758843537414966,0.7565986394557823,0.7558503401360545,True
clean_Jul_Sep,escalate_h60_to_h15,60,0.94,15.0,0.98,advisory_if_unsure,0.7139830508474576,147,36,111,0.24489795918367346,40.0,45.0,0.6388888888888888,72,0.9484083424807903,11,0.14489571899012074,0.9185185185185185,1.7782656421514818,4.162458836443468,0.8299319727891157,0.7925170068027211,0.7700680272108843,0.7625850340136054,0.758843537414966,0.7565986394557823,0.7558503401360545,True
clean_Jul_Sep,escalate_h60_to_h15,60,0.94,15.0,0.98,confirm_only_if_unsure,0.7139830508474576,147,43,104,0.2925170068027211,40.81395348837209,45.0,0.6744186046511628,86,1.132821075740944,20,0.26344676180021953,0.8717948717948718,2.0548847420417125,4.162458836443468,0.8435374149659864,0.7755102040816326,0.7346938775510204,0.7210884353741497,0.7142857142857143,0.710204081632653,0.708843537414966,True
clean_Jul_Sep,escalate_h60_to_h15,60,0.98,15.0,0.5,none,0.14953271028037382,147,29,118,0.19727891156462585,49.6551724137931,60.0,1.0,42,0.553238199780461,18,0.23710208562019758,0.8021978021978022,1.198682766190999,0.0,0.9251700680272109,0.8639455782312925,0.8272108843537415,0.8149659863945579,0.808843537414966,0.8051700680272109,0.8039455782312925,True
clean_Jul_Sep,escalate_h60_to_h15,60,0.98,15.0,0.5,advisory_if_unsure,0.14953271028037382,147,29,118,0.19727891156462585,49.6551724137931,60.0,1.0,42,0.553238199780461,18,0.23710208562019758,0.8021978021978022,1.198682766190999,0.21075740944017562,0.9251700680272109,0.8639455782312925,0.8272108843537415,0.8149659863945579,0.808843537414966,0.8051700680272109,0.8039455782312925,True
clean_Jul_Sep,escalate_h60_to_h15,60,0.98,15.0,0.5,confirm_only_if_unsure,0.14953271028037382,147,29,118,0.19727891156462585,49.6551724137931,60.0,1.0,42,0.553238199780461,18,0.23710208562019758,0.8021978021978022,1.198682766190999,0.21075740944017562,0.9251700680272109,0.8639455782312925,0.8272108843537415,0.8149659863945579,0.808843537414966,0.8051700680272109,0.8039455782312925,True
clean_Jul_Sep,escalate_h60_to_h15,60,0.98,15.0,0.54,none,0.18691588785046728,147,29,118,0.19727891156462585,48.10344827586207,45.0,1.0,42,0.553238199780461,17,0.2239297475301866,0.8045977011494253,1.1459934138309549,0.0,0.9183673469387755,0.8605442176870748,0.8258503401360544,0.8142857142857143,0.8085034013605442,0.8050340136054421,0.8038775510204081,True
clean_Jul_Sep,escalate_h60_to_h15,60,0.98,15.0,0.54,advisory_if_unsure,0.18691588785046728,147,29,118,0.19727891156462585,48.10344827586207,45.0,1.0,42,0.553238199780461,17,0.2239297475301866,0.8045977011494253,1.1459934138309549,0.26344676180021953,0.9183673469387755,0.8605442176870748,0.8258503401360544,0.8142857142857143,0.8085034013605442,0.8050340136054421,0.8038775510204081,True
clean_Jul_Sep,escalate_h60_to_h15,60,0.98,15.0,0.54,confirm_only_if_unsure,0.18691588785046728,147,29,118,0.19727891156462585,48.10344827586207,45.0,1.0,42,0.553238199780461,17,0.2239297475301866,0.8045977011494253,1.1459934138309549,0.26344676180021953,0.9183673469387755,0.8605442176870748,0.8258503401360544,0.8142857142857143,0.8085034013605442,0.8050340136054421,0.8038775510204081,True
clean_Jul_Sep,escalate_h60_to_h15,60,0.98,15.0,0.58,none,0.19626168224299065,147,29,118,0.19727891156462585,47.58620689655172,45.0,1.0,42,0.553238199780461,17,0.2239297475301866,0.8023255813953488,1.132821075740944,0.0,0.9183673469387755,0.8605442176870748,0.8258503401360544,0.8142857142857143,0.8085034013605442,0.8050340136054421,0.8038775510204081,True
clean_Jul_Sep,escalate_h60_to_h15,60,0.98,15.0,0.58,advisory_if_unsure,0.19626168224299065,147,29,118,0.19727891156462585,47.58620689655172,45.0,1.0,42,0.553238199780461,17,0.2239297475301866,0.8023255813953488,1.132821075740944,0.2766190998902305,0.9183673469387755,0.8605442176870748,0.8258503401360544,0.8142857142857143,0.8085034013605442,0.8050340136054421,0.8038775510204081,True
clean_Jul_Sep,escalate_h60_to_h15,60,0.98,15.0,0.58,confirm_only_if_unsure,0.19626168224299065,147,29,118,0.19727891156462585,47.58620689655172,45.0,1.0,42,0.553238199780461,17,0.2239297475301866,0.8023255813953488,1.132821075740944,0.2766190998902305,0.9183673469387755,0.8605442176870748,0.8258503401360544,0.8142857142857143,0.8085034013605442,0.8050340136054421,0.8038775510204081,True
clean_Jul_Sep,escalate_h60_to_h15,60,0.98,15.0,0.62,none,0.19626168224299065,147,29,118,0.19727891156462585,47.58620689655172,45.0,1.0,42,0.553238199780461,17,0.2239297475301866,0.8023255813953488,1.132821075740944,0.0,0.9183673469387755,0.8605442176870748,0.8258503401360544,0.8142857142857143,0.8085034013605442,0.8050340136054421,0.8038775510204081,True
clean_Jul_Sep,escalate_h60_to_h15,60,0.98,15.0,0.62,advisory_if_unsure,0.19626168224299065,147,29,118,0.19727891156462585,47.58620689655172,45.0,1.0,42,0.553238199780461,17,0.2239297475301866,0.8023255813953488,1.132821075740944,0.2766190998902305,0.9183673469387755,0.8605442176870748,0.8258503401360544,0.8142857142857143,0.8085034013605442,0.8050340136054421,0.8038775510204081,True
clean_Jul_Sep,escalate_h60_to_h15,60,0.98,15.0,0.62,confirm_only_if_unsure,0.19626168224299065,147,29,118,0.19727891156462585,47.58620689655172,45.0,1.0,42,0.553238199780461,17,0.2239297475301866,0.8023255813953488,1.132821075740944,0.2766190998902305,0.9183673469387755,0.8605442176870748,0.8258503401360544,0.8142857142857143,0.8085034013605442,0.8050340136054421,0.8038775510204081,True
clean_Jul_Sep,escalate_h60_to_h15,60,0.98,15.0,0.66,none,0.205607476635514,147,29,118,0.19727891156462585,47.58620689655172,45.0,1.0,42,0.553238199780461,16,0.21075740944017562,0.8117647058823529,1.119648737650933,0.0,0.9115646258503401,0.8571428571428571,0.8244897959183674,0.8136054421768707,0.8081632653061225,0.8048979591836735,0.8038095238095239,True
clean_Jul_Sep,escalate_h60_to_h15,60,0.98,15.0,0.66,advisory_if_unsure,0.205607476635514,147,29,118,0.19727891156462585,47.58620689655172,45.0,1.0,42,0.553238199780461,16,0.21075740944017562,0.8117647058823529,1.119648737650933,0.2897914379802415,0.9115646258503401,0.8571428571428571,0.8244897959183674,0.8136054421768707,0.8081632653061225,0.8048979591836735,0.8038095238095239,True
clean_Jul_Sep,escalate_h60_to_h15,60,0.98,15.0,0.66,confirm_only_if_unsure,0.205607476635514,147,29,118,0.19727891156462585,47.58620689655172,45.0,1.0,42,0.553238199780461,16,0.21075740944017562,0.8117647058823529,1.119648737650933,0.2897914379802415,0.9115646258503401,0.8571428571428571,0.8244897959183674,0.8136054421768707,0.8081632653061225,0.8048979591836735,0.8038095238095239,True
clean_Jul_Sep,escalate_h60_to_h15,60,0.98,15.0,0.7,none,0.3177570093457944,147,27,120,0.1836734693877551,45.55555555555556,45.0,0.9629629629629629,37,0.4873765093304061,9,0.11855104281009879,0.8767123287671232,0.9615806805708013,0.0,0.8775510204081632,0.8469387755102041,0.8285714285714286,0.8224489795918367,0.8193877551020409,0.8175510204081633,0.8169387755102041,True
clean_Jul_Sep,escalate_h60_to_h15,60,0.98,15.0,0.7,advisory_if_unsure,0.3177570093457944,147,27,120,0.1836734693877551,45.55555555555556,45.0,0.9629629629629629,37,0.4873765093304061,9,0.11855104281009879,0.8767123287671232,0.9615806805708013,0.4478594950603732,0.8775510204081632,0.8469387755102041,0.8285714285714286,0.8224489795918367,0.8193877551020409,0.8175510204081633,0.8169387755102041,True
clean_Jul_Sep,escalate_h60_to_h15,60,0.98,15.0,0.7,confirm_only_if_unsure,0.3177570093457944,147,27,120,0.1836734693877551,45.55555555555556,45.0,0.9629629629629629,37,0.4873765093304061,9,0.11855104281009879,0.8767123287671232,0.9615806805708013,0.4478594950603732,0.8775510204081632,0.8469387755102041,0.8285714285714286,0.8224489795918367,0.8193877551020409,0.8175510204081633,0.8169387755102041,True
clean_Jul_Sep,escalate_h60_to_h15,60,0.98,15.0,0.74,none,0.38317757009345793,147,25,122,0.17006802721088435,45.0,45.0,0.96,36,0.47420417124039516,7,0.09220636663007684,0.8939393939393939,0.8693743139407244,0.0,0.8775510204081632,0.8537414965986394,0.8394557823129252,0.8346938775510204,0.832312925170068,0.8308843537414966,0.8304081632653061,True
clean_Jul_Sep,escalate_h60_to_h15,60,0.98,15.0,0.74,advisory_if_unsure,0.38317757009345793,147,25,122,0.17006802721088435,45.0,45.0,0.96,36,0.47420417124039516,7,0.09220636663007684,0.8939393939393939,0.8693743139407244,0.54006586169045,0.8775510204081632,0.8537414965986394,0.8394557823129252,0.8346938775510204,0.832312925170068,0.8308843537414966,0.8304081632653061,True
clean_Jul_Sep,escalate_h60_to_h15,60,0.98,15.0,0.74,confirm_only_if_unsure,0.38317757009345793,147,25,122,0.17006802721088435,45.0,45.0,0.96,36,0.47420417124039516,7,0.09220636663007684,0.8939393939393939,0.8693743139407244,0.54006586169045,0.8775510204081632,0.8537414965986394,0.8394557823129252,0.8346938775510204,0.832312925170068,0.8308843537414966,0.8304081632653061,True
clean_Jul_Sep,escalate_h60_to_h15,60,0.98,15.0,0.78,none,0.4766355140186916,147,18,129,0.12244897959183673,43.333333333333336,45.0,0.8888888888888888,30,0.3951701427003293,7,0.09220636663007684,0.875,0.7376509330406147,0.0,0.9251700680272109,0.9013605442176871,0.8870748299319728,0.882312925170068,0.8799319727891156,0.8785034013605442,0.8780272108843538,True
clean_Jul_Sep,escalate_h60_to_h15,60,0.98,15.0,0.78,advisory_if_unsure,0.4766355140186916,147,18,129,0.12244897959183673,43.333333333333336,45.0,0.8888888888888888,30,0.3951701427003293,7,0.09220636663007684,0.875,0.7376509330406147,0.6717892425905598,0.9251700680272109,0.9013605442176871,0.8870748299319728,0.882312925170068,0.8799319727891156,0.8785034013605442,0.8780272108843538,True
clean_Jul_Sep,escalate_h60_to_h15,60,0.98,15.0,0.78,confirm_only_if_unsure,0.4766355140186916,147,18,129,0.12244897959183673,43.333333333333336,45.0,0.8888888888888888,30,0.3951701427003293,7,0.09220636663007684,0.875,0.7376509330406147,0.6717892425905598,0.9251700680272109,0.9013605442176871,0.8870748299319728,0.882312925170068,0.8799319727891156,0.8785034013605442,0.8780272108843538,True
clean_Jul_Sep,escalate_h60_to_h15,60,0.98,15.0,0.82,none,0.5233644859813084,147,17,130,0.11564625850340136,41.470588235294116,45.0,0.8235294117647058,29,0.3819978046103183,6,0.07903402854006586,0.8823529411764706,0.6717892425905598,0.0,0.9251700680272109,0.9047619047619048,0.8925170068027211,0.8884353741496599,0.8863945578231293,0.8851700680272109,0.8847619047619047,True
clean_Jul_Sep,escalate_h60_to_h15,60,0.98,15.0,0.82,advisory_if_unsure,0.5233644859813084,147,17,130,0.11564625850340136,41.470588235294116,45.0,0.8235294117647058,29,0.3819978046103183,6,0.07903402854006586,0.8823529411764706,0.6717892425905598,0.7376509330406147,0.9251700680272109,0.9047619047619048,0.8925170068027211,0.8884353741496599,0.8863945578231293,0.8851700680272109,0.8847619047619047,True
clean_Jul_Sep,escalate_h60_to_h15,60,0.98,15.0,0.82,confirm_only_if_unsure,0.5233644859813084,147,17,130,0.11564625850340136,41.470588235294116,45.0,0.8235294117647058,29,0.3819978046103183,6,0.07903402854006586,0.8823529411764706,0.6717892425905598,0.7376509330406147,0.9251700680272109,0.9047619047619048,0.8925170068027211,0.8884353741496599,0.8863945578231293,0.8851700680272109,0.8847619047619047,True
clean_Jul_Sep,escalate_h60_to_h15,60,0.98,15.0,0.86,none,0.5420560747663551,147,15,132,0.10204081632653061,41.0,45.0,0.8,27,0.35565312843029634,6,0.07903402854006586,0.8775510204081632,0.6454445664105378,0.0,0.9387755102040817,0.9183673469387755,0.9061224489795918,0.9020408163265307,0.9,0.8987755102040816,0.8983673469387755,True
clean_Jul_Sep,escalate_h60_to_h15,60,0.98,15.0,0.86,advisory_if_unsure,0.5420560747663551,147,15,132,0.10204081632653061,41.0,45.0,0.8,27,0.35565312843029634,6,0.07903402854006586,0.8775510204081632,0.6454445664105378,0.7639956092206366,0.9387755102040817,0.9183673469387755,0.9061224489795918,0.9020408163265307,0.9,0.8987755102040816,0.8983673469387755,True
clean_Jul_Sep,escalate_h60_to_h15,60,0.98,15.0,0.86,confirm_only_if_unsure,0.5420560747663551,147,15,132,0.10204081632653061,41.0,45.0,0.8,27,0.35565312843029634,6,0.07903402854006586,0.8775510204081632,0.6454445664105378,0.7639956092206366,0.9387755102040817,0.9183673469387755,0.9061224489795918,0.9020408163265307,0.9,0.8987755102040816,0.8983673469387755,True
clean_Jul_Sep,escalate_h60_to_h15,60,0.98,15.0,0.9,none,0.5607476635514018,147,14,133,0.09523809523809523,41.785714285714285,45.0,0.7857142857142857,26,0.3424807903402854,5,0.06586169045005488,0.8936170212765957,0.6190998902305159,0.0,0.9387755102040817,0.9217687074829932,0.9115646258503401,0.9081632653061225,0.9064625850340136,0.9054421768707483,0.9051020408163265,True
clean_Jul_Sep,escalate_h60_to_h15,60,0.98,15.0,0.9,advisory_if_unsure,0.5607476635514018,147,14,133,0.09523809523809523,41.785714285714285,45.0,0.7857142857142857,26,0.3424807903402854,5,0.06586169045005488,0.8936170212765957,0.6190998902305159,0.7903402854006586,0.9387755102040817,0.9217687074829932,0.9115646258503401,0.9081632653061225,0.9064625850340136,0.9054421768707483,0.9051020408163265,True
clean_Jul_Sep,escalate_h60_to_h15,60,0.98,15.0,0.9,confirm_only_if_unsure,0.5607476635514018,147,14,133,0.09523809523809523,41.785714285714285,45.0,0.7857142857142857,26,0.3424807903402854,5,0.06586169045005488,0.8936170212765957,0.6190998902305159,0.7903402854006586,0.9387755102040817,0.9217687074829932,0.9115646258503401,0.9081632653061225,0.9064625850340136,0.9054421768707483,0.9051020408163265,True
clean_Jul_Sep,escalate_h60_to_h15,60,0.98,15.0,0.94,none,0.5981308411214953,147,11,136,0.07482993197278912,42.27272727272727,60.0,0.7272727272727273,23,0.30296377607025243,5,0.06586169045005488,0.8837209302325582,0.566410537870472,0.0,0.9591836734693877,0.9421768707482994,0.9319727891156463,0.9285714285714286,0.9268707482993197,0.9258503401360544,0.9255102040816326,True
clean_Jul_Sep,escalate_h60_to_h15,60,0.98,15.0,0.94,advisory_if_unsure,0.5981308411214953,147,11,136,0.07482993197278912,42.27272727272727,60.0,0.7272727272727273,23,0.30296377607025243,5,0.06586169045005488,0.8837209302325582,0.566410537870472,0.8430296377607025,0.9591836734693877,0.9421768707482994,0.9319727891156463,0.9285714285714286,0.9268707482993197,0.9258503401360544,0.9255102040816326,True
clean_Jul_Sep,escalate_h60_to_h15,60,0.98,15.0,0.94,confirm_only_if_unsure,0.5981308411214953,147,11,136,0.07482993197278912,42.27272727272727,60.0,0.7272727272727273,23,0.30296377607025243,5,0.06586169045005488,0.8837209302325582,0.566410537870472,0.8430296377607025,0.9591836734693877,0.9421768707482994,0.9319727891156463,0.9285714285714286,0.9268707482993197,0.9258503401360544,0.9255102040816326,True
clean_Jul_Sep,escalate_h60_to_h15,60,0.98,15.0,0.98,none,0.7383177570093458,147,6,141,0.04081632653061224,52.5,60.0,0.8333333333333334,16,0.21075740944017562,2,0.026344676180021953,0.9285714285714286,0.36882546652030734,0.0,0.9727891156462585,0.9659863945578231,0.9619047619047619,0.9605442176870749,0.9598639455782313,0.9594557823129252,0.9593197278911565,True
clean_Jul_Sep,escalate_h60_to_h15,60,0.98,15.0,0.98,advisory_if_unsure,0.7383177570093458,147,6,141,0.04081632653061224,52.5,60.0,0.8333333333333334,16,0.21075740944017562,2,0.026344676180021953,0.9285714285714286,0.36882546652030734,1.040614709110867,0.9727891156462585,0.9659863945578231,0.9619047619047619,0.9605442176870749,0.9598639455782313,0.9594557823129252,0.9593197278911565,True
clean_Jul_Sep,escalate_h60_to_h15,60,0.98,15.0,0.98,confirm_only_if_unsure,0.7383177570093458,147,6,141,0.04081632653061224,52.5,60.0,0.8333333333333334,16,0.21075740944017562,2,0.026344676180021953,0.9285714285714286,0.36882546652030734,1.040614709110867,0.9727891156462585,0.9659863945578231,0.9619047619047619,0.9605442176870749,0.9598639455782313,0.9594557823129252,0.9593197278911565,True
