policy,early_q,confirm_stage,confirm_q,gate,confirm_rejection_rate,n_targets,n_days,prevalence,tp,fp,fn,tn,precision,recall_target,f1,n_events,events_detected,missed_events,event_recall,residual_lead_min,mean_lead_to_onset_min,lead_ge_30min_share,false_alert_steps,false_alert_steps_per_day,alert_steps_per_day,alert_events_per_day,operator_check_min_per_day,advisories_per_day,cost_r1,cost_r2,cost_r5,cost_r10,cost_r20,cost_r50,cost_r100
single_early_h60,0.5,,,none,0.0,4595,48,0.07116430903155604,327,1740,0,2528,0.15820029027576196,1.0,0.2731829573934837,104,104,0,1.0,60,60.0,1.0,1740,36.25,43.0625,2.4166666666666665,12.083333333333334,0.0,16.73076923076923,8.365384615384615,3.3461538461538463,1.6730769230769231,0.8365384615384616,0.3346153846153846,0.1673076923076923
single_early_h60,0.54,,,none,0.0,4595,48,0.07116430903155604,327,1572,0,2696,0.1721958925750395,1.0,0.29380053908355797,104,104,0,1.0,60,60.0,1.0,1572,32.75,39.5625,2.1666666666666665,10.833333333333334,0.0,15.115384615384615,7.5576923076923075,3.023076923076923,1.5115384615384615,0.7557692307692307,0.30230769230769233,0.15115384615384617
single_early_h60,0.58,,,none,0.0,4595,48,0.07116430903155604,327,1433,0,2835,0.18579545454545454,1.0,0.31336847149017727,104,104,0,1.0,60,60.0,1.0,1433,29.854166666666668,36.666666666666664,1.9791666666666667,9.895833333333334,0.0,13.778846153846153,6.889423076923077,2.7557692307692307,1.3778846153846154,0.6889423076923077,0.27557692307692305,0.13778846153846153
single_early_h60,0.62,,,none,0.0,4595,48,0.07116430903155604,327,1299,0,2969,0.2011070110701107,1.0,0.3348694316436252,104,104,0,1.0,60,60.0,1.0,1299,27.0625,33.875,1.75,8.75,0.0,12.490384615384615,6.2451923076923075,2.498076923076923,1.2490384615384615,0.6245192307692308,0.24980769230769231,0.12490384615384616
single_early_h60,0.66,,,none,0.0,4595,48,0.07116430903155604,326,1119,1,3149,0.22560553633217992,0.9969418960244648,0.36794582392776526,104,103,1,0.9903846153846154,60,60.0,1.0,1119,23.3125,30.104166666666668,1.7708333333333333,8.854166666666666,0.0,10.76923076923077,5.389423076923077,2.1615384615384614,1.085576923076923,0.5475961538461539,0.22480769230769232,0.11721153846153846
single_early_h60,0.7,,,none,0.0,4595,48,0.07116430903155604,323,944,4,3324,0.2549329123914759,0.9877675840978594,0.40526976160602257,104,102,2,0.9807692307692307,60,59.705882352941174,1.0,944,19.666666666666668,26.395833333333332,1.9166666666666667,9.583333333333334,0.0,9.096153846153847,4.5576923076923075,1.8346153846153845,0.926923076923077,0.47307692307692306,0.20076923076923076,0.11
single_early_h60,0.74,,,none,0.0,4595,48,0.07116430903155604,316,788,11,3480,0.286231884057971,0.9663608562691132,0.4416491963661775,104,101,3,0.9711538461538461,60,59.10891089108911,0.9900990099009901,788,16.416666666666668,23.0,1.9583333333333333,9.791666666666666,0.0,7.605769230769231,3.8173076923076925,1.5442307692307693,0.7865384615384615,0.4076923076923077,0.1803846153846154,0.10461538461538461
single_early_h60,0.78,,,none,0.0,4595,48,0.07116430903155604,312,670,15,3598,0.31771894093686354,0.9541284403669725,0.4766997708174179,104,100,4,0.9615384615384616,60,59.1,0.99,670,13.958333333333334,20.458333333333332,1.9583333333333333,9.791666666666666,0.0,6.480769230769231,3.2596153846153846,1.3269230769230769,0.6826923076923077,0.3605769230769231,0.1673076923076923,0.10288461538461538
single_early_h60,0.82,,,none,0.0,4595,48,0.07116430903155604,307,574,20,3694,0.34846765039727584,0.9388379204892966,0.5082781456953642,104,97,7,0.9326923076923077,60,59.381443298969074,0.9896907216494846,574,11.958333333333334,18.354166666666668,2.0625,10.3125,0.0,5.586538461538462,2.826923076923077,1.1711538461538462,0.6192307692307693,0.34326923076923077,0.1776923076923077,0.1225
single_early_h60,0.86,,,none,0.0,4595,48,0.07116430903155604,298,466,29,3802,0.3900523560209424,0.9113149847094801,0.5462878093492209,104,93,11,0.8942307692307693,60,59.354838709677416,0.989247311827957,466,9.708333333333334,15.916666666666666,2.1041666666666665,10.520833333333334,0.0,4.586538461538462,2.3461538461538463,1.001923076923077,0.5538461538461539,0.3298076923076923,0.19538461538461538,0.15057692307692308
single_early_h60,0.9,,,none,0.0,4595,48,0.07116430903155604,271,360,56,3908,0.4294770206022187,0.8287461773700305,0.5657620041753654,104,87,17,0.8365384615384616,60,57.41379310344828,0.9885057471264368,360,7.5,13.145833333333334,2.0208333333333335,10.104166666666666,0.0,3.625,1.8942307692307692,0.8557692307692307,0.5096153846153846,0.33653846153846156,0.2326923076923077,0.19807692307692307
single_early_h60,0.94,,,none,0.0,4595,48,0.07116430903155604,220,211,107,4057,0.5104408352668214,0.672782874617737,0.5804749340369393,104,70,34,0.6730769230769231,60,57.0,1.0,211,4.395833333333333,8.979166666666666,2.0625,10.3125,0.0,2.355769230769231,1.3413461538461537,0.7326923076923076,0.5298076923076923,0.4283653846153846,0.3675,0.34721153846153846
single_early_h60,0.98,,,none,0.0,4595,48,0.07116430903155604,82,53,245,4215,0.6074074074074074,0.25076452599388377,0.354978354978355,104,32,72,0.3076923076923077,60,51.09375,0.9375,53,1.1041666666666667,2.8125,1.25,6.25,0.0,1.2019230769230769,0.9471153846153846,0.7942307692307692,0.7432692307692308,0.7177884615384615,0.7025,0.6974038461538462
single_confirmA_h45,0.5,,,none,0.0,4595,48,0.07116430903155604,327,1766,0,2502,0.15623506927854755,1.0,0.2702479338842975,104,104,0,1.0,45,45.0,1.0,1766,36.791666666666664,43.604166666666664,2.1458333333333335,10.729166666666666,0.0,16.98076923076923,8.490384615384615,3.396153846153846,1.698076923076923,0.8490384615384615,0.3396153846153846,0.1698076923076923
single_confirmA_h45,0.54,,,none,0.0,4595,48,0.07116430903155604,327,1590,0,2678,0.1705790297339593,1.0,0.2914438502673797,104,104,0,1.0,45,45.0,1.0,1590,33.125,39.9375,2.2708333333333335,11.354166666666666,0.0,15.288461538461538,7.644230769230769,3.0576923076923075,1.5288461538461537,0.7644230769230769,0.3057692307692308,0.1528846153846154
single_confirmA_h45,0.58,,,none,0.0,4595,48,0.07116430903155604,327,1439,0,2829,0.18516421291053228,1.0,0.3124701385570951,104,104,0,1.0,45,45.0,1.0,1439,29.979166666666668,36.791666666666664,1.9375,9.6875,0.0,13.836538461538462,6.918269230769231,2.7673076923076922,1.3836538461538461,0.6918269230769231,0.2767307692307692,0.1383653846153846
single_confirmA_h45,0.62,,,none,0.0,4595,48,0.07116430903155604,327,1271,0,2997,0.204630788485607,1.0,0.33974025974025973,104,104,0,1.0,45,45.0,1.0,1271,26.479166666666668,33.291666666666664,1.8333333333333333,9.166666666666666,0.0,12.221153846153847,6.110576923076923,2.4442307692307694,1.2221153846153847,0.6110576923076924,0.2444230769230769,0.12221153846153845
single_confirmA_h45,0.66,,,none,0.0,4595,48,0.07116430903155604,327,1129,0,3139,0.2245879120879121,1.0,0.3667975322490185,104,104,0,1.0,45,45.0,1.0,1129,23.520833333333332,30.333333333333332,1.7083333333333333,8.541666666666666,0.0,10.85576923076923,5.427884615384615,2.171153846153846,1.085576923076923,0.5427884615384615,0.21711538461538463,0.10855769230769231
single_confirmA_h45,0.7,,,none,0.0,4595,48,0.07116430903155604,327,949,0,3319,0.256269592476489,1.0,0.4079850280723643,104,104,0,1.0,45,45.0,1.0,949,19.770833333333332,26.583333333333332,1.7916666666666667,8.958333333333334,0.0,9.125,4.5625,1.825,0.9125,0.45625,0.1825,0.09125
single_confirmA_h45,0.74,,,none,0.0,4595,48,0.07116430903155604,321,802,6,3466,0.2858414959928762,0.981651376146789,0.44275862068965516,104,101,3,0.9711538461538461,45,44.554455445544555,0.9900990099009901,802,16.708333333333332,23.395833333333332,1.9166666666666667,9.583333333333334,0.0,7.740384615384615,3.8846153846153846,1.5711538461538461,0.8,0.41442307692307695,0.18307692307692308,0.10596153846153847
single_confirmA_h45,0.78,,,none,0.0,4595,48,0.07116430903155604,315,691,12,3577,0.31312127236580517,0.963302752293578,0.47261815453863465,104,100,4,0.9615384615384616,45,44.4,0.99,691,14.395833333333334,20.958333333333332,1.9166666666666667,9.583333333333334,0.0,6.6826923076923075,3.360576923076923,1.3673076923076923,0.7028846153846153,0.37067307692307694,0.17134615384615384,0.10490384615384615
single_confirmA_h45,0.82,,,none,0.0,4595,48,0.07116430903155604,310,585,17,3683,0.3463687150837989,0.9480122324159022,0.5073649754500819,104,98,6,0.9423076923076923,45,43.775510204081634,0.9795918367346939,585,12.1875,18.645833333333332,2.0,10.0,0.0,5.6826923076923075,2.8701923076923075,1.1826923076923077,0.6201923076923077,0.3389423076923077,0.1701923076923077,0.11394230769230769
single_confirmA_h45,0.86,,,none,0.0,4595,48,0.07116430903155604,305,472,22,3796,0.39253539253539255,0.9327217125382263,0.552536231884058,104,96,8,0.9230769230769231,45,43.90625,0.9791666666666666,472,9.833333333333334,16.1875,2.0,10.0,0.0,4.615384615384615,2.3461538461538463,0.9846153846153847,0.5307692307692308,0.3038461538461538,0.1676923076923077,0.12230769230769231
single_confirmA_h45,0.9,,,none,0.0,4595,48,0.07116430903155604,285,368,42,3900,0.43644716692189894,0.8715596330275229,0.5816326530612245,104,90,14,0.8653846153846154,45,43.666666666666664,0.9888888888888889,368,7.666666666666667,13.604166666666666,1.9375,9.6875,0.0,3.673076923076923,1.9038461538461537,0.8423076923076923,0.48846153846153845,0.31153846153846154,0.2053846153846154,0.17
single_confirmA_h45,0.94,,,none,0.0,4595,48,0.07116430903155604,234,235,93,4033,0.4989339019189765,0.7155963302752294,0.5879396984924623,104,74,30,0.7115384615384616,45,40.74324324324324,0.9324324324324325,235,4.895833333333333,9.770833333333334,1.8541666666666667,9.270833333333334,0.0,2.548076923076923,1.4182692307692308,0.7403846153846154,0.5144230769230769,0.4014423076923077,0.33365384615384613,0.3110576923076923
single_confirmA_h45,0.98,,,none,0.0,4595,48,0.07116430903155604,89,61,238,4207,0.5933333333333334,0.27217125382262997,0.3731656184486373,104,34,70,0.3269230769230769,45,37.5,0.8529411764705882,61,1.2708333333333333,3.125,1.4791666666666667,7.395833333333333,0.0,1.2596153846153846,0.9663461538461539,0.7903846153846154,0.7317307692307692,0.7024038461538461,0.6848076923076923,0.6789423076923077
single_confirmB_h15,0.5,,,none,0.0,4595,48,0.07116430903155604,327,1684,0,2584,0.16260566882148186,1.0,0.2797262617621899,104,104,0,1.0,15,15.0,0.0,1684,35.083333333333336,41.895833333333336,2.3958333333333335,11.979166666666666,0.0,16.192307692307693,8.096153846153847,3.2384615384615385,1.6192307692307693,0.8096153846153846,0.32384615384615384,0.16192307692307692
single_confirmB_h15,0.54,,,none,0.0,4595,48,0.07116430903155604,327,1532,0,2736,0.1759010220548682,1.0,0.2991765782250686,104,104,0,1.0,15,15.0,0.0,1532,31.916666666666668,38.729166666666664,2.5208333333333335,12.604166666666666,0.0,14.73076923076923,7.365384615384615,2.9461538461538463,1.4730769230769232,0.7365384615384616,0.2946153846153846,0.1473076923076923
single_confirmB_h15,0.58,,,none,0.0,4595,48,0.07116430903155604,327,1369,0,2899,0.1928066037735849,1.0,0.32328225407810185,104,104,0,1.0,15,15.0,0.0,1369,28.520833333333332,35.333333333333336,2.375,11.875,0.0,13.163461538461538,6.581730769230769,2.6326923076923077,1.3163461538461538,0.6581730769230769,0.26326923076923076,0.13163461538461538
single_confirmB_h15,0.62,,,none,0.0,4595,48,0.07116430903155604,327,1226,0,3042,0.21056020605280104,1.0,0.3478723404255319,104,104,0,1.0,15,15.0,0.0,1226,25.541666666666668,32.354166666666664,1.9791666666666667,9.895833333333334,0.0,11.788461538461538,5.894230769230769,2.3576923076923078,1.1788461538461539,0.5894230769230769,0.23576923076923076,0.11788461538461538
single_confirmB_h15,0.66,,,none,0.0,4595,48,0.07116430903155604,327,1084,0,3184,0.23175053153791636,1.0,0.3762945914844649,104,104,0,1.0,15,15.0,0.0,1084,22.583333333333332,29.395833333333332,1.6458333333333333,8.229166666666666,0.0,10.423076923076923,5.211538461538462,2.0846153846153848,1.0423076923076924,0.5211538461538462,0.20846153846153845,0.10423076923076922
single_confirmB_h15,0.7,,,none,0.0,4595,48,0.07116430903155604,326,905,1,3363,0.264825345247766,0.9969418960244648,0.4184852374839538,104,104,0,1.0,15,14.85576923076923,0.0,905,18.854166666666668,25.645833333333332,1.6875,8.4375,0.0,8.701923076923077,4.350961538461538,1.7403846153846154,0.8701923076923077,0.43509615384615385,0.17403846153846153,0.08701923076923077
single_confirmB_h15,0.74,,,none,0.0,4595,48,0.07116430903155604,322,775,5,3493,0.2935278030993619,0.9847094801223242,0.45224719101123595,104,102,2,0.9807692307692307,15,14.705882352941176,0.0,775,16.145833333333332,22.854166666666668,1.9375,9.6875,0.0,7.471153846153846,3.7451923076923075,1.5096153846153846,0.7644230769230769,0.3918269230769231,0.16826923076923078,0.09375
single_confirmB_h15,0.78,,,none,0.0,4595,48,0.07116430903155604,321,654,6,3614,0.3292307692307692,0.981651376146789,0.4930875576036866,104,102,2,0.9807692307692307,15,14.558823529411764,0.0,654,13.625,20.3125,2.0208333333333335,10.104166666666666,0.0,6.3076923076923075,3.1634615384615383,1.2769230769230768,0.6480769230769231,0.33365384615384613,0.145,0.08211538461538462
single_confirmB_h15,0.82,,,none,0.0,4595,48,0.07116430903155604,316,562,11,3706,0.35990888382687924,0.9663608562691132,0.5244813278008299,104,100,4,0.9615384615384616,15,14.4,0.0,562,11.708333333333334,18.291666666666668,2.125,10.625,0.0,5.4423076923076925,2.7403846153846154,1.1192307692307693,0.5788461538461539,0.30865384615384617,0.14653846153846153,0.0925
single_confirmB_h15,0.86,,,none,0.0,4595,48,0.07116430903155604,312,484,15,3784,0.39195979899497485,0.9541284403669725,0.5556544968833482,104,99,5,0.9519230769230769,15,13.93939393939394,0.0,484,10.083333333333334,16.583333333333332,1.9375,9.6875,0.0,4.701923076923077,2.375,0.9788461538461538,0.5134615384615384,0.28076923076923077,0.14115384615384616,0.09461538461538462
single_confirmB_h15,0.9,,,none,0.0,4595,48,0.07116430903155604,304,380,23,3888,0.4444444444444444,0.9296636085626911,0.6013847675568744,104,96,8,0.9230769230769231,15,13.59375,0.0,380,7.916666666666667,14.25,2.1041666666666665,10.520833333333334,0.0,3.730769230769231,1.9038461538461537,0.8076923076923077,0.4423076923076923,0.25961538461538464,0.15,0.11346153846153846
single_confirmB_h15,0.94,,,none,0.0,4595,48,0.07116430903155604,278,230,49,4038,0.547244094488189,0.8501529051987767,0.665868263473054,104,88,16,0.8461538461538461,15,11.420454545454545,0.0,230,4.791666666666667,10.583333333333334,2.1875,10.9375,0.0,2.3653846153846154,1.2596153846153846,0.5961538461538461,0.375,0.2644230769230769,0.19807692307692307,0.17596153846153847
single_confirmB_h15,0.98,,,none,0.0,4595,48,0.07116430903155604,195,70,132,4198,0.7358490566037735,0.5963302752293578,0.6587837837837838,104,64,40,0.6153846153846154,15,6.5625,0.0,70,1.4583333333333333,5.520833333333333,1.7291666666666667,8.645833333333334,0.0,1.0576923076923077,0.7211538461538461,0.5192307692307693,0.4519230769230769,0.4182692307692308,0.39807692307692305,0.39134615384615384
seq_h60_to_confirmA_h45,0.5,confirmA_h45,0.5,none,0.04886308659893566,4595,48,0.07116430903155604,327,1639,0,2629,0.16632756866734486,1.0,0.2852158744003489,104,104,0,1.0,45,45.0,1.0,1639,34.145833333333336,40.958333333333336,2.3125,11.5625,0.0,15.759615384615385,7.8798076923076925,3.151923076923077,1.5759615384615384,0.7879807692307692,0.3151923076923077,0.15759615384615386
seq_h60_to_confirmA_h45,0.5,confirmA_h45,0.5,advisory_if_unsure,0.04886308659893566,4595,48,0.07116430903155604,327,1639,0,2629,0.16632756866734486,1.0,0.2852158744003489,104,104,0,1.0,45,45.0,1.0,1639,34.145833333333336,40.958333333333336,2.3125,11.5625,0.25,15.759615384615385,7.8798076923076925,3.151923076923077,1.5759615384615384,0.7879807692307692,0.3151923076923077,0.15759615384615386
seq_h60_to_confirmA_h45,0.5,confirmA_h45,0.5,confirm_only_if_unsure,0.04886308659893566,4595,48,0.07116430903155604,327,1728,0,2540,0.1591240875912409,1.0,0.27455919395465994,104,104,0,1.0,45,45.0,1.0,1728,36.0,42.8125,2.4166666666666665,12.083333333333334,0.25,16.615384615384617,8.307692307692308,3.3230769230769233,1.6615384615384616,0.8307692307692308,0.3323076923076923,0.16615384615384615
seq_h60_to_confirmA_h45,0.5,confirmA_h45,0.54,none,0.10208030962747944,4595,48,0.07116430903155604,327,1529,0,2739,0.17618534482758622,1.0,0.2995877233165369,104,104,0,1.0,45,45.0,1.0,1529,31.854166666666668,38.666666666666664,2.1458333333333335,10.729166666666666,0.0,14.701923076923077,7.350961538461538,2.9403846153846156,1.4701923076923078,0.7350961538461539,0.2940384615384615,0.14701923076923076
seq_h60_to_confirmA_h45,0.5,confirmA_h45,0.54,advisory_if_unsure,0.10208030962747944,4595,48,0.07116430903155604,327,1529,0,2739,0.17618534482758622,1.0,0.2995877233165369,104,104,0,1.0,45,45.0,1.0,1529,31.854166666666668,38.666666666666664,2.1458333333333335,10.729166666666666,0.5,14.701923076923077,7.350961538461538,2.9403846153846156,1.4701923076923078,0.7350961538461539,0.2940384615384615,0.14701923076923076
seq_h60_to_confirmA_h45,0.5,confirmA_h45,0.54,confirm_only_if_unsure,0.10208030962747944,4595,48,0.07116430903155604,327,1716,0,2552,0.16005873715124816,1.0,0.2759493670886076,104,104,0,1.0,45,45.0,1.0,1716,35.75,42.5625,2.4166666666666665,12.083333333333334,0.5,16.5,8.25,3.3,1.65,0.825,0.33,0.165
seq_h60_to_confirmA_h45,0.5,confirmA_h45,0.58,none,0.16207063376874697,4595,48,0.07116430903155604,327,1405,0,2863,0.18879907621247113,1.0,0.3176299174356484,104,104,0,1.0,45,45.0,1.0,1405,29.270833333333332,36.083333333333336,1.875,9.375,0.0,13.509615384615385,6.7548076923076925,2.701923076923077,1.3509615384615385,0.6754807692307693,0.2701923076923077,0.13509615384615384
seq_h60_to_confirmA_h45,0.5,confirmA_h45,0.58,advisory_if_unsure,0.16207063376874697,4595,48,0.07116430903155604,327,1405,0,2863,0.18879907621247113,1.0,0.3176299174356484,104,104,0,1.0,45,45.0,1.0,1405,29.270833333333332,36.083333333333336,1.875,9.375,0.9166666666666666,13.509615384615385,6.7548076923076925,2.701923076923077,1.3509615384615385,0.6754807692307693,0.2701923076923077,0.13509615384615384
seq_h60_to_confirmA_h45,0.5,confirmA_h45,0.58,confirm_only_if_unsure,0.16207063376874697,4595,48,0.07116430903155604,327,1696,0,2572,0.16164112703905092,1.0,0.2782978723404255,104,104,0,1.0,45,45.0,1.0,1696,35.333333333333336,42.145833333333336,2.4791666666666665,12.395833333333334,0.9166666666666666,16.307692307692307,8.153846153846153,3.2615384615384615,1.6307692307692307,0.8153846153846154,0.3261538461538461,0.16307692307692306
seq_h60_to_confirmA_h45,0.5,confirmA_h45,0.62,none,0.23415578132559264,4595,48,0.07116430903155604,327,1256,0,3012,0.2065698041692988,1.0,0.3424083769633508,104,104,0,1.0,45,45.0,1.0,1256,26.166666666666668,32.979166666666664,1.75,8.75,0.0,12.076923076923077,6.038461538461538,2.4153846153846152,1.2076923076923076,0.6038461538461538,0.24153846153846154,0.12076923076923077
seq_h60_to_confirmA_h45,0.5,confirmA_h45,0.62,advisory_if_unsure,0.23415578132559264,4595,48,0.07116430903155604,327,1256,0,3012,0.2065698041692988,1.0,0.3424083769633508,104,104,0,1.0,45,45.0,1.0,1256,26.166666666666668,32.979166666666664,1.75,8.75,1.7083333333333333,12.076923076923077,6.038461538461538,2.4153846153846152,1.2076923076923076,0.6038461538461538,0.24153846153846154,0.12076923076923077
seq_h60_to_confirmA_h45,0.5,confirmA_h45,0.62,confirm_only_if_unsure,0.23415578132559264,4595,48,0.07116430903155604,327,1658,0,2610,0.16473551637279596,1.0,0.2828719723183391,104,104,0,1.0,45,45.0,1.0,1658,34.541666666666664,41.354166666666664,2.5625,12.8125,1.7083333333333333,15.942307692307692,7.971153846153846,3.1884615384615387,1.5942307692307693,0.7971153846153847,0.31884615384615383,0.15942307692307692
seq_h60_to_confirmA_h45,0.5,confirmA_h45,0.66,none,0.2985002418964683,4595,48,0.07116430903155604,327,1123,0,3145,0.22551724137931034,1.0,0.36803601575689365,104,104,0,1.0,45,45.0,1.0,1123,23.395833333333332,30.208333333333332,1.6666666666666667,8.333333333333334,0.0,10.798076923076923,5.399038461538462,2.1596153846153845,1.0798076923076922,0.5399038461538461,0.21596153846153845,0.10798076923076923
seq_h60_to_confirmA_h45,0.5,confirmA_h45,0.66,advisory_if_unsure,0.2985002418964683,4595,48,0.07116430903155604,327,1123,0,3145,0.22551724137931034,1.0,0.36803601575689365,104,104,0,1.0,45,45.0,1.0,1123,23.395833333333332,30.208333333333332,1.6666666666666667,8.333333333333334,2.6041666666666665,10.798076923076923,5.399038461538462,2.1596153846153845,1.0798076923076922,0.5399038461538461,0.21596153846153845,0.10798076923076923
seq_h60_to_confirmA_h45,0.5,confirmA_h45,0.66,confirm_only_if_unsure,0.2985002418964683,4595,48,0.07116430903155604,327,1615,0,2653,0.16838311019567456,1.0,0.2882327016306743,104,104,0,1.0,45,45.0,1.0,1615,33.645833333333336,40.458333333333336,2.7916666666666665,13.958333333333334,2.6041666666666665,15.528846153846153,7.764423076923077,3.105769230769231,1.5528846153846154,0.7764423076923077,0.3105769230769231,0.15528846153846154
seq_h60_to_confirmA_h45,0.5,confirmA_h45,0.7,none,0.38316400580551524,4595,48,0.07116430903155604,327,948,0,3320,0.2564705882352941,1.0,0.40823970037453183,104,104,0,1.0,45,45.0,1.0,948,19.75,26.5625,1.7916666666666667,8.958333333333334,0.0,9.115384615384615,4.5576923076923075,1.823076923076923,0.9115384615384615,0.45576923076923076,0.1823076923076923,0.09115384615384615
seq_h60_to_confirmA_h45,0.5,confirmA_h45,0.7,advisory_if_unsure,0.38316400580551524,4595,48,0.07116430903155604,327,948,0,3320,0.2564705882352941,1.0,0.40823970037453183,104,104,0,1.0,45,45.0,1.0,948,19.75,26.5625,1.7916666666666667,8.958333333333334,4.458333333333333,9.115384615384615,4.5576923076923075,1.823076923076923,0.9115384615384615,0.45576923076923076,0.1823076923076923,0.09115384615384615
seq_h60_to_confirmA_h45,0.5,confirmA_h45,0.7,confirm_only_if_unsure,0.38316400580551524,4595,48,0.07116430903155604,327,1526,0,2742,0.17647058823529413,1.0,0.3,104,104,0,1.0,45,45.0,1.0,1526,31.791666666666668,38.604166666666664,3.125,15.625,4.458333333333333,14.673076923076923,7.336538461538462,2.9346153846153844,1.4673076923076922,0.7336538461538461,0.29346153846153844,0.14673076923076922
seq_h60_to_confirmA_h45,0.5,confirmA_h45,0.74,none,0.4567005321722303,4595,48,0.07116430903155604,321,802,6,3466,0.2858414959928762,0.981651376146789,0.44275862068965516,104,101,3,0.9711538461538461,45,44.554455445544555,0.9900990099009901,802,16.708333333333332,23.395833333333332,1.9166666666666667,9.583333333333334,0.0,7.740384615384615,3.8846153846153846,1.5711538461538461,0.8,0.41442307692307695,0.18307692307692308,0.10596153846153847
seq_h60_to_confirmA_h45,0.5,confirmA_h45,0.74,advisory_if_unsure,0.4567005321722303,4595,48,0.07116430903155604,321,802,6,3466,0.2858414959928762,0.981651376146789,0.44275862068965516,104,101,3,0.9711538461538461,45,44.554455445544555,0.9900990099009901,802,16.708333333333332,23.395833333333332,1.9166666666666667,9.583333333333334,6.354166666666667,7.740384615384615,3.8846153846153846,1.5711538461538461,0.8,0.41442307692307695,0.18307692307692308,0.10596153846153847
seq_h60_to_confirmA_h45,0.5,confirmA_h45,0.74,confirm_only_if_unsure,0.4567005321722303,4595,48,0.07116430903155604,327,1435,0,2833,0.1855845629965948,1.0,0.3130684538056486,104,104,0,1.0,45,45.0,1.0,1435,29.895833333333332,36.708333333333336,3.6458333333333335,18.229166666666668,6.354166666666667,13.798076923076923,6.899038461538462,2.7596153846153846,1.3798076923076923,0.6899038461538461,0.2759615384615385,0.13798076923076924
seq_h60_to_confirmA_h45,0.5,confirmA_h45,0.78,none,0.5133043057571359,4595,48,0.07116430903155604,315,691,12,3577,0.31312127236580517,0.963302752293578,0.47261815453863465,104,100,4,0.9615384615384616,45,44.4,0.99,691,14.395833333333334,20.958333333333332,1.9166666666666667,9.583333333333334,0.0,6.6826923076923075,3.360576923076923,1.3673076923076923,0.7028846153846153,0.37067307692307694,0.17134615384615384,0.10490384615384615
seq_h60_to_confirmA_h45,0.5,confirmA_h45,0.78,advisory_if_unsure,0.5133043057571359,4595,48,0.07116430903155604,315,691,12,3577,0.31312127236580517,0.963302752293578,0.47261815453863465,104,100,4,0.9615384615384616,45,44.4,0.99,691,14.395833333333334,20.958333333333332,1.9166666666666667,9.583333333333334,7.458333333333333,6.6826923076923075,3.360576923076923,1.3673076923076923,0.7028846153846153,0.37067307692307694,0.17134615384615384,0.10490384615384615
seq_h60_to_confirmA_h45,0.5,confirmA_h45,0.78,confirm_only_if_unsure,0.5133043057571359,4595,48,0.07116430903155604,325,1384,2,2884,0.19016968987712113,0.9938837920489296,0.3192534381139489,104,104,0,1.0,45,45.0,1.0,1384,28.833333333333332,35.604166666666664,3.7083333333333335,18.541666666666668,7.458333333333333,13.307692307692308,6.653846153846154,2.6615384615384614,1.3307692307692307,0.6653846153846154,0.26615384615384613,0.13307692307692306
seq_h60_to_confirmA_h45,0.5,confirmA_h45,0.82,none,0.5670053217223029,4595,48,0.07116430903155604,310,585,17,3683,0.3463687150837989,0.9480122324159022,0.5073649754500819,104,98,6,0.9423076923076923,45,43.775510204081634,0.9795918367346939,585,12.1875,18.645833333333332,2.0,10.0,0.0,5.6826923076923075,2.8701923076923075,1.1826923076923077,0.6201923076923077,0.3389423076923077,0.1701923076923077,0.11394230769230769
seq_h60_to_confirmA_h45,0.5,confirmA_h45,0.82,advisory_if_unsure,0.5670053217223029,4595,48,0.07116430903155604,310,585,17,3683,0.3463687150837989,0.9480122324159022,0.5073649754500819,104,98,6,0.9423076923076923,45,43.775510204081634,0.9795918367346939,585,12.1875,18.645833333333332,2.0,10.0,8.708333333333334,5.6826923076923075,2.8701923076923075,1.1826923076923077,0.6201923076923077,0.3389423076923077,0.1701923076923077,0.11394230769230769
seq_h60_to_confirmA_h45,0.5,confirmA_h45,0.82,confirm_only_if_unsure,0.5670053217223029,4595,48,0.07116430903155604,321,1328,6,2940,0.19466343238326259,0.981651376146789,0.3248987854251012,104,102,2,0.9807692307692307,45,44.705882352941174,1.0,1328,27.666666666666668,34.354166666666664,3.8541666666666665,19.270833333333332,8.708333333333334,12.788461538461538,6.403846153846154,2.5730769230769233,1.2961538461538462,0.6576923076923077,0.2746153846153846,0.14692307692307693
seq_h60_to_confirmA_h45,0.5,confirmA_h45,0.86,none,0.6240928882438317,4595,48,0.07116430903155604,305,472,22,3796,0.39253539253539255,0.9327217125382263,0.552536231884058,104,96,8,0.9230769230769231,45,43.90625,0.9791666666666666,472,9.833333333333334,16.1875,2.0,10.0,0.0,4.615384615384615,2.3461538461538463,0.9846153846153847,0.5307692307692308,0.3038461538461538,0.1676923076923077,0.12230769230769231
seq_h60_to_confirmA_h45,0.5,confirmA_h45,0.86,advisory_if_unsure,0.6240928882438317,4595,48,0.07116430903155604,305,472,22,3796,0.39253539253539255,0.9327217125382263,0.552536231884058,104,96,8,0.9230769230769231,45,43.90625,0.9791666666666666,472,9.833333333333334,16.1875,2.0,10.0,9.875,4.615384615384615,2.3461538461538463,0.9846153846153847,0.5307692307692308,0.3038461538461538,0.1676923076923077,0.12230769230769231
seq_h60_to_confirmA_h45,0.5,confirmA_h45,0.86,confirm_only_if_unsure,0.6240928882438317,4595,48,0.07116430903155604,320,1273,7,2995,0.20087884494664154,0.9785932721712538,0.3333333333333333,104,102,2,0.9807692307692307,45,44.705882352941174,1.0,1273,26.520833333333332,33.1875,4.041666666666667,20.208333333333332,9.875,12.259615384615385,6.139423076923077,2.4673076923076924,1.2432692307692308,0.63125,0.26403846153846156,0.1416346153846154
seq_h60_to_confirmA_h45,0.5,confirmA_h45,0.9,none,0.6840832123850992,4595,48,0.07116430903155604,285,368,42,3900,0.43644716692189894,0.8715596330275229,0.5816326530612245,104,90,14,0.8653846153846154,45,43.666666666666664,0.9888888888888889,368,7.666666666666667,13.604166666666666,1.9375,9.6875,0.0,3.673076923076923,1.9038461538461537,0.8423076923076923,0.48846153846153845,0.31153846153846154,0.2053846153846154,0.17
seq_h60_to_confirmA_h45,0.5,confirmA_h45,0.9,advisory_if_unsure,0.6840832123850992,4595,48,0.07116430903155604,285,368,42,3900,0.43644716692189894,0.8715596330275229,0.5816326530612245,104,90,14,0.8653846153846154,45,43.666666666666664,0.9888888888888889,368,7.666666666666667,13.604166666666666,1.9375,9.6875,11.208333333333334,3.673076923076923,1.9038461538461537,0.8423076923076923,0.48846153846153845,0.31153846153846154,0.2053846153846154,0.17
seq_h60_to_confirmA_h45,0.5,confirmA_h45,0.9,confirm_only_if_unsure,0.6840832123850992,4595,48,0.07116430903155604,311,1218,16,3050,0.20340091563113147,0.9510703363914373,0.33512931034482757,104,101,3,0.9711538461538461,45,44.10891089108911,1.0,1218,25.375,31.854166666666668,4.3125,21.5625,11.208333333333334,11.740384615384615,5.884615384615385,2.371153846153846,1.2,0.614423076923077,0.2630769230769231,0.14596153846153845
seq_h60_to_confirmA_h45,0.5,confirmA_h45,0.94,none,0.7731011127237543,4595,48,0.07116430903155604,234,235,93,4033,0.4989339019189765,0.7155963302752294,0.5879396984924623,104,74,30,0.7115384615384616,45,40.74324324324324,0.9324324324324325,235,4.895833333333333,9.770833333333334,1.8541666666666667,9.270833333333334,0.0,2.548076923076923,1.4182692307692308,0.7403846153846154,0.5144230769230769,0.4014423076923077,0.33365384615384613,0.3110576923076923
seq_h60_to_confirmA_h45,0.5,confirmA_h45,0.94,advisory_if_unsure,0.7731011127237543,4595,48,0.07116430903155604,234,235,93,4033,0.4989339019189765,0.7155963302752294,0.5879396984924623,104,74,30,0.7115384615384616,45,40.74324324324324,0.9324324324324325,235,4.895833333333333,9.770833333333334,1.8541666666666667,9.270833333333334,12.354166666666666,2.548076923076923,1.4182692307692308,0.7403846153846154,0.5144230769230769,0.4014423076923077,0.33365384615384613,0.3110576923076923
seq_h60_to_confirmA_h45,0.5,confirmA_h45,0.94,confirm_only_if_unsure,0.7731011127237543,4595,48,0.07116430903155604,294,1180,33,3088,0.1994572591587517,0.8990825688073395,0.32648528595224874,104,98,6,0.9423076923076923,45,42.39795918367347,0.9591836734693877,1180,24.583333333333332,30.708333333333332,4.458333333333333,22.291666666666668,12.354166666666666,11.403846153846153,5.730769230769231,2.326923076923077,1.1923076923076923,0.625,0.2846153846153846,0.17115384615384616
seq_h60_to_confirmA_h45,0.5,confirmA_h45,0.98,none,0.9274310595065312,4595,48,0.07116430903155604,89,61,238,4207,0.5933333333333334,0.27217125382262997,0.3731656184486373,104,34,70,0.3269230769230769,45,37.5,0.8529411764705882,61,1.2708333333333333,3.125,1.4791666666666667,7.395833333333333,0.0,1.2596153846153846,0.9663461538461539,0.7903846153846154,0.7317307692307692,0.7024038461538461,0.6848076923076923,0.6789423076923077
seq_h60_to_confirmA_h45,0.5,confirmA_h45,0.98,advisory_if_unsure,0.9274310595065312,4595,48,0.07116430903155604,89,61,238,4207,0.5933333333333334,0.27217125382262997,0.3731656184486373,104,34,70,0.3269230769230769,45,37.5,0.8529411764705882,61,1.2708333333333333,3.125,1.4791666666666667,7.395833333333333,14.625,1.2596153846153846,0.9663461538461539,0.7903846153846154,0.7317307692307692,0.7024038461538461,0.6848076923076923,0.6789423076923077
seq_h60_to_confirmA_h45,0.5,confirmA_h45,0.98,confirm_only_if_unsure,0.9274310595065312,4595,48,0.07116430903155604,249,1116,78,3152,0.1824175824175824,0.7614678899082569,0.29432624113475175,104,88,16,0.8461538461538461,45,40.73863636363637,0.9090909090909091,1116,23.25,28.4375,4.5625,22.8125,14.625,10.884615384615385,5.519230769230769,2.3,1.226923076923077,0.6903846153846154,0.36846153846153845,0.2611538461538462
seq_h60_to_confirmA_h45,0.54,confirmA_h45,0.5,none,0.023696682464454975,4595,48,0.07116430903155604,327,1527,0,2741,0.17637540453074432,1.0,0.2998624484181568,104,104,0,1.0,45,45.0,1.0,1527,31.8125,38.625,2.0833333333333335,10.416666666666666,0.0,14.682692307692308,7.341346153846154,2.9365384615384613,1.4682692307692307,0.7341346153846153,0.29365384615384615,0.14682692307692308
seq_h60_to_confirmA_h45,0.54,confirmA_h45,0.5,advisory_if_unsure,0.023696682464454975,4595,48,0.07116430903155604,327,1527,0,2741,0.17637540453074432,1.0,0.2998624484181568,104,104,0,1.0,45,45.0,1.0,1527,31.8125,38.625,2.0833333333333335,10.416666666666666,0.1875,14.682692307692308,7.341346153846154,2.9365384615384613,1.4682692307692307,0.7341346153846153,0.29365384615384615,0.14682692307692308
seq_h60_to_confirmA_h45,0.54,confirmA_h45,0.5,confirm_only_if_unsure,0.023696682464454975,4595,48,0.07116430903155604,327,1563,0,2705,0.173015873015873,1.0,0.29499323410013534,104,104,0,1.0,45,45.0,1.0,1563,32.5625,39.375,2.1458333333333335,10.729166666666666,0.1875,15.028846153846153,7.514423076923077,3.0057692307692307,1.5028846153846154,0.7514423076923077,0.3005769230769231,0.15028846153846154
seq_h60_to_confirmA_h45,0.54,confirmA_h45,0.54,none,0.053712480252764615,4595,48,0.07116430903155604,327,1470,0,2798,0.18196994991652754,1.0,0.307909604519774,104,104,0,1.0,45,45.0,1.0,1470,30.625,37.4375,2.0625,10.3125,0.0,14.134615384615385,7.0673076923076925,2.826923076923077,1.4134615384615385,0.7067307692307693,0.2826923076923077,0.14134615384615384
seq_h60_to_confirmA_h45,0.54,confirmA_h45,0.54,advisory_if_unsure,0.053712480252764615,4595,48,0.07116430903155604,327,1470,0,2798,0.18196994991652754,1.0,0.307909604519774,104,104,0,1.0,45,45.0,1.0,1470,30.625,37.4375,2.0625,10.3125,0.375,14.134615384615385,7.0673076923076925,2.826923076923077,1.4134615384615385,0.7067307692307693,0.2826923076923077,0.14134615384615384
seq_h60_to_confirmA_h45,0.54,confirmA_h45,0.54,confirm_only_if_unsure,0.053712480252764615,4595,48,0.07116430903155604,327,1554,0,2714,0.17384370015948963,1.0,0.296195652173913,104,104,0,1.0,45,45.0,1.0,1554,32.375,39.1875,2.125,10.625,0.375,14.942307692307692,7.471153846153846,2.9884615384615385,1.4942307692307693,0.7471153846153846,0.2988461538461539,0.14942307692307694
seq_h60_to_confirmA_h45,0.54,confirmA_h45,0.58,none,0.10057925223802001,4595,48,0.07116430903155604,327,1381,0,2887,0.1914519906323185,1.0,0.32137592137592136,104,104,0,1.0,45,45.0,1.0,1381,28.770833333333332,35.583333333333336,1.875,9.375,0.0,13.278846153846153,6.639423076923077,2.6557692307692307,1.3278846153846153,0.6639423076923077,0.2655769230769231,0.13278846153846155
seq_h60_to_confirmA_h45,0.54,confirmA_h45,0.58,advisory_if_unsure,0.10057925223802001,4595,48,0.07116430903155604,327,1381,0,2887,0.1914519906323185,1.0,0.32137592137592136,104,104,0,1.0,45,45.0,1.0,1381,28.770833333333332,35.583333333333336,1.875,9.375,0.7083333333333334,13.278846153846153,6.639423076923077,2.6557692307692307,1.3278846153846153,0.6639423076923077,0.2655769230769231,0.13278846153846155
seq_h60_to_confirmA_h45,0.54,confirmA_h45,0.58,confirm_only_if_unsure,0.10057925223802001,4595,48,0.07116430903155604,327,1538,0,2730,0.17533512064343162,1.0,0.2983576642335766,104,104,0,1.0,45,45.0,1.0,1538,32.041666666666664,38.854166666666664,2.1666666666666665,10.833333333333334,0.7083333333333334,14.788461538461538,7.394230769230769,2.957692307692308,1.478846153846154,0.739423076923077,0.2957692307692308,0.1478846153846154
seq_h60_to_confirmA_h45,0.54,confirmA_h45,0.62,none,0.17114270668773038,4595,48,0.07116430903155604,327,1247,0,3021,0.20775095298602286,1.0,0.3440294581799053,104,104,0,1.0,45,45.0,1.0,1247,25.979166666666668,32.791666666666664,1.7291666666666667,8.645833333333334,0.0,11.990384615384615,5.9951923076923075,2.398076923076923,1.1990384615384615,0.5995192307692307,0.2398076923076923,0.11990384615384615
seq_h60_to_confirmA_h45,0.54,confirmA_h45,0.62,advisory_if_unsure,0.17114270668773038,4595,48,0.07116430903155604,327,1247,0,3021,0.20775095298602286,1.0,0.3440294581799053,104,104,0,1.0,45,45.0,1.0,1247,25.979166666666668,32.791666666666664,1.7291666666666667,8.645833333333334,1.4166666666666667,11.990384615384615,5.9951923076923075,2.398076923076923,1.1990384615384615,0.5995192307692307,0.2398076923076923,0.11990384615384615
seq_h60_to_confirmA_h45,0.54,confirmA_h45,0.62,confirm_only_if_unsure,0.17114270668773038,4595,48,0.07116430903155604,327,1504,0,2764,0.17859093391589295,1.0,0.3030583873957368,104,104,0,1.0,45,45.0,1.0,1504,31.333333333333332,38.145833333333336,2.2291666666666665,11.145833333333334,1.4166666666666667,14.461538461538462,7.230769230769231,2.8923076923076922,1.4461538461538461,0.7230769230769231,0.28923076923076924,0.14461538461538462
seq_h60_to_confirmA_h45,0.54,confirmA_h45,0.66,none,0.23802001053185887,4595,48,0.07116430903155604,327,1120,0,3148,0.22598479612992398,1.0,0.3686583990980834,104,104,0,1.0,45,45.0,1.0,1120,23.333333333333332,30.145833333333332,1.6666666666666667,8.333333333333334,0.0,10.76923076923077,5.384615384615385,2.1538461538461537,1.0769230769230769,0.5384615384615384,0.2153846153846154,0.1076923076923077
seq_h60_to_confirmA_h45,0.54,confirmA_h45,0.66,advisory_if_unsure,0.23802001053185887,4595,48,0.07116430903155604,327,1120,0,3148,0.22598479612992398,1.0,0.3686583990980834,104,104,0,1.0,45,45.0,1.0,1120,23.333333333333332,30.145833333333332,1.6666666666666667,8.333333333333334,2.2916666666666665,10.76923076923077,5.384615384615385,2.1538461538461537,1.0769230769230769,0.5384615384615384,0.2153846153846154,0.1076923076923077
seq_h60_to_confirmA_h45,0.54,confirmA_h45,0.66,confirm_only_if_unsure,0.23802001053185887,4595,48,0.07116430903155604,327,1462,0,2806,0.18278367803242035,1.0,0.30907372400756145,104,104,0,1.0,45,45.0,1.0,1462,30.458333333333332,37.270833333333336,2.4583333333333335,12.291666666666666,2.2916666666666665,14.057692307692308,7.028846153846154,2.8115384615384613,1.4057692307692307,0.7028846153846153,0.28115384615384614,0.14057692307692307
seq_h60_to_confirmA_h45,0.54,confirmA_h45,0.7,none,0.3291205897840969,4595,48,0.07116430903155604,327,947,0,3321,0.2566718995290424,1.0,0.4084946908182386,104,104,0,1.0,45,45.0,1.0,947,19.729166666666668,26.541666666666668,1.7916666666666667,8.958333333333334,0.0,9.10576923076923,4.552884615384615,1.8211538461538461,0.9105769230769231,0.45528846153846153,0.18211538461538462,0.09105769230769231
seq_h60_to_confirmA_h45,0.54,confirmA_h45,0.7,advisory_if_unsure,0.3291205897840969,4595,48,0.07116430903155604,327,947,0,3321,0.2566718995290424,1.0,0.4084946908182386,104,104,0,1.0,45,45.0,1.0,947,19.729166666666668,26.541666666666668,1.7916666666666667,8.958333333333334,4.125,9.10576923076923,4.552884615384615,1.8211538461538461,0.9105769230769231,0.45528846153846153,0.18211538461538462,0.09105769230769231
seq_h60_to_confirmA_h45,0.54,confirmA_h45,0.7,confirm_only_if_unsure,0.3291205897840969,4595,48,0.07116430903155604,327,1374,0,2894,0.19223985890652556,1.0,0.3224852071005917,104,104,0,1.0,45,45.0,1.0,1374,28.625,35.4375,2.8125,14.0625,4.125,13.211538461538462,6.605769230769231,2.6423076923076922,1.3211538461538461,0.6605769230769231,0.2642307692307692,0.1321153846153846
seq_h60_to_confirmA_h45,0.54,confirmA_h45,0.74,none,0.4086361242759347,4595,48,0.07116430903155604,321,802,6,3466,0.2858414959928762,0.981651376146789,0.44275862068965516,104,101,3,0.9711538461538461,45,44.554455445544555,0.9900990099009901,802,16.708333333333332,23.395833333333332,1.9166666666666667,9.583333333333334,0.0,7.740384615384615,3.8846153846153846,1.5711538461538461,0.8,0.41442307692307695,0.18307692307692308,0.10596153846153847
seq_h60_to_confirmA_h45,0.54,confirmA_h45,0.74,advisory_if_unsure,0.4086361242759347,4595,48,0.07116430903155604,321,802,6,3466,0.2858414959928762,0.981651376146789,0.44275862068965516,104,101,3,0.9711538461538461,45,44.554455445544555,0.9900990099009901,802,16.708333333333332,23.395833333333332,1.9166666666666667,9.583333333333334,6.020833333333333,7.740384615384615,3.8846153846153846,1.5711538461538461,0.8,0.41442307692307695,0.18307692307692308,0.10596153846153847
seq_h60_to_confirmA_h45,0.54,confirmA_h45,0.74,confirm_only_if_unsure,0.4086361242759347,4595,48,0.07116430903155604,327,1283,0,2985,0.2031055900621118,1.0,0.3376355188435725,104,104,0,1.0,45,45.0,1.0,1283,26.729166666666668,33.541666666666664,3.2708333333333335,16.354166666666668,6.020833333333333,12.336538461538462,6.168269230769231,2.4673076923076924,1.2336538461538462,0.6168269230769231,0.24673076923076923,0.12336538461538461
seq_h60_to_confirmA_h45,0.54,confirmA_h45,0.78,none,0.4702474986835176,4595,48,0.07116430903155604,315,691,12,3577,0.31312127236580517,0.963302752293578,0.47261815453863465,104,100,4,0.9615384615384616,45,44.4,0.99,691,14.395833333333334,20.958333333333332,1.9166666666666667,9.583333333333334,0.0,6.6826923076923075,3.360576923076923,1.3673076923076923,0.7028846153846153,0.37067307692307694,0.17134615384615384,0.10490384615384615
seq_h60_to_confirmA_h45,0.54,confirmA_h45,0.78,advisory_if_unsure,0.4702474986835176,4595,48,0.07116430903155604,315,691,12,3577,0.31312127236580517,0.963302752293578,0.47261815453863465,104,100,4,0.9615384615384616,45,44.4,0.99,691,14.395833333333334,20.958333333333332,1.9166666666666667,9.583333333333334,7.125,6.6826923076923075,3.360576923076923,1.3673076923076923,0.7028846153846153,0.37067307692307694,0.17134615384615384,0.10490384615384615
seq_h60_to_confirmA_h45,0.54,confirmA_h45,0.78,confirm_only_if_unsure,0.4702474986835176,4595,48,0.07116430903155604,325,1232,2,3036,0.20873474630700065,0.9938837920489296,0.34501061571125263,104,104,0,1.0,45,45.0,1.0,1232,25.666666666666668,32.4375,3.3125,16.5625,7.125,11.846153846153847,5.923076923076923,2.3692307692307693,1.1846153846153846,0.5923076923076923,0.23692307692307693,0.11846153846153847
seq_h60_to_confirmA_h45,0.54,confirmA_h45,0.82,none,0.5286993154291733,4595,48,0.07116430903155604,310,585,17,3683,0.3463687150837989,0.9480122324159022,0.5073649754500819,104,98,6,0.9423076923076923,45,43.775510204081634,0.9795918367346939,585,12.1875,18.645833333333332,2.0,10.0,0.0,5.6826923076923075,2.8701923076923075,1.1826923076923077,0.6201923076923077,0.3389423076923077,0.1701923076923077,0.11394230769230769
seq_h60_to_confirmA_h45,0.54,confirmA_h45,0.82,advisory_if_unsure,0.5286993154291733,4595,48,0.07116430903155604,310,585,17,3683,0.3463687150837989,0.9480122324159022,0.5073649754500819,104,98,6,0.9423076923076923,45,43.775510204081634,0.9795918367346939,585,12.1875,18.645833333333332,2.0,10.0,8.375,5.6826923076923075,2.8701923076923075,1.1826923076923077,0.6201923076923077,0.3389423076923077,0.1701923076923077,0.11394230769230769
seq_h60_to_confirmA_h45,0.54,confirmA_h45,0.82,confirm_only_if_unsure,0.5286993154291733,4595,48,0.07116430903155604,321,1176,6,3092,0.21442885771543085,0.981651376146789,0.3519736842105263,104,102,2,0.9807692307692307,45,44.705882352941174,1.0,1176,24.5,31.1875,3.4583333333333335,17.291666666666668,8.375,11.326923076923077,5.673076923076923,2.2807692307692307,1.15,0.5846153846153846,0.2453846153846154,0.13230769230769232
seq_h60_to_confirmA_h45,0.54,confirmA_h45,0.86,none,0.5908372827804107,4595,48,0.07116430903155604,305,472,22,3796,0.39253539253539255,0.9327217125382263,0.552536231884058,104,96,8,0.9230769230769231,45,43.90625,0.9791666666666666,472,9.833333333333334,16.1875,2.0,10.0,0.0,4.615384615384615,2.3461538461538463,0.9846153846153847,0.5307692307692308,0.3038461538461538,0.1676923076923077,0.12230769230769231
seq_h60_to_confirmA_h45,0.54,confirmA_h45,0.86,advisory_if_unsure,0.5908372827804107,4595,48,0.07116430903155604,305,472,22,3796,0.39253539253539255,0.9327217125382263,0.552536231884058,104,96,8,0.9230769230769231,45,43.90625,0.9791666666666666,472,9.833333333333334,16.1875,2.0,10.0,9.541666666666666,4.615384615384615,2.3461538461538463,0.9846153846153847,0.5307692307692308,0.3038461538461538,0.1676923076923077,0.12230769230769231
seq_h60_to_confirmA_h45,0.54,confirmA_h45,0.86,confirm_only_if_unsure,0.5908372827804107,4595,48,0.07116430903155604,320,1121,7,3147,0.2220680083275503,0.9785932721712538,0.36199095022624433,104,102,2,0.9807692307692307,45,44.705882352941174,1.0,1121,23.354166666666668,30.020833333333332,3.6458333333333335,18.229166666666668,9.541666666666666,10.798076923076923,5.408653846153846,2.175,1.0971153846153847,0.5581730769230769,0.2348076923076923,0.12701923076923077
seq_h60_to_confirmA_h45,0.54,confirmA_h45,0.9,none,0.6561348077935756,4595,48,0.07116430903155604,285,368,42,3900,0.43644716692189894,0.8715596330275229,0.5816326530612245,104,90,14,0.8653846153846154,45,43.666666666666664,0.9888888888888889,368,7.666666666666667,13.604166666666666,1.9375,9.6875,0.0,3.673076923076923,1.9038461538461537,0.8423076923076923,0.48846153846153845,0.31153846153846154,0.2053846153846154,0.17
seq_h60_to_confirmA_h45,0.54,confirmA_h45,0.9,advisory_if_unsure,0.6561348077935756,4595,48,0.07116430903155604,285,368,42,3900,0.43644716692189894,0.8715596330275229,0.5816326530612245,104,90,14,0.8653846153846154,45,43.666666666666664,0.9888888888888889,368,7.666666666666667,13.604166666666666,1.9375,9.6875,10.875,3.673076923076923,1.9038461538461537,0.8423076923076923,0.48846153846153845,0.31153846153846154,0.2053846153846154,0.17
seq_h60_to_confirmA_h45,0.54,confirmA_h45,0.9,confirm_only_if_unsure,0.6561348077935756,4595,48,0.07116430903155604,311,1066,16,3202,0.22585330428467684,0.9510703363914373,0.36502347417840375,104,101,3,0.9711538461538461,45,44.10891089108911,1.0,1066,22.208333333333332,28.6875,3.9166666666666665,19.583333333333332,10.875,10.278846153846153,5.153846153846154,2.078846153846154,1.0538461538461539,0.5413461538461538,0.23384615384615384,0.13134615384615383
seq_h60_to_confirmA_h45,0.54,confirmA_h45,0.94,none,0.7530279094260137,4595,48,0.07116430903155604,234,235,93,4033,0.4989339019189765,0.7155963302752294,0.5879396984924623,104,74,30,0.7115384615384616,45,40.74324324324324,0.9324324324324325,235,4.895833333333333,9.770833333333334,1.8541666666666667,9.270833333333334,0.0,2.548076923076923,1.4182692307692308,0.7403846153846154,0.5144230769230769,0.4014423076923077,0.33365384615384613,0.3110576923076923
seq_h60_to_confirmA_h45,0.54,confirmA_h45,0.94,advisory_if_unsure,0.7530279094260137,4595,48,0.07116430903155604,234,235,93,4033,0.4989339019189765,0.7155963302752294,0.5879396984924623,104,74,30,0.7115384615384616,45,40.74324324324324,0.9324324324324325,235,4.895833333333333,9.770833333333334,1.8541666666666667,9.270833333333334,12.020833333333334,2.548076923076923,1.4182692307692308,0.7403846153846154,0.5144230769230769,0.4014423076923077,0.33365384615384613,0.3110576923076923
seq_h60_to_confirmA_h45,0.54,confirmA_h45,0.94,confirm_only_if_unsure,0.7530279094260137,4595,48,0.07116430903155604,294,1028,33,3240,0.22239031770045387,0.8990825688073395,0.35657974530018194,104,98,6,0.9423076923076923,45,42.39795918367347,0.9591836734693877,1028,21.416666666666668,27.541666666666668,4.0625,20.3125,12.020833333333334,9.942307692307692,5.0,2.0346153846153845,1.0461538461538462,0.551923076923077,0.2553846153846154,0.15653846153846154
seq_h60_to_confirmA_h45,0.54,confirmA_h45,0.98,none,0.9210110584518167,4595,48,0.07116430903155604,89,61,238,4207,0.5933333333333334,0.27217125382262997,0.3731656184486373,104,34,70,0.3269230769230769,45,37.5,0.8529411764705882,61,1.2708333333333333,3.125,1.4791666666666667,7.395833333333333,0.0,1.2596153846153846,0.9663461538461539,0.7903846153846154,0.7317307692307692,0.7024038461538461,0.6848076923076923,0.6789423076923077
seq_h60_to_confirmA_h45,0.54,confirmA_h45,0.98,advisory_if_unsure,0.9210110584518167,4595,48,0.07116430903155604,89,61,238,4207,0.5933333333333334,0.27217125382262997,0.3731656184486373,104,34,70,0.3269230769230769,45,37.5,0.8529411764705882,61,1.2708333333333333,3.125,1.4791666666666667,7.395833333333333,14.291666666666666,1.2596153846153846,0.9663461538461539,0.7903846153846154,0.7317307692307692,0.7024038461538461,0.6848076923076923,0.6789423076923077
seq_h60_to_confirmA_h45,0.54,confirmA_h45,0.98,confirm_only_if_unsure,0.9210110584518167,4595,48,0.07116430903155604,249,964,78,3304,0.20527617477328935,0.7614678899082569,0.3233766233766234,104,88,16,0.8461538461538461,45,40.73863636363637,0.9090909090909091,964,20.083333333333332,25.270833333333332,4.166666666666667,20.833333333333332,14.291666666666666,9.423076923076923,4.788461538461538,2.0076923076923077,1.0807692307692307,0.6173076923076923,0.3392307692307692,0.24653846153846154
seq_h60_to_confirmA_h45,0.58,confirmA_h45,0.5,none,0.014204545454545454,4595,48,0.07116430903155604,327,1408,0,2860,0.18847262247838617,1.0,0.3171677982541222,104,104,0,1.0,45,45.0,1.0,1408,29.333333333333332,36.145833333333336,1.9583333333333333,9.791666666666666,0.0,13.538461538461538,6.769230769230769,2.707692307692308,1.353846153846154,0.676923076923077,0.27076923076923076,0.13538461538461538
seq_h60_to_confirmA_h45,0.58,confirmA_h45,0.5,advisory_if_unsure,0.014204545454545454,4595,48,0.07116430903155604,327,1408,0,2860,0.18847262247838617,1.0,0.3171677982541222,104,104,0,1.0,45,45.0,1.0,1408,29.333333333333332,36.145833333333336,1.9583333333333333,9.791666666666666,0.16666666666666666,13.538461538461538,6.769230769230769,2.707692307692308,1.353846153846154,0.676923076923077,0.27076923076923076,0.13538461538461538
seq_h60_to_confirmA_h45,0.58,confirmA_h45,0.5,confirm_only_if_unsure,0.014204545454545454,4595,48,0.07116430903155604,327,1425,0,2843,0.18664383561643835,1.0,0.31457431457431456,104,104,0,1.0,45,45.0,1.0,1425,29.6875,36.5,1.9791666666666667,9.895833333333334,0.16666666666666666,13.701923076923077,6.850961538461538,2.7403846153846154,1.3701923076923077,0.6850961538461539,0.27403846153846156,0.13701923076923078
seq_h60_to_confirmA_h45,0.58,confirmA_h45,0.54,none,0.026136363636363635,4595,48,0.07116430903155604,327,1387,0,2881,0.19078179696616102,1.0,0.3204311611954924,104,104,0,1.0,45,45.0,1.0,1387,28.895833333333332,35.708333333333336,1.8333333333333333,9.166666666666666,0.0,13.336538461538462,6.668269230769231,2.667307692307692,1.333653846153846,0.666826923076923,0.2667307692307692,0.1333653846153846
seq_h60_to_confirmA_h45,0.58,confirmA_h45,0.54,advisory_if_unsure,0.026136363636363635,4595,48,0.07116430903155604,327,1387,0,2881,0.19078179696616102,1.0,0.3204311611954924,104,104,0,1.0,45,45.0,1.0,1387,28.895833333333332,35.708333333333336,1.8333333333333333,9.166666666666666,0.20833333333333334,13.336538461538462,6.668269230769231,2.667307692307692,1.333653846153846,0.666826923076923,0.2667307692307692,0.1333653846153846
seq_h60_to_confirmA_h45,0.58,confirmA_h45,0.54,confirm_only_if_unsure,0.026136363636363635,4595,48,0.07116430903155604,327,1423,0,2845,0.18685714285714286,1.0,0.3148772267693789,104,104,0,1.0,45,45.0,1.0,1423,29.645833333333332,36.458333333333336,1.9791666666666667,9.895833333333334,0.20833333333333334,13.682692307692308,6.841346153846154,2.7365384615384616,1.3682692307692308,0.6841346153846154,0.27365384615384614,0.13682692307692307
seq_h60_to_confirmA_h45,0.58,confirmA_h45,0.58,none,0.05397727272727273,4595,48,0.07116430903155604,327,1338,0,2930,0.1963963963963964,1.0,0.32831325301204817,104,104,0,1.0,45,45.0,1.0,1338,27.875,34.6875,1.7916666666666667,8.958333333333334,0.0,12.865384615384615,6.4326923076923075,2.5730769230769233,1.2865384615384616,0.6432692307692308,0.2573076923076923,0.12865384615384615
seq_h60_to_confirmA_h45,0.58,confirmA_h45,0.58,advisory_if_unsure,0.05397727272727273,4595,48,0.07116430903155604,327,1338,0,2930,0.1963963963963964,1.0,0.32831325301204817,104,104,0,1.0,45,45.0,1.0,1338,27.875,34.6875,1.7916666666666667,8.958333333333334,0.4791666666666667,12.865384615384615,6.4326923076923075,2.5730769230769233,1.2865384615384616,0.6432692307692308,0.2573076923076923,0.12865384615384615
seq_h60_to_confirmA_h45,0.58,confirmA_h45,0.58,confirm_only_if_unsure,0.05397727272727273,4595,48,0.07116430903155604,327,1410,0,2858,0.18825561312607944,1.0,0.3168604651162791,104,104,0,1.0,45,45.0,1.0,1410,29.375,36.1875,2.0208333333333335,10.104166666666666,0.4791666666666667,13.557692307692308,6.778846153846154,2.7115384615384617,1.3557692307692308,0.6778846153846154,0.27115384615384613,0.13557692307692307
seq_h60_to_confirmA_h45,0.58,confirmA_h45,0.62,none,0.11363636363636363,4595,48,0.07116430903155604,327,1233,0,3035,0.20961538461538462,1.0,0.3465818759936407,104,104,0,1.0,45,45.0,1.0,1233,25.6875,32.5,1.7291666666666667,8.645833333333334,0.0,11.85576923076923,5.927884615384615,2.371153846153846,1.185576923076923,0.5927884615384615,0.23711538461538462,0.11855769230769231
seq_h60_to_confirmA_h45,0.58,confirmA_h45,0.62,advisory_if_unsure,0.11363636363636363,4595,48,0.07116430903155604,327,1233,0,3035,0.20961538461538462,1.0,0.3465818759936407,104,104,0,1.0,45,45.0,1.0,1233,25.6875,32.5,1.7291666666666667,8.645833333333334,1.0416666666666667,11.85576923076923,5.927884615384615,2.371153846153846,1.185576923076923,0.5927884615384615,0.23711538461538462,0.11855769230769231
seq_h60_to_confirmA_h45,0.58,confirmA_h45,0.62,confirm_only_if_unsure,0.11363636363636363,4595,48,0.07116430903155604,327,1383,0,2885,0.1912280701754386,1.0,0.32106038291605304,104,104,0,1.0,45,45.0,1.0,1383,28.8125,35.625,2.0416666666666665,10.208333333333334,1.0416666666666667,13.298076923076923,6.649038461538462,2.6596153846153845,1.3298076923076922,0.6649038461538461,0.26596153846153847,0.13298076923076924
seq_h60_to_confirmA_h45,0.58,confirmA_h45,0.66,none,0.18181818181818182,4595,48,0.07116430903155604,327,1113,0,3155,0.22708333333333333,1.0,0.3701188455008489,104,104,0,1.0,45,45.0,1.0,1113,23.1875,30.0,1.6458333333333333,8.229166666666666,0.0,10.701923076923077,5.350961538461538,2.1403846153846153,1.0701923076923077,0.5350961538461538,0.21403846153846154,0.10701923076923077
seq_h60_to_confirmA_h45,0.58,confirmA_h45,0.66,advisory_if_unsure,0.18181818181818182,4595,48,0.07116430903155604,327,1113,0,3155,0.22708333333333333,1.0,0.3701188455008489,104,104,0,1.0,45,45.0,1.0,1113,23.1875,30.0,1.6458333333333333,8.229166666666666,1.875,10.701923076923077,5.350961538461538,2.1403846153846153,1.0701923076923077,0.5350961538461538,0.21403846153846154,0.10701923076923077
seq_h60_to_confirmA_h45,0.58,confirmA_h45,0.66,confirm_only_if_unsure,0.18181818181818182,4595,48,0.07116430903155604,327,1343,0,2925,0.19580838323353295,1.0,0.3274912368552829,104,104,0,1.0,45,45.0,1.0,1343,27.979166666666668,34.791666666666664,2.1875,10.9375,1.875,12.913461538461538,6.456730769230769,2.582692307692308,1.291346153846154,0.645673076923077,0.25826923076923075,0.12913461538461538
seq_h60_to_confirmA_h45,0.58,confirmA_h45,0.7,none,0.2772727272727273,4595,48,0.07116430903155604,327,945,0,3323,0.25707547169811323,1.0,0.4090056285178236,104,104,0,1.0,45,45.0,1.0,945,19.6875,26.5,1.75,8.75,0.0,9.086538461538462,4.543269230769231,1.8173076923076923,0.9086538461538461,0.4543269230769231,0.18173076923076922,0.09086538461538461
seq_h60_to_confirmA_h45,0.58,confirmA_h45,0.7,advisory_if_unsure,0.2772727272727273,4595,48,0.07116430903155604,327,945,0,3323,0.25707547169811323,1.0,0.4090056285178236,104,104,0,1.0,45,45.0,1.0,945,19.6875,26.5,1.75,8.75,3.6458333333333335,9.086538461538462,4.543269230769231,1.8173076923076923,0.9086538461538461,0.4543269230769231,0.18173076923076922,0.09086538461538461
seq_h60_to_confirmA_h45,0.58,confirmA_h45,0.7,confirm_only_if_unsure,0.2772727272727273,4595,48,0.07116430903155604,327,1258,0,3010,0.20630914826498423,1.0,0.34205020920502094,104,104,0,1.0,45,45.0,1.0,1258,26.208333333333332,33.020833333333336,2.5208333333333335,12.604166666666666,3.6458333333333335,12.096153846153847,6.048076923076923,2.419230769230769,1.2096153846153845,0.6048076923076923,0.24192307692307694,0.12096153846153847
seq_h60_to_confirmA_h45,0.58,confirmA_h45,0.74,none,0.3619318181818182,4595,48,0.07116430903155604,321,802,6,3466,0.2858414959928762,0.981651376146789,0.44275862068965516,104,101,3,0.9711538461538461,45,44.554455445544555,0.9900990099009901,802,16.708333333333332,23.395833333333332,1.9166666666666667,9.583333333333334,0.0,7.740384615384615,3.8846153846153846,1.5711538461538461,0.8,0.41442307692307695,0.18307692307692308,0.10596153846153847
seq_h60_to_confirmA_h45,0.58,confirmA_h45,0.74,advisory_if_unsure,0.3619318181818182,4595,48,0.07116430903155604,321,802,6,3466,0.2858414959928762,0.981651376146789,0.44275862068965516,104,101,3,0.9711538461538461,45,44.554455445544555,0.9900990099009901,802,16.708333333333332,23.395833333333332,1.9166666666666667,9.583333333333334,5.5,7.740384615384615,3.8846153846153846,1.5711538461538461,0.8,0.41442307692307695,0.18307692307692308,0.10596153846153847
seq_h60_to_confirmA_h45,0.58,confirmA_h45,0.74,confirm_only_if_unsure,0.3619318181818182,4595,48,0.07116430903155604,327,1169,0,3099,0.21858288770053477,1.0,0.3587493143170598,104,104,0,1.0,45,45.0,1.0,1169,24.354166666666668,31.166666666666668,2.9375,14.6875,5.5,11.240384615384615,5.6201923076923075,2.248076923076923,1.1240384615384615,0.5620192307692308,0.22480769230769232,0.11240384615384616
seq_h60_to_confirmA_h45,0.58,confirmA_h45,0.78,none,0.4284090909090909,4595,48,0.07116430903155604,315,691,12,3577,0.31312127236580517,0.963302752293578,0.47261815453863465,104,100,4,0.9615384615384616,45,44.4,0.99,691,14.395833333333334,20.958333333333332,1.9166666666666667,9.583333333333334,0.0,6.6826923076923075,3.360576923076923,1.3673076923076923,0.7028846153846153,0.37067307692307694,0.17134615384615384,0.10490384615384615
seq_h60_to_confirmA_h45,0.58,confirmA_h45,0.78,advisory_if_unsure,0.4284090909090909,4595,48,0.07116430903155604,315,691,12,3577,0.31312127236580517,0.963302752293578,0.47261815453863465,104,100,4,0.9615384615384616,45,44.4,0.99,691,14.395833333333334,20.958333333333332,1.9166666666666667,9.583333333333334,6.604166666666667,6.6826923076923075,3.360576923076923,1.3673076923076923,0.7028846153846153,0.37067307692307694,0.17134615384615384,0.10490384615384615
seq_h60_to_confirmA_h45,0.58,confirmA_h45,0.78,confirm_only_if_unsure,0.4284090909090909,4595,48,0.07116430903155604,325,1118,2,3150,0.22522522522522523,0.9938837920489296,0.3672316384180791,104,104,0,1.0,45,45.0,1.0,1118,23.291666666666668,30.0625,2.9791666666666665,14.895833333333334,6.604166666666667,10.75,5.375,2.15,1.075,0.5375,0.215,0.1075
seq_h60_to_confirmA_h45,0.58,confirmA_h45,0.82,none,0.4914772727272727,4595,48,0.07116430903155604,310,585,17,3683,0.3463687150837989,0.9480122324159022,0.5073649754500819,104,98,6,0.9423076923076923,45,43.775510204081634,0.9795918367346939,585,12.1875,18.645833333333332,2.0,10.0,0.0,5.6826923076923075,2.8701923076923075,1.1826923076923077,0.6201923076923077,0.3389423076923077,0.1701923076923077,0.11394230769230769
seq_h60_to_confirmA_h45,0.58,confirmA_h45,0.82,advisory_if_unsure,0.4914772727272727,4595,48,0.07116430903155604,310,585,17,3683,0.3463687150837989,0.9480122324159022,0.5073649754500819,104,98,6,0.9423076923076923,45,43.775510204081634,0.9795918367346939,585,12.1875,18.645833333333332,2.0,10.0,7.854166666666667,5.6826923076923075,2.8701923076923075,1.1826923076923077,0.6201923076923077,0.3389423076923077,0.1701923076923077,0.11394230769230769
seq_h60_to_confirmA_h45,0.58,confirmA_h45,0.82,confirm_only_if_unsure,0.4914772727272727,4595,48,0.07116430903155604,321,1062,6,3206,0.23210412147505424,0.981651376146789,0.37543859649122807,104,102,2,0.9807692307692307,45,44.705882352941174,1.0,1062,22.125,28.8125,3.1041666666666665,15.520833333333334,7.854166666666667,10.23076923076923,5.125,2.0615384615384613,1.0403846153846155,0.5298076923076923,0.22346153846153846,0.12134615384615384
seq_h60_to_confirmA_h45,0.58,confirmA_h45,0.86,none,0.5585227272727272,4595,48,0.07116430903155604,305,472,22,3796,0.39253539253539255,0.9327217125382263,0.552536231884058,104,96,8,0.9230769230769231,45,43.90625,0.9791666666666666,472,9.833333333333334,16.1875,2.0,10.0,0.0,4.615384615384615,2.3461538461538463,0.9846153846153847,0.5307692307692308,0.3038461538461538,0.1676923076923077,0.12230769230769231
seq_h60_to_confirmA_h45,0.58,confirmA_h45,0.86,advisory_if_unsure,0.5585227272727272,4595,48,0.07116430903155604,305,472,22,3796,0.39253539253539255,0.9327217125382263,0.552536231884058,104,96,8,0.9230769230769231,45,43.90625,0.9791666666666666,472,9.833333333333334,16.1875,2.0,10.0,9.020833333333334,4.615384615384615,2.3461538461538463,0.9846153846153847,0.5307692307692308,0.3038461538461538,0.1676923076923077,0.12230769230769231
seq_h60_to_confirmA_h45,0.58,confirmA_h45,0.86,confirm_only_if_unsure,0.5585227272727272,4595,48,0.07116430903155604,320,1007,7,3261,0.24114544084400905,0.9785932721712538,0.38694074969770254,104,102,2,0.9807692307692307,45,44.705882352941174,1.0,1007,20.979166666666668,27.645833333333332,3.2916666666666665,16.458333333333332,9.020833333333334,9.701923076923077,4.860576923076923,1.9557692307692307,0.9875,0.5033653846153846,0.2128846153846154,0.1160576923076923
seq_h60_to_confirmA_h45,0.58,confirmA_h45,0.9,none,0.6289772727272728,4595,48,0.07116430903155604,285,368,42,3900,0.43644716692189894,0.8715596330275229,0.5816326530612245,104,90,14,0.8653846153846154,45,43.666666666666664,0.9888888888888889,368,7.666666666666667,13.604166666666666,1.9375,9.6875,0.0,3.673076923076923,1.9038461538461537,0.8423076923076923,0.48846153846153845,0.31153846153846154,0.2053846153846154,0.17
seq_h60_to_confirmA_h45,0.58,confirmA_h45,0.9,advisory_if_unsure,0.6289772727272728,4595,48,0.07116430903155604,285,368,42,3900,0.43644716692189894,0.8715596330275229,0.5816326530612245,104,90,14,0.8653846153846154,45,43.666666666666664,0.9888888888888889,368,7.666666666666667,13.604166666666666,1.9375,9.6875,10.354166666666666,3.673076923076923,1.9038461538461537,0.8423076923076923,0.48846153846153845,0.31153846153846154,0.2053846153846154,0.17
seq_h60_to_confirmA_h45,0.58,confirmA_h45,0.9,confirm_only_if_unsure,0.6289772727272728,4595,48,0.07116430903155604,311,952,16,3316,0.24623911322248615,0.9510703363914373,0.39119496855345914,104,101,3,0.9711538461538461,45,44.10891089108911,1.0,952,19.833333333333332,26.3125,3.5625,17.8125,10.354166666666666,9.182692307692308,4.605769230769231,1.8596153846153847,0.9442307692307692,0.48653846153846153,0.21192307692307694,0.12038461538461538
seq_h60_to_confirmA_h45,0.58,confirmA_h45,0.94,none,0.7335227272727273,4595,48,0.07116430903155604,234,235,93,4033,0.4989339019189765,0.7155963302752294,0.5879396984924623,104,74,30,0.7115384615384616,45,40.74324324324324,0.9324324324324325,235,4.895833333333333,9.770833333333334,1.8541666666666667,9.270833333333334,0.0,2.548076923076923,1.4182692307692308,0.7403846153846154,0.5144230769230769,0.4014423076923077,0.33365384615384613,0.3110576923076923
seq_h60_to_confirmA_h45,0.58,confirmA_h45,0.94,advisory_if_unsure,0.7335227272727273,4595,48,0.07116430903155604,234,235,93,4033,0.4989339019189765,0.7155963302752294,0.5879396984924623,104,74,30,0.7115384615384616,45,40.74324324324324,0.9324324324324325,235,4.895833333333333,9.770833333333334,1.8541666666666667,9.270833333333334,11.5,2.548076923076923,1.4182692307692308,0.7403846153846154,0.5144230769230769,0.4014423076923077,0.33365384615384613,0.3110576923076923
seq_h60_to_confirmA_h45,0.58,confirmA_h45,0.94,confirm_only_if_unsure,0.7335227272727273,4595,48,0.07116430903155604,294,914,33,3354,0.2433774834437086,0.8990825688073395,0.38306188925081436,104,98,6,0.9423076923076923,45,42.39795918367347,0.9591836734693877,914,19.041666666666668,25.166666666666668,3.7083333333333335,18.541666666666668,11.5,8.846153846153847,4.451923076923077,1.8153846153846154,0.9365384615384615,0.4971153846153846,0.23346153846153847,0.14557692307692308
seq_h60_to_confirmA_h45,0.58,confirmA_h45,0.98,none,0.9147727272727273,4595,48,0.07116430903155604,89,61,238,4207,0.5933333333333334,0.27217125382262997,0.3731656184486373,104,34,70,0.3269230769230769,45,37.5,0.8529411764705882,61,1.2708333333333333,3.125,1.4791666666666667,7.395833333333333,0.0,1.2596153846153846,0.9663461538461539,0.7903846153846154,0.7317307692307692,0.7024038461538461,0.6848076923076923,0.6789423076923077
seq_h60_to_confirmA_h45,0.58,confirmA_h45,0.98,advisory_if_unsure,0.9147727272727273,4595,48,0.07116430903155604,89,61,238,4207,0.5933333333333334,0.27217125382262997,0.3731656184486373,104,34,70,0.3269230769230769,45,37.5,0.8529411764705882,61,1.2708333333333333,3.125,1.4791666666666667,7.395833333333333,13.770833333333334,1.2596153846153846,0.9663461538461539,0.7903846153846154,0.7317307692307692,0.7024038461538461,0.6848076923076923,0.6789423076923077
seq_h60_to_confirmA_h45,0.58,confirmA_h45,0.98,confirm_only_if_unsure,0.9147727272727273,4595,48,0.07116430903155604,249,850,78,3418,0.22656960873521384,0.7614678899082569,0.3492286115007013,104,88,16,0.8461538461538461,45,40.73863636363637,0.9090909090909091,850,17.708333333333332,22.895833333333332,3.8125,19.0625,13.770833333333334,8.326923076923077,4.240384615384615,1.7884615384615385,0.9711538461538461,0.5625,0.3173076923076923,0.23557692307692307
seq_h60_to_confirmA_h45,0.62,confirmA_h45,0.5,none,0.008610086100861008,4595,48,0.07116430903155604,327,1285,0,2983,0.20285359801488834,1.0,0.3372872614749871,104,104,0,1.0,45,45.0,1.0,1285,26.770833333333332,33.583333333333336,1.7083333333333333,8.541666666666666,0.0,12.35576923076923,6.177884615384615,2.4711538461538463,1.2355769230769231,0.6177884615384616,0.24711538461538463,0.12355769230769231
seq_h60_to_confirmA_h45,0.62,confirmA_h45,0.5,advisory_if_unsure,0.008610086100861008,4595,48,0.07116430903155604,327,1285,0,2983,0.20285359801488834,1.0,0.3372872614749871,104,104,0,1.0,45,45.0,1.0,1285,26.770833333333332,33.583333333333336,1.7083333333333333,8.541666666666666,0.14583333333333334,12.35576923076923,6.177884615384615,2.4711538461538463,1.2355769230769231,0.6177884615384616,0.24711538461538463,0.12355769230769231
seq_h60_to_confirmA_h45,0.62,confirmA_h45,0.5,confirm_only_if_unsure,0.008610086100861008,4595,48,0.07116430903155604,327,1292,0,2976,0.20197652872143299,1.0,0.33607399794450155,104,104,0,1.0,45,45.0,1.0,1292,26.916666666666668,33.729166666666664,1.7291666666666667,8.645833333333334,0.14583333333333334,12.423076923076923,6.211538461538462,2.4846153846153847,1.2423076923076923,0.6211538461538462,0.24846153846153846,0.12423076923076923
seq_h60_to_confirmA_h45,0.62,confirmA_h45,0.54,none,0.012300123001230012,4595,48,0.07116430903155604,327,1279,0,2989,0.20361145703611458,1.0,0.33833419555095706,104,104,0,1.0,45,45.0,1.0,1279,26.645833333333332,33.458333333333336,1.6666666666666667,8.333333333333334,0.0,12.298076923076923,6.149038461538462,2.4596153846153848,1.2298076923076924,0.6149038461538462,0.24596153846153845,0.12298076923076923
seq_h60_to_confirmA_h45,0.62,confirmA_h45,0.54,advisory_if_unsure,0.012300123001230012,4595,48,0.07116430903155604,327,1279,0,2989,0.20361145703611458,1.0,0.33833419555095706,104,104,0,1.0,45,45.0,1.0,1279,26.645833333333332,33.458333333333336,1.6666666666666667,8.333333333333334,0.16666666666666666,12.298076923076923,6.149038461538462,2.4596153846153848,1.2298076923076924,0.6149038461538462,0.24596153846153845,0.12298076923076923
seq_h60_to_confirmA_h45,0.62,confirmA_h45,0.54,confirm_only_if_unsure,0.012300123001230012,4595,48,0.07116430903155604,327,1291,0,2977,0.20210135970333745,1.0,0.33624678663239077,104,104,0,1.0,45,45.0,1.0,1291,26.895833333333332,33.708333333333336,1.75,8.75,0.16666666666666666,12.413461538461538,6.206730769230769,2.4826923076923078,1.2413461538461539,0.6206730769230769,0.24826923076923077,0.12413461538461538
seq_h60_to_confirmA_h45,0.62,confirmA_h45,0.58,none,0.023370233702337023,4595,48,0.07116430903155604,327,1261,0,3007,0.20591939546599497,1.0,0.34151436031331595,104,104,0,1.0,45,45.0,1.0,1261,26.270833333333332,33.083333333333336,1.6875,8.4375,0.0,12.125,6.0625,2.425,1.2125,0.60625,0.2425,0.12125
seq_h60_to_confirmA_h45,0.62,confirmA_h45,0.58,advisory_if_unsure,0.023370233702337023,4595,48,0.07116430903155604,327,1261,0,3007,0.20591939546599497,1.0,0.34151436031331595,104,104,0,1.0,45,45.0,1.0,1261,26.270833333333332,33.083333333333336,1.6875,8.4375,0.3125,12.125,6.0625,2.425,1.2125,0.60625,0.2425,0.12125
seq_h60_to_confirmA_h45,0.62,confirmA_h45,0.58,confirm_only_if_unsure,0.023370233702337023,4595,48,0.07116430903155604,327,1284,0,2984,0.20297951582867785,1.0,0.33746130030959753,104,104,0,1.0,45,45.0,1.0,1284,26.75,33.5625,1.7916666666666667,8.958333333333334,0.3125,12.346153846153847,6.173076923076923,2.4692307692307693,1.2346153846153847,0.6173076923076923,0.2469230769230769,0.12346153846153846
seq_h60_to_confirmA_h45,0.62,confirmA_h45,0.62,none,0.05965559655596556,4595,48,0.07116430903155604,327,1202,0,3066,0.21386527141922826,1.0,0.35237068965517243,104,104,0,1.0,45,45.0,1.0,1202,25.041666666666668,31.854166666666668,1.7083333333333333,8.541666666666666,0.0,11.557692307692308,5.778846153846154,2.3115384615384613,1.1557692307692307,0.5778846153846153,0.23115384615384615,0.11557692307692308
seq_h60_to_confirmA_h45,0.62,confirmA_h45,0.62,advisory_if_unsure,0.05965559655596556,4595,48,0.07116430903155604,327,1202,0,3066,0.21386527141922826,1.0,0.35237068965517243,104,104,0,1.0,45,45.0,1.0,1202,25.041666666666668,31.854166666666668,1.7083333333333333,8.541666666666666,0.6458333333333334,11.557692307692308,5.778846153846154,2.3115384615384613,1.1557692307692307,0.5778846153846153,0.23115384615384615,0.11557692307692308
seq_h60_to_confirmA_h45,0.62,confirmA_h45,0.62,confirm_only_if_unsure,0.05965559655596556,4595,48,0.07116430903155604,327,1268,0,3000,0.20501567398119122,1.0,0.34027055150884494,104,104,0,1.0,45,45.0,1.0,1268,26.416666666666668,33.229166666666664,1.8125,9.0625,0.6458333333333334,12.192307692307692,6.096153846153846,2.4384615384615387,1.2192307692307693,0.6096153846153847,0.24384615384615385,0.12192307692307693
seq_h60_to_confirmA_h45,0.62,confirmA_h45,0.66,none,0.11992619926199262,4595,48,0.07116430903155604,327,1104,0,3164,0.22851153039832284,1.0,0.3720136518771331,104,104,0,1.0,45,45.0,1.0,1104,23.0,29.8125,1.6458333333333333,8.229166666666666,0.0,10.615384615384615,5.3076923076923075,2.123076923076923,1.0615384615384615,0.5307692307692308,0.2123076923076923,0.10615384615384615
seq_h60_to_confirmA_h45,0.62,confirmA_h45,0.66,advisory_if_unsure,0.11992619926199262,4595,48,0.07116430903155604,327,1104,0,3164,0.22851153039832284,1.0,0.3720136518771331,104,104,0,1.0,45,45.0,1.0,1104,23.0,29.8125,1.6458333333333333,8.229166666666666,1.3333333333333333,10.615384615384615,5.3076923076923075,2.123076923076923,1.0615384615384615,0.5307692307692308,0.2123076923076923,0.10615384615384615
seq_h60_to_confirmA_h45,0.62,confirmA_h45,0.66,confirm_only_if_unsure,0.11992619926199262,4595,48,0.07116430903155604,327,1235,0,3033,0.2093469910371319,1.0,0.3462149285336157,104,104,0,1.0,45,45.0,1.0,1235,25.729166666666668,32.541666666666664,1.9166666666666667,9.583333333333334,1.3333333333333333,11.875,5.9375,2.375,1.1875,0.59375,0.2375,0.11875
seq_h60_to_confirmA_h45,0.62,confirmA_h45,0.7,none,0.21955719557195572,4595,48,0.07116430903155604,327,942,0,3326,0.2576832151300236,1.0,0.40977443609022557,104,104,0,1.0,45,45.0,1.0,942,19.625,26.4375,1.75,8.75,0.0,9.057692307692308,4.528846153846154,1.8115384615384615,0.9057692307692308,0.4528846153846154,0.18115384615384617,0.09057692307692308
seq_h60_to_confirmA_h45,0.62,confirmA_h45,0.7,advisory_if_unsure,0.21955719557195572,4595,48,0.07116430903155604,327,942,0,3326,0.2576832151300236,1.0,0.40977443609022557,104,104,0,1.0,45,45.0,1.0,942,19.625,26.4375,1.75,8.75,3.0833333333333335,9.057692307692308,4.528846153846154,1.8115384615384615,0.9057692307692308,0.4528846153846154,0.18115384615384617,0.09057692307692308
seq_h60_to_confirmA_h45,0.62,confirmA_h45,0.7,confirm_only_if_unsure,0.21955719557195572,4595,48,0.07116430903155604,327,1151,0,3117,0.22124492557510148,1.0,0.3623268698060942,104,104,0,1.0,45,45.0,1.0,1151,23.979166666666668,30.791666666666668,2.2291666666666665,11.145833333333334,3.0833333333333335,11.067307692307692,5.533653846153846,2.2134615384615386,1.1067307692307693,0.5533653846153846,0.22134615384615386,0.11067307692307693
seq_h60_to_confirmA_h45,0.62,confirmA_h45,0.74,none,0.30996309963099633,4595,48,0.07116430903155604,321,801,6,3467,0.28609625668449196,0.981651376146789,0.44306418219461696,104,101,3,0.9711538461538461,45,44.554455445544555,0.9900990099009901,801,16.6875,23.375,1.9166666666666667,9.583333333333334,0.0,7.730769230769231,3.8798076923076925,1.5692307692307692,0.7990384615384616,0.41394230769230766,0.1828846153846154,0.10586538461538461
seq_h60_to_confirmA_h45,0.62,confirmA_h45,0.74,advisory_if_unsure,0.30996309963099633,4595,48,0.07116430903155604,321,801,6,3467,0.28609625668449196,0.981651376146789,0.44306418219461696,104,101,3,0.9711538461538461,45,44.554455445544555,0.9900990099009901,801,16.6875,23.375,1.9166666666666667,9.583333333333334,4.895833333333333,7.730769230769231,3.8798076923076925,1.5692307692307692,0.7990384615384616,0.41394230769230766,0.1828846153846154,0.10586538461538461
seq_h60_to_confirmA_h45,0.62,confirmA_h45,0.74,confirm_only_if_unsure,0.30996309963099633,4595,48,0.07116430903155604,327,1064,0,3204,0.2350826743350108,1.0,0.3806752037252619,104,104,0,1.0,45,45.0,1.0,1064,22.166666666666668,28.979166666666668,2.6458333333333335,13.229166666666666,4.895833333333333,10.23076923076923,5.115384615384615,2.046153846153846,1.023076923076923,0.5115384615384615,0.20461538461538462,0.10230769230769231
seq_h60_to_confirmA_h45,0.62,confirmA_h45,0.78,none,0.38191881918819187,4595,48,0.07116430903155604,315,690,12,3578,0.31343283582089554,0.963302752293578,0.47297297297297297,104,100,4,0.9615384615384616,45,44.4,0.99,690,14.375,20.9375,1.9166666666666667,9.583333333333334,0.0,6.673076923076923,3.355769230769231,1.3653846153846154,0.7019230769230769,0.3701923076923077,0.17115384615384616,0.10480769230769231
seq_h60_to_confirmA_h45,0.62,confirmA_h45,0.78,advisory_if_unsure,0.38191881918819187,4595,48,0.07116430903155604,315,690,12,3578,0.31343283582089554,0.963302752293578,0.47297297297297297,104,100,4,0.9615384615384616,45,44.4,0.99,690,14.375,20.9375,1.9166666666666667,9.583333333333334,6.0,6.673076923076923,3.355769230769231,1.3653846153846154,0.7019230769230769,0.3701923076923077,0.17115384615384616,0.10480769230769231
seq_h60_to_confirmA_h45,0.62,confirmA_h45,0.78,confirm_only_if_unsure,0.38191881918819187,4595,48,0.07116430903155604,325,1013,2,3255,0.2428998505231689,0.9938837920489296,0.39039039039039036,104,104,0,1.0,45,45.0,1.0,1013,21.104166666666668,27.875,2.6875,13.4375,6.0,9.740384615384615,4.8701923076923075,1.948076923076923,0.9740384615384615,0.48701923076923076,0.19480769230769232,0.09740384615384616
seq_h60_to_confirmA_h45,0.62,confirmA_h45,0.82,none,0.44956949569495697,4595,48,0.07116430903155604,310,585,17,3683,0.3463687150837989,0.9480122324159022,0.5073649754500819,104,98,6,0.9423076923076923,45,43.775510204081634,0.9795918367346939,585,12.1875,18.645833333333332,2.0,10.0,0.0,5.6826923076923075,2.8701923076923075,1.1826923076923077,0.6201923076923077,0.3389423076923077,0.1701923076923077,0.11394230769230769
seq_h60_to_confirmA_h45,0.62,confirmA_h45,0.82,advisory_if_unsure,0.44956949569495697,4595,48,0.07116430903155604,310,585,17,3683,0.3463687150837989,0.9480122324159022,0.5073649754500819,104,98,6,0.9423076923076923,45,43.775510204081634,0.9795918367346939,585,12.1875,18.645833333333332,2.0,10.0,7.25,5.6826923076923075,2.8701923076923075,1.1826923076923077,0.6201923076923077,0.3389423076923077,0.1701923076923077,0.11394230769230769
seq_h60_to_confirmA_h45,0.62,confirmA_h45,0.82,confirm_only_if_unsure,0.44956949569495697,4595,48,0.07116430903155604,321,957,6,3311,0.2511737089201878,0.981651376146789,0.4,104,102,2,0.9807692307692307,45,44.705882352941174,1.0,957,19.9375,26.625,2.7916666666666665,13.958333333333334,7.25,9.221153846153847,4.6201923076923075,1.8596153846153847,0.9394230769230769,0.4793269230769231,0.20326923076923076,0.11125
seq_h60_to_confirmA_h45,0.62,confirmA_h45,0.86,none,0.522140221402214,4595,48,0.07116430903155604,305,472,22,3796,0.39253539253539255,0.9327217125382263,0.552536231884058,104,96,8,0.9230769230769231,45,43.90625,0.9791666666666666,472,9.833333333333334,16.1875,2.0,10.0,0.0,4.615384615384615,2.3461538461538463,0.9846153846153847,0.5307692307692308,0.3038461538461538,0.1676923076923077,0.12230769230769231
seq_h60_to_confirmA_h45,0.62,confirmA_h45,0.86,advisory_if_unsure,0.522140221402214,4595,48,0.07116430903155604,305,472,22,3796,0.39253539253539255,0.9327217125382263,0.552536231884058,104,96,8,0.9230769230769231,45,43.90625,0.9791666666666666,472,9.833333333333334,16.1875,2.0,10.0,8.416666666666666,4.615384615384615,2.3461538461538463,0.9846153846153847,0.5307692307692308,0.3038461538461538,0.1676923076923077,0.12230769230769231
seq_h60_to_confirmA_h45,0.62,confirmA_h45,0.86,confirm_only_if_unsure,0.522140221402214,4595,48,0.07116430903155604,320,902,7,3366,0.2618657937806874,0.9785932721712538,0.4131697869593286,104,102,2,0.9807692307692307,45,44.705882352941174,1.0,902,18.791666666666668,25.458333333333332,2.9791666666666665,14.895833333333334,8.416666666666666,8.692307692307692,4.355769230769231,1.7538461538461538,0.8865384615384615,0.4528846153846154,0.1926923076923077,0.10596153846153847
seq_h60_to_confirmA_h45,0.62,confirmA_h45,0.9,none,0.5984009840098401,4595,48,0.07116430903155604,285,368,42,3900,0.43644716692189894,0.8715596330275229,0.5816326530612245,104,90,14,0.8653846153846154,45,43.666666666666664,0.9888888888888889,368,7.666666666666667,13.604166666666666,1.9375,9.6875,0.0,3.673076923076923,1.9038461538461537,0.8423076923076923,0.48846153846153845,0.31153846153846154,0.2053846153846154,0.17
seq_h60_to_confirmA_h45,0.62,confirmA_h45,0.9,advisory_if_unsure,0.5984009840098401,4595,48,0.07116430903155604,285,368,42,3900,0.43644716692189894,0.8715596330275229,0.5816326530612245,104,90,14,0.8653846153846154,45,43.666666666666664,0.9888888888888889,368,7.666666666666667,13.604166666666666,1.9375,9.6875,9.75,3.673076923076923,1.9038461538461537,0.8423076923076923,0.48846153846153845,0.31153846153846154,0.2053846153846154,0.17
seq_h60_to_confirmA_h45,0.62,confirmA_h45,0.9,confirm_only_if_unsure,0.5984009840098401,4595,48,0.07116430903155604,311,847,16,3421,0.26856649395509496,0.9510703363914373,0.41885521885521887,104,101,3,0.9711538461538461,45,44.10891089108911,1.0,847,17.645833333333332,24.125,3.25,16.25,9.75,8.173076923076923,4.100961538461538,1.6576923076923078,0.8432692307692308,0.4360576923076923,0.19173076923076923,0.11028846153846154
seq_h60_to_confirmA_h45,0.62,confirmA_h45,0.94,none,0.7115621156211562,4595,48,0.07116430903155604,234,235,93,4033,0.4989339019189765,0.7155963302752294,0.5879396984924623,104,74,30,0.7115384615384616,45,40.74324324324324,0.9324324324324325,235,4.895833333333333,9.770833333333334,1.8541666666666667,9.270833333333334,0.0,2.548076923076923,1.4182692307692308,0.7403846153846154,0.5144230769230769,0.4014423076923077,0.33365384615384613,0.3110576923076923
seq_h60_to_confirmA_h45,0.62,confirmA_h45,0.94,advisory_if_unsure,0.7115621156211562,4595,48,0.07116430903155604,234,235,93,4033,0.4989339019189765,0.7155963302752294,0.5879396984924623,104,74,30,0.7115384615384616,45,40.74324324324324,0.9324324324324325,235,4.895833333333333,9.770833333333334,1.8541666666666667,9.270833333333334,10.895833333333334,2.548076923076923,1.4182692307692308,0.7403846153846154,0.5144230769230769,0.4014423076923077,0.33365384615384613,0.3110576923076923
seq_h60_to_confirmA_h45,0.62,confirmA_h45,0.94,confirm_only_if_unsure,0.7115621156211562,4595,48,0.07116430903155604,294,809,33,3459,0.2665457842248413,0.8990825688073395,0.4111888111888112,104,98,6,0.9423076923076923,45,42.39795918367347,0.9591836734693877,809,16.854166666666668,22.979166666666668,3.3958333333333335,16.979166666666668,10.895833333333334,7.836538461538462,3.9471153846153846,1.6134615384615385,0.8355769230769231,0.4466346153846154,0.21326923076923077,0.13548076923076924
seq_h60_to_confirmA_h45,0.62,confirmA_h45,0.98,none,0.9077490774907749,4595,48,0.07116430903155604,89,61,238,4207,0.5933333333333334,0.27217125382262997,0.3731656184486373,104,34,70,0.3269230769230769,45,37.5,0.8529411764705882,61,1.2708333333333333,3.125,1.4791666666666667,7.395833333333333,0.0,1.2596153846153846,0.9663461538461539,0.7903846153846154,0.7317307692307692,0.7024038461538461,0.6848076923076923,0.6789423076923077
seq_h60_to_confirmA_h45,0.62,confirmA_h45,0.98,advisory_if_unsure,0.9077490774907749,4595,48,0.07116430903155604,89,61,238,4207,0.5933333333333334,0.27217125382262997,0.3731656184486373,104,34,70,0.3269230769230769,45,37.5,0.8529411764705882,61,1.2708333333333333,3.125,1.4791666666666667,7.395833333333333,13.166666666666666,1.2596153846153846,0.9663461538461539,0.7903846153846154,0.7317307692307692,0.7024038461538461,0.6848076923076923,0.6789423076923077
seq_h60_to_confirmA_h45,0.62,confirmA_h45,0.98,confirm_only_if_unsure,0.9077490774907749,4595,48,0.07116430903155604,249,745,78,3523,0.2505030181086519,0.7614678899082569,0.37698713096139286,104,88,16,0.8461538461538461,45,40.73863636363637,0.9090909090909091,745,15.520833333333334,20.708333333333332,3.5,17.5,13.166666666666666,7.3173076923076925,3.735576923076923,1.5865384615384615,0.8701923076923077,0.5120192307692307,0.2971153846153846,0.22548076923076923
seq_h60_to_confirmA_h45,0.66,confirmA_h45,0.5,none,0.004844290657439446,4595,48,0.07116430903155604,326,1112,1,3156,0.2267037552155772,0.9969418960244648,0.36940509915014164,104,103,1,0.9903846153846154,45,45.0,1.0,1112,23.166666666666668,29.958333333333332,1.7291666666666667,8.645833333333334,0.0,10.701923076923077,5.355769230769231,2.148076923076923,1.0788461538461538,0.5442307692307692,0.22346153846153846,0.11653846153846154
seq_h60_to_confirmA_h45,0.66,confirmA_h45,0.5,advisory_if_unsure,0.004844290657439446,4595,48,0.07116430903155604,326,1112,1,3156,0.2267037552155772,0.9969418960244648,0.36940509915014164,104,103,1,0.9903846153846154,45,45.0,1.0,1112,23.166666666666668,29.958333333333332,1.7291666666666667,8.645833333333334,0.125,10.701923076923077,5.355769230769231,2.148076923076923,1.0788461538461538,0.5442307692307692,0.22346153846153846,0.11653846153846154
seq_h60_to_confirmA_h45,0.66,confirmA_h45,0.5,confirm_only_if_unsure,0.004844290657439446,4595,48,0.07116430903155604,326,1113,1,3155,0.226546212647672,0.9969418960244648,0.36919592298980747,104,103,1,0.9903846153846154,45,45.0,1.0,1113,23.1875,29.979166666666668,1.7291666666666667,8.645833333333334,0.125,10.711538461538462,5.360576923076923,2.15,1.0798076923076922,0.5447115384615384,0.22365384615384615,0.11663461538461538
seq_h60_to_confirmA_h45,0.66,confirmA_h45,0.54,none,0.005536332179930796,4595,48,0.07116430903155604,326,1111,1,3157,0.2268615170494085,0.9969418960244648,0.36961451247165533,104,103,1,0.9903846153846154,45,45.0,1.0,1111,23.145833333333332,29.9375,1.7291666666666667,8.645833333333334,0.0,10.692307692307692,5.350961538461538,2.146153846153846,1.0778846153846153,0.54375,0.22326923076923078,0.11644230769230769
seq_h60_to_confirmA_h45,0.66,confirmA_h45,0.54,advisory_if_unsure,0.005536332179930796,4595,48,0.07116430903155604,326,1111,1,3157,0.2268615170494085,0.9969418960244648,0.36961451247165533,104,103,1,0.9903846153846154,45,45.0,1.0,1111,23.145833333333332,29.9375,1.7291666666666667,8.645833333333334,0.125,10.692307692307692,5.350961538461538,2.146153846153846,1.0778846153846153,0.54375,0.22326923076923078,0.11644230769230769
seq_h60_to_confirmA_h45,0.66,confirmA_h45,0.54,confirm_only_if_unsure,0.005536332179930796,4595,48,0.07116430903155604,326,1113,1,3155,0.226546212647672,0.9969418960244648,0.36919592298980747,104,103,1,0.9903846153846154,45,45.0,1.0,1113,23.1875,29.979166666666668,1.7291666666666667,8.645833333333334,0.125,10.711538461538462,5.360576923076923,2.15,1.0798076923076922,0.5447115384615384,0.22365384615384615,0.11663461538461538
seq_h60_to_confirmA_h45,0.66,confirmA_h45,0.58,none,0.008304498269896194,4595,48,0.07116430903155604,326,1107,1,3161,0.2274947662247034,0.9969418960244648,0.3704545454545455,104,103,1,0.9903846153846154,45,45.0,1.0,1107,23.0625,29.854166666666668,1.7291666666666667,8.645833333333334,0.0,10.653846153846153,5.331730769230769,2.1384615384615384,1.0740384615384615,0.541826923076923,0.2225,0.1160576923076923
seq_h60_to_confirmA_h45,0.66,confirmA_h45,0.58,advisory_if_unsure,0.008304498269896194,4595,48,0.07116430903155604,326,1107,1,3161,0.2274947662247034,0.9969418960244648,0.3704545454545455,104,103,1,0.9903846153846154,45,45.0,1.0,1107,23.0625,29.854166666666668,1.7291666666666667,8.645833333333334,0.14583333333333334,10.653846153846153,5.331730769230769,2.1384615384615384,1.0740384615384615,0.541826923076923,0.2225,0.1160576923076923
seq_h60_to_confirmA_h45,0.66,confirmA_h45,0.58,confirm_only_if_unsure,0.008304498269896194,4595,48,0.07116430903155604,326,1112,1,3156,0.2267037552155772,0.9969418960244648,0.36940509915014164,104,103,1,0.9903846153846154,45,45.0,1.0,1112,23.166666666666668,29.958333333333332,1.7083333333333333,8.541666666666666,0.14583333333333334,10.701923076923077,5.355769230769231,2.148076923076923,1.0788461538461538,0.5442307692307692,0.22346153846153846,0.11653846153846154
seq_h60_to_confirmA_h45,0.66,confirmA_h45,0.62,none,0.01522491349480969,4595,48,0.07116430903155604,326,1097,1,3171,0.22909346451159524,0.9969418960244648,0.37257142857142855,104,103,1,0.9903846153846154,45,45.0,1.0,1097,22.854166666666668,29.645833333333332,1.7291666666666667,8.645833333333334,0.0,10.557692307692308,5.283653846153846,2.1192307692307693,1.064423076923077,0.5370192307692307,0.2205769230769231,0.11509615384615385
seq_h60_to_confirmA_h45,0.66,confirmA_h45,0.62,advisory_if_unsure,0.01522491349480969,4595,48,0.07116430903155604,326,1097,1,3171,0.22909346451159524,0.9969418960244648,0.37257142857142855,104,103,1,0.9903846153846154,45,45.0,1.0,1097,22.854166666666668,29.645833333333332,1.7291666666666667,8.645833333333334,0.2708333333333333,10.557692307692308,5.283653846153846,2.1192307692307693,1.064423076923077,0.5370192307692307,0.2205769230769231,0.11509615384615385
seq_h60_to_confirmA_h45,0.66,confirmA_h45,0.62,confirm_only_if_unsure,0.01522491349480969,4595,48,0.07116430903155604,326,1106,1,3162,0.2276536312849162,0.9969418960244648,0.3706651506537806,104,103,1,0.9903846153846154,45,45.0,1.0,1106,23.041666666666668,29.833333333333332,1.75,8.75,0.2708333333333333,10.64423076923077,5.326923076923077,2.1365384615384615,1.073076923076923,0.5413461538461538,0.22230769230769232,0.11596153846153846
seq_h60_to_confirmA_h45,0.66,confirmA_h45,0.66,none,0.047058823529411764,4595,48,0.07116430903155604,326,1051,1,3217,0.23674655047204066,0.9969418960244648,0.3826291079812207,104,103,1,0.9903846153846154,45,45.0,1.0,1051,21.895833333333332,28.6875,1.6666666666666667,8.333333333333334,0.0,10.115384615384615,5.0625,2.0307692307692307,1.0201923076923076,0.5149038461538461,0.21173076923076922,0.11067307692307693
seq_h60_to_confirmA_h45,0.66,confirmA_h45,0.66,advisory_if_unsure,0.047058823529411764,4595,48,0.07116430903155604,326,1051,1,3217,0.23674655047204066,0.9969418960244648,0.3826291079812207,104,103,1,0.9903846153846154,45,45.0,1.0,1051,21.895833333333332,28.6875,1.6666666666666667,8.333333333333334,0.625,10.115384615384615,5.0625,2.0307692307692307,1.0201923076923076,0.5149038461538461,0.21173076923076922,0.11067307692307693
seq_h60_to_confirmA_h45,0.66,confirmA_h45,0.66,confirm_only_if_unsure,0.047058823529411764,4595,48,0.07116430903155604,326,1089,1,3179,0.2303886925795053,0.9969418960244648,0.3742824339839265,104,103,1,0.9903846153846154,45,45.0,1.0,1089,22.6875,29.479166666666668,1.8125,9.0625,0.625,10.48076923076923,5.2451923076923075,2.103846153846154,1.0567307692307693,0.5331730769230769,0.21903846153846154,0.11432692307692308
seq_h60_to_confirmA_h45,0.66,confirmA_h45,0.7,none,0.1301038062283737,4595,48,0.07116430903155604,326,931,1,3337,0.25934765314240255,0.9969418960244648,0.4116161616161616,104,103,1,0.9903846153846154,45,45.0,1.0,931,19.395833333333332,26.1875,1.7291666666666667,8.645833333333334,0.0,8.961538461538462,4.485576923076923,1.8,0.9048076923076923,0.45721153846153845,0.18865384615384614,0.09913461538461539
seq_h60_to_confirmA_h45,0.66,confirmA_h45,0.7,advisory_if_unsure,0.1301038062283737,4595,48,0.07116430903155604,326,931,1,3337,0.25934765314240255,0.9969418960244648,0.4116161616161616,104,103,1,0.9903846153846154,45,45.0,1.0,931,19.395833333333332,26.1875,1.7291666666666667,8.645833333333334,1.9166666666666667,8.961538461538462,4.485576923076923,1.8,0.9048076923076923,0.45721153846153845,0.18865384615384614,0.09913461538461539
seq_h60_to_confirmA_h45,0.66,confirmA_h45,0.7,confirm_only_if_unsure,0.1301038062283737,4595,48,0.07116430903155604,326,1027,1,3241,0.2409460458240946,0.9969418960244648,0.3880952380952381,104,103,1,0.9903846153846154,45,45.0,1.0,1027,21.395833333333332,28.1875,1.9375,9.6875,1.9166666666666667,9.884615384615385,4.947115384615385,1.9846153846153847,0.9971153846153846,0.5033653846153846,0.20711538461538462,0.10836538461538461
seq_h60_to_confirmA_h45,0.66,confirmA_h45,0.74,none,0.22560553633217992,4595,48,0.07116430903155604,321,798,6,3470,0.2868632707774799,0.981651376146789,0.44398340248962653,104,101,3,0.9711538461538461,45,44.554455445544555,0.9900990099009901,798,16.625,23.3125,1.9166666666666667,9.583333333333334,0.0,7.701923076923077,3.8653846153846154,1.5634615384615385,0.7961538461538461,0.4125,0.1823076923076923,0.10557692307692308
seq_h60_to_confirmA_h45,0.66,confirmA_h45,0.74,advisory_if_unsure,0.22560553633217992,4595,48,0.07116430903155604,321,798,6,3470,0.2868632707774799,0.981651376146789,0.44398340248962653,104,101,3,0.9711538461538461,45,44.554455445544555,0.9900990099009901,798,16.625,23.3125,1.9166666666666667,9.583333333333334,3.6041666666666665,7.701923076923077,3.8653846153846154,1.5634615384615385,0.7961538461538461,0.4125,0.1823076923076923,0.10557692307692308
seq_h60_to_confirmA_h45,0.66,confirmA_h45,0.74,confirm_only_if_unsure,0.22560553633217992,4595,48,0.07116430903155604,326,946,1,3322,0.2562893081761006,0.9969418960244648,0.407754846779237,104,103,1,0.9903846153846154,45,45.0,1.0,946,19.708333333333332,26.5,2.3125,11.5625,3.6041666666666665,9.10576923076923,4.5576923076923075,1.8288461538461538,0.9192307692307692,0.46442307692307694,0.19153846153846155,0.10057692307692308
seq_h60_to_confirmA_h45,0.66,confirmA_h45,0.78,none,0.3065743944636678,4595,48,0.07116430903155604,315,687,12,3581,0.3143712574850299,0.963302752293578,0.47404063205417607,104,100,4,0.9615384615384616,45,44.4,0.99,687,14.3125,20.875,1.875,9.375,0.0,6.644230769230769,3.3413461538461537,1.3596153846153847,0.6990384615384615,0.36875,0.17057692307692307,0.10451923076923077
seq_h60_to_confirmA_h45,0.66,confirmA_h45,0.78,advisory_if_unsure,0.3065743944636678,4595,48,0.07116430903155604,315,687,12,3581,0.3143712574850299,0.963302752293578,0.47404063205417607,104,100,4,0.9615384615384616,45,44.4,0.99,687,14.3125,20.875,1.875,9.375,4.708333333333333,6.644230769230769,3.3413461538461537,1.3596153846153847,0.6990384615384615,0.36875,0.17057692307692307,0.10451923076923077
seq_h60_to_confirmA_h45,0.66,confirmA_h45,0.78,confirm_only_if_unsure,0.3065743944636678,4595,48,0.07116430903155604,324,895,3,3373,0.26579163248564397,0.9908256880733946,0.4191461836998706,104,103,1,0.9903846153846154,45,45.0,1.0,895,18.645833333333332,25.395833333333332,2.3333333333333335,11.666666666666666,4.708333333333333,8.615384615384615,4.3125,1.7307692307692308,0.8701923076923077,0.43990384615384615,0.18173076923076922,0.09567307692307692
seq_h60_to_confirmA_h45,0.66,confirmA_h45,0.82,none,0.38200692041522494,4595,48,0.07116430903155604,310,583,17,3685,0.3471444568868981,0.9480122324159022,0.5081967213114754,104,98,6,0.9423076923076923,45,43.775510204081634,0.9795918367346939,583,12.145833333333334,18.604166666666668,1.9583333333333333,9.791666666666666,0.0,5.663461538461538,2.860576923076923,1.1788461538461539,0.6182692307692308,0.33798076923076925,0.1698076923076923,0.11375
seq_h60_to_confirmA_h45,0.66,confirmA_h45,0.82,advisory_if_unsure,0.38200692041522494,4595,48,0.07116430903155604,310,583,17,3685,0.3471444568868981,0.9480122324159022,0.5081967213114754,104,98,6,0.9423076923076923,45,43.775510204081634,0.9795918367346939,583,12.145833333333334,18.604166666666668,1.9583333333333333,9.791666666666666,5.9375,5.663461538461538,2.860576923076923,1.1788461538461539,0.6182692307692308,0.33798076923076925,0.1698076923076923,0.11375
seq_h60_to_confirmA_h45,0.66,confirmA_h45,0.82,confirm_only_if_unsure,0.38200692041522494,4595,48,0.07116430903155604,320,840,7,3428,0.27586206896551724,0.9785932721712538,0.43039677202420984,104,101,3,0.9711538461538461,45,44.7029702970297,1.0,840,17.5,24.166666666666668,2.4166666666666665,12.083333333333334,5.9375,8.10576923076923,4.0673076923076925,1.6442307692307692,0.8365384615384616,0.4326923076923077,0.19038461538461537,0.10961538461538461
seq_h60_to_confirmA_h45,0.66,confirmA_h45,0.86,none,0.4629757785467128,4595,48,0.07116430903155604,305,471,22,3797,0.39304123711340205,0.9327217125382263,0.5530371713508613,104,96,8,0.9230769230769231,45,43.90625,0.9791666666666666,471,9.8125,16.166666666666668,1.9791666666666667,9.895833333333334,0.0,4.605769230769231,2.3413461538461537,0.9826923076923076,0.5298076923076923,0.3033653846153846,0.1675,0.12221153846153845
seq_h60_to_confirmA_h45,0.66,confirmA_h45,0.86,advisory_if_unsure,0.4629757785467128,4595,48,0.07116430903155604,305,471,22,3797,0.39304123711340205,0.9327217125382263,0.5530371713508613,104,96,8,0.9230769230769231,45,43.90625,0.9791666666666666,471,9.8125,16.166666666666668,1.9791666666666667,9.895833333333334,7.104166666666667,4.605769230769231,2.3413461538461537,0.9826923076923076,0.5298076923076923,0.3033653846153846,0.1675,0.12221153846153845
seq_h60_to_confirmA_h45,0.66,confirmA_h45,0.86,confirm_only_if_unsure,0.4629757785467128,4595,48,0.07116430903155604,319,785,8,3483,0.28894927536231885,0.9755351681957186,0.44584206848357794,104,101,3,0.9711538461538461,45,44.7029702970297,1.0,785,16.354166666666668,23.0,2.5833333333333335,12.916666666666666,7.104166666666667,7.576923076923077,3.8028846153846154,1.5384615384615385,0.7836538461538461,0.40625,0.1798076923076923,0.10432692307692308
seq_h60_to_confirmA_h45,0.66,confirmA_h45,0.9,none,0.5487889273356401,4595,48,0.07116430903155604,285,367,42,3901,0.4371165644171779,0.8715596330275229,0.5822267620020429,104,90,14,0.8653846153846154,45,43.666666666666664,0.9888888888888889,367,7.645833333333333,13.583333333333334,1.9166666666666667,9.583333333333334,0.0,3.6634615384615383,1.8990384615384615,0.8403846153846154,0.4875,0.3110576923076923,0.2051923076923077,0.16990384615384616
seq_h60_to_confirmA_h45,0.66,confirmA_h45,0.9,advisory_if_unsure,0.5487889273356401,4595,48,0.07116430903155604,285,367,42,3901,0.4371165644171779,0.8715596330275229,0.5822267620020429,104,90,14,0.8653846153846154,45,43.666666666666664,0.9888888888888889,367,7.645833333333333,13.583333333333334,1.9166666666666667,9.583333333333334,8.4375,3.6634615384615383,1.8990384615384615,0.8403846153846154,0.4875,0.3110576923076923,0.2051923076923077,0.16990384615384616
seq_h60_to_confirmA_h45,0.66,confirmA_h45,0.9,confirm_only_if_unsure,0.5487889273356401,4595,48,0.07116430903155604,310,730,17,3538,0.2980769230769231,0.9480122324159022,0.45354791514264814,104,100,4,0.9615384615384616,45,44.1,1.0,730,15.208333333333334,21.666666666666668,2.8541666666666665,14.270833333333334,8.4375,7.0576923076923075,3.548076923076923,1.4423076923076923,0.7403846153846154,0.3894230769230769,0.17884615384615385,0.10865384615384616
seq_h60_to_confirmA_h45,0.66,confirmA_h45,0.94,none,0.6754325259515571,4595,48,0.07116430903155604,234,235,93,4033,0.4989339019189765,0.7155963302752294,0.5879396984924623,104,74,30,0.7115384615384616,45,40.74324324324324,0.9324324324324325,235,4.895833333333333,9.770833333333334,1.8541666666666667,9.270833333333334,0.0,2.548076923076923,1.4182692307692308,0.7403846153846154,0.5144230769230769,0.4014423076923077,0.33365384615384613,0.3110576923076923
seq_h60_to_confirmA_h45,0.66,confirmA_h45,0.94,advisory_if_unsure,0.6754325259515571,4595,48,0.07116430903155604,234,235,93,4033,0.4989339019189765,0.7155963302752294,0.5879396984924623,104,74,30,0.7115384615384616,45,40.74324324324324,0.9324324324324325,235,4.895833333333333,9.770833333333334,1.8541666666666667,9.270833333333334,9.583333333333334,2.548076923076923,1.4182692307692308,0.7403846153846154,0.5144230769230769,0.4014423076923077,0.33365384615384613,0.3110576923076923
seq_h60_to_confirmA_h45,0.66,confirmA_h45,0.94,confirm_only_if_unsure,0.6754325259515571,4595,48,0.07116430903155604,293,692,34,3576,0.29746192893401013,0.8960244648318043,0.44664634146341464,104,97,7,0.9326923076923077,45,42.371134020618555,0.9587628865979382,692,14.416666666666666,20.520833333333332,3.0,15.0,9.583333333333334,6.721153846153846,3.394230769230769,1.398076923076923,0.7326923076923076,0.4,0.20038461538461538,0.13384615384615384
seq_h60_to_confirmA_h45,0.66,confirmA_h45,0.98,none,0.8961937716262975,4595,48,0.07116430903155604,89,61,238,4207,0.5933333333333334,0.27217125382262997,0.3731656184486373,104,34,70,0.3269230769230769,45,37.5,0.8529411764705882,61,1.2708333333333333,3.125,1.4791666666666667,7.395833333333333,0.0,1.2596153846153846,0.9663461538461539,0.7903846153846154,0.7317307692307692,0.7024038461538461,0.6848076923076923,0.6789423076923077
seq_h60_to_confirmA_h45,0.66,confirmA_h45,0.98,advisory_if_unsure,0.8961937716262975,4595,48,0.07116430903155604,89,61,238,4207,0.5933333333333334,0.27217125382262997,0.3731656184486373,104,34,70,0.3269230769230769,45,37.5,0.8529411764705882,61,1.2708333333333333,3.125,1.4791666666666667,7.395833333333333,11.854166666666666,1.2596153846153846,0.9663461538461539,0.7903846153846154,0.7317307692307692,0.7024038461538461,0.6848076923076923,0.6789423076923077
seq_h60_to_confirmA_h45,0.66,confirmA_h45,0.98,confirm_only_if_unsure,0.8961937716262975,4595,48,0.07116430903155604,248,628,79,3640,0.2831050228310502,0.7584097859327217,0.41230257689110555,104,87,17,0.8365384615384616,45,40.689655172413794,0.9080459770114943,628,13.083333333333334,18.25,3.1041666666666665,15.520833333333334,11.854166666666666,6.201923076923077,3.1826923076923075,1.3711538461538462,0.7673076923076924,0.4653846153846154,0.28423076923076923,0.22384615384615383
seq_h60_to_confirmA_h45,0.7,confirmA_h45,0.5,none,0.003946329913180742,4595,48,0.07116430903155604,323,939,4,3329,0.2559429477020602,0.9877675840978594,0.4065449968533669,104,102,2,0.9807692307692307,45,44.705882352941174,0.9901960784313726,939,19.5625,26.291666666666668,1.8541666666666667,9.270833333333334,0.0,9.048076923076923,4.533653846153846,1.825,0.9221153846153847,0.4706730769230769,0.1998076923076923,0.10951923076923077
seq_h60_to_confirmA_h45,0.7,confirmA_h45,0.5,advisory_if_unsure,0.003946329913180742,4595,48,0.07116430903155604,323,939,4,3329,0.2559429477020602,0.9877675840978594,0.4065449968533669,104,102,2,0.9807692307692307,45,44.705882352941174,0.9901960784313726,939,19.5625,26.291666666666668,1.8541666666666667,9.270833333333334,0.10416666666666667,9.048076923076923,4.533653846153846,1.825,0.9221153846153847,0.4706730769230769,0.1998076923076923,0.10951923076923077
seq_h60_to_confirmA_h45,0.7,confirmA_h45,0.5,confirm_only_if_unsure,0.003946329913180742,4595,48,0.07116430903155604,323,939,4,3329,0.2559429477020602,0.9877675840978594,0.4065449968533669,104,102,2,0.9807692307692307,45,44.705882352941174,0.9901960784313726,939,19.5625,26.291666666666668,1.8541666666666667,9.270833333333334,0.10416666666666667,9.048076923076923,4.533653846153846,1.825,0.9221153846153847,0.4706730769230769,0.1998076923076923,0.10951923076923077
seq_h60_to_confirmA_h45,0.7,confirmA_h45,0.54,none,0.003946329913180742,4595,48,0.07116430903155604,323,939,4,3329,0.2559429477020602,0.9877675840978594,0.4065449968533669,104,102,2,0.9807692307692307,45,44.705882352941174,0.9901960784313726,939,19.5625,26.291666666666668,1.8541666666666667,9.270833333333334,0.0,9.048076923076923,4.533653846153846,1.825,0.9221153846153847,0.4706730769230769,0.1998076923076923,0.10951923076923077
seq_h60_to_confirmA_h45,0.7,confirmA_h45,0.54,advisory_if_unsure,0.003946329913180742,4595,48,0.07116430903155604,323,939,4,3329,0.2559429477020602,0.9877675840978594,0.4065449968533669,104,102,2,0.9807692307692307,45,44.705882352941174,0.9901960784313726,939,19.5625,26.291666666666668,1.8541666666666667,9.270833333333334,0.10416666666666667,9.048076923076923,4.533653846153846,1.825,0.9221153846153847,0.4706730769230769,0.1998076923076923,0.10951923076923077
seq_h60_to_confirmA_h45,0.7,confirmA_h45,0.54,confirm_only_if_unsure,0.003946329913180742,4595,48,0.07116430903155604,323,939,4,3329,0.2559429477020602,0.9877675840978594,0.4065449968533669,104,102,2,0.9807692307692307,45,44.705882352941174,0.9901960784313726,939,19.5625,26.291666666666668,1.8541666666666667,9.270833333333334,0.10416666666666667,9.048076923076923,4.533653846153846,1.825,0.9221153846153847,0.4706730769230769,0.1998076923076923,0.10951923076923077
seq_h60_to_confirmA_h45,0.7,confirmA_h45,0.58,none,0.004735595895816891,4595,48,0.07116430903155604,323,938,4,3330,0.25614591593973035,0.9877675840978594,0.4068010075566751,104,102,2,0.9807692307692307,45,44.705882352941174,0.9901960784313726,938,19.541666666666668,26.270833333333332,1.8333333333333333,9.166666666666666,0.0,9.038461538461538,4.528846153846154,1.823076923076923,0.9211538461538461,0.4701923076923077,0.1996153846153846,0.10942307692307693
seq_h60_to_confirmA_h45,0.7,confirmA_h45,0.58,advisory_if_unsure,0.004735595895816891,4595,48,0.07116430903155604,323,938,4,3330,0.25614591593973035,0.9877675840978594,0.4068010075566751,104,102,2,0.9807692307692307,45,44.705882352941174,0.9901960784313726,938,19.541666666666668,26.270833333333332,1.8333333333333333,9.166666666666666,0.10416666666666667,9.038461538461538,4.528846153846154,1.823076923076923,0.9211538461538461,0.4701923076923077,0.1996153846153846,0.10942307692307693
seq_h60_to_confirmA_h45,0.7,confirmA_h45,0.58,confirm_only_if_unsure,0.004735595895816891,4595,48,0.07116430903155604,323,939,4,3329,0.2559429477020602,0.9877675840978594,0.4065449968533669,104,102,2,0.9807692307692307,45,44.705882352941174,0.9901960784313726,939,19.5625,26.291666666666668,1.8541666666666667,9.270833333333334,0.10416666666666667,9.048076923076923,4.533653846153846,1.825,0.9221153846153847,0.4706730769230769,0.1998076923076923,0.10951923076923077
seq_h60_to_confirmA_h45,0.7,confirmA_h45,0.62,none,0.004735595895816891,4595,48,0.07116430903155604,323,938,4,3330,0.25614591593973035,0.9877675840978594,0.4068010075566751,104,102,2,0.9807692307692307,45,44.705882352941174,0.9901960784313726,938,19.541666666666668,26.270833333333332,1.8333333333333333,9.166666666666666,0.0,9.038461538461538,4.528846153846154,1.823076923076923,0.9211538461538461,0.4701923076923077,0.1996153846153846,0.10942307692307693
seq_h60_to_confirmA_h45,0.7,confirmA_h45,0.62,advisory_if_unsure,0.004735595895816891,4595,48,0.07116430903155604,323,938,4,3330,0.25614591593973035,0.9877675840978594,0.4068010075566751,104,102,2,0.9807692307692307,45,44.705882352941174,0.9901960784313726,938,19.541666666666668,26.270833333333332,1.8333333333333333,9.166666666666666,0.10416666666666667,9.038461538461538,4.528846153846154,1.823076923076923,0.9211538461538461,0.4701923076923077,0.1996153846153846,0.10942307692307693
seq_h60_to_confirmA_h45,0.7,confirmA_h45,0.62,confirm_only_if_unsure,0.004735595895816891,4595,48,0.07116430903155604,323,939,4,3329,0.2559429477020602,0.9877675840978594,0.4065449968533669,104,102,2,0.9807692307692307,45,44.705882352941174,0.9901960784313726,939,19.5625,26.291666666666668,1.8541666666666667,9.270833333333334,0.10416666666666667,9.048076923076923,4.533653846153846,1.825,0.9221153846153847,0.4706730769230769,0.1998076923076923,0.10951923076923077
seq_h60_to_confirmA_h45,0.7,confirmA_h45,0.66,none,0.010260457774269928,4595,48,0.07116430903155604,323,931,4,3337,0.25757575757575757,0.9877675840978594,0.40860215053763443,104,102,2,0.9807692307692307,45,44.705882352941174,0.9901960784313726,931,19.395833333333332,26.125,1.8333333333333333,9.166666666666666,0.0,8.971153846153847,4.4951923076923075,1.8096153846153846,0.9144230769230769,0.4668269230769231,0.19826923076923078,0.10875
seq_h60_to_confirmA_h45,0.7,confirmA_h45,0.66,advisory_if_unsure,0.010260457774269928,4595,48,0.07116430903155604,323,931,4,3337,0.25757575757575757,0.9877675840978594,0.40860215053763443,104,102,2,0.9807692307692307,45,44.705882352941174,0.9901960784313726,931,19.395833333333332,26.125,1.8333333333333333,9.166666666666666,0.16666666666666666,8.971153846153847,4.4951923076923075,1.8096153846153846,0.9144230769230769,0.4668269230769231,0.19826923076923078,0.10875
seq_h60_to_confirmA_h45,0.7,confirmA_h45,0.66,confirm_only_if_unsure,0.010260457774269928,4595,48,0.07116430903155604,323,936,4,3332,0.2565528196981732,0.9877675840978594,0.4073139974779319,104,102,2,0.9807692307692307,45,44.705882352941174,0.9901960784313726,936,19.5,26.229166666666668,1.8541666666666667,9.270833333333334,0.16666666666666666,9.01923076923077,4.519230769230769,1.8192307692307692,0.9192307692307692,0.46923076923076923,0.19923076923076924,0.10923076923076923
seq_h60_to_confirmA_h45,0.7,confirmA_h45,0.7,none,0.04025256511444357,4595,48,0.07116430903155604,323,893,4,3375,0.265625,0.9877675840978594,0.4186649384316267,104,102,2,0.9807692307692307,45,44.705882352941174,0.9901960784313726,893,18.604166666666668,25.333333333333332,1.8125,9.0625,0.0,8.60576923076923,4.3125,1.7365384615384616,0.8778846153846154,0.4485576923076923,0.19096153846153846,0.10509615384615385
seq_h60_to_confirmA_h45,0.7,confirmA_h45,0.7,advisory_if_unsure,0.04025256511444357,4595,48,0.07116430903155604,323,893,4,3375,0.265625,0.9877675840978594,0.4186649384316267,104,102,2,0.9807692307692307,45,44.705882352941174,0.9901960784313726,893,18.604166666666668,25.333333333333332,1.8125,9.0625,0.5,8.60576923076923,4.3125,1.7365384615384616,0.8778846153846154,0.4485576923076923,0.19096153846153846,0.10509615384615385
seq_h60_to_confirmA_h45,0.7,confirmA_h45,0.7,confirm_only_if_unsure,0.04025256511444357,4595,48,0.07116430903155604,323,920,4,3348,0.2598551890587289,0.9877675840978594,0.41146496815286626,104,102,2,0.9807692307692307,45,44.705882352941174,0.9901960784313726,920,19.166666666666668,25.895833333333332,1.9583333333333333,9.791666666666666,0.5,8.865384615384615,4.4423076923076925,1.7884615384615385,0.9038461538461539,0.46153846153846156,0.19615384615384615,0.1076923076923077
seq_h60_to_confirmA_h45,0.7,confirmA_h45,0.74,none,0.122336227308603,4595,48,0.07116430903155604,321,791,6,3477,0.2886690647482014,0.981651376146789,0.4461431549687283,104,101,3,0.9711538461538461,45,44.554455445544555,0.9900990099009901,791,16.479166666666668,23.166666666666668,1.8958333333333333,9.479166666666666,0.0,7.634615384615385,3.831730769230769,1.55,0.7894230769230769,0.4091346153846154,0.18096153846153845,0.10490384615384615
seq_h60_to_confirmA_h45,0.7,confirmA_h45,0.74,advisory_if_unsure,0.122336227308603,4595,48,0.07116430903155604,321,791,6,3477,0.2886690647482014,0.981651376146789,0.4461431549687283,104,101,3,0.9711538461538461,45,44.554455445544555,0.9900990099009901,791,16.479166666666668,23.166666666666668,1.8958333333333333,9.479166666666666,1.7708333333333333,7.634615384615385,3.831730769230769,1.55,0.7894230769230769,0.4091346153846154,0.18096153846153845,0.10490384615384615
seq_h60_to_confirmA_h45,0.7,confirmA_h45,0.74,confirm_only_if_unsure,0.122336227308603,4595,48,0.07116430903155604,323,859,4,3409,0.2732656514382403,0.9877675840978594,0.4280980781974818,104,102,2,0.9807692307692307,45,44.705882352941174,0.9901960784313726,859,17.895833333333332,24.625,2.1458333333333335,10.729166666666666,1.7708333333333333,8.278846153846153,4.149038461538462,1.6711538461538462,0.8451923076923077,0.4322115384615385,0.1844230769230769,0.10182692307692308
seq_h60_to_confirmA_h45,0.7,confirmA_h45,0.78,none,0.21152328334648776,4595,48,0.07116430903155604,315,684,12,3584,0.3153153153153153,0.963302752293578,0.4751131221719457,104,100,4,0.9615384615384616,45,44.4,0.99,684,14.25,20.8125,1.875,9.375,0.0,6.615384615384615,3.326923076923077,1.353846153846154,0.6961538461538461,0.36730769230769234,0.17,0.10423076923076922
seq_h60_to_confirmA_h45,0.7,confirmA_h45,0.78,advisory_if_unsure,0.21152328334648776,4595,48,0.07116430903155604,315,684,12,3584,0.3153153153153153,0.963302752293578,0.4751131221719457,104,100,4,0.9615384615384616,45,44.4,0.99,684,14.25,20.8125,1.875,9.375,2.8125,6.615384615384615,3.326923076923077,1.353846153846154,0.6961538461538461,0.36730769230769234,0.17,0.10423076923076922
seq_h60_to_confirmA_h45,0.7,confirmA_h45,0.78,confirm_only_if_unsure,0.21152328334648776,4595,48,0.07116430903155604,321,811,6,3457,0.2835689045936396,0.981651376146789,0.44002741603838247,104,102,2,0.9807692307692307,45,44.705882352941174,0.9901960784313726,811,16.895833333333332,23.583333333333332,2.1875,10.9375,2.8125,7.8173076923076925,3.918269230769231,1.5788461538461538,0.7990384615384616,0.4091346153846154,0.1751923076923077,0.09721153846153846
seq_h60_to_confirmA_h45,0.7,confirmA_h45,0.82,none,0.2967640094711918,4595,48,0.07116430903155604,310,581,17,3687,0.3479236812570146,0.9480122324159022,0.5090311986863711,104,98,6,0.9423076923076923,45,43.775510204081634,0.9795918367346939,581,12.104166666666666,18.5625,1.9583333333333333,9.791666666666666,0.0,5.644230769230769,2.8509615384615383,1.175,0.6163461538461539,0.3370192307692308,0.16942307692307693,0.1135576923076923
seq_h60_to_confirmA_h45,0.7,confirmA_h45,0.82,advisory_if_unsure,0.2967640094711918,4595,48,0.07116430903155604,310,581,17,3687,0.3479236812570146,0.9480122324159022,0.5090311986863711,104,98,6,0.9423076923076923,45,43.775510204081634,0.9795918367346939,581,12.104166666666666,18.5625,1.9583333333333333,9.791666666666666,4.020833333333333,5.644230769230769,2.8509615384615383,1.175,0.6163461538461539,0.3370192307692308,0.16942307692307693,0.1135576923076923
seq_h60_to_confirmA_h45,0.7,confirmA_h45,0.82,confirm_only_if_unsure,0.2967640094711918,4595,48,0.07116430903155604,317,757,10,3511,0.2951582867783985,0.9694189602446484,0.45253390435403285,104,100,4,0.9615384615384616,45,44.4,0.99,757,15.770833333333334,22.375,2.2708333333333335,11.354166666666666,4.020833333333333,7.3173076923076925,3.6778846153846154,1.4942307692307693,0.7663461538461539,0.40240384615384617,0.18403846153846154,0.11125
seq_h60_to_confirmA_h45,0.7,confirmA_h45,0.86,none,0.38910812943962114,4595,48,0.07116430903155604,305,469,22,3799,0.39405684754521964,0.9327217125382263,0.5540417801998183,104,96,8,0.9230769230769231,45,43.90625,0.9791666666666666,469,9.770833333333334,16.125,1.9583333333333333,9.791666666666666,0.0,4.586538461538462,2.331730769230769,0.9788461538461538,0.5278846153846154,0.30240384615384613,0.1671153846153846,0.12201923076923077
seq_h60_to_confirmA_h45,0.7,confirmA_h45,0.86,advisory_if_unsure,0.38910812943962114,4595,48,0.07116430903155604,305,469,22,3799,0.39405684754521964,0.9327217125382263,0.5540417801998183,104,96,8,0.9230769230769231,45,43.90625,0.9791666666666666,469,9.770833333333334,16.125,1.9583333333333333,9.791666666666666,5.1875,4.586538461538462,2.331730769230769,0.9788461538461538,0.5278846153846154,0.30240384615384613,0.1671153846153846,0.12201923076923077
seq_h60_to_confirmA_h45,0.7,confirmA_h45,0.86,confirm_only_if_unsure,0.38910812943962114,4595,48,0.07116430903155604,316,702,11,3566,0.3104125736738703,0.9663608562691132,0.46988847583643123,104,100,4,0.9615384615384616,45,44.4,0.99,702,14.625,21.208333333333332,2.375,11.875,5.1875,6.788461538461538,3.4134615384615383,1.3884615384615384,0.7134615384615385,0.37596153846153846,0.17346153846153847,0.10596153846153847
seq_h60_to_confirmA_h45,0.7,confirmA_h45,0.9,none,0.4861878453038674,4595,48,0.07116430903155604,285,366,42,3902,0.4377880184331797,0.8715596330275229,0.5828220858895705,104,90,14,0.8653846153846154,45,43.666666666666664,0.9888888888888889,366,7.625,13.5625,1.8958333333333333,9.479166666666666,0.0,3.6538461538461537,1.8942307692307692,0.8384615384615385,0.48653846153846153,0.3105769230769231,0.205,0.1698076923076923
seq_h60_to_confirmA_h45,0.7,confirmA_h45,0.9,advisory_if_unsure,0.4861878453038674,4595,48,0.07116430903155604,285,366,42,3902,0.4377880184331797,0.8715596330275229,0.5828220858895705,104,90,14,0.8653846153846154,45,43.666666666666664,0.9888888888888889,366,7.625,13.5625,1.8958333333333333,9.479166666666666,6.5,3.6538461538461537,1.8942307692307692,0.8384615384615385,0.48653846153846153,0.3105769230769231,0.205,0.1698076923076923
seq_h60_to_confirmA_h45,0.7,confirmA_h45,0.9,confirm_only_if_unsure,0.4861878453038674,4595,48,0.07116430903155604,307,648,20,3620,0.32146596858638743,0.9388379204892966,0.4789391575663027,104,99,5,0.9519230769230769,45,43.78787878787879,0.98989898989899,648,13.5,19.895833333333332,2.6041666666666665,13.020833333333334,6.5,6.278846153846154,3.1634615384615383,1.2942307692307693,0.6711538461538461,0.3596153846153846,0.1726923076923077,0.11038461538461539
seq_h60_to_confirmA_h45,0.7,confirmA_h45,0.94,none,0.6306235201262825,4595,48,0.07116430903155604,234,234,93,4034,0.5,0.7155963302752294,0.5886792452830188,104,74,30,0.7115384615384616,45,40.74324324324324,0.9324324324324325,234,4.875,9.75,1.8333333333333333,9.166666666666666,0.0,2.5384615384615383,1.4134615384615385,0.7384615384615385,0.5134615384615384,0.4009615384615385,0.3334615384615385,0.31096153846153846
seq_h60_to_confirmA_h45,0.7,confirmA_h45,0.94,advisory_if_unsure,0.6306235201262825,4595,48,0.07116430903155604,234,234,93,4034,0.5,0.7155963302752294,0.5886792452830188,104,74,30,0.7115384615384616,45,40.74324324324324,0.9324324324324325,234,4.875,9.75,1.8333333333333333,9.166666666666666,7.645833333333333,2.5384615384615383,1.4134615384615385,0.7384615384615385,0.5134615384615384,0.4009615384615385,0.3334615384615385,0.31096153846153846
seq_h60_to_confirmA_h45,0.7,confirmA_h45,0.94,confirm_only_if_unsure,0.6306235201262825,4595,48,0.07116430903155604,290,610,37,3658,0.32222222222222224,0.8868501529051988,0.47269763651181745,104,96,8,0.9230769230769231,45,42.03125,0.9479166666666666,610,12.708333333333334,18.75,2.75,13.75,7.645833333333333,5.9423076923076925,3.0096153846153846,1.25,0.6634615384615384,0.3701923076923077,0.19423076923076923,0.13557692307692307
seq_h60_to_confirmA_h45,0.7,confirmA_h45,0.98,none,0.8816101026045777,4595,48,0.07116430903155604,89,61,238,4207,0.5933333333333334,0.27217125382262997,0.3731656184486373,104,34,70,0.3269230769230769,45,37.5,0.8529411764705882,61,1.2708333333333333,3.125,1.4791666666666667,7.395833333333333,0.0,1.2596153846153846,0.9663461538461539,0.7903846153846154,0.7317307692307692,0.7024038461538461,0.6848076923076923,0.6789423076923077
seq_h60_to_confirmA_h45,0.7,confirmA_h45,0.98,advisory_if_unsure,0.8816101026045777,4595,48,0.07116430903155604,89,61,238,4207,0.5933333333333334,0.27217125382262997,0.3731656184486373,104,34,70,0.3269230769230769,45,37.5,0.8529411764705882,61,1.2708333333333333,3.125,1.4791666666666667,7.395833333333333,9.916666666666666,1.2596153846153846,0.9663461538461539,0.7903846153846154,0.7317307692307692,0.7024038461538461,0.6848076923076923,0.6789423076923077
seq_h60_to_confirmA_h45,0.7,confirmA_h45,0.98,confirm_only_if_unsure,0.8816101026045777,4595,48,0.07116430903155604,245,546,82,3722,0.30973451327433627,0.7492354740061162,0.43828264758497315,104,86,18,0.8269230769230769,45,40.2906976744186,0.8953488372093024,546,11.375,16.479166666666668,2.875,14.375,9.916666666666666,5.423076923076923,2.798076923076923,1.2230769230769232,0.698076923076923,0.4355769230769231,0.27807692307692305,0.22557692307692306
seq_h60_to_confirmA_h45,0.74,confirmA_h45,0.5,none,0.0036231884057971015,4595,48,0.07116430903155604,316,784,11,3484,0.2872727272727273,0.9663608562691132,0.4428871758934828,104,101,3,0.9711538461538461,45,44.257425742574256,0.9900990099009901,784,16.333333333333332,22.916666666666668,1.875,9.375,0.0,7.5673076923076925,3.798076923076923,1.5365384615384616,0.7826923076923077,0.40576923076923077,0.17961538461538462,0.10423076923076922
seq_h60_to_confirmA_h45,0.74,confirmA_h45,0.5,advisory_if_unsure,0.0036231884057971015,4595,48,0.07116430903155604,316,784,11,3484,0.2872727272727273,0.9663608562691132,0.4428871758934828,104,101,3,0.9711538461538461,45,44.257425742574256,0.9900990099009901,784,16.333333333333332,22.916666666666668,1.875,9.375,0.08333333333333333,7.5673076923076925,3.798076923076923,1.5365384615384616,0.7826923076923077,0.40576923076923077,0.17961538461538462,0.10423076923076922
seq_h60_to_confirmA_h45,0.74,confirmA_h45,0.5,confirm_only_if_unsure,0.0036231884057971015,4595,48,0.07116430903155604,316,784,11,3484,0.2872727272727273,0.9663608562691132,0.4428871758934828,104,101,3,0.9711538461538461,45,44.257425742574256,0.9900990099009901,784,16.333333333333332,22.916666666666668,1.875,9.375,0.08333333333333333,7.5673076923076925,3.798076923076923,1.5365384615384616,0.7826923076923077,0.40576923076923077,0.17961538461538462,0.10423076923076922
seq_h60_to_confirmA_h45,0.74,confirmA_h45,0.54,none,0.0036231884057971015,4595,48,0.07116430903155604,316,784,11,3484,0.2872727272727273,0.9663608562691132,0.4428871758934828,104,101,3,0.9711538461538461,45,44.257425742574256,0.9900990099009901,784,16.333333333333332,22.916666666666668,1.875,9.375,0.0,7.5673076923076925,3.798076923076923,1.5365384615384616,0.7826923076923077,0.40576923076923077,0.17961538461538462,0.10423076923076922
seq_h60_to_confirmA_h45,0.74,confirmA_h45,0.54,advisory_if_unsure,0.0036231884057971015,4595,48,0.07116430903155604,316,784,11,3484,0.2872727272727273,0.9663608562691132,0.4428871758934828,104,101,3,0.9711538461538461,45,44.257425742574256,0.9900990099009901,784,16.333333333333332,22.916666666666668,1.875,9.375,0.08333333333333333,7.5673076923076925,3.798076923076923,1.5365384615384616,0.7826923076923077,0.40576923076923077,0.17961538461538462,0.10423076923076922
seq_h60_to_confirmA_h45,0.74,confirmA_h45,0.54,confirm_only_if_unsure,0.0036231884057971015,4595,48,0.07116430903155604,316,784,11,3484,0.2872727272727273,0.9663608562691132,0.4428871758934828,104,101,3,0.9711538461538461,45,44.257425742574256,0.9900990099009901,784,16.333333333333332,22.916666666666668,1.875,9.375,0.08333333333333333,7.5673076923076925,3.798076923076923,1.5365384615384616,0.7826923076923077,0.40576923076923077,0.17961538461538462,0.10423076923076922
seq_h60_to_confirmA_h45,0.74,confirmA_h45,0.58,none,0.004528985507246377,4595,48,0.07116430903155604,316,783,11,3485,0.2875341219290264,0.9663608562691132,0.4431977559607293,104,101,3,0.9711538461538461,45,44.257425742574256,0.9900990099009901,783,16.3125,22.895833333333332,1.8541666666666667,9.270833333333334,0.0,7.5576923076923075,3.793269230769231,1.5346153846153847,0.7817307692307692,0.40528846153846154,0.17942307692307694,0.10413461538461538
seq_h60_to_confirmA_h45,0.74,confirmA_h45,0.58,advisory_if_unsure,0.004528985507246377,4595,48,0.07116430903155604,316,783,11,3485,0.2875341219290264,0.9663608562691132,0.4431977559607293,104,101,3,0.9711538461538461,45,44.257425742574256,0.9900990099009901,783,16.3125,22.895833333333332,1.8541666666666667,9.270833333333334,0.08333333333333333,7.5576923076923075,3.793269230769231,1.5346153846153847,0.7817307692307692,0.40528846153846154,0.17942307692307694,0.10413461538461538
seq_h60_to_confirmA_h45,0.74,confirmA_h45,0.58,confirm_only_if_unsure,0.004528985507246377,4595,48,0.07116430903155604,316,784,11,3484,0.2872727272727273,0.9663608562691132,0.4428871758934828,104,101,3,0.9711538461538461,45,44.257425742574256,0.9900990099009901,784,16.333333333333332,22.916666666666668,1.875,9.375,0.08333333333333333,7.5673076923076925,3.798076923076923,1.5365384615384616,0.7826923076923077,0.40576923076923077,0.17961538461538462,0.10423076923076922
seq_h60_to_confirmA_h45,0.74,confirmA_h45,0.62,none,0.004528985507246377,4595,48,0.07116430903155604,316,783,11,3485,0.2875341219290264,0.9663608562691132,0.4431977559607293,104,101,3,0.9711538461538461,45,44.257425742574256,0.9900990099009901,783,16.3125,22.895833333333332,1.8541666666666667,9.270833333333334,0.0,7.5576923076923075,3.793269230769231,1.5346153846153847,0.7817307692307692,0.40528846153846154,0.17942307692307694,0.10413461538461538
seq_h60_to_confirmA_h45,0.74,confirmA_h45,0.62,advisory_if_unsure,0.004528985507246377,4595,48,0.07116430903155604,316,783,11,3485,0.2875341219290264,0.9663608562691132,0.4431977559607293,104,101,3,0.9711538461538461,45,44.257425742574256,0.9900990099009901,783,16.3125,22.895833333333332,1.8541666666666667,9.270833333333334,0.08333333333333333,7.5576923076923075,3.793269230769231,1.5346153846153847,0.7817307692307692,0.40528846153846154,0.17942307692307694,0.10413461538461538
seq_h60_to_confirmA_h45,0.74,confirmA_h45,0.62,confirm_only_if_unsure,0.004528985507246377,4595,48,0.07116430903155604,316,784,11,3484,0.2872727272727273,0.9663608562691132,0.4428871758934828,104,101,3,0.9711538461538461,45,44.257425742574256,0.9900990099009901,784,16.333333333333332,22.916666666666668,1.875,9.375,0.08333333333333333,7.5673076923076925,3.798076923076923,1.5365384615384616,0.7826923076923077,0.40576923076923077,0.17961538461538462,0.10423076923076922
seq_h60_to_confirmA_h45,0.74,confirmA_h45,0.66,none,0.004528985507246377,4595,48,0.07116430903155604,316,783,11,3485,0.2875341219290264,0.9663608562691132,0.4431977559607293,104,101,3,0.9711538461538461,45,44.257425742574256,0.9900990099009901,783,16.3125,22.895833333333332,1.8541666666666667,9.270833333333334,0.0,7.5576923076923075,3.793269230769231,1.5346153846153847,0.7817307692307692,0.40528846153846154,0.17942307692307694,0.10413461538461538
seq_h60_to_confirmA_h45,0.74,confirmA_h45,0.66,advisory_if_unsure,0.004528985507246377,4595,48,0.07116430903155604,316,783,11,3485,0.2875341219290264,0.9663608562691132,0.4431977559607293,104,101,3,0.9711538461538461,45,44.257425742574256,0.9900990099009901,783,16.3125,22.895833333333332,1.8541666666666667,9.270833333333334,0.08333333333333333,7.5576923076923075,3.793269230769231,1.5346153846153847,0.7817307692307692,0.40528846153846154,0.17942307692307694,0.10413461538461538
seq_h60_to_confirmA_h45,0.74,confirmA_h45,0.66,confirm_only_if_unsure,0.004528985507246377,4595,48,0.07116430903155604,316,784,11,3484,0.2872727272727273,0.9663608562691132,0.4428871758934828,104,101,3,0.9711538461538461,45,44.257425742574256,0.9900990099009901,784,16.333333333333332,22.916666666666668,1.875,9.375,0.08333333333333333,7.5673076923076925,3.798076923076923,1.5365384615384616,0.7826923076923077,0.40576923076923077,0.17961538461538462,0.10423076923076922
seq_h60_to_confirmA_h45,0.74,confirmA_h45,0.7,none,0.008152173913043478,4595,48,0.07116430903155604,316,779,11,3489,0.28858447488584477,0.9663608562691132,0.4444444444444444,104,101,3,0.9711538461538461,45,44.257425742574256,0.9900990099009901,779,16.229166666666668,22.8125,1.8541666666666667,9.270833333333334,0.0,7.519230769230769,3.7740384615384617,1.5269230769230768,0.7778846153846154,0.4033653846153846,0.17865384615384616,0.10375
seq_h60_to_confirmA_h45,0.74,confirmA_h45,0.7,advisory_if_unsure,0.008152173913043478,4595,48,0.07116430903155604,316,779,11,3489,0.28858447488584477,0.9663608562691132,0.4444444444444444,104,101,3,0.9711538461538461,45,44.257425742574256,0.9900990099009901,779,16.229166666666668,22.8125,1.8541666666666667,9.270833333333334,0.14583333333333334,7.519230769230769,3.7740384615384617,1.5269230769230768,0.7778846153846154,0.4033653846153846,0.17865384615384616,0.10375
seq_h60_to_confirmA_h45,0.74,confirmA_h45,0.7,confirm_only_if_unsure,0.008152173913043478,4595,48,0.07116430903155604,316,781,11,3487,0.2880583409298086,0.9663608562691132,0.4438202247191011,104,101,3,0.9711538461538461,45,44.257425742574256,0.9900990099009901,781,16.270833333333332,22.854166666666668,1.875,9.375,0.14583333333333334,7.538461538461538,3.7836538461538463,1.5307692307692307,0.7798076923076923,0.4043269230769231,0.17903846153846154,0.1039423076923077
seq_h60_to_confirmA_h45,0.74,confirmA_h45,0.74,none,0.036231884057971016,4595,48,0.07116430903155604,316,748,11,3520,0.29699248120300753,0.9663608562691132,0.4543493889288282,104,101,3,0.9711538461538461,45,44.257425742574256,0.9900990099009901,748,15.583333333333334,22.166666666666668,1.8958333333333333,9.479166666666666,0.0,7.221153846153846,3.625,1.4673076923076922,0.7480769230769231,0.38846153846153847,0.1726923076923077,0.10076923076923076
seq_h60_to_confirmA_h45,0.74,confirmA_h45,0.74,advisory_if_unsure,0.036231884057971016,4595,48,0.07116430903155604,316,748,11,3520,0.29699248120300753,0.9663608562691132,0.4543493889288282,104,101,3,0.9711538461538461,45,44.257425742574256,0.9900990099009901,748,15.583333333333334,22.166666666666668,1.8958333333333333,9.479166666666666,0.4583333333333333,7.221153846153846,3.625,1.4673076923076922,0.7480769230769231,0.38846153846153847,0.1726923076923077,0.10076923076923076
seq_h60_to_confirmA_h45,0.74,confirmA_h45,0.74,confirm_only_if_unsure,0.036231884057971016,4595,48,0.07116430903155604,316,766,11,3502,0.2920517560073937,0.9663608562691132,0.44854506742370476,104,101,3,0.9711538461538461,45,44.257425742574256,0.9900990099009901,766,15.958333333333334,22.541666666666668,1.875,9.375,0.4583333333333333,7.394230769230769,3.7115384615384617,1.501923076923077,0.7653846153846153,0.3971153846153846,0.17615384615384616,0.1025
seq_h60_to_confirmA_h45,0.74,confirmA_h45,0.78,none,0.11684782608695653,4595,48,0.07116430903155604,312,663,15,3605,0.32,0.9541284403669725,0.4792626728110599,104,100,4,0.9615384615384616,45,44.25,0.99,663,13.8125,20.3125,1.8958333333333333,9.479166666666666,0.0,6.413461538461538,3.2259615384615383,1.3134615384615385,0.6759615384615385,0.35721153846153847,0.16596153846153847,0.10221153846153846
seq_h60_to_confirmA_h45,0.74,confirmA_h45,0.78,advisory_if_unsure,0.11684782608695653,4595,48,0.07116430903155604,312,663,15,3605,0.32,0.9541284403669725,0.4792626728110599,104,100,4,0.9615384615384616,45,44.25,0.99,663,13.8125,20.3125,1.8958333333333333,9.479166666666666,1.2708333333333333,6.413461538461538,3.2259615384615383,1.3134615384615385,0.6759615384615385,0.35721153846153847,0.16596153846153847,0.10221153846153846
seq_h60_to_confirmA_h45,0.74,confirmA_h45,0.78,confirm_only_if_unsure,0.11684782608695653,4595,48,0.07116430903155604,315,728,12,3540,0.30201342281879195,0.963302752293578,0.45985401459854014,104,101,3,0.9711538461538461,45,44.257425742574256,0.9900990099009901,728,15.166666666666666,21.729166666666668,1.8958333333333333,9.479166666666666,1.2708333333333333,7.028846153846154,3.5288461538461537,1.4288461538461539,0.7288461538461538,0.37884615384615383,0.16884615384615384,0.09884615384615385
seq_h60_to_confirmA_h45,0.74,confirmA_h45,0.82,none,0.20018115942028986,4595,48,0.07116430903155604,308,575,19,3693,0.3488108720271801,0.9418960244648318,0.509090909090909,104,98,6,0.9423076923076923,45,43.775510204081634,0.9795918367346939,575,11.979166666666666,18.395833333333332,1.9375,9.6875,0.0,5.586538461538462,2.8221153846153846,1.1634615384615385,0.6105769230769231,0.33413461538461536,0.16826923076923078,0.11298076923076923
seq_h60_to_confirmA_h45,0.74,confirmA_h45,0.82,advisory_if_unsure,0.20018115942028986,4595,48,0.07116430903155604,308,575,19,3693,0.3488108720271801,0.9418960244648318,0.509090909090909,104,98,6,0.9423076923076923,45,43.775510204081634,0.9795918367346939,575,11.979166666666666,18.395833333333332,1.9375,9.6875,2.2083333333333335,5.586538461538462,2.8221153846153846,1.1634615384615385,0.6105769230769231,0.33413461538461536,0.16826923076923078,0.11298076923076923
seq_h60_to_confirmA_h45,0.74,confirmA_h45,0.82,confirm_only_if_unsure,0.20018115942028986,4595,48,0.07116430903155604,312,686,15,3582,0.312625250501002,0.9541284403669725,0.47094339622641507,104,99,5,0.9519230769230769,45,44.09090909090909,0.98989898989899,686,14.291666666666666,20.791666666666668,1.9375,9.6875,2.2083333333333335,6.644230769230769,3.3461538461538463,1.3673076923076923,0.7076923076923077,0.3778846153846154,0.18,0.11403846153846153
seq_h60_to_confirmA_h45,0.74,confirmA_h45,0.86,none,0.302536231884058,4595,48,0.07116430903155604,304,466,23,3802,0.3948051948051948,0.9296636085626911,0.5542388331814039,104,96,8,0.9230769230769231,45,43.90625,0.9791666666666666,466,9.708333333333334,16.041666666666668,1.9583333333333333,9.791666666666666,0.0,4.5576923076923075,2.3173076923076925,0.9730769230769231,0.525,0.30096153846153845,0.16653846153846155,0.12173076923076923
seq_h60_to_confirmA_h45,0.74,confirmA_h45,0.86,advisory_if_unsure,0.302536231884058,4595,48,0.07116430903155604,304,466,23,3802,0.3948051948051948,0.9296636085626911,0.5542388331814039,104,96,8,0.9230769230769231,45,43.90625,0.9791666666666666,466,9.708333333333334,16.041666666666668,1.9583333333333333,9.791666666666666,3.3541666666666665,4.5576923076923075,2.3173076923076925,0.9730769230769231,0.525,0.30096153846153845,0.16653846153846155,0.12173076923076923
seq_h60_to_confirmA_h45,0.74,confirmA_h45,0.86,confirm_only_if_unsure,0.302536231884058,4595,48,0.07116430903155604,311,632,16,3636,0.3297985153764581,0.9510703363914373,0.48976377952755906,104,99,5,0.9519230769230769,45,44.09090909090909,0.98989898989899,632,13.166666666666666,19.645833333333332,2.0416666666666665,10.208333333333334,3.3541666666666665,6.125,3.0865384615384617,1.2634615384615384,0.6557692307692308,0.35192307692307695,0.1696153846153846,0.10884615384615384
seq_h60_to_confirmA_h45,0.74,confirmA_h45,0.9,none,0.4121376811594203,4595,48,0.07116430903155604,285,364,42,3904,0.4391371340523883,0.8715596330275229,0.5840163934426229,104,90,14,0.8653846153846154,45,43.666666666666664,0.9888888888888889,364,7.583333333333333,13.520833333333334,1.8958333333333333,9.479166666666666,0.0,3.6346153846153846,1.8846153846153846,0.8346153846153846,0.4846153846153846,0.3096153846153846,0.20461538461538462,0.1696153846153846
seq_h60_to_confirmA_h45,0.74,confirmA_h45,0.9,advisory_if_unsure,0.4121376811594203,4595,48,0.07116430903155604,285,364,42,3904,0.4391371340523883,0.8715596330275229,0.5840163934426229,104,90,14,0.8653846153846154,45,43.666666666666664,0.9888888888888889,364,7.583333333333333,13.520833333333334,1.8958333333333333,9.479166666666666,4.645833333333333,3.6346153846153846,1.8846153846153846,0.8346153846153846,0.4846153846153846,0.3096153846153846,0.20461538461538462,0.1696153846153846
seq_h60_to_confirmA_h45,0.74,confirmA_h45,0.9,confirm_only_if_unsure,0.4121376811594203,4595,48,0.07116430903155604,302,579,25,3689,0.3427922814982974,0.9235474006116208,0.5,104,98,6,0.9423076923076923,45,43.46938775510204,0.9897959183673469,579,12.0625,18.354166666666668,2.2708333333333335,11.354166666666666,4.645833333333333,5.625,2.8413461538461537,1.1711538461538462,0.614423076923077,0.33605769230769234,0.16903846153846153,0.11336538461538462
seq_h60_to_confirmA_h45,0.74,confirmA_h45,0.94,none,0.5769927536231884,4595,48,0.07116430903155604,234,233,93,4035,0.5010706638115632,0.7155963302752294,0.5894206549118388,104,74,30,0.7115384615384616,45,40.74324324324324,0.9324324324324325,233,4.854166666666667,9.729166666666666,1.8333333333333333,9.166666666666666,0.0,2.5288461538461537,1.4086538461538463,0.7365384615384616,0.5125,0.40048076923076925,0.33326923076923076,0.3108653846153846
seq_h60_to_confirmA_h45,0.74,confirmA_h45,0.94,advisory_if_unsure,0.5769927536231884,4595,48,0.07116430903155604,234,233,93,4035,0.5010706638115632,0.7155963302752294,0.5894206549118388,104,74,30,0.7115384615384616,45,40.74324324324324,0.9324324324324325,233,4.854166666666667,9.729166666666666,1.8333333333333333,9.166666666666666,5.791666666666667,2.5288461538461537,1.4086538461538463,0.7365384615384616,0.5125,0.40048076923076925,0.33326923076923076,0.3108653846153846
seq_h60_to_confirmA_h45,0.74,confirmA_h45,0.94,confirm_only_if_unsure,0.5769927536231884,4595,48,0.07116430903155604,285,541,42,3727,0.3450363196125908,0.8715596330275229,0.4943625325238508,104,95,9,0.9134615384615384,45,41.68421052631579,0.9473684210526315,541,11.270833333333334,17.208333333333332,2.4166666666666665,12.083333333333334,5.791666666666667,5.288461538461538,2.6875,1.126923076923077,0.6067307692307692,0.3466346153846154,0.1905769230769231,0.1385576923076923
seq_h60_to_confirmA_h45,0.74,confirmA_h45,0.98,none,0.8641304347826086,4595,48,0.07116430903155604,89,61,238,4207,0.5933333333333334,0.27217125382262997,0.3731656184486373,104,34,70,0.3269230769230769,45,37.5,0.8529411764705882,61,1.2708333333333333,3.125,1.4791666666666667,7.395833333333333,0.0,1.2596153846153846,0.9663461538461539,0.7903846153846154,0.7317307692307692,0.7024038461538461,0.6848076923076923,0.6789423076923077
seq_h60_to_confirmA_h45,0.74,confirmA_h45,0.98,advisory_if_unsure,0.8641304347826086,4595,48,0.07116430903155604,89,61,238,4207,0.5933333333333334,0.27217125382262997,0.3731656184486373,104,34,70,0.3269230769230769,45,37.5,0.8529411764705882,61,1.2708333333333333,3.125,1.4791666666666667,7.395833333333333,8.0625,1.2596153846153846,0.9663461538461539,0.7903846153846154,0.7317307692307692,0.7024038461538461,0.6848076923076923,0.6789423076923077
seq_h60_to_confirmA_h45,0.74,confirmA_h45,0.98,confirm_only_if_unsure,0.8641304347826086,4595,48,0.07116430903155604,240,477,87,3791,0.33472803347280333,0.7339449541284404,0.45977011494252873,104,85,19,0.8173076923076923,45,39.88235294117647,0.8941176470588236,477,9.9375,14.9375,2.5416666666666665,12.708333333333334,8.0625,4.769230769230769,2.4759615384615383,1.1,0.6413461538461539,0.41201923076923075,0.27442307692307694,0.2285576923076923
seq_h60_to_confirmA_h45,0.78,confirmA_h45,0.5,none,0.0010183299389002036,4595,48,0.07116430903155604,312,669,15,3599,0.3180428134556575,0.9541284403669725,0.47706422018348627,104,100,4,0.9615384615384616,45,44.25,0.99,669,13.9375,20.4375,1.9375,9.6875,0.0,6.471153846153846,3.2548076923076925,1.325,0.6817307692307693,0.36009615384615384,0.1671153846153846,0.10278846153846154
seq_h60_to_confirmA_h45,0.78,confirmA_h45,0.5,advisory_if_unsure,0.0010183299389002036,4595,48,0.07116430903155604,312,669,15,3599,0.3180428134556575,0.9541284403669725,0.47706422018348627,104,100,4,0.9615384615384616,45,44.25,0.99,669,13.9375,20.4375,1.9375,9.6875,0.020833333333333332,6.471153846153846,3.2548076923076925,1.325,0.6817307692307693,0.36009615384615384,0.1671153846153846,0.10278846153846154
seq_h60_to_confirmA_h45,0.78,confirmA_h45,0.5,confirm_only_if_unsure,0.0010183299389002036,4595,48,0.07116430903155604,312,669,15,3599,0.3180428134556575,0.9541284403669725,0.47706422018348627,104,100,4,0.9615384615384616,45,44.25,0.99,669,13.9375,20.4375,1.9375,9.6875,0.020833333333333332,6.471153846153846,3.2548076923076925,1.325,0.6817307692307693,0.36009615384615384,0.1671153846153846,0.10278846153846154
seq_h60_to_confirmA_h45,0.78,confirmA_h45,0.54,none,0.0010183299389002036,4595,48,0.07116430903155604,312,669,15,3599,0.3180428134556575,0.9541284403669725,0.47706422018348627,104,100,4,0.9615384615384616,45,44.25,0.99,669,13.9375,20.4375,1.9375,9.6875,0.0,6.471153846153846,3.2548076923076925,1.325,0.6817307692307693,0.36009615384615384,0.1671153846153846,0.10278846153846154
seq_h60_to_confirmA_h45,0.78,confirmA_h45,0.54,advisory_if_unsure,0.0010183299389002036,4595,48,0.07116430903155604,312,669,15,3599,0.3180428134556575,0.9541284403669725,0.47706422018348627,104,100,4,0.9615384615384616,45,44.25,0.99,669,13.9375,20.4375,1.9375,9.6875,0.020833333333333332,6.471153846153846,3.2548076923076925,1.325,0.6817307692307693,0.36009615384615384,0.1671153846153846,0.10278846153846154
seq_h60_to_confirmA_h45,0.78,confirmA_h45,0.54,confirm_only_if_unsure,0.0010183299389002036,4595,48,0.07116430903155604,312,669,15,3599,0.3180428134556575,0.9541284403669725,0.47706422018348627,104,100,4,0.9615384615384616,45,44.25,0.99,669,13.9375,20.4375,1.9375,9.6875,0.020833333333333332,6.471153846153846,3.2548076923076925,1.325,0.6817307692307693,0.36009615384615384,0.1671153846153846,0.10278846153846154
seq_h60_to_confirmA_h45,0.78,confirmA_h45,0.58,none,0.002036659877800407,4595,48,0.07116430903155604,312,668,15,3600,0.3183673469387755,0.9541284403669725,0.4774292272379495,104,100,4,0.9615384615384616,45,44.25,0.99,668,13.916666666666666,20.416666666666668,1.9166666666666667,9.583333333333334,0.0,6.461538461538462,3.25,1.323076923076923,0.6807692307692308,0.3596153846153846,0.16692307692307692,0.1026923076923077
seq_h60_to_confirmA_h45,0.78,confirmA_h45,0.58,advisory_if_unsure,0.002036659877800407,4595,48,0.07116430903155604,312,668,15,3600,0.3183673469387755,0.9541284403669725,0.4774292272379495,104,100,4,0.9615384615384616,45,44.25,0.99,668,13.916666666666666,20.416666666666668,1.9166666666666667,9.583333333333334,0.020833333333333332,6.461538461538462,3.25,1.323076923076923,0.6807692307692308,0.3596153846153846,0.16692307692307692,0.1026923076923077
seq_h60_to_confirmA_h45,0.78,confirmA_h45,0.58,confirm_only_if_unsure,0.002036659877800407,4595,48,0.07116430903155604,312,669,15,3599,0.3180428134556575,0.9541284403669725,0.47706422018348627,104,100,4,0.9615384615384616,45,44.25,0.99,669,13.9375,20.4375,1.9375,9.6875,0.020833333333333332,6.471153846153846,3.2548076923076925,1.325,0.6817307692307693,0.36009615384615384,0.1671153846153846,0.10278846153846154
seq_h60_to_confirmA_h45,0.78,confirmA_h45,0.62,none,0.002036659877800407,4595,48,0.07116430903155604,312,668,15,3600,0.3183673469387755,0.9541284403669725,0.4774292272379495,104,100,4,0.9615384615384616,45,44.25,0.99,668,13.916666666666666,20.416666666666668,1.9166666666666667,9.583333333333334,0.0,6.461538461538462,3.25,1.323076923076923,0.6807692307692308,0.3596153846153846,0.16692307692307692,0.1026923076923077
seq_h60_to_confirmA_h45,0.78,confirmA_h45,0.62,advisory_if_unsure,0.002036659877800407,4595,48,0.07116430903155604,312,668,15,3600,0.3183673469387755,0.9541284403669725,0.4774292272379495,104,100,4,0.9615384615384616,45,44.25,0.99,668,13.916666666666666,20.416666666666668,1.9166666666666667,9.583333333333334,0.020833333333333332,6.461538461538462,3.25,1.323076923076923,0.6807692307692308,0.3596153846153846,0.16692307692307692,0.1026923076923077
seq_h60_to_confirmA_h45,0.78,confirmA_h45,0.62,confirm_only_if_unsure,0.002036659877800407,4595,48,0.07116430903155604,312,669,15,3599,0.3180428134556575,0.9541284403669725,0.47706422018348627,104,100,4,0.9615384615384616,45,44.25,0.99,669,13.9375,20.4375,1.9375,9.6875,0.020833333333333332,6.471153846153846,3.2548076923076925,1.325,0.6817307692307693,0.36009615384615384,0.1671153846153846,0.10278846153846154
seq_h60_to_confirmA_h45,0.78,confirmA_h45,0.66,none,0.002036659877800407,4595,48,0.07116430903155604,312,668,15,3600,0.3183673469387755,0.9541284403669725,0.4774292272379495,104,100,4,0.9615384615384616,45,44.25,0.99,668,13.916666666666666,20.416666666666668,1.9166666666666667,9.583333333333334,0.0,6.461538461538462,3.25,1.323076923076923,0.6807692307692308,0.3596153846153846,0.16692307692307692,0.1026923076923077
seq_h60_to_confirmA_h45,0.78,confirmA_h45,0.66,advisory_if_unsure,0.002036659877800407,4595,48,0.07116430903155604,312,668,15,3600,0.3183673469387755,0.9541284403669725,0.4774292272379495,104,100,4,0.9615384615384616,45,44.25,0.99,668,13.916666666666666,20.416666666666668,1.9166666666666667,9.583333333333334,0.020833333333333332,6.461538461538462,3.25,1.323076923076923,0.6807692307692308,0.3596153846153846,0.16692307692307692,0.1026923076923077
seq_h60_to_confirmA_h45,0.78,confirmA_h45,0.66,confirm_only_if_unsure,0.002036659877800407,4595,48,0.07116430903155604,312,669,15,3599,0.3180428134556575,0.9541284403669725,0.47706422018348627,104,100,4,0.9615384615384616,45,44.25,0.99,669,13.9375,20.4375,1.9375,9.6875,0.020833333333333332,6.471153846153846,3.2548076923076925,1.325,0.6817307692307693,0.36009615384615384,0.1671153846153846,0.10278846153846154
seq_h60_to_confirmA_h45,0.78,confirmA_h45,0.7,none,0.0050916496945010185,4595,48,0.07116430903155604,312,665,15,3603,0.3193449334698055,0.9541284403669725,0.4785276073619632,104,100,4,0.9615384615384616,45,44.25,0.99,665,13.854166666666666,20.354166666666668,1.8958333333333333,9.479166666666666,0.0,6.4326923076923075,3.235576923076923,1.3173076923076923,0.6778846153846154,0.3581730769230769,0.16634615384615384,0.10240384615384615
seq_h60_to_confirmA_h45,0.78,confirmA_h45,0.7,advisory_if_unsure,0.0050916496945010185,4595,48,0.07116430903155604,312,665,15,3603,0.3193449334698055,0.9541284403669725,0.4785276073619632,104,100,4,0.9615384615384616,45,44.25,0.99,665,13.854166666666666,20.354166666666668,1.8958333333333333,9.479166666666666,0.0625,6.4326923076923075,3.235576923076923,1.3173076923076923,0.6778846153846154,0.3581730769230769,0.16634615384615384,0.10240384615384615
seq_h60_to_confirmA_h45,0.78,confirmA_h45,0.7,confirm_only_if_unsure,0.0050916496945010185,4595,48,0.07116430903155604,312,667,15,3601,0.31869254341164455,0.9541284403669725,0.4777947932618683,104,100,4,0.9615384615384616,45,44.25,0.99,667,13.895833333333334,20.395833333333332,1.9375,9.6875,0.0625,6.451923076923077,3.2451923076923075,1.3211538461538461,0.6798076923076923,0.3591346153846154,0.16673076923076924,0.10259615384615385
seq_h60_to_confirmA_h45,0.78,confirmA_h45,0.74,none,0.009164969450101833,4595,48,0.07116430903155604,312,661,15,3607,0.32065775950668035,0.9541284403669725,0.48,104,100,4,0.9615384615384616,45,44.25,0.99,661,13.770833333333334,20.270833333333332,1.9166666666666667,9.583333333333334,0.0,6.394230769230769,3.2163461538461537,1.3096153846153846,0.6740384615384616,0.35625,0.16557692307692307,0.10201923076923076
seq_h60_to_confirmA_h45,0.78,confirmA_h45,0.74,advisory_if_unsure,0.009164969450101833,4595,48,0.07116430903155604,312,661,15,3607,0.32065775950668035,0.9541284403669725,0.48,104,100,4,0.9615384615384616,45,44.25,0.99,661,13.770833333333334,20.270833333333332,1.9166666666666667,9.583333333333334,0.10416666666666667,6.394230769230769,3.2163461538461537,1.3096153846153846,0.6740384615384616,0.35625,0.16557692307692307,0.10201923076923076
seq_h60_to_confirmA_h45,0.78,confirmA_h45,0.74,confirm_only_if_unsure,0.009164969450101833,4595,48,0.07116430903155604,312,665,15,3603,0.3193449334698055,0.9541284403669725,0.4785276073619632,104,100,4,0.9615384615384616,45,44.25,0.99,665,13.854166666666666,20.354166666666668,1.9375,9.6875,0.10416666666666667,6.4326923076923075,3.235576923076923,1.3173076923076923,0.6778846153846154,0.3581730769230769,0.16634615384615384,0.10240384615384615
seq_h60_to_confirmA_h45,0.78,confirmA_h45,0.78,none,0.05091649694501019,4595,48,0.07116430903155604,310,622,17,3646,0.33261802575107297,0.9480122324159022,0.4924543288324067,104,100,4,0.9615384615384616,45,44.25,0.99,622,12.958333333333334,19.416666666666668,1.9375,9.6875,0.0,6.019230769230769,3.0288461538461537,1.2346153846153847,0.6365384615384615,0.3375,0.1580769230769231,0.09826923076923078
seq_h60_to_confirmA_h45,0.78,confirmA_h45,0.78,advisory_if_unsure,0.05091649694501019,4595,48,0.07116430903155604,310,622,17,3646,0.33261802575107297,0.9480122324159022,0.4924543288324067,104,100,4,0.9615384615384616,45,44.25,0.99,622,12.958333333333334,19.416666666666668,1.9375,9.6875,0.4791666666666667,6.019230769230769,3.0288461538461537,1.2346153846153847,0.6365384615384615,0.3375,0.1580769230769231,0.09826923076923078
seq_h60_to_confirmA_h45,0.78,confirmA_h45,0.78,confirm_only_if_unsure,0.05091649694501019,4595,48,0.07116430903155604,311,648,16,3620,0.32429614181439,0.9510703363914373,0.48367029548989116,104,100,4,0.9615384615384616,45,44.25,0.99,648,13.5,19.979166666666668,1.9166666666666667,9.583333333333334,0.4791666666666667,6.269230769230769,3.1538461538461537,1.2846153846153847,0.6615384615384615,0.35,0.16307692307692306,0.10076923076923076
seq_h60_to_confirmA_h45,0.78,confirmA_h45,0.82,none,0.12423625254582485,4595,48,0.07116430903155604,306,554,21,3714,0.3558139534883721,0.9357798165137615,0.5155855096882898,104,97,7,0.9326923076923077,45,44.22680412371134,0.9896907216494846,554,11.541666666666666,17.916666666666668,1.9791666666666667,9.895833333333334,0.0,5.394230769230769,2.730769230769231,1.1326923076923077,0.6,0.33365384615384613,0.17384615384615384,0.12057692307692308
seq_h60_to_confirmA_h45,0.78,confirmA_h45,0.82,advisory_if_unsure,0.12423625254582485,4595,48,0.07116430903155604,306,554,21,3714,0.3558139534883721,0.9357798165137615,0.5155855096882898,104,97,7,0.9326923076923077,45,44.22680412371134,0.9896907216494846,554,11.541666666666666,17.916666666666668,1.9791666666666667,9.895833333333334,1.1458333333333333,5.394230769230769,2.730769230769231,1.1326923076923077,0.6,0.33365384615384613,0.17384615384615384,0.12057692307692308
seq_h60_to_confirmA_h45,0.78,confirmA_h45,0.82,confirm_only_if_unsure,0.12423625254582485,4595,48,0.07116430903155604,308,619,19,3649,0.33225458468176916,0.9418960244648318,0.49122807017543857,104,98,6,0.9423076923076923,45,44.08163265306123,0.9897959183673469,619,12.895833333333334,19.3125,2.0,10.0,1.1458333333333333,6.009615384615385,3.0336538461538463,1.248076923076923,0.6528846153846154,0.35528846153846155,0.17673076923076922,0.11721153846153846
seq_h60_to_confirmA_h45,0.78,confirmA_h45,0.86,none,0.22708757637474541,4595,48,0.07116430903155604,303,456,24,3812,0.39920948616600793,0.926605504587156,0.5580110497237569,104,95,9,0.9134615384615384,45,44.36842105263158,0.9894736842105263,456,9.5,15.8125,1.9791666666666667,9.895833333333334,0.0,4.471153846153846,2.2788461538461537,0.9634615384615385,0.525,0.3057692307692308,0.17423076923076924,0.13038461538461538
seq_h60_to_confirmA_h45,0.78,confirmA_h45,0.86,advisory_if_unsure,0.22708757637474541,4595,48,0.07116430903155604,303,456,24,3812,0.39920948616600793,0.926605504587156,0.5580110497237569,104,95,9,0.9134615384615384,45,44.36842105263158,0.9894736842105263,456,9.5,15.8125,1.9791666666666667,9.895833333333334,2.1666666666666665,4.471153846153846,2.2788461538461537,0.9634615384615385,0.525,0.3057692307692308,0.17423076923076924,0.13038461538461538
seq_h60_to_confirmA_h45,0.78,confirmA_h45,0.86,confirm_only_if_unsure,0.22708757637474541,4595,48,0.07116430903155604,307,571,20,3697,0.34965831435079725,0.9388379204892966,0.5095435684647303,104,98,6,0.9423076923076923,45,44.08163265306123,0.9897959183673469,571,11.895833333333334,18.291666666666668,2.1041666666666665,10.520833333333334,2.1666666666666665,5.548076923076923,2.8028846153846154,1.1557692307692307,0.6067307692307692,0.33221153846153845,0.1675,0.11259615384615385
seq_h60_to_confirmA_h45,0.78,confirmA_h45,0.9,none,0.3411405295315682,4595,48,0.07116430903155604,285,362,42,3906,0.44049459041731065,0.8715596330275229,0.5852156057494866,104,90,14,0.8653846153846154,45,43.666666666666664,0.9888888888888889,362,7.541666666666667,13.479166666666666,1.8958333333333333,9.479166666666666,0.0,3.6153846153846154,1.875,0.8307692307692308,0.4826923076923077,0.30865384615384617,0.20423076923076924,0.16942307692307693
seq_h60_to_confirmA_h45,0.78,confirmA_h45,0.9,advisory_if_unsure,0.3411405295315682,4595,48,0.07116430903155604,285,362,42,3906,0.44049459041731065,0.8715596330275229,0.5852156057494866,104,90,14,0.8653846153846154,45,43.666666666666664,0.9888888888888889,362,7.541666666666667,13.479166666666666,1.8958333333333333,9.479166666666666,3.3125,3.6153846153846154,1.875,0.8307692307692308,0.4826923076923077,0.30865384615384617,0.20423076923076924,0.16942307692307693
seq_h60_to_confirmA_h45,0.78,confirmA_h45,0.9,confirm_only_if_unsure,0.3411405295315682,4595,48,0.07116430903155604,298,525,29,3743,0.362089914945322,0.9113149847094801,0.5182608695652174,104,97,7,0.9326923076923077,45,43.45360824742268,0.9896907216494846,525,10.9375,17.145833333333332,2.25,11.25,3.3125,5.115384615384615,2.5913461538461537,1.0769230769230769,0.5721153846153846,0.31971153846153844,0.16826923076923078,0.11778846153846154
seq_h60_to_confirmA_h45,0.78,confirmA_h45,0.94,none,0.5254582484725051,4595,48,0.07116430903155604,234,232,93,4036,0.5021459227467812,0.7155963302752294,0.5901639344262295,104,74,30,0.7115384615384616,45,40.74324324324324,0.9324324324324325,232,4.833333333333333,9.708333333333334,1.8125,9.0625,0.0,2.519230769230769,1.4038461538461537,0.7346153846153847,0.5115384615384615,0.4,0.3330769230769231,0.31076923076923074
seq_h60_to_confirmA_h45,0.78,confirmA_h45,0.94,advisory_if_unsure,0.5254582484725051,4595,48,0.07116430903155604,234,232,93,4036,0.5021459227467812,0.7155963302752294,0.5901639344262295,104,74,30,0.7115384615384616,45,40.74324324324324,0.9324324324324325,232,4.833333333333333,9.708333333333334,1.8125,9.0625,4.4375,2.519230769230769,1.4038461538461537,0.7346153846153847,0.5115384615384615,0.4,0.3330769230769231,0.31076923076923074
seq_h60_to_confirmA_h45,0.78,confirmA_h45,0.94,confirm_only_if_unsure,0.5254582484725051,4595,48,0.07116430903155604,281,488,46,3780,0.36540962288686607,0.8593272171253823,0.5127737226277372,104,94,10,0.9038461538461539,45,41.648936170212764,0.9468085106382979,488,10.166666666666666,16.020833333333332,2.3958333333333335,11.979166666666666,4.4375,4.788461538461538,2.4423076923076925,1.0346153846153847,0.5653846153846154,0.33076923076923076,0.19,0.14307692307692307
seq_h60_to_confirmA_h45,0.78,confirmA_h45,0.98,none,0.8472505091649695,4595,48,0.07116430903155604,89,61,238,4207,0.5933333333333334,0.27217125382262997,0.3731656184486373,104,34,70,0.3269230769230769,45,37.5,0.8529411764705882,61,1.2708333333333333,3.125,1.4791666666666667,7.395833333333333,0.0,1.2596153846153846,0.9663461538461539,0.7903846153846154,0.7317307692307692,0.7024038461538461,0.6848076923076923,0.6789423076923077
seq_h60_to_confirmA_h45,0.78,confirmA_h45,0.98,advisory_if_unsure,0.8472505091649695,4595,48,0.07116430903155604,89,61,238,4207,0.5933333333333334,0.27217125382262997,0.3731656184486373,104,34,70,0.3269230769230769,45,37.5,0.8529411764705882,61,1.2708333333333333,3.125,1.4791666666666667,7.395833333333333,6.708333333333333,1.2596153846153846,0.9663461538461539,0.7903846153846154,0.7317307692307692,0.7024038461538461,0.6848076923076923,0.6789423076923077
seq_h60_to_confirmA_h45,0.78,confirmA_h45,0.98,confirm_only_if_unsure,0.8472505091649695,4595,48,0.07116430903155604,236,424,91,3844,0.3575757575757576,0.7217125382262997,0.47821681864235055,104,84,20,0.8076923076923077,45,39.82142857142857,0.8928571428571429,424,8.833333333333334,13.75,2.5208333333333335,12.604166666666666,6.708333333333333,4.269230769230769,2.230769230769231,1.0076923076923077,0.6,0.39615384615384613,0.27384615384615385,0.23307692307692307
seq_h60_to_confirmA_h45,0.82,confirmA_h45,0.5,none,0.0011350737797956867,4595,48,0.07116430903155604,307,573,20,3695,0.3488636363636364,0.9388379204892966,0.5086992543496272,104,97,7,0.9326923076923077,45,44.5360824742268,0.9896907216494846,573,11.9375,18.333333333333332,2.0416666666666665,10.208333333333334,0.0,5.576923076923077,2.8221153846153846,1.1692307692307693,0.6182692307692308,0.34278846153846154,0.1775,0.12240384615384615
seq_h60_to_confirmA_h45,0.82,confirmA_h45,0.5,advisory_if_unsure,0.0011350737797956867,4595,48,0.07116430903155604,307,573,20,3695,0.3488636363636364,0.9388379204892966,0.5086992543496272,104,97,7,0.9326923076923077,45,44.5360824742268,0.9896907216494846,573,11.9375,18.333333333333332,2.0416666666666665,10.208333333333334,0.020833333333333332,5.576923076923077,2.8221153846153846,1.1692307692307693,0.6182692307692308,0.34278846153846154,0.1775,0.12240384615384615
seq_h60_to_confirmA_h45,0.82,confirmA_h45,0.5,confirm_only_if_unsure,0.0011350737797956867,4595,48,0.07116430903155604,307,573,20,3695,0.3488636363636364,0.9388379204892966,0.5086992543496272,104,97,7,0.9326923076923077,45,44.5360824742268,0.9896907216494846,573,11.9375,18.333333333333332,2.0416666666666665,10.208333333333334,0.020833333333333332,5.576923076923077,2.8221153846153846,1.1692307692307693,0.6182692307692308,0.34278846153846154,0.1775,0.12240384615384615
seq_h60_to_confirmA_h45,0.82,confirmA_h45,0.54,none,0.0011350737797956867,4595,48,0.07116430903155604,307,573,20,3695,0.3488636363636364,0.9388379204892966,0.5086992543496272,104,97,7,0.9326923076923077,45,44.5360824742268,0.9896907216494846,573,11.9375,18.333333333333332,2.0416666666666665,10.208333333333334,0.0,5.576923076923077,2.8221153846153846,1.1692307692307693,0.6182692307692308,0.34278846153846154,0.1775,0.12240384615384615
seq_h60_to_confirmA_h45,0.82,confirmA_h45,0.54,advisory_if_unsure,0.0011350737797956867,4595,48,0.07116430903155604,307,573,20,3695,0.3488636363636364,0.9388379204892966,0.5086992543496272,104,97,7,0.9326923076923077,45,44.5360824742268,0.9896907216494846,573,11.9375,18.333333333333332,2.0416666666666665,10.208333333333334,0.020833333333333332,5.576923076923077,2.8221153846153846,1.1692307692307693,0.6182692307692308,0.34278846153846154,0.1775,0.12240384615384615
seq_h60_to_confirmA_h45,0.82,confirmA_h45,0.54,confirm_only_if_unsure,0.0011350737797956867,4595,48,0.07116430903155604,307,573,20,3695,0.3488636363636364,0.9388379204892966,0.5086992543496272,104,97,7,0.9326923076923077,45,44.5360824742268,0.9896907216494846,573,11.9375,18.333333333333332,2.0416666666666665,10.208333333333334,0.020833333333333332,5.576923076923077,2.8221153846153846,1.1692307692307693,0.6182692307692308,0.34278846153846154,0.1775,0.12240384615384615
seq_h60_to_confirmA_h45,0.82,confirmA_h45,0.58,none,0.0022701475595913734,4595,48,0.07116430903155604,307,572,20,3696,0.3492605233219568,0.9388379204892966,0.5091210613598673,104,97,7,0.9326923076923077,45,44.5360824742268,0.9896907216494846,572,11.916666666666666,18.3125,2.0208333333333335,10.104166666666666,0.0,5.5673076923076925,2.8173076923076925,1.1673076923076924,0.6173076923076923,0.3423076923076923,0.1773076923076923,0.12230769230769231
seq_h60_to_confirmA_h45,0.82,confirmA_h45,0.58,advisory_if_unsure,0.0022701475595913734,4595,48,0.07116430903155604,307,572,20,3696,0.3492605233219568,0.9388379204892966,0.5091210613598673,104,97,7,0.9326923076923077,45,44.5360824742268,0.9896907216494846,572,11.916666666666666,18.3125,2.0208333333333335,10.104166666666666,0.020833333333333332,5.5673076923076925,2.8173076923076925,1.1673076923076924,0.6173076923076923,0.3423076923076923,0.1773076923076923,0.12230769230769231
seq_h60_to_confirmA_h45,0.82,confirmA_h45,0.58,confirm_only_if_unsure,0.0022701475595913734,4595,48,0.07116430903155604,307,573,20,3695,0.3488636363636364,0.9388379204892966,0.5086992543496272,104,97,7,0.9326923076923077,45,44.5360824742268,0.9896907216494846,573,11.9375,18.333333333333332,2.0416666666666665,10.208333333333334,0.020833333333333332,5.576923076923077,2.8221153846153846,1.1692307692307693,0.6182692307692308,0.34278846153846154,0.1775,0.12240384615384615
seq_h60_to_confirmA_h45,0.82,confirmA_h45,0.62,none,0.0022701475595913734,4595,48,0.07116430903155604,307,572,20,3696,0.3492605233219568,0.9388379204892966,0.5091210613598673,104,97,7,0.9326923076923077,45,44.5360824742268,0.9896907216494846,572,11.916666666666666,18.3125,2.0208333333333335,10.104166666666666,0.0,5.5673076923076925,2.8173076923076925,1.1673076923076924,0.6173076923076923,0.3423076923076923,0.1773076923076923,0.12230769230769231
seq_h60_to_confirmA_h45,0.82,confirmA_h45,0.62,advisory_if_unsure,0.0022701475595913734,4595,48,0.07116430903155604,307,572,20,3696,0.3492605233219568,0.9388379204892966,0.5091210613598673,104,97,7,0.9326923076923077,45,44.5360824742268,0.9896907216494846,572,11.916666666666666,18.3125,2.0208333333333335,10.104166666666666,0.020833333333333332,5.5673076923076925,2.8173076923076925,1.1673076923076924,0.6173076923076923,0.3423076923076923,0.1773076923076923,0.12230769230769231
seq_h60_to_confirmA_h45,0.82,confirmA_h45,0.62,confirm_only_if_unsure,0.0022701475595913734,4595,48,0.07116430903155604,307,573,20,3695,0.3488636363636364,0.9388379204892966,0.5086992543496272,104,97,7,0.9326923076923077,45,44.5360824742268,0.9896907216494846,573,11.9375,18.333333333333332,2.0416666666666665,10.208333333333334,0.020833333333333332,5.576923076923077,2.8221153846153846,1.1692307692307693,0.6182692307692308,0.34278846153846154,0.1775,0.12240384615384615
seq_h60_to_confirmA_h45,0.82,confirmA_h45,0.66,none,0.0022701475595913734,4595,48,0.07116430903155604,307,572,20,3696,0.3492605233219568,0.9388379204892966,0.5091210613598673,104,97,7,0.9326923076923077,45,44.5360824742268,0.9896907216494846,572,11.916666666666666,18.3125,2.0208333333333335,10.104166666666666,0.0,5.5673076923076925,2.8173076923076925,1.1673076923076924,0.6173076923076923,0.3423076923076923,0.1773076923076923,0.12230769230769231
seq_h60_to_confirmA_h45,0.82,confirmA_h45,0.66,advisory_if_unsure,0.0022701475595913734,4595,48,0.07116430903155604,307,572,20,3696,0.3492605233219568,0.9388379204892966,0.5091210613598673,104,97,7,0.9326923076923077,45,44.5360824742268,0.9896907216494846,572,11.916666666666666,18.3125,2.0208333333333335,10.104166666666666,0.020833333333333332,5.5673076923076925,2.8173076923076925,1.1673076923076924,0.6173076923076923,0.3423076923076923,0.1773076923076923,0.12230769230769231
seq_h60_to_confirmA_h45,0.82,confirmA_h45,0.66,confirm_only_if_unsure,0.0022701475595913734,4595,48,0.07116430903155604,307,573,20,3695,0.3488636363636364,0.9388379204892966,0.5086992543496272,104,97,7,0.9326923076923077,45,44.5360824742268,0.9896907216494846,573,11.9375,18.333333333333332,2.0416666666666665,10.208333333333334,0.020833333333333332,5.576923076923077,2.8221153846153846,1.1692307692307693,0.6182692307692308,0.34278846153846154,0.1775,0.12240384615384615
seq_h60_to_confirmA_h45,0.82,confirmA_h45,0.7,none,0.004540295119182747,4595,48,0.07116430903155604,307,570,20,3698,0.3500570125427594,0.9388379204892966,0.5099667774086378,104,97,7,0.9326923076923077,45,44.5360824742268,0.9896907216494846,570,11.875,18.270833333333332,1.9791666666666667,9.895833333333334,0.0,5.548076923076923,2.8076923076923075,1.1634615384615385,0.6153846153846154,0.34134615384615385,0.17692307692307693,0.12211538461538461
seq_h60_to_confirmA_h45,0.82,confirmA_h45,0.7,advisory_if_unsure,0.004540295119182747,4595,48,0.07116430903155604,307,570,20,3698,0.3500570125427594,0.9388379204892966,0.5099667774086378,104,97,7,0.9326923076923077,45,44.5360824742268,0.9896907216494846,570,11.875,18.270833333333332,1.9791666666666667,9.895833333333334,0.041666666666666664,5.548076923076923,2.8076923076923075,1.1634615384615385,0.6153846153846154,0.34134615384615385,0.17692307692307693,0.12211538461538461
seq_h60_to_confirmA_h45,0.82,confirmA_h45,0.7,confirm_only_if_unsure,0.004540295119182747,4595,48,0.07116430903155604,307,572,20,3696,0.3492605233219568,0.9388379204892966,0.5091210613598673,104,97,7,0.9326923076923077,45,44.5360824742268,0.9896907216494846,572,11.916666666666666,18.3125,2.0208333333333335,10.104166666666666,0.041666666666666664,5.5673076923076925,2.8173076923076925,1.1673076923076924,0.6173076923076923,0.3423076923076923,0.1773076923076923,0.12230769230769231
seq_h60_to_confirmA_h45,0.82,confirmA_h45,0.74,none,0.0056753688989784334,4595,48,0.07116430903155604,307,569,20,3699,0.3504566210045662,0.9388379204892966,0.5103906899418121,104,97,7,0.9326923076923077,45,44.5360824742268,0.9896907216494846,569,11.854166666666666,18.25,1.9791666666666667,9.895833333333334,0.0,5.538461538461538,2.8028846153846154,1.1615384615384616,0.614423076923077,0.3408653846153846,0.17673076923076922,0.12201923076923077
seq_h60_to_confirmA_h45,0.82,confirmA_h45,0.74,advisory_if_unsure,0.0056753688989784334,4595,48,0.07116430903155604,307,569,20,3699,0.3504566210045662,0.9388379204892966,0.5103906899418121,104,97,7,0.9326923076923077,45,44.5360824742268,0.9896907216494846,569,11.854166666666666,18.25,1.9791666666666667,9.895833333333334,0.041666666666666664,5.538461538461538,2.8028846153846154,1.1615384615384616,0.614423076923077,0.3408653846153846,0.17673076923076922,0.12201923076923077
seq_h60_to_confirmA_h45,0.82,confirmA_h45,0.74,confirm_only_if_unsure,0.0056753688989784334,4595,48,0.07116430903155604,307,572,20,3696,0.3492605233219568,0.9388379204892966,0.5091210613598673,104,97,7,0.9326923076923077,45,44.5360824742268,0.9896907216494846,572,11.916666666666666,18.3125,2.0208333333333335,10.104166666666666,0.041666666666666664,5.5673076923076925,2.8173076923076925,1.1673076923076924,0.6173076923076923,0.3423076923076923,0.1773076923076923,0.12230769230769231
seq_h60_to_confirmA_h45,0.82,confirmA_h45,0.78,none,0.028376844494892167,4595,48,0.07116430903155604,307,549,20,3719,0.35864485981308414,0.9388379204892966,0.5190194420963652,104,97,7,0.9326923076923077,45,44.5360824742268,0.9896907216494846,549,11.4375,17.833333333333332,2.0208333333333335,10.104166666666666,0.0,5.346153846153846,2.706730769230769,1.123076923076923,0.5951923076923077,0.33125,0.1728846153846154,0.12009615384615385
seq_h60_to_confirmA_h45,0.82,confirmA_h45,0.78,advisory_if_unsure,0.028376844494892167,4595,48,0.07116430903155604,307,549,20,3719,0.35864485981308414,0.9388379204892966,0.5190194420963652,104,97,7,0.9326923076923077,45,44.5360824742268,0.9896907216494846,549,11.4375,17.833333333333332,2.0208333333333335,10.104166666666666,0.3125,5.346153846153846,2.706730769230769,1.123076923076923,0.5951923076923077,0.33125,0.1728846153846154,0.12009615384615385
seq_h60_to_confirmA_h45,0.82,confirmA_h45,0.78,confirm_only_if_unsure,0.028376844494892167,4595,48,0.07116430903155604,307,559,20,3709,0.35450346420323325,0.9388379204892966,0.5146689019279128,104,97,7,0.9326923076923077,45,44.5360824742268,0.9896907216494846,559,11.645833333333334,18.041666666666668,2.0208333333333335,10.104166666666666,0.3125,5.4423076923076925,2.7548076923076925,1.1423076923076922,0.6048076923076923,0.33605769230769234,0.1748076923076923,0.12105769230769231
seq_h60_to_confirmA_h45,0.82,confirmA_h45,0.82,none,0.07491486946651532,4595,48,0.07116430903155604,304,511,23,3757,0.37300613496932516,0.9296636085626911,0.532399299474606,104,95,9,0.9134615384615384,45,44.36842105263158,0.9894736842105263,511,10.645833333333334,16.979166666666668,2.0416666666666665,10.208333333333334,0.0,5.0,2.543269230769231,1.0692307692307692,0.5778846153846153,0.33221153846153845,0.1848076923076923,0.13567307692307692
seq_h60_to_confirmA_h45,0.82,confirmA_h45,0.82,advisory_if_unsure,0.07491486946651532,4595,48,0.07116430903155604,304,511,23,3757,0.37300613496932516,0.9296636085626911,0.532399299474606,104,95,9,0.9134615384615384,45,44.36842105263158,0.9894736842105263,511,10.645833333333334,16.979166666666668,2.0416666666666665,10.208333333333334,0.75,5.0,2.543269230769231,1.0692307692307692,0.5778846153846153,0.33221153846153845,0.1848076923076923,0.13567307692307692
seq_h60_to_confirmA_h45,0.82,confirmA_h45,0.82,confirm_only_if_unsure,0.07491486946651532,4595,48,0.07116430903155604,304,541,23,3727,0.35976331360946745,0.9296636085626911,0.5187713310580204,104,95,9,0.9134615384615384,45,44.36842105263158,0.9894736842105263,541,11.270833333333334,17.604166666666668,2.0625,10.3125,0.75,5.288461538461538,2.6875,1.126923076923077,0.6067307692307692,0.3466346153846154,0.1905769230769231,0.1385576923076923
seq_h60_to_confirmA_h45,0.82,confirmA_h45,0.86,none,0.15891032917139614,4595,48,0.07116430903155604,303,438,24,3830,0.4089068825910931,0.926605504587156,0.5674157303370787,104,95,9,0.9134615384615384,45,44.36842105263158,0.9894736842105263,438,9.125,15.4375,1.8958333333333333,9.479166666666666,0.0,4.298076923076923,2.1923076923076925,0.9288461538461539,0.5076923076923077,0.2971153846153846,0.17076923076923076,0.12865384615384615
seq_h60_to_confirmA_h45,0.82,confirmA_h45,0.86,advisory_if_unsure,0.15891032917139614,4595,48,0.07116430903155604,303,438,24,3830,0.4089068825910931,0.926605504587156,0.5674157303370787,104,95,9,0.9134615384615384,45,44.36842105263158,0.9894736842105263,438,9.125,15.4375,1.8958333333333333,9.479166666666666,1.5,4.298076923076923,2.1923076923076925,0.9288461538461539,0.5076923076923077,0.2971153846153846,0.17076923076923076,0.12865384615384615
seq_h60_to_confirmA_h45,0.82,confirmA_h45,0.86,confirm_only_if_unsure,0.15891032917139614,4595,48,0.07116430903155604,303,506,24,3762,0.37453646477132263,0.926605504587156,0.5334507042253521,104,95,9,0.9134615384615384,45,44.36842105263158,0.9894736842105263,506,10.541666666666666,16.854166666666668,2.0833333333333335,10.416666666666666,1.5,4.951923076923077,2.519230769230769,1.0596153846153846,0.573076923076923,0.3298076923076923,0.18384615384615385,0.1351923076923077
seq_h60_to_confirmA_h45,0.82,confirmA_h45,0.9,none,0.27128263337116915,4595,48,0.07116430903155604,285,357,42,3911,0.4439252336448598,0.8715596330275229,0.5882352941176471,104,90,14,0.8653846153846154,45,43.666666666666664,0.9888888888888889,357,7.4375,13.375,1.8958333333333333,9.479166666666666,0.0,3.5673076923076925,1.8509615384615385,0.8211538461538461,0.4778846153846154,0.30625,0.20326923076923076,0.1689423076923077
seq_h60_to_confirmA_h45,0.82,confirmA_h45,0.9,advisory_if_unsure,0.27128263337116915,4595,48,0.07116430903155604,285,357,42,3911,0.4439252336448598,0.8715596330275229,0.5882352941176471,104,90,14,0.8653846153846154,45,43.666666666666664,0.9888888888888889,357,7.4375,13.375,1.8958333333333333,9.479166666666666,2.5,3.5673076923076925,1.8509615384615385,0.8211538461538461,0.4778846153846154,0.30625,0.20326923076923076,0.1689423076923077
seq_h60_to_confirmA_h45,0.82,confirmA_h45,0.9,confirm_only_if_unsure,0.27128263337116915,4595,48,0.07116430903155604,294,467,33,3801,0.38633377135348224,0.8990825688073395,0.5404411764705882,104,94,10,0.9038461538461539,45,43.723404255319146,0.9893617021276596,467,9.729166666666666,15.854166666666666,2.1875,10.9375,2.5,4.586538461538462,2.3413461538461537,0.9942307692307693,0.5451923076923076,0.32067307692307695,0.18596153846153846,0.1410576923076923
seq_h60_to_confirmA_h45,0.82,confirmA_h45,0.94,none,0.4733257661748014,4595,48,0.07116430903155604,234,230,93,4038,0.5043103448275862,0.7155963302752294,0.5916561314791403,104,74,30,0.7115384615384616,45,40.74324324324324,0.9324324324324325,230,4.791666666666667,9.666666666666666,1.7708333333333333,8.854166666666666,0.0,2.5,1.3942307692307692,0.7307692307692307,0.5096153846153846,0.39903846153846156,0.3326923076923077,0.3105769230769231
seq_h60_to_confirmA_h45,0.82,confirmA_h45,0.94,advisory_if_unsure,0.4733257661748014,4595,48,0.07116430903155604,234,230,93,4038,0.5043103448275862,0.7155963302752294,0.5916561314791403,104,74,30,0.7115384615384616,45,40.74324324324324,0.9324324324324325,230,4.791666666666667,9.666666666666666,1.7708333333333333,8.854166666666666,3.5833333333333335,2.5,1.3942307692307692,0.7307692307692307,0.5096153846153846,0.39903846153846156,0.3326923076923077,0.3105769230769231
seq_h60_to_confirmA_h45,0.82,confirmA_h45,0.94,confirm_only_if_unsure,0.4733257661748014,4595,48,0.07116430903155604,277,432,50,3836,0.3906911142454161,0.8470948012232415,0.5347490347490348,104,91,13,0.875,45,41.86813186813187,0.945054945054945,432,9.0,14.770833333333334,2.2916666666666665,11.458333333333334,3.5833333333333335,4.278846153846154,2.201923076923077,0.9557692307692308,0.5403846153846154,0.3326923076923077,0.20807692307692308,0.16653846153846155
seq_h60_to_confirmA_h45,0.82,confirmA_h45,0.98,none,0.8297389330306469,4595,48,0.07116430903155604,89,61,238,4207,0.5933333333333334,0.27217125382262997,0.3731656184486373,104,34,70,0.3269230769230769,45,37.5,0.8529411764705882,61,1.2708333333333333,3.125,1.4791666666666667,7.395833333333333,0.0,1.2596153846153846,0.9663461538461539,0.7903846153846154,0.7317307692307692,0.7024038461538461,0.6848076923076923,0.6789423076923077
seq_h60_to_confirmA_h45,0.82,confirmA_h45,0.98,advisory_if_unsure,0.8297389330306469,4595,48,0.07116430903155604,89,61,238,4207,0.5933333333333334,0.27217125382262997,0.3731656184486373,104,34,70,0.3269230769230769,45,37.5,0.8529411764705882,61,1.2708333333333333,3.125,1.4791666666666667,7.395833333333333,5.8125,1.2596153846153846,0.9663461538461539,0.7903846153846154,0.7317307692307692,0.7024038461538461,0.6848076923076923,0.6789423076923077
seq_h60_to_confirmA_h45,0.82,confirmA_h45,0.98,confirm_only_if_unsure,0.8297389330306469,4595,48,0.07116430903155604,232,370,95,3898,0.3853820598006645,0.709480122324159,0.49946178686759957,104,81,23,0.7788461538461539,45,40.0,0.8888888888888888,370,7.708333333333333,12.541666666666666,2.3958333333333335,11.979166666666666,5.8125,3.7788461538461537,2.0,0.9326923076923077,0.5769230769230769,0.39903846153846156,0.2923076923076923,0.2567307692307692
seq_h60_to_confirmA_h45,0.86,confirmA_h45,0.5,none,0.0,4595,48,0.07116430903155604,298,466,29,3802,0.3900523560209424,0.9113149847094801,0.5462878093492209,104,93,11,0.8942307692307693,45,44.516129032258064,0.989247311827957,466,9.708333333333334,15.916666666666666,2.1041666666666665,10.520833333333334,0.0,4.586538461538462,2.3461538461538463,1.001923076923077,0.5538461538461539,0.3298076923076923,0.19538461538461538,0.15057692307692308
seq_h60_to_confirmA_h45,0.86,confirmA_h45,0.5,advisory_if_unsure,0.0,4595,48,0.07116430903155604,298,466,29,3802,0.3900523560209424,0.9113149847094801,0.5462878093492209,104,93,11,0.8942307692307693,45,44.516129032258064,0.989247311827957,466,9.708333333333334,15.916666666666666,2.1041666666666665,10.520833333333334,0.0,4.586538461538462,2.3461538461538463,1.001923076923077,0.5538461538461539,0.3298076923076923,0.19538461538461538,0.15057692307692308
seq_h60_to_confirmA_h45,0.86,confirmA_h45,0.5,confirm_only_if_unsure,0.0,4595,48,0.07116430903155604,298,466,29,3802,0.3900523560209424,0.9113149847094801,0.5462878093492209,104,93,11,0.8942307692307693,45,44.516129032258064,0.989247311827957,466,9.708333333333334,15.916666666666666,2.1041666666666665,10.520833333333334,0.0,4.586538461538462,2.3461538461538463,1.001923076923077,0.5538461538461539,0.3298076923076923,0.19538461538461538,0.15057692307692308
seq_h60_to_confirmA_h45,0.86,confirmA_h45,0.54,none,0.0,4595,48,0.07116430903155604,298,466,29,3802,0.3900523560209424,0.9113149847094801,0.5462878093492209,104,93,11,0.8942307692307693,45,44.516129032258064,0.989247311827957,466,9.708333333333334,15.916666666666666,2.1041666666666665,10.520833333333334,0.0,4.586538461538462,2.3461538461538463,1.001923076923077,0.5538461538461539,0.3298076923076923,0.19538461538461538,0.15057692307692308
seq_h60_to_confirmA_h45,0.86,confirmA_h45,0.54,advisory_if_unsure,0.0,4595,48,0.07116430903155604,298,466,29,3802,0.3900523560209424,0.9113149847094801,0.5462878093492209,104,93,11,0.8942307692307693,45,44.516129032258064,0.989247311827957,466,9.708333333333334,15.916666666666666,2.1041666666666665,10.520833333333334,0.0,4.586538461538462,2.3461538461538463,1.001923076923077,0.5538461538461539,0.3298076923076923,0.19538461538461538,0.15057692307692308
seq_h60_to_confirmA_h45,0.86,confirmA_h45,0.54,confirm_only_if_unsure,0.0,4595,48,0.07116430903155604,298,466,29,3802,0.3900523560209424,0.9113149847094801,0.5462878093492209,104,93,11,0.8942307692307693,45,44.516129032258064,0.989247311827957,466,9.708333333333334,15.916666666666666,2.1041666666666665,10.520833333333334,0.0,4.586538461538462,2.3461538461538463,1.001923076923077,0.5538461538461539,0.3298076923076923,0.19538461538461538,0.15057692307692308
seq_h60_to_confirmA_h45,0.86,confirmA_h45,0.58,none,0.0013089005235602095,4595,48,0.07116430903155604,298,465,29,3803,0.3905635648754915,0.9113149847094801,0.5467889908256881,104,93,11,0.8942307692307693,45,44.516129032258064,0.989247311827957,465,9.6875,15.895833333333334,2.0833333333333335,10.416666666666666,0.0,4.576923076923077,2.3413461538461537,1.0,0.5528846153846154,0.3293269230769231,0.1951923076923077,0.15048076923076922
seq_h60_to_confirmA_h45,0.86,confirmA_h45,0.58,advisory_if_unsure,0.0013089005235602095,4595,48,0.07116430903155604,298,465,29,3803,0.3905635648754915,0.9113149847094801,0.5467889908256881,104,93,11,0.8942307692307693,45,44.516129032258064,0.989247311827957,465,9.6875,15.895833333333334,2.0833333333333335,10.416666666666666,0.0,4.576923076923077,2.3413461538461537,1.0,0.5528846153846154,0.3293269230769231,0.1951923076923077,0.15048076923076922
seq_h60_to_confirmA_h45,0.86,confirmA_h45,0.58,confirm_only_if_unsure,0.0013089005235602095,4595,48,0.07116430903155604,298,466,29,3802,0.3900523560209424,0.9113149847094801,0.5462878093492209,104,93,11,0.8942307692307693,45,44.516129032258064,0.989247311827957,466,9.708333333333334,15.916666666666666,2.1041666666666665,10.520833333333334,0.0,4.586538461538462,2.3461538461538463,1.001923076923077,0.5538461538461539,0.3298076923076923,0.19538461538461538,0.15057692307692308
seq_h60_to_confirmA_h45,0.86,confirmA_h45,0.62,none,0.0013089005235602095,4595,48,0.07116430903155604,298,465,29,3803,0.3905635648754915,0.9113149847094801,0.5467889908256881,104,93,11,0.8942307692307693,45,44.516129032258064,0.989247311827957,465,9.6875,15.895833333333334,2.0833333333333335,10.416666666666666,0.0,4.576923076923077,2.3413461538461537,1.0,0.5528846153846154,0.3293269230769231,0.1951923076923077,0.15048076923076922
seq_h60_to_confirmA_h45,0.86,confirmA_h45,0.62,advisory_if_unsure,0.0013089005235602095,4595,48,0.07116430903155604,298,465,29,3803,0.3905635648754915,0.9113149847094801,0.5467889908256881,104,93,11,0.8942307692307693,45,44.516129032258064,0.989247311827957,465,9.6875,15.895833333333334,2.0833333333333335,10.416666666666666,0.0,4.576923076923077,2.3413461538461537,1.0,0.5528846153846154,0.3293269230769231,0.1951923076923077,0.15048076923076922
seq_h60_to_confirmA_h45,0.86,confirmA_h45,0.62,confirm_only_if_unsure,0.0013089005235602095,4595,48,0.07116430903155604,298,466,29,3802,0.3900523560209424,0.9113149847094801,0.5462878093492209,104,93,11,0.8942307692307693,45,44.516129032258064,0.989247311827957,466,9.708333333333334,15.916666666666666,2.1041666666666665,10.520833333333334,0.0,4.586538461538462,2.3461538461538463,1.001923076923077,0.5538461538461539,0.3298076923076923,0.19538461538461538,0.15057692307692308
seq_h60_to_confirmA_h45,0.86,confirmA_h45,0.66,none,0.0013089005235602095,4595,48,0.07116430903155604,298,465,29,3803,0.3905635648754915,0.9113149847094801,0.5467889908256881,104,93,11,0.8942307692307693,45,44.516129032258064,0.989247311827957,465,9.6875,15.895833333333334,2.0833333333333335,10.416666666666666,0.0,4.576923076923077,2.3413461538461537,1.0,0.5528846153846154,0.3293269230769231,0.1951923076923077,0.15048076923076922
seq_h60_to_confirmA_h45,0.86,confirmA_h45,0.66,advisory_if_unsure,0.0013089005235602095,4595,48,0.07116430903155604,298,465,29,3803,0.3905635648754915,0.9113149847094801,0.5467889908256881,104,93,11,0.8942307692307693,45,44.516129032258064,0.989247311827957,465,9.6875,15.895833333333334,2.0833333333333335,10.416666666666666,0.0,4.576923076923077,2.3413461538461537,1.0,0.5528846153846154,0.3293269230769231,0.1951923076923077,0.15048076923076922
seq_h60_to_confirmA_h45,0.86,confirmA_h45,0.66,confirm_only_if_unsure,0.0013089005235602095,4595,48,0.07116430903155604,298,466,29,3802,0.3900523560209424,0.9113149847094801,0.5462878093492209,104,93,11,0.8942307692307693,45,44.516129032258064,0.989247311827957,466,9.708333333333334,15.916666666666666,2.1041666666666665,10.520833333333334,0.0,4.586538461538462,2.3461538461538463,1.001923076923077,0.5538461538461539,0.3298076923076923,0.19538461538461538,0.15057692307692308
seq_h60_to_confirmA_h45,0.86,confirmA_h45,0.7,none,0.0013089005235602095,4595,48,0.07116430903155604,298,465,29,3803,0.3905635648754915,0.9113149847094801,0.5467889908256881,104,93,11,0.8942307692307693,45,44.516129032258064,0.989247311827957,465,9.6875,15.895833333333334,2.0833333333333335,10.416666666666666,0.0,4.576923076923077,2.3413461538461537,1.0,0.5528846153846154,0.3293269230769231,0.1951923076923077,0.15048076923076922
seq_h60_to_confirmA_h45,0.86,confirmA_h45,0.7,advisory_if_unsure,0.0013089005235602095,4595,48,0.07116430903155604,298,465,29,3803,0.3905635648754915,0.9113149847094801,0.5467889908256881,104,93,11,0.8942307692307693,45,44.516129032258064,0.989247311827957,465,9.6875,15.895833333333334,2.0833333333333335,10.416666666666666,0.0,4.576923076923077,2.3413461538461537,1.0,0.5528846153846154,0.3293269230769231,0.1951923076923077,0.15048076923076922
seq_h60_to_confirmA_h45,0.86,confirmA_h45,0.7,confirm_only_if_unsure,0.0013089005235602095,4595,48,0.07116430903155604,298,466,29,3802,0.3900523560209424,0.9113149847094801,0.5462878093492209,104,93,11,0.8942307692307693,45,44.516129032258064,0.989247311827957,466,9.708333333333334,15.916666666666666,2.1041666666666665,10.520833333333334,0.0,4.586538461538462,2.3461538461538463,1.001923076923077,0.5538461538461539,0.3298076923076923,0.19538461538461538,0.15057692307692308
seq_h60_to_confirmA_h45,0.86,confirmA_h45,0.74,none,0.0013089005235602095,4595,48,0.07116430903155604,298,465,29,3803,0.3905635648754915,0.9113149847094801,0.5467889908256881,104,93,11,0.8942307692307693,45,44.516129032258064,0.989247311827957,465,9.6875,15.895833333333334,2.0833333333333335,10.416666666666666,0.0,4.576923076923077,2.3413461538461537,1.0,0.5528846153846154,0.3293269230769231,0.1951923076923077,0.15048076923076922
seq_h60_to_confirmA_h45,0.86,confirmA_h45,0.74,advisory_if_unsure,0.0013089005235602095,4595,48,0.07116430903155604,298,465,29,3803,0.3905635648754915,0.9113149847094801,0.5467889908256881,104,93,11,0.8942307692307693,45,44.516129032258064,0.989247311827957,465,9.6875,15.895833333333334,2.0833333333333335,10.416666666666666,0.0,4.576923076923077,2.3413461538461537,1.0,0.5528846153846154,0.3293269230769231,0.1951923076923077,0.15048076923076922
seq_h60_to_confirmA_h45,0.86,confirmA_h45,0.74,confirm_only_if_unsure,0.0013089005235602095,4595,48,0.07116430903155604,298,466,29,3802,0.3900523560209424,0.9113149847094801,0.5462878093492209,104,93,11,0.8942307692307693,45,44.516129032258064,0.989247311827957,466,9.708333333333334,15.916666666666666,2.1041666666666665,10.520833333333334,0.0,4.586538461538462,2.3461538461538463,1.001923076923077,0.5538461538461539,0.3298076923076923,0.19538461538461538,0.15057692307692308
seq_h60_to_confirmA_h45,0.86,confirmA_h45,0.78,none,0.015706806282722512,4595,48,0.07116430903155604,298,454,29,3814,0.3962765957446808,0.9113149847094801,0.5523632993512512,104,93,11,0.8942307692307693,45,44.516129032258064,0.989247311827957,454,9.458333333333334,15.666666666666666,2.0625,10.3125,0.0,4.471153846153846,2.2884615384615383,0.9788461538461538,0.5423076923076923,0.32403846153846155,0.1930769230769231,0.14942307692307694
seq_h60_to_confirmA_h45,0.86,confirmA_h45,0.78,advisory_if_unsure,0.015706806282722512,4595,48,0.07116430903155604,298,454,29,3814,0.3962765957446808,0.9113149847094801,0.5523632993512512,104,93,11,0.8942307692307693,45,44.516129032258064,0.989247311827957,454,9.458333333333334,15.666666666666666,2.0625,10.3125,0.1875,4.471153846153846,2.2884615384615383,0.9788461538461538,0.5423076923076923,0.32403846153846155,0.1930769230769231,0.14942307692307694
seq_h60_to_confirmA_h45,0.86,confirmA_h45,0.78,confirm_only_if_unsure,0.015706806282722512,4595,48,0.07116430903155604,298,457,29,3811,0.39470198675496687,0.9113149847094801,0.5508317929759704,104,93,11,0.8942307692307693,45,44.516129032258064,0.989247311827957,457,9.520833333333334,15.729166666666666,2.0625,10.3125,0.1875,4.5,2.3028846153846154,0.9846153846153847,0.5451923076923076,0.32548076923076924,0.19365384615384615,0.14971153846153845
seq_h60_to_confirmA_h45,0.86,confirmA_h45,0.82,none,0.041884816753926704,4595,48,0.07116430903155604,295,437,32,3831,0.4030054644808743,0.9021406727828746,0.5571293673276676,104,91,13,0.875,45,44.34065934065934,0.989010989010989,437,9.104166666666666,15.25,1.9375,9.6875,0.0,4.326923076923077,2.2259615384615383,0.9653846153846154,0.5451923076923076,0.3350961538461538,0.20903846153846153,0.16701923076923078
seq_h60_to_confirmA_h45,0.86,confirmA_h45,0.82,advisory_if_unsure,0.041884816753926704,4595,48,0.07116430903155604,295,437,32,3831,0.4030054644808743,0.9021406727828746,0.5571293673276676,104,91,13,0.875,45,44.34065934065934,0.989010989010989,437,9.104166666666666,15.25,1.9375,9.6875,0.4791666666666667,4.326923076923077,2.2259615384615383,0.9653846153846154,0.5451923076923076,0.3350961538461538,0.20903846153846153,0.16701923076923078
seq_h60_to_confirmA_h45,0.86,confirmA_h45,0.82,confirm_only_if_unsure,0.041884816753926704,4595,48,0.07116430903155604,295,446,32,3822,0.398110661268556,0.9021406727828746,0.552434456928839,104,91,13,0.875,45,44.34065934065934,0.989010989010989,446,9.291666666666666,15.4375,1.9583333333333333,9.791666666666666,0.4791666666666667,4.413461538461538,2.269230769230769,0.9826923076923076,0.5538461538461539,0.33942307692307694,0.21076923076923076,0.16788461538461538
seq_h60_to_confirmA_h45,0.86,confirmA_h45,0.86,none,0.09947643979057591,4595,48,0.07116430903155604,294,394,33,3874,0.4273255813953488,0.8990825688073395,0.5793103448275863,104,91,13,0.875,45,44.34065934065934,0.989010989010989,394,8.208333333333334,14.333333333333334,1.8125,9.0625,0.0,3.9134615384615383,2.019230769230769,0.8826923076923077,0.5038461538461538,0.3144230769230769,0.20076923076923076,0.16288461538461538
seq_h60_to_confirmA_h45,0.86,confirmA_h45,0.86,advisory_if_unsure,0.09947643979057591,4595,48,0.07116430903155604,294,394,33,3874,0.4273255813953488,0.8990825688073395,0.5793103448275863,104,91,13,0.875,45,44.34065934065934,0.989010989010989,394,8.208333333333334,14.333333333333334,1.8125,9.0625,1.0,3.9134615384615383,2.019230769230769,0.8826923076923077,0.5038461538461538,0.3144230769230769,0.20076923076923076,0.16288461538461538
seq_h60_to_confirmA_h45,0.86,confirmA_h45,0.86,confirm_only_if_unsure,0.09947643979057591,4595,48,0.07116430903155604,294,422,33,3846,0.4106145251396648,0.8990825688073395,0.5637583892617449,104,91,13,0.875,45,44.34065934065934,0.989010989010989,422,8.791666666666666,14.916666666666666,1.875,9.375,1.0,4.1826923076923075,2.1538461538461537,0.9365384615384615,0.5307692307692308,0.3278846153846154,0.20615384615384616,0.16557692307692307
seq_h60_to_confirmA_h45,0.86,confirmA_h45,0.9,none,0.20157068062827224,4595,48,0.07116430903155604,277,333,50,3935,0.4540983606557377,0.8470948012232415,0.5912486659551761,104,87,17,0.8365384615384616,45,43.62068965517241,0.9885057471264368,333,6.9375,12.708333333333334,1.8333333333333333,9.166666666666666,0.0,3.3653846153846154,1.7644230769230769,0.8038461538461539,0.48365384615384616,0.3235576923076923,0.2275,0.19548076923076924
seq_h60_to_confirmA_h45,0.86,confirmA_h45,0.9,advisory_if_unsure,0.20157068062827224,4595,48,0.07116430903155604,277,333,50,3935,0.4540983606557377,0.8470948012232415,0.5912486659551761,104,87,17,0.8365384615384616,45,43.62068965517241,0.9885057471264368,333,6.9375,12.708333333333334,1.8333333333333333,9.166666666666666,1.8125,3.3653846153846154,1.7644230769230769,0.8038461538461539,0.48365384615384616,0.3235576923076923,0.2275,0.19548076923076924
seq_h60_to_confirmA_h45,0.86,confirmA_h45,0.9,confirm_only_if_unsure,0.20157068062827224,4595,48,0.07116430903155604,286,391,41,3877,0.4224519940915805,0.8746177370030581,0.5697211155378487,104,91,13,0.875,45,43.68131868131868,0.989010989010989,391,8.145833333333334,14.104166666666666,1.9791666666666667,9.895833333333334,1.8125,3.8846153846153846,2.0048076923076925,0.8769230769230769,0.5009615384615385,0.31298076923076923,0.2001923076923077,0.16259615384615383
seq_h60_to_confirmA_h45,0.86,confirmA_h45,0.94,none,0.40575916230366493,4595,48,0.07116430903155604,232,222,95,4046,0.5110132158590308,0.709480122324159,0.5941101152368758,104,73,31,0.7019230769230769,45,41.3013698630137,0.9452054794520548,222,4.625,9.458333333333334,1.7708333333333333,8.854166666666666,0.0,2.4326923076923075,1.3653846153846154,0.725,0.5115384615384615,0.4048076923076923,0.34076923076923077,0.3194230769230769
seq_h60_to_confirmA_h45,0.86,confirmA_h45,0.94,advisory_if_unsure,0.40575916230366493,4595,48,0.07116430903155604,232,222,95,4046,0.5110132158590308,0.709480122324159,0.5941101152368758,104,73,31,0.7019230769230769,45,41.3013698630137,0.9452054794520548,222,4.625,9.458333333333334,1.7708333333333333,8.854166666666666,2.7291666666666665,2.4326923076923075,1.3653846153846154,0.725,0.5115384615384615,0.4048076923076923,0.34076923076923077,0.3194230769230769
seq_h60_to_confirmA_h45,0.86,confirmA_h45,0.94,confirm_only_if_unsure,0.40575916230366493,4595,48,0.07116430903155604,271,362,56,3906,0.42812006319115326,0.8287461773700305,0.5645833333333333,104,88,16,0.8461538461538461,45,42.27272727272727,0.9545454545454546,362,7.541666666666667,13.1875,2.0625,10.3125,2.7291666666666665,3.6346153846153846,1.8942307692307692,0.85,0.5019230769230769,0.3278846153846154,0.22346153846153846,0.18865384615384614
seq_h60_to_confirmA_h45,0.86,confirmA_h45,0.98,none,0.8075916230366492,4595,48,0.07116430903155604,89,58,238,4210,0.6054421768707483,0.27217125382262997,0.3755274261603376,104,34,70,0.3269230769230769,45,37.5,0.8529411764705882,58,1.2083333333333333,3.0625,1.4791666666666667,7.395833333333333,0.0,1.2307692307692308,0.9519230769230769,0.7846153846153846,0.7288461538461538,0.7009615384615384,0.6842307692307692,0.6786538461538462
seq_h60_to_confirmA_h45,0.86,confirmA_h45,0.98,advisory_if_unsure,0.8075916230366492,4595,48,0.07116430903155604,89,58,238,4210,0.6054421768707483,0.27217125382262997,0.3755274261603376,104,34,70,0.3269230769230769,45,37.5,0.8529411764705882,58,1.2083333333333333,3.0625,1.4791666666666667,7.395833333333333,4.916666666666667,1.2307692307692308,0.9519230769230769,0.7846153846153846,0.7288461538461538,0.7009615384615384,0.6842307692307692,0.6786538461538462
seq_h60_to_confirmA_h45,0.86,confirmA_h45,0.98,confirm_only_if_unsure,0.8075916230366492,4595,48,0.07116430903155604,227,301,100,3967,0.42992424242424243,0.6941896024464832,0.5309941520467836,104,78,26,0.75,45,40.38461538461539,0.8974358974358975,301,6.270833333333333,11.0,2.1041666666666665,10.520833333333334,4.916666666666667,3.144230769230769,1.6971153846153846,0.8288461538461539,0.5394230769230769,0.39471153846153845,0.30788461538461537,0.2789423076923077
seq_h60_to_confirmA_h45,0.9,confirmA_h45,0.5,none,0.0,4595,48,0.07116430903155604,271,360,56,3908,0.4294770206022187,0.8287461773700305,0.5657620041753654,104,87,17,0.8365384615384616,45,42.58620689655172,0.9655172413793104,360,7.5,13.145833333333334,2.0208333333333335,10.104166666666666,0.0,3.625,1.8942307692307692,0.8557692307692307,0.5096153846153846,0.33653846153846156,0.2326923076923077,0.19807692307692307
seq_h60_to_confirmA_h45,0.9,confirmA_h45,0.5,advisory_if_unsure,0.0,4595,48,0.07116430903155604,271,360,56,3908,0.4294770206022187,0.8287461773700305,0.5657620041753654,104,87,17,0.8365384615384616,45,42.58620689655172,0.9655172413793104,360,7.5,13.145833333333334,2.0208333333333335,10.104166666666666,0.0,3.625,1.8942307692307692,0.8557692307692307,0.5096153846153846,0.33653846153846156,0.2326923076923077,0.19807692307692307
seq_h60_to_confirmA_h45,0.9,confirmA_h45,0.5,confirm_only_if_unsure,0.0,4595,48,0.07116430903155604,271,360,56,3908,0.4294770206022187,0.8287461773700305,0.5657620041753654,104,87,17,0.8365384615384616,45,42.58620689655172,0.9655172413793104,360,7.5,13.145833333333334,2.0208333333333335,10.104166666666666,0.0,3.625,1.8942307692307692,0.8557692307692307,0.5096153846153846,0.33653846153846156,0.2326923076923077,0.19807692307692307
seq_h60_to_confirmA_h45,0.9,confirmA_h45,0.54,none,0.0,4595,48,0.07116430903155604,271,360,56,3908,0.4294770206022187,0.8287461773700305,0.5657620041753654,104,87,17,0.8365384615384616,45,42.58620689655172,0.9655172413793104,360,7.5,13.145833333333334,2.0208333333333335,10.104166666666666,0.0,3.625,1.8942307692307692,0.8557692307692307,0.5096153846153846,0.33653846153846156,0.2326923076923077,0.19807692307692307
seq_h60_to_confirmA_h45,0.9,confirmA_h45,0.54,advisory_if_unsure,0.0,4595,48,0.07116430903155604,271,360,56,3908,0.4294770206022187,0.8287461773700305,0.5657620041753654,104,87,17,0.8365384615384616,45,42.58620689655172,0.9655172413793104,360,7.5,13.145833333333334,2.0208333333333335,10.104166666666666,0.0,3.625,1.8942307692307692,0.8557692307692307,0.5096153846153846,0.33653846153846156,0.2326923076923077,0.19807692307692307
seq_h60_to_confirmA_h45,0.9,confirmA_h45,0.54,confirm_only_if_unsure,0.0,4595,48,0.07116430903155604,271,360,56,3908,0.4294770206022187,0.8287461773700305,0.5657620041753654,104,87,17,0.8365384615384616,45,42.58620689655172,0.9655172413793104,360,7.5,13.145833333333334,2.0208333333333335,10.104166666666666,0.0,3.625,1.8942307692307692,0.8557692307692307,0.5096153846153846,0.33653846153846156,0.2326923076923077,0.19807692307692307
seq_h60_to_confirmA_h45,0.9,confirmA_h45,0.58,none,0.001584786053882726,4595,48,0.07116430903155604,271,359,56,3909,0.4301587301587302,0.8287461773700305,0.5663531870428422,104,87,17,0.8365384615384616,45,42.58620689655172,0.9655172413793104,359,7.479166666666667,13.125,2.0,10.0,0.0,3.6153846153846154,1.8894230769230769,0.8538461538461538,0.5086538461538461,0.33605769230769234,0.2325,0.19798076923076924
seq_h60_to_confirmA_h45,0.9,confirmA_h45,0.58,advisory_if_unsure,0.001584786053882726,4595,48,0.07116430903155604,271,359,56,3909,0.4301587301587302,0.8287461773700305,0.5663531870428422,104,87,17,0.8365384615384616,45,42.58620689655172,0.9655172413793104,359,7.479166666666667,13.125,2.0,10.0,0.0,3.6153846153846154,1.8894230769230769,0.8538461538461538,0.5086538461538461,0.33605769230769234,0.2325,0.19798076923076924
seq_h60_to_confirmA_h45,0.9,confirmA_h45,0.58,confirm_only_if_unsure,0.001584786053882726,4595,48,0.07116430903155604,271,360,56,3908,0.4294770206022187,0.8287461773700305,0.5657620041753654,104,87,17,0.8365384615384616,45,42.58620689655172,0.9655172413793104,360,7.5,13.145833333333334,2.0208333333333335,10.104166666666666,0.0,3.625,1.8942307692307692,0.8557692307692307,0.5096153846153846,0.33653846153846156,0.2326923076923077,0.19807692307692307
seq_h60_to_confirmA_h45,0.9,confirmA_h45,0.62,none,0.001584786053882726,4595,48,0.07116430903155604,271,359,56,3909,0.4301587301587302,0.8287461773700305,0.5663531870428422,104,87,17,0.8365384615384616,45,42.58620689655172,0.9655172413793104,359,7.479166666666667,13.125,2.0,10.0,0.0,3.6153846153846154,1.8894230769230769,0.8538461538461538,0.5086538461538461,0.33605769230769234,0.2325,0.19798076923076924
seq_h60_to_confirmA_h45,0.9,confirmA_h45,0.62,advisory_if_unsure,0.001584786053882726,4595,48,0.07116430903155604,271,359,56,3909,0.4301587301587302,0.8287461773700305,0.5663531870428422,104,87,17,0.8365384615384616,45,42.58620689655172,0.9655172413793104,359,7.479166666666667,13.125,2.0,10.0,0.0,3.6153846153846154,1.8894230769230769,0.8538461538461538,0.5086538461538461,0.33605769230769234,0.2325,0.19798076923076924
seq_h60_to_confirmA_h45,0.9,confirmA_h45,0.62,confirm_only_if_unsure,0.001584786053882726,4595,48,0.07116430903155604,271,360,56,3908,0.4294770206022187,0.8287461773700305,0.5657620041753654,104,87,17,0.8365384615384616,45,42.58620689655172,0.9655172413793104,360,7.5,13.145833333333334,2.0208333333333335,10.104166666666666,0.0,3.625,1.8942307692307692,0.8557692307692307,0.5096153846153846,0.33653846153846156,0.2326923076923077,0.19807692307692307
seq_h60_to_confirmA_h45,0.9,confirmA_h45,0.66,none,0.001584786053882726,4595,48,0.07116430903155604,271,359,56,3909,0.4301587301587302,0.8287461773700305,0.5663531870428422,104,87,17,0.8365384615384616,45,42.58620689655172,0.9655172413793104,359,7.479166666666667,13.125,2.0,10.0,0.0,3.6153846153846154,1.8894230769230769,0.8538461538461538,0.5086538461538461,0.33605769230769234,0.2325,0.19798076923076924
seq_h60_to_confirmA_h45,0.9,confirmA_h45,0.66,advisory_if_unsure,0.001584786053882726,4595,48,0.07116430903155604,271,359,56,3909,0.4301587301587302,0.8287461773700305,0.5663531870428422,104,87,17,0.8365384615384616,45,42.58620689655172,0.9655172413793104,359,7.479166666666667,13.125,2.0,10.0,0.0,3.6153846153846154,1.8894230769230769,0.8538461538461538,0.5086538461538461,0.33605769230769234,0.2325,0.19798076923076924
seq_h60_to_confirmA_h45,0.9,confirmA_h45,0.66,confirm_only_if_unsure,0.001584786053882726,4595,48,0.07116430903155604,271,360,56,3908,0.4294770206022187,0.8287461773700305,0.5657620041753654,104,87,17,0.8365384615384616,45,42.58620689655172,0.9655172413793104,360,7.5,13.145833333333334,2.0208333333333335,10.104166666666666,0.0,3.625,1.8942307692307692,0.8557692307692307,0.5096153846153846,0.33653846153846156,0.2326923076923077,0.19807692307692307
seq_h60_to_confirmA_h45,0.9,confirmA_h45,0.7,none,0.001584786053882726,4595,48,0.07116430903155604,271,359,56,3909,0.4301587301587302,0.8287461773700305,0.5663531870428422,104,87,17,0.8365384615384616,45,42.58620689655172,0.9655172413793104,359,7.479166666666667,13.125,2.0,10.0,0.0,3.6153846153846154,1.8894230769230769,0.8538461538461538,0.5086538461538461,0.33605769230769234,0.2325,0.19798076923076924
seq_h60_to_confirmA_h45,0.9,confirmA_h45,0.7,advisory_if_unsure,0.001584786053882726,4595,48,0.07116430903155604,271,359,56,3909,0.4301587301587302,0.8287461773700305,0.5663531870428422,104,87,17,0.8365384615384616,45,42.58620689655172,0.9655172413793104,359,7.479166666666667,13.125,2.0,10.0,0.0,3.6153846153846154,1.8894230769230769,0.8538461538461538,0.5086538461538461,0.33605769230769234,0.2325,0.19798076923076924
seq_h60_to_confirmA_h45,0.9,confirmA_h45,0.7,confirm_only_if_unsure,0.001584786053882726,4595,48,0.07116430903155604,271,360,56,3908,0.4294770206022187,0.8287461773700305,0.5657620041753654,104,87,17,0.8365384615384616,45,42.58620689655172,0.9655172413793104,360,7.5,13.145833333333334,2.0208333333333335,10.104166666666666,0.0,3.625,1.8942307692307692,0.8557692307692307,0.5096153846153846,0.33653846153846156,0.2326923076923077,0.19807692307692307
seq_h60_to_confirmA_h45,0.9,confirmA_h45,0.74,none,0.001584786053882726,4595,48,0.07116430903155604,271,359,56,3909,0.4301587301587302,0.8287461773700305,0.5663531870428422,104,87,17,0.8365384615384616,45,42.58620689655172,0.9655172413793104,359,7.479166666666667,13.125,2.0,10.0,0.0,3.6153846153846154,1.8894230769230769,0.8538461538461538,0.5086538461538461,0.33605769230769234,0.2325,0.19798076923076924
seq_h60_to_confirmA_h45,0.9,confirmA_h45,0.74,advisory_if_unsure,0.001584786053882726,4595,48,0.07116430903155604,271,359,56,3909,0.4301587301587302,0.8287461773700305,0.5663531870428422,104,87,17,0.8365384615384616,45,42.58620689655172,0.9655172413793104,359,7.479166666666667,13.125,2.0,10.0,0.0,3.6153846153846154,1.8894230769230769,0.8538461538461538,0.5086538461538461,0.33605769230769234,0.2325,0.19798076923076924
seq_h60_to_confirmA_h45,0.9,confirmA_h45,0.74,confirm_only_if_unsure,0.001584786053882726,4595,48,0.07116430903155604,271,360,56,3908,0.4294770206022187,0.8287461773700305,0.5657620041753654,104,87,17,0.8365384615384616,45,42.58620689655172,0.9655172413793104,360,7.5,13.145833333333334,2.0208333333333335,10.104166666666666,0.0,3.625,1.8942307692307692,0.8557692307692307,0.5096153846153846,0.33653846153846156,0.2326923076923077,0.19807692307692307
seq_h60_to_confirmA_h45,0.9,confirmA_h45,0.78,none,0.012678288431061807,4595,48,0.07116430903155604,271,352,56,3916,0.434991974317817,0.8287461773700305,0.5705263157894737,104,87,17,0.8365384615384616,45,42.58620689655172,0.9655172413793104,352,7.333333333333333,12.979166666666666,2.0,10.0,0.0,3.548076923076923,1.8557692307692308,0.8403846153846154,0.5019230769230769,0.3326923076923077,0.23115384615384615,0.1973076923076923
seq_h60_to_confirmA_h45,0.9,confirmA_h45,0.78,advisory_if_unsure,0.012678288431061807,4595,48,0.07116430903155604,271,352,56,3916,0.434991974317817,0.8287461773700305,0.5705263157894737,104,87,17,0.8365384615384616,45,42.58620689655172,0.9655172413793104,352,7.333333333333333,12.979166666666666,2.0,10.0,0.125,3.548076923076923,1.8557692307692308,0.8403846153846154,0.5019230769230769,0.3326923076923077,0.23115384615384615,0.1973076923076923
seq_h60_to_confirmA_h45,0.9,confirmA_h45,0.78,confirm_only_if_unsure,0.012678288431061807,4595,48,0.07116430903155604,271,354,56,3914,0.4336,0.8287461773700305,0.569327731092437,104,87,17,0.8365384615384616,45,42.58620689655172,0.9655172413793104,354,7.375,13.020833333333334,2.0,10.0,0.125,3.5673076923076925,1.8653846153846154,0.8442307692307692,0.5038461538461538,0.33365384615384613,0.23153846153846153,0.1975
seq_h60_to_confirmA_h45,0.9,confirmA_h45,0.82,none,0.022187004754358162,4595,48,0.07116430903155604,269,348,58,3920,0.4359805510534846,0.8226299694189603,0.5699152542372882,104,85,19,0.8173076923076923,45,42.529411764705884,0.9647058823529412,348,7.25,12.854166666666666,2.0208333333333335,10.104166666666666,0.0,3.5288461538461537,1.8557692307692308,0.8519230769230769,0.5173076923076924,0.35,0.24961538461538463,0.21615384615384614
seq_h60_to_confirmA_h45,0.9,confirmA_h45,0.82,advisory_if_unsure,0.022187004754358162,4595,48,0.07116430903155604,269,348,58,3920,0.4359805510534846,0.8226299694189603,0.5699152542372882,104,85,19,0.8173076923076923,45,42.529411764705884,0.9647058823529412,348,7.25,12.854166666666666,2.0208333333333335,10.104166666666666,0.20833333333333334,3.5288461538461537,1.8557692307692308,0.8519230769230769,0.5173076923076924,0.35,0.24961538461538463,0.21615384615384614
seq_h60_to_confirmA_h45,0.9,confirmA_h45,0.82,confirm_only_if_unsure,0.022187004754358162,4595,48,0.07116430903155604,269,352,58,3916,0.4331723027375201,0.8226299694189603,0.5675105485232067,104,85,19,0.8173076923076923,45,42.529411764705884,0.9647058823529412,352,7.333333333333333,12.9375,2.0,10.0,0.20833333333333334,3.5673076923076925,1.875,0.8596153846153847,0.5211538461538462,0.35192307692307695,0.25038461538461537,0.21653846153846154
seq_h60_to_confirmA_h45,0.9,confirmA_h45,0.86,none,0.05388272583201268,4595,48,0.07116430903155604,268,329,59,3939,0.4489112227805695,0.8195718654434251,0.5800865800865801,104,85,19,0.8173076923076923,45,42.529411764705884,0.9647058823529412,329,6.854166666666667,12.4375,2.0208333333333335,10.104166666666666,0.0,3.3461538461538463,1.7644230769230769,0.8153846153846154,0.49903846153846154,0.3408653846153846,0.24596153846153845,0.21432692307692308
seq_h60_to_confirmA_h45,0.9,confirmA_h45,0.86,advisory_if_unsure,0.05388272583201268,4595,48,0.07116430903155604,268,329,59,3939,0.4489112227805695,0.8195718654434251,0.5800865800865801,104,85,19,0.8173076923076923,45,42.529411764705884,0.9647058823529412,329,6.854166666666667,12.4375,2.0208333333333335,10.104166666666666,0.4791666666666667,3.3461538461538463,1.7644230769230769,0.8153846153846154,0.49903846153846154,0.3408653846153846,0.24596153846153845,0.21432692307692308
seq_h60_to_confirmA_h45,0.9,confirmA_h45,0.86,confirm_only_if_unsure,0.05388272583201268,4595,48,0.07116430903155604,268,340,59,3928,0.4407894736842105,0.8195718654434251,0.5732620320855615,104,85,19,0.8173076923076923,45,42.529411764705884,0.9647058823529412,340,7.083333333333333,12.666666666666666,1.9583333333333333,9.791666666666666,0.4791666666666667,3.451923076923077,1.8173076923076923,0.8365384615384616,0.5096153846153846,0.34615384615384615,0.24807692307692308,0.2153846153846154
seq_h60_to_confirmA_h45,0.9,confirmA_h45,0.9,none,0.12995245641838352,4595,48,0.07116430903155604,257,292,70,3976,0.4681238615664845,0.7859327217125383,0.58675799086758,104,82,22,0.7884615384615384,45,41.890243902439025,0.9512195121951219,292,6.083333333333333,11.4375,1.9791666666666667,9.895833333333334,0.0,3.019230769230769,1.6153846153846154,0.7730769230769231,0.49230769230769234,0.35192307692307695,0.2676923076923077,0.23961538461538462
seq_h60_to_confirmA_h45,0.9,confirmA_h45,0.9,advisory_if_unsure,0.12995245641838352,4595,48,0.07116430903155604,257,292,70,3976,0.4681238615664845,0.7859327217125383,0.58675799086758,104,82,22,0.7884615384615384,45,41.890243902439025,0.9512195121951219,292,6.083333333333333,11.4375,1.9791666666666667,9.895833333333334,0.9375,3.019230769230769,1.6153846153846154,0.7730769230769231,0.49230769230769234,0.35192307692307695,0.2676923076923077,0.23961538461538462
seq_h60_to_confirmA_h45,0.9,confirmA_h45,0.9,confirm_only_if_unsure,0.12995245641838352,4595,48,0.07116430903155604,263,323,64,3945,0.44880546075085326,0.8042813455657493,0.5761226725082147,104,85,19,0.8173076923076923,45,42.0,0.9529411764705882,323,6.729166666666667,12.208333333333334,1.9166666666666667,9.583333333333334,0.9375,3.2884615384615383,1.7355769230769231,0.8038461538461539,0.4932692307692308,0.33798076923076925,0.2448076923076923,0.21375
seq_h60_to_confirmA_h45,0.9,confirmA_h45,0.94,none,0.329635499207607,4595,48,0.07116430903155604,221,202,106,4066,0.5224586288416075,0.6758409785932722,0.5893333333333334,104,70,34,0.6730769230769231,45,40.285714285714285,0.9285714285714286,202,4.208333333333333,8.8125,1.8125,9.0625,0.0,2.269230769230769,1.2980769230769231,0.7153846153846154,0.5211538461538462,0.42403846153846153,0.3657692307692308,0.34634615384615386
seq_h60_to_confirmA_h45,0.9,confirmA_h45,0.94,advisory_if_unsure,0.329635499207607,4595,48,0.07116430903155604,221,202,106,4066,0.5224586288416075,0.6758409785932722,0.5893333333333334,104,70,34,0.6730769230769231,45,40.285714285714285,0.9285714285714286,202,4.208333333333333,8.8125,1.8125,9.0625,1.6458333333333333,2.269230769230769,1.2980769230769231,0.7153846153846154,0.5211538461538462,0.42403846153846153,0.3657692307692308,0.34634615384615386
seq_h60_to_confirmA_h45,0.9,confirmA_h45,0.94,confirm_only_if_unsure,0.329635499207607,4595,48,0.07116430903155604,251,301,76,3967,0.45471014492753625,0.7675840978593272,0.571103526734926,104,81,23,0.7788461538461539,45,41.666666666666664,0.9506172839506173,301,6.270833333333333,11.5,1.875,9.375,1.6458333333333333,3.1153846153846154,1.6682692307692308,0.8,0.510576923076923,0.3658653846153846,0.2790384615384615,0.25009615384615386
seq_h60_to_confirmA_h45,0.9,confirmA_h45,0.98,none,0.7797147385103012,4595,48,0.07116430903155604,85,54,242,4214,0.6115107913669064,0.2599388379204893,0.3648068669527897,104,33,71,0.3173076923076923,45,36.36363636363637,0.8181818181818182,54,1.125,2.8958333333333335,1.3958333333333333,6.979166666666667,0.0,1.2019230769230769,0.9423076923076923,0.7865384615384615,0.7346153846153847,0.7086538461538462,0.693076923076923,0.6878846153846154
seq_h60_to_confirmA_h45,0.9,confirmA_h45,0.98,advisory_if_unsure,0.7797147385103012,4595,48,0.07116430903155604,85,54,242,4214,0.6115107913669064,0.2599388379204893,0.3648068669527897,104,33,71,0.3173076923076923,45,36.36363636363637,0.8181818181818182,54,1.125,2.8958333333333335,1.3958333333333333,6.979166666666667,3.6666666666666665,1.2019230769230769,0.9423076923076923,0.7865384615384615,0.7346153846153847,0.7086538461538462,0.693076923076923,0.6878846153846154
seq_h60_to_confirmA_h45,0.9,confirmA_h45,0.98,confirm_only_if_unsure,0.7797147385103012,4595,48,0.07116430903155604,209,246,118,4022,0.4593406593406593,0.6391437308868502,0.5345268542199488,104,70,34,0.6730769230769231,45,39.857142857142854,0.8857142857142857,246,5.125,9.479166666666666,1.7916666666666667,8.958333333333334,3.6666666666666665,2.6923076923076925,1.5096153846153846,0.8,0.5634615384615385,0.44519230769230766,0.37423076923076926,0.35057692307692306
seq_h60_to_confirmA_h45,0.94,confirmA_h45,0.5,none,0.0,4595,48,0.07116430903155604,220,211,107,4057,0.5104408352668214,0.672782874617737,0.5804749340369393,104,70,34,0.6730769230769231,45,42.0,0.9571428571428572,211,4.395833333333333,8.979166666666666,2.0625,10.3125,0.0,2.355769230769231,1.3413461538461537,0.7326923076923076,0.5298076923076923,0.4283653846153846,0.3675,0.34721153846153846
seq_h60_to_confirmA_h45,0.94,confirmA_h45,0.5,advisory_if_unsure,0.0,4595,48,0.07116430903155604,220,211,107,4057,0.5104408352668214,0.672782874617737,0.5804749340369393,104,70,34,0.6730769230769231,45,42.0,0.9571428571428572,211,4.395833333333333,8.979166666666666,2.0625,10.3125,0.0,2.355769230769231,1.3413461538461537,0.7326923076923076,0.5298076923076923,0.4283653846153846,0.3675,0.34721153846153846
seq_h60_to_confirmA_h45,0.94,confirmA_h45,0.5,confirm_only_if_unsure,0.0,4595,48,0.07116430903155604,220,211,107,4057,0.5104408352668214,0.672782874617737,0.5804749340369393,104,70,34,0.6730769230769231,45,42.0,0.9571428571428572,211,4.395833333333333,8.979166666666666,2.0625,10.3125,0.0,2.355769230769231,1.3413461538461537,0.7326923076923076,0.5298076923076923,0.4283653846153846,0.3675,0.34721153846153846
seq_h60_to_confirmA_h45,0.94,confirmA_h45,0.54,none,0.0,4595,48,0.07116430903155604,220,211,107,4057,0.5104408352668214,0.672782874617737,0.5804749340369393,104,70,34,0.6730769230769231,45,42.0,0.9571428571428572,211,4.395833333333333,8.979166666666666,2.0625,10.3125,0.0,2.355769230769231,1.3413461538461537,0.7326923076923076,0.5298076923076923,0.4283653846153846,0.3675,0.34721153846153846
seq_h60_to_confirmA_h45,0.94,confirmA_h45,0.54,advisory_if_unsure,0.0,4595,48,0.07116430903155604,220,211,107,4057,0.5104408352668214,0.672782874617737,0.5804749340369393,104,70,34,0.6730769230769231,45,42.0,0.9571428571428572,211,4.395833333333333,8.979166666666666,2.0625,10.3125,0.0,2.355769230769231,1.3413461538461537,0.7326923076923076,0.5298076923076923,0.4283653846153846,0.3675,0.34721153846153846
seq_h60_to_confirmA_h45,0.94,confirmA_h45,0.54,confirm_only_if_unsure,0.0,4595,48,0.07116430903155604,220,211,107,4057,0.5104408352668214,0.672782874617737,0.5804749340369393,104,70,34,0.6730769230769231,45,42.0,0.9571428571428572,211,4.395833333333333,8.979166666666666,2.0625,10.3125,0.0,2.355769230769231,1.3413461538461537,0.7326923076923076,0.5298076923076923,0.4283653846153846,0.3675,0.34721153846153846
seq_h60_to_confirmA_h45,0.94,confirmA_h45,0.58,none,0.0,4595,48,0.07116430903155604,220,211,107,4057,0.5104408352668214,0.672782874617737,0.5804749340369393,104,70,34,0.6730769230769231,45,42.0,0.9571428571428572,211,4.395833333333333,8.979166666666666,2.0625,10.3125,0.0,2.355769230769231,1.3413461538461537,0.7326923076923076,0.5298076923076923,0.4283653846153846,0.3675,0.34721153846153846
seq_h60_to_confirmA_h45,0.94,confirmA_h45,0.58,advisory_if_unsure,0.0,4595,48,0.07116430903155604,220,211,107,4057,0.5104408352668214,0.672782874617737,0.5804749340369393,104,70,34,0.6730769230769231,45,42.0,0.9571428571428572,211,4.395833333333333,8.979166666666666,2.0625,10.3125,0.0,2.355769230769231,1.3413461538461537,0.7326923076923076,0.5298076923076923,0.4283653846153846,0.3675,0.34721153846153846
seq_h60_to_confirmA_h45,0.94,confirmA_h45,0.58,confirm_only_if_unsure,0.0,4595,48,0.07116430903155604,220,211,107,4057,0.5104408352668214,0.672782874617737,0.5804749340369393,104,70,34,0.6730769230769231,45,42.0,0.9571428571428572,211,4.395833333333333,8.979166666666666,2.0625,10.3125,0.0,2.355769230769231,1.3413461538461537,0.7326923076923076,0.5298076923076923,0.4283653846153846,0.3675,0.34721153846153846
seq_h60_to_confirmA_h45,0.94,confirmA_h45,0.62,none,0.0,4595,48,0.07116430903155604,220,211,107,4057,0.5104408352668214,0.672782874617737,0.5804749340369393,104,70,34,0.6730769230769231,45,42.0,0.9571428571428572,211,4.395833333333333,8.979166666666666,2.0625,10.3125,0.0,2.355769230769231,1.3413461538461537,0.7326923076923076,0.5298076923076923,0.4283653846153846,0.3675,0.34721153846153846
seq_h60_to_confirmA_h45,0.94,confirmA_h45,0.62,advisory_if_unsure,0.0,4595,48,0.07116430903155604,220,211,107,4057,0.5104408352668214,0.672782874617737,0.5804749340369393,104,70,34,0.6730769230769231,45,42.0,0.9571428571428572,211,4.395833333333333,8.979166666666666,2.0625,10.3125,0.0,2.355769230769231,1.3413461538461537,0.7326923076923076,0.5298076923076923,0.4283653846153846,0.3675,0.34721153846153846
seq_h60_to_confirmA_h45,0.94,confirmA_h45,0.62,confirm_only_if_unsure,0.0,4595,48,0.07116430903155604,220,211,107,4057,0.5104408352668214,0.672782874617737,0.5804749340369393,104,70,34,0.6730769230769231,45,42.0,0.9571428571428572,211,4.395833333333333,8.979166666666666,2.0625,10.3125,0.0,2.355769230769231,1.3413461538461537,0.7326923076923076,0.5298076923076923,0.4283653846153846,0.3675,0.34721153846153846
seq_h60_to_confirmA_h45,0.94,confirmA_h45,0.66,none,0.0,4595,48,0.07116430903155604,220,211,107,4057,0.5104408352668214,0.672782874617737,0.5804749340369393,104,70,34,0.6730769230769231,45,42.0,0.9571428571428572,211,4.395833333333333,8.979166666666666,2.0625,10.3125,0.0,2.355769230769231,1.3413461538461537,0.7326923076923076,0.5298076923076923,0.4283653846153846,0.3675,0.34721153846153846
seq_h60_to_confirmA_h45,0.94,confirmA_h45,0.66,advisory_if_unsure,0.0,4595,48,0.07116430903155604,220,211,107,4057,0.5104408352668214,0.672782874617737,0.5804749340369393,104,70,34,0.6730769230769231,45,42.0,0.9571428571428572,211,4.395833333333333,8.979166666666666,2.0625,10.3125,0.0,2.355769230769231,1.3413461538461537,0.7326923076923076,0.5298076923076923,0.4283653846153846,0.3675,0.34721153846153846
seq_h60_to_confirmA_h45,0.94,confirmA_h45,0.66,confirm_only_if_unsure,0.0,4595,48,0.07116430903155604,220,211,107,4057,0.5104408352668214,0.672782874617737,0.5804749340369393,104,70,34,0.6730769230769231,45,42.0,0.9571428571428572,211,4.395833333333333,8.979166666666666,2.0625,10.3125,0.0,2.355769230769231,1.3413461538461537,0.7326923076923076,0.5298076923076923,0.4283653846153846,0.3675,0.34721153846153846
seq_h60_to_confirmA_h45,0.94,confirmA_h45,0.7,none,0.0,4595,48,0.07116430903155604,220,211,107,4057,0.5104408352668214,0.672782874617737,0.5804749340369393,104,70,34,0.6730769230769231,45,42.0,0.9571428571428572,211,4.395833333333333,8.979166666666666,2.0625,10.3125,0.0,2.355769230769231,1.3413461538461537,0.7326923076923076,0.5298076923076923,0.4283653846153846,0.3675,0.34721153846153846
seq_h60_to_confirmA_h45,0.94,confirmA_h45,0.7,advisory_if_unsure,0.0,4595,48,0.07116430903155604,220,211,107,4057,0.5104408352668214,0.672782874617737,0.5804749340369393,104,70,34,0.6730769230769231,45,42.0,0.9571428571428572,211,4.395833333333333,8.979166666666666,2.0625,10.3125,0.0,2.355769230769231,1.3413461538461537,0.7326923076923076,0.5298076923076923,0.4283653846153846,0.3675,0.34721153846153846
seq_h60_to_confirmA_h45,0.94,confirmA_h45,0.7,confirm_only_if_unsure,0.0,4595,48,0.07116430903155604,220,211,107,4057,0.5104408352668214,0.672782874617737,0.5804749340369393,104,70,34,0.6730769230769231,45,42.0,0.9571428571428572,211,4.395833333333333,8.979166666666666,2.0625,10.3125,0.0,2.355769230769231,1.3413461538461537,0.7326923076923076,0.5298076923076923,0.4283653846153846,0.3675,0.34721153846153846
seq_h60_to_confirmA_h45,0.94,confirmA_h45,0.74,none,0.0,4595,48,0.07116430903155604,220,211,107,4057,0.5104408352668214,0.672782874617737,0.5804749340369393,104,70,34,0.6730769230769231,45,42.0,0.9571428571428572,211,4.395833333333333,8.979166666666666,2.0625,10.3125,0.0,2.355769230769231,1.3413461538461537,0.7326923076923076,0.5298076923076923,0.4283653846153846,0.3675,0.34721153846153846
seq_h60_to_confirmA_h45,0.94,confirmA_h45,0.74,advisory_if_unsure,0.0,4595,48,0.07116430903155604,220,211,107,4057,0.5104408352668214,0.672782874617737,0.5804749340369393,104,70,34,0.6730769230769231,45,42.0,0.9571428571428572,211,4.395833333333333,8.979166666666666,2.0625,10.3125,0.0,2.355769230769231,1.3413461538461537,0.7326923076923076,0.5298076923076923,0.4283653846153846,0.3675,0.34721153846153846
seq_h60_to_confirmA_h45,0.94,confirmA_h45,0.74,confirm_only_if_unsure,0.0,4595,48,0.07116430903155604,220,211,107,4057,0.5104408352668214,0.672782874617737,0.5804749340369393,104,70,34,0.6730769230769231,45,42.0,0.9571428571428572,211,4.395833333333333,8.979166666666666,2.0625,10.3125,0.0,2.355769230769231,1.3413461538461537,0.7326923076923076,0.5298076923076923,0.4283653846153846,0.3675,0.34721153846153846
seq_h60_to_confirmA_h45,0.94,confirmA_h45,0.78,none,0.002320185614849188,4595,48,0.07116430903155604,220,210,107,4058,0.5116279069767442,0.672782874617737,0.5812417437252312,104,70,34,0.6730769230769231,45,42.0,0.9571428571428572,210,4.375,8.958333333333334,2.0416666666666665,10.208333333333334,0.0,2.3461538461538463,1.3365384615384615,0.7307692307692307,0.5288461538461539,0.42788461538461536,0.36730769230769234,0.3471153846153846
seq_h60_to_confirmA_h45,0.94,confirmA_h45,0.78,advisory_if_unsure,0.002320185614849188,4595,48,0.07116430903155604,220,210,107,4058,0.5116279069767442,0.672782874617737,0.5812417437252312,104,70,34,0.6730769230769231,45,42.0,0.9571428571428572,210,4.375,8.958333333333334,2.0416666666666665,10.208333333333334,0.020833333333333332,2.3461538461538463,1.3365384615384615,0.7307692307692307,0.5288461538461539,0.42788461538461536,0.36730769230769234,0.3471153846153846
seq_h60_to_confirmA_h45,0.94,confirmA_h45,0.78,confirm_only_if_unsure,0.002320185614849188,4595,48,0.07116430903155604,220,210,107,4058,0.5116279069767442,0.672782874617737,0.5812417437252312,104,70,34,0.6730769230769231,45,42.0,0.9571428571428572,210,4.375,8.958333333333334,2.0416666666666665,10.208333333333334,0.020833333333333332,2.3461538461538463,1.3365384615384615,0.7307692307692307,0.5288461538461539,0.42788461538461536,0.36730769230769234,0.3471153846153846
seq_h60_to_confirmA_h45,0.94,confirmA_h45,0.82,none,0.004640371229698376,4595,48,0.07116430903155604,219,210,108,4058,0.5104895104895105,0.6697247706422018,0.5793650793650794,104,69,35,0.6634615384615384,45,41.95652173913044,0.9565217391304348,210,4.375,8.9375,2.0208333333333335,10.104166666666666,0.0,2.355769230769231,1.3461538461538463,0.7403846153846154,0.5384615384615384,0.4375,0.3769230769230769,0.35673076923076924
seq_h60_to_confirmA_h45,0.94,confirmA_h45,0.82,advisory_if_unsure,0.004640371229698376,4595,48,0.07116430903155604,219,210,108,4058,0.5104895104895105,0.6697247706422018,0.5793650793650794,104,69,35,0.6634615384615384,45,41.95652173913044,0.9565217391304348,210,4.375,8.9375,2.0208333333333335,10.104166666666666,0.041666666666666664,2.355769230769231,1.3461538461538463,0.7403846153846154,0.5384615384615384,0.4375,0.3769230769230769,0.35673076923076924
seq_h60_to_confirmA_h45,0.94,confirmA_h45,0.82,confirm_only_if_unsure,0.004640371229698376,4595,48,0.07116430903155604,219,210,108,4058,0.5104895104895105,0.6697247706422018,0.5793650793650794,104,69,35,0.6634615384615384,45,41.95652173913044,0.9565217391304348,210,4.375,8.9375,2.0208333333333335,10.104166666666666,0.041666666666666664,2.355769230769231,1.3461538461538463,0.7403846153846154,0.5384615384615384,0.4375,0.3769230769230769,0.35673076923076924
seq_h60_to_confirmA_h45,0.94,confirmA_h45,0.86,none,0.02320185614849188,4595,48,0.07116430903155604,218,203,109,4065,0.517814726840855,0.6666666666666666,0.5828877005347594,104,69,35,0.6634615384615384,45,41.95652173913044,0.9565217391304348,203,4.229166666666667,8.770833333333334,2.0416666666666665,10.208333333333334,0.0,2.2884615384615383,1.3125,0.7269230769230769,0.5317307692307692,0.4341346153846154,0.3755769230769231,0.3560576923076923
seq_h60_to_confirmA_h45,0.94,confirmA_h45,0.86,advisory_if_unsure,0.02320185614849188,4595,48,0.07116430903155604,218,203,109,4065,0.517814726840855,0.6666666666666666,0.5828877005347594,104,69,35,0.6634615384615384,45,41.95652173913044,0.9565217391304348,203,4.229166666666667,8.770833333333334,2.0416666666666665,10.208333333333334,0.16666666666666666,2.2884615384615383,1.3125,0.7269230769230769,0.5317307692307692,0.4341346153846154,0.3755769230769231,0.3560576923076923
seq_h60_to_confirmA_h45,0.94,confirmA_h45,0.86,confirm_only_if_unsure,0.02320185614849188,4595,48,0.07116430903155604,218,205,109,4063,0.5153664302600472,0.6666666666666666,0.5813333333333334,104,69,35,0.6634615384615384,45,41.95652173913044,0.9565217391304348,205,4.270833333333333,8.8125,2.0416666666666665,10.208333333333334,0.16666666666666666,2.3076923076923075,1.3221153846153846,0.7307692307692307,0.5336538461538461,0.43509615384615385,0.37596153846153846,0.35625
seq_h60_to_confirmA_h45,0.94,confirmA_h45,0.9,none,0.06496519721577726,4595,48,0.07116430903155604,211,192,116,4076,0.5235732009925558,0.6452599388379205,0.5780821917808219,104,66,38,0.6346153846153846,45,41.81818181818182,0.9545454545454546,192,4.0,8.395833333333334,2.0208333333333335,10.104166666666666,0.0,2.2115384615384617,1.2884615384615385,0.7346153846153847,0.55,0.4576923076923077,0.4023076923076923,0.38384615384615384
seq_h60_to_confirmA_h45,0.94,confirmA_h45,0.9,advisory_if_unsure,0.06496519721577726,4595,48,0.07116430903155604,211,192,116,4076,0.5235732009925558,0.6452599388379205,0.5780821917808219,104,66,38,0.6346153846153846,45,41.81818181818182,0.9545454545454546,192,4.0,8.395833333333334,2.0208333333333335,10.104166666666666,0.3958333333333333,2.2115384615384617,1.2884615384615385,0.7346153846153847,0.55,0.4576923076923077,0.4023076923076923,0.38384615384615384
seq_h60_to_confirmA_h45,0.94,confirmA_h45,0.9,confirm_only_if_unsure,0.06496519721577726,4595,48,0.07116430903155604,213,199,114,4069,0.5169902912621359,0.6513761467889908,0.5764546684709067,104,67,37,0.6442307692307693,45,41.865671641791046,0.9552238805970149,199,4.145833333333333,8.583333333333334,2.0,10.0,0.3958333333333333,2.269230769230769,1.3125,0.7384615384615385,0.5471153846153847,0.4514423076923077,0.39403846153846156,0.37490384615384614
seq_h60_to_confirmA_h45,0.94,confirmA_h45,0.94,none,0.20417633410672853,4595,48,0.07116430903155604,190,153,137,4115,0.5539358600583091,0.581039755351682,0.5671641791044776,104,56,48,0.5384615384615384,45,40.44642857142857,0.9107142857142857,153,3.1875,7.145833333333333,1.6875,8.4375,0.0,1.9326923076923077,1.1971153846153846,0.7557692307692307,0.6086538461538461,0.5350961538461538,0.49096153846153845,0.47625
seq_h60_to_confirmA_h45,0.94,confirmA_h45,0.94,advisory_if_unsure,0.20417633410672853,4595,48,0.07116430903155604,190,153,137,4115,0.5539358600583091,0.581039755351682,0.5671641791044776,104,56,48,0.5384615384615384,45,40.44642857142857,0.9107142857142857,153,3.1875,7.145833333333333,1.6875,8.4375,0.7291666666666666,1.9326923076923077,1.1971153846153846,0.7557692307692307,0.6086538461538461,0.5350961538461538,0.49096153846153845,0.47625
seq_h60_to_confirmA_h45,0.94,confirmA_h45,0.94,confirm_only_if_unsure,0.20417633410672853,4595,48,0.07116430903155604,205,191,122,4077,0.5176767676767676,0.6269113149847095,0.5670816044260027,104,64,40,0.6153846153846154,45,41.484375,0.9375,191,3.9791666666666665,8.25,1.9166666666666667,9.583333333333334,0.7291666666666666,2.2211538461538463,1.3028846153846154,0.7519230769230769,0.5682692307692307,0.47644230769230766,0.42134615384615387,0.40298076923076925
seq_h60_to_confirmA_h45,0.94,confirmA_h45,0.98,none,0.7006960556844548,4595,48,0.07116430903155604,82,47,245,4221,0.6356589147286822,0.25076452599388377,0.35964912280701755,104,30,74,0.28846153846153844,45,36.5,0.8,47,0.9791666666666666,2.6875,1.3125,6.5625,0.0,1.1634615384615385,0.9375,0.801923076923077,0.7567307692307692,0.7341346153846153,0.7205769230769231,0.7160576923076923
seq_h60_to_confirmA_h45,0.94,confirmA_h45,0.98,advisory_if_unsure,0.7006960556844548,4595,48,0.07116430903155604,82,47,245,4221,0.6356589147286822,0.25076452599388377,0.35964912280701755,104,30,74,0.28846153846153844,45,36.5,0.8,47,0.9791666666666666,2.6875,1.3125,6.5625,2.25,1.1634615384615385,0.9375,0.801923076923077,0.7567307692307692,0.7341346153846153,0.7205769230769231,0.7160576923076923
seq_h60_to_confirmA_h45,0.94,confirmA_h45,0.98,confirm_only_if_unsure,0.7006960556844548,4595,48,0.07116430903155604,174,149,153,4119,0.5386996904024768,0.5321100917431193,0.5353846153846153,104,57,47,0.5480769230769231,45,40.26315789473684,0.9122807017543859,149,3.1041666666666665,6.729166666666667,1.7291666666666667,8.645833333333334,2.25,1.8846153846153846,1.1682692307692308,0.7384615384615385,0.5951923076923077,0.5235576923076923,0.48057692307692307,0.46625
seq_h60_to_confirmA_h45,0.98,confirmA_h45,0.5,none,0.0,4595,48,0.07116430903155604,82,53,245,4215,0.6074074074074074,0.25076452599388377,0.354978354978355,104,32,72,0.3076923076923077,45,37.03125,0.8125,53,1.1041666666666667,2.8125,1.25,6.25,0.0,1.2019230769230769,0.9471153846153846,0.7942307692307692,0.7432692307692308,0.7177884615384615,0.7025,0.6974038461538462
seq_h60_to_confirmA_h45,0.98,confirmA_h45,0.5,advisory_if_unsure,0.0,4595,48,0.07116430903155604,82,53,245,4215,0.6074074074074074,0.25076452599388377,0.354978354978355,104,32,72,0.3076923076923077,45,37.03125,0.8125,53,1.1041666666666667,2.8125,1.25,6.25,0.0,1.2019230769230769,0.9471153846153846,0.7942307692307692,0.7432692307692308,0.7177884615384615,0.7025,0.6974038461538462
seq_h60_to_confirmA_h45,0.98,confirmA_h45,0.5,confirm_only_if_unsure,0.0,4595,48,0.07116430903155604,82,53,245,4215,0.6074074074074074,0.25076452599388377,0.354978354978355,104,32,72,0.3076923076923077,45,37.03125,0.8125,53,1.1041666666666667,2.8125,1.25,6.25,0.0,1.2019230769230769,0.9471153846153846,0.7942307692307692,0.7432692307692308,0.7177884615384615,0.7025,0.6974038461538462
seq_h60_to_confirmA_h45,0.98,confirmA_h45,0.54,none,0.0,4595,48,0.07116430903155604,82,53,245,4215,0.6074074074074074,0.25076452599388377,0.354978354978355,104,32,72,0.3076923076923077,45,37.03125,0.8125,53,1.1041666666666667,2.8125,1.25,6.25,0.0,1.2019230769230769,0.9471153846153846,0.7942307692307692,0.7432692307692308,0.7177884615384615,0.7025,0.6974038461538462
seq_h60_to_confirmA_h45,0.98,confirmA_h45,0.54,advisory_if_unsure,0.0,4595,48,0.07116430903155604,82,53,245,4215,0.6074074074074074,0.25076452599388377,0.354978354978355,104,32,72,0.3076923076923077,45,37.03125,0.8125,53,1.1041666666666667,2.8125,1.25,6.25,0.0,1.2019230769230769,0.9471153846153846,0.7942307692307692,0.7432692307692308,0.7177884615384615,0.7025,0.6974038461538462
seq_h60_to_confirmA_h45,0.98,confirmA_h45,0.54,confirm_only_if_unsure,0.0,4595,48,0.07116430903155604,82,53,245,4215,0.6074074074074074,0.25076452599388377,0.354978354978355,104,32,72,0.3076923076923077,45,37.03125,0.8125,53,1.1041666666666667,2.8125,1.25,6.25,0.0,1.2019230769230769,0.9471153846153846,0.7942307692307692,0.7432692307692308,0.7177884615384615,0.7025,0.6974038461538462
seq_h60_to_confirmA_h45,0.98,confirmA_h45,0.58,none,0.0,4595,48,0.07116430903155604,82,53,245,4215,0.6074074074074074,0.25076452599388377,0.354978354978355,104,32,72,0.3076923076923077,45,37.03125,0.8125,53,1.1041666666666667,2.8125,1.25,6.25,0.0,1.2019230769230769,0.9471153846153846,0.7942307692307692,0.7432692307692308,0.7177884615384615,0.7025,0.6974038461538462
seq_h60_to_confirmA_h45,0.98,confirmA_h45,0.58,advisory_if_unsure,0.0,4595,48,0.07116430903155604,82,53,245,4215,0.6074074074074074,0.25076452599388377,0.354978354978355,104,32,72,0.3076923076923077,45,37.03125,0.8125,53,1.1041666666666667,2.8125,1.25,6.25,0.0,1.2019230769230769,0.9471153846153846,0.7942307692307692,0.7432692307692308,0.7177884615384615,0.7025,0.6974038461538462
seq_h60_to_confirmA_h45,0.98,confirmA_h45,0.58,confirm_only_if_unsure,0.0,4595,48,0.07116430903155604,82,53,245,4215,0.6074074074074074,0.25076452599388377,0.354978354978355,104,32,72,0.3076923076923077,45,37.03125,0.8125,53,1.1041666666666667,2.8125,1.25,6.25,0.0,1.2019230769230769,0.9471153846153846,0.7942307692307692,0.7432692307692308,0.7177884615384615,0.7025,0.6974038461538462
seq_h60_to_confirmA_h45,0.98,confirmA_h45,0.62,none,0.0,4595,48,0.07116430903155604,82,53,245,4215,0.6074074074074074,0.25076452599388377,0.354978354978355,104,32,72,0.3076923076923077,45,37.03125,0.8125,53,1.1041666666666667,2.8125,1.25,6.25,0.0,1.2019230769230769,0.9471153846153846,0.7942307692307692,0.7432692307692308,0.7177884615384615,0.7025,0.6974038461538462
seq_h60_to_confirmA_h45,0.98,confirmA_h45,0.62,advisory_if_unsure,0.0,4595,48,0.07116430903155604,82,53,245,4215,0.6074074074074074,0.25076452599388377,0.354978354978355,104,32,72,0.3076923076923077,45,37.03125,0.8125,53,1.1041666666666667,2.8125,1.25,6.25,0.0,1.2019230769230769,0.9471153846153846,0.7942307692307692,0.7432692307692308,0.7177884615384615,0.7025,0.6974038461538462
seq_h60_to_confirmA_h45,0.98,confirmA_h45,0.62,confirm_only_if_unsure,0.0,4595,48,0.07116430903155604,82,53,245,4215,0.6074074074074074,0.25076452599388377,0.354978354978355,104,32,72,0.3076923076923077,45,37.03125,0.8125,53,1.1041666666666667,2.8125,1.25,6.25,0.0,1.2019230769230769,0.9471153846153846,0.7942307692307692,0.7432692307692308,0.7177884615384615,0.7025,0.6974038461538462
seq_h60_to_confirmA_h45,0.98,confirmA_h45,0.66,none,0.0,4595,48,0.07116430903155604,82,53,245,4215,0.6074074074074074,0.25076452599388377,0.354978354978355,104,32,72,0.3076923076923077,45,37.03125,0.8125,53,1.1041666666666667,2.8125,1.25,6.25,0.0,1.2019230769230769,0.9471153846153846,0.7942307692307692,0.7432692307692308,0.7177884615384615,0.7025,0.6974038461538462
seq_h60_to_confirmA_h45,0.98,confirmA_h45,0.66,advisory_if_unsure,0.0,4595,48,0.07116430903155604,82,53,245,4215,0.6074074074074074,0.25076452599388377,0.354978354978355,104,32,72,0.3076923076923077,45,37.03125,0.8125,53,1.1041666666666667,2.8125,1.25,6.25,0.0,1.2019230769230769,0.9471153846153846,0.7942307692307692,0.7432692307692308,0.7177884615384615,0.7025,0.6974038461538462
seq_h60_to_confirmA_h45,0.98,confirmA_h45,0.66,confirm_only_if_unsure,0.0,4595,48,0.07116430903155604,82,53,245,4215,0.6074074074074074,0.25076452599388377,0.354978354978355,104,32,72,0.3076923076923077,45,37.03125,0.8125,53,1.1041666666666667,2.8125,1.25,6.25,0.0,1.2019230769230769,0.9471153846153846,0.7942307692307692,0.7432692307692308,0.7177884615384615,0.7025,0.6974038461538462
seq_h60_to_confirmA_h45,0.98,confirmA_h45,0.7,none,0.0,4595,48,0.07116430903155604,82,53,245,4215,0.6074074074074074,0.25076452599388377,0.354978354978355,104,32,72,0.3076923076923077,45,37.03125,0.8125,53,1.1041666666666667,2.8125,1.25,6.25,0.0,1.2019230769230769,0.9471153846153846,0.7942307692307692,0.7432692307692308,0.7177884615384615,0.7025,0.6974038461538462
seq_h60_to_confirmA_h45,0.98,confirmA_h45,0.7,advisory_if_unsure,0.0,4595,48,0.07116430903155604,82,53,245,4215,0.6074074074074074,0.25076452599388377,0.354978354978355,104,32,72,0.3076923076923077,45,37.03125,0.8125,53,1.1041666666666667,2.8125,1.25,6.25,0.0,1.2019230769230769,0.9471153846153846,0.7942307692307692,0.7432692307692308,0.7177884615384615,0.7025,0.6974038461538462
seq_h60_to_confirmA_h45,0.98,confirmA_h45,0.7,confirm_only_if_unsure,0.0,4595,48,0.07116430903155604,82,53,245,4215,0.6074074074074074,0.25076452599388377,0.354978354978355,104,32,72,0.3076923076923077,45,37.03125,0.8125,53,1.1041666666666667,2.8125,1.25,6.25,0.0,1.2019230769230769,0.9471153846153846,0.7942307692307692,0.7432692307692308,0.7177884615384615,0.7025,0.6974038461538462
seq_h60_to_confirmA_h45,0.98,confirmA_h45,0.74,none,0.0,4595,48,0.07116430903155604,82,53,245,4215,0.6074074074074074,0.25076452599388377,0.354978354978355,104,32,72,0.3076923076923077,45,37.03125,0.8125,53,1.1041666666666667,2.8125,1.25,6.25,0.0,1.2019230769230769,0.9471153846153846,0.7942307692307692,0.7432692307692308,0.7177884615384615,0.7025,0.6974038461538462
seq_h60_to_confirmA_h45,0.98,confirmA_h45,0.74,advisory_if_unsure,0.0,4595,48,0.07116430903155604,82,53,245,4215,0.6074074074074074,0.25076452599388377,0.354978354978355,104,32,72,0.3076923076923077,45,37.03125,0.8125,53,1.1041666666666667,2.8125,1.25,6.25,0.0,1.2019230769230769,0.9471153846153846,0.7942307692307692,0.7432692307692308,0.7177884615384615,0.7025,0.6974038461538462
seq_h60_to_confirmA_h45,0.98,confirmA_h45,0.74,confirm_only_if_unsure,0.0,4595,48,0.07116430903155604,82,53,245,4215,0.6074074074074074,0.25076452599388377,0.354978354978355,104,32,72,0.3076923076923077,45,37.03125,0.8125,53,1.1041666666666667,2.8125,1.25,6.25,0.0,1.2019230769230769,0.9471153846153846,0.7942307692307692,0.7432692307692308,0.7177884615384615,0.7025,0.6974038461538462
seq_h60_to_confirmA_h45,0.98,confirmA_h45,0.78,none,0.0,4595,48,0.07116430903155604,82,53,245,4215,0.6074074074074074,0.25076452599388377,0.354978354978355,104,32,72,0.3076923076923077,45,37.03125,0.8125,53,1.1041666666666667,2.8125,1.25,6.25,0.0,1.2019230769230769,0.9471153846153846,0.7942307692307692,0.7432692307692308,0.7177884615384615,0.7025,0.6974038461538462
seq_h60_to_confirmA_h45,0.98,confirmA_h45,0.78,advisory_if_unsure,0.0,4595,48,0.07116430903155604,82,53,245,4215,0.6074074074074074,0.25076452599388377,0.354978354978355,104,32,72,0.3076923076923077,45,37.03125,0.8125,53,1.1041666666666667,2.8125,1.25,6.25,0.0,1.2019230769230769,0.9471153846153846,0.7942307692307692,0.7432692307692308,0.7177884615384615,0.7025,0.6974038461538462
seq_h60_to_confirmA_h45,0.98,confirmA_h45,0.78,confirm_only_if_unsure,0.0,4595,48,0.07116430903155604,82,53,245,4215,0.6074074074074074,0.25076452599388377,0.354978354978355,104,32,72,0.3076923076923077,45,37.03125,0.8125,53,1.1041666666666667,2.8125,1.25,6.25,0.0,1.2019230769230769,0.9471153846153846,0.7942307692307692,0.7432692307692308,0.7177884615384615,0.7025,0.6974038461538462
seq_h60_to_confirmA_h45,0.98,confirmA_h45,0.82,none,0.0,4595,48,0.07116430903155604,82,53,245,4215,0.6074074074074074,0.25076452599388377,0.354978354978355,104,32,72,0.3076923076923077,45,37.03125,0.8125,53,1.1041666666666667,2.8125,1.25,6.25,0.0,1.2019230769230769,0.9471153846153846,0.7942307692307692,0.7432692307692308,0.7177884615384615,0.7025,0.6974038461538462
seq_h60_to_confirmA_h45,0.98,confirmA_h45,0.82,advisory_if_unsure,0.0,4595,48,0.07116430903155604,82,53,245,4215,0.6074074074074074,0.25076452599388377,0.354978354978355,104,32,72,0.3076923076923077,45,37.03125,0.8125,53,1.1041666666666667,2.8125,1.25,6.25,0.0,1.2019230769230769,0.9471153846153846,0.7942307692307692,0.7432692307692308,0.7177884615384615,0.7025,0.6974038461538462
seq_h60_to_confirmA_h45,0.98,confirmA_h45,0.82,confirm_only_if_unsure,0.0,4595,48,0.07116430903155604,82,53,245,4215,0.6074074074074074,0.25076452599388377,0.354978354978355,104,32,72,0.3076923076923077,45,37.03125,0.8125,53,1.1041666666666667,2.8125,1.25,6.25,0.0,1.2019230769230769,0.9471153846153846,0.7942307692307692,0.7432692307692308,0.7177884615384615,0.7025,0.6974038461538462
seq_h60_to_confirmA_h45,0.98,confirmA_h45,0.86,none,0.007407407407407408,4595,48,0.07116430903155604,82,52,245,4216,0.6119402985074627,0.25076452599388377,0.3557483731019523,104,32,72,0.3076923076923077,45,37.03125,0.8125,52,1.0833333333333333,2.7916666666666665,1.25,6.25,0.0,1.1923076923076923,0.9423076923076923,0.7923076923076923,0.7423076923076923,0.7173076923076923,0.7023076923076923,0.6973076923076923
seq_h60_to_confirmA_h45,0.98,confirmA_h45,0.86,advisory_if_unsure,0.007407407407407408,4595,48,0.07116430903155604,82,52,245,4216,0.6119402985074627,0.25076452599388377,0.3557483731019523,104,32,72,0.3076923076923077,45,37.03125,0.8125,52,1.0833333333333333,2.7916666666666665,1.25,6.25,0.020833333333333332,1.1923076923076923,0.9423076923076923,0.7923076923076923,0.7423076923076923,0.7173076923076923,0.7023076923076923,0.6973076923076923
seq_h60_to_confirmA_h45,0.98,confirmA_h45,0.86,confirm_only_if_unsure,0.007407407407407408,4595,48,0.07116430903155604,82,52,245,4216,0.6119402985074627,0.25076452599388377,0.3557483731019523,104,32,72,0.3076923076923077,45,37.03125,0.8125,52,1.0833333333333333,2.7916666666666665,1.25,6.25,0.020833333333333332,1.1923076923076923,0.9423076923076923,0.7923076923076923,0.7423076923076923,0.7173076923076923,0.7023076923076923,0.6973076923076923
seq_h60_to_confirmA_h45,0.98,confirmA_h45,0.9,none,0.02962962962962963,4595,48,0.07116430903155604,81,50,246,4218,0.6183206106870229,0.24770642201834864,0.3537117903930131,104,32,72,0.3076923076923077,45,37.03125,0.8125,50,1.0416666666666667,2.7291666666666665,1.25,6.25,0.0,1.1730769230769231,0.9326923076923077,0.7884615384615384,0.7403846153846154,0.7163461538461539,0.7019230769230769,0.6971153846153846
seq_h60_to_confirmA_h45,0.98,confirmA_h45,0.9,advisory_if_unsure,0.02962962962962963,4595,48,0.07116430903155604,81,50,246,4218,0.6183206106870229,0.24770642201834864,0.3537117903930131,104,32,72,0.3076923076923077,45,37.03125,0.8125,50,1.0416666666666667,2.7291666666666665,1.25,6.25,0.08333333333333333,1.1730769230769231,0.9326923076923077,0.7884615384615384,0.7403846153846154,0.7163461538461539,0.7019230769230769,0.6971153846153846
seq_h60_to_confirmA_h45,0.98,confirmA_h45,0.9,confirm_only_if_unsure,0.02962962962962963,4595,48,0.07116430903155604,81,50,246,4218,0.6183206106870229,0.24770642201834864,0.3537117903930131,104,32,72,0.3076923076923077,45,37.03125,0.8125,50,1.0416666666666667,2.7291666666666665,1.25,6.25,0.08333333333333333,1.1730769230769231,0.9326923076923077,0.7884615384615384,0.7403846153846154,0.7163461538461539,0.7019230769230769,0.6971153846153846
seq_h60_to_confirmA_h45,0.98,confirmA_h45,0.94,none,0.05185185185185185,4595,48,0.07116430903155604,80,48,247,4220,0.625,0.24464831804281345,0.3516483516483517,104,32,72,0.3076923076923077,45,37.03125,0.8125,48,1.0,2.6666666666666665,1.2083333333333333,6.041666666666667,0.0,1.1538461538461537,0.9230769230769231,0.7846153846153846,0.7384615384615385,0.7153846153846154,0.7015384615384616,0.696923076923077
seq_h60_to_confirmA_h45,0.98,confirmA_h45,0.94,advisory_if_unsure,0.05185185185185185,4595,48,0.07116430903155604,80,48,247,4220,0.625,0.24464831804281345,0.3516483516483517,104,32,72,0.3076923076923077,45,37.03125,0.8125,48,1.0,2.6666666666666665,1.2083333333333333,6.041666666666667,0.125,1.1538461538461537,0.9230769230769231,0.7846153846153846,0.7384615384615385,0.7153846153846154,0.7015384615384616,0.696923076923077
seq_h60_to_confirmA_h45,0.98,confirmA_h45,0.94,confirm_only_if_unsure,0.05185185185185185,4595,48,0.07116430903155604,80,49,247,4219,0.6201550387596899,0.24464831804281345,0.3508771929824561,104,32,72,0.3076923076923077,45,37.03125,0.8125,49,1.0208333333333333,2.6875,1.2291666666666667,6.145833333333333,0.125,1.1634615384615385,0.9278846153846154,0.7865384615384615,0.739423076923077,0.7158653846153846,0.7017307692307693,0.6970192307692308
seq_h60_to_confirmA_h45,0.98,confirmA_h45,0.98,none,0.45185185185185184,4595,48,0.07116430903155604,51,23,276,4245,0.6891891891891891,0.1559633027522936,0.2543640897755611,104,25,79,0.2403846153846154,45,33.0,0.76,23,0.4791666666666667,1.5416666666666667,0.8958333333333334,4.479166666666667,0.0,0.9807692307692307,0.8701923076923077,0.8038461538461539,0.7817307692307692,0.770673076923077,0.7640384615384616,0.7618269230769231
seq_h60_to_confirmA_h45,0.98,confirmA_h45,0.98,advisory_if_unsure,0.45185185185185184,4595,48,0.07116430903155604,51,23,276,4245,0.6891891891891891,0.1559633027522936,0.2543640897755611,104,25,79,0.2403846153846154,45,33.0,0.76,23,0.4791666666666667,1.5416666666666667,0.8958333333333334,4.479166666666667,0.7916666666666666,0.9807692307692307,0.8701923076923077,0.8038461538461539,0.7817307692307692,0.770673076923077,0.7640384615384616,0.7618269230769231
seq_h60_to_confirmA_h45,0.98,confirmA_h45,0.98,confirm_only_if_unsure,0.45185185185185184,4595,48,0.07116430903155604,66,31,261,4237,0.6804123711340206,0.2018348623853211,0.3113207547169811,104,29,75,0.27884615384615385,45,33.62068965517241,0.7586206896551724,31,0.6458333333333334,2.0208333333333335,1.0625,5.3125,0.7916666666666666,1.0192307692307692,0.8701923076923077,0.7807692307692308,0.7509615384615385,0.7360576923076924,0.7271153846153846,0.7241346153846154
seq_h60_to_confirmB_h15,0.5,confirmB_h15,0.5,none,0.09192065795839381,4595,48,0.07116430903155604,327,1550,0,2718,0.1742141715503463,1.0,0.2967332123411978,104,104,0,1.0,15,15.0,0.0,1550,32.291666666666664,39.104166666666664,2.2708333333333335,11.354166666666666,0.0,14.903846153846153,7.451923076923077,2.980769230769231,1.4903846153846154,0.7451923076923077,0.2980769230769231,0.14903846153846154
seq_h60_to_confirmB_h15,0.5,confirmB_h15,0.5,advisory_if_unsure,0.09192065795839381,4595,48,0.07116430903155604,327,1550,0,2718,0.1742141715503463,1.0,0.2967332123411978,104,104,0,1.0,15,15.0,0.0,1550,32.291666666666664,39.104166666666664,2.2708333333333335,11.354166666666666,0.75,14.903846153846153,7.451923076923077,2.980769230769231,1.4903846153846154,0.7451923076923077,0.2980769230769231,0.14903846153846154
seq_h60_to_confirmB_h15,0.5,confirmB_h15,0.5,confirm_only_if_unsure,0.09192065795839381,4595,48,0.07116430903155604,327,1704,0,2564,0.16100443131462333,1.0,0.27735368956743,104,104,0,1.0,15,15.0,0.0,1704,35.5,42.3125,2.4583333333333335,12.291666666666666,0.75,16.384615384615383,8.192307692307692,3.276923076923077,1.6384615384615384,0.8192307692307692,0.32769230769230767,0.16384615384615384
seq_h60_to_confirmB_h15,0.5,confirmB_h15,0.54,none,0.1354620222544751,4595,48,0.07116430903155604,327,1460,0,2808,0.182988248461108,1.0,0.3093661305581835,104,104,0,1.0,15,15.0,0.0,1460,30.416666666666668,37.229166666666664,2.2708333333333335,11.354166666666666,0.0,14.038461538461538,7.019230769230769,2.8076923076923075,1.4038461538461537,0.7019230769230769,0.28076923076923077,0.14038461538461539
seq_h60_to_confirmB_h15,0.5,confirmB_h15,0.54,advisory_if_unsure,0.1354620222544751,4595,48,0.07116430903155604,327,1460,0,2808,0.182988248461108,1.0,0.3093661305581835,104,104,0,1.0,15,15.0,0.0,1460,30.416666666666668,37.229166666666664,2.2708333333333335,11.354166666666666,1.0625,14.038461538461538,7.019230769230769,2.8076923076923075,1.4038461538461537,0.7019230769230769,0.28076923076923077,0.14038461538461539
seq_h60_to_confirmB_h15,0.5,confirmB_h15,0.54,confirm_only_if_unsure,0.1354620222544751,4595,48,0.07116430903155604,327,1689,0,2579,0.16220238095238096,1.0,0.2791293213828425,104,104,0,1.0,15,15.0,0.0,1689,35.1875,42.0,2.5208333333333335,12.604166666666666,1.0625,16.240384615384617,8.120192307692308,3.248076923076923,1.6240384615384615,0.8120192307692308,0.3248076923076923,0.16240384615384615
seq_h60_to_confirmB_h15,0.5,confirmB_h15,0.58,none,0.19593613933236576,4595,48,0.07116430903155604,327,1335,0,2933,0.1967509025270758,1.0,0.3288084464555053,104,104,0,1.0,15,15.0,0.0,1335,27.8125,34.625,2.2083333333333335,11.041666666666666,0.0,12.836538461538462,6.418269230769231,2.5673076923076925,1.2836538461538463,0.6418269230769231,0.2567307692307692,0.1283653846153846
seq_h60_to_confirmB_h15,0.5,confirmB_h15,0.58,advisory_if_unsure,0.19593613933236576,4595,48,0.07116430903155604,327,1335,0,2933,0.1967509025270758,1.0,0.3288084464555053,104,104,0,1.0,15,15.0,0.0,1335,27.8125,34.625,2.2083333333333335,11.041666666666666,1.8541666666666667,12.836538461538462,6.418269230769231,2.5673076923076925,1.2836538461538463,0.6418269230769231,0.2567307692307692,0.1283653846153846
seq_h60_to_confirmB_h15,0.5,confirmB_h15,0.58,confirm_only_if_unsure,0.19593613933236576,4595,48,0.07116430903155604,327,1651,0,2617,0.1653185035389282,1.0,0.2837310195227766,104,104,0,1.0,15,15.0,0.0,1651,34.395833333333336,41.208333333333336,2.6458333333333335,13.229166666666666,1.8541666666666667,15.875,7.9375,3.175,1.5875,0.79375,0.3175,0.15875
seq_h60_to_confirmB_h15,0.5,confirmB_h15,0.62,none,0.2559264634736333,4595,48,0.07116430903155604,327,1211,0,3057,0.21261378413524057,1.0,0.35067024128686325,104,104,0,1.0,15,15.0,0.0,1211,25.229166666666668,32.041666666666664,1.9791666666666667,9.895833333333334,0.0,11.64423076923077,5.822115384615385,2.328846153846154,1.164423076923077,0.5822115384615385,0.23288461538461538,0.11644230769230769
seq_h60_to_confirmB_h15,0.5,confirmB_h15,0.62,advisory_if_unsure,0.2559264634736333,4595,48,0.07116430903155604,327,1211,0,3057,0.21261378413524057,1.0,0.35067024128686325,104,104,0,1.0,15,15.0,0.0,1211,25.229166666666668,32.041666666666664,1.9791666666666667,9.895833333333334,2.4583333333333335,11.64423076923077,5.822115384615385,2.328846153846154,1.164423076923077,0.5822115384615385,0.23288461538461538,0.11644230769230769
seq_h60_to_confirmB_h15,0.5,confirmB_h15,0.62,confirm_only_if_unsure,0.2559264634736333,4595,48,0.07116430903155604,327,1622,0,2646,0.16777834787070292,1.0,0.28734622144112476,104,104,0,1.0,15,15.0,0.0,1622,33.791666666666664,40.604166666666664,2.7708333333333335,13.854166666666666,2.4583333333333335,15.596153846153847,7.798076923076923,3.1192307692307693,1.5596153846153846,0.7798076923076923,0.3119230769230769,0.15596153846153846
seq_h60_to_confirmB_h15,0.5,confirmB_h15,0.66,none,0.32027092404450896,4595,48,0.07116430903155604,327,1078,0,3190,0.23274021352313168,1.0,0.37759815242494227,104,104,0,1.0,15,15.0,0.0,1078,22.458333333333332,29.270833333333332,1.6666666666666667,8.333333333333334,0.0,10.365384615384615,5.1826923076923075,2.0730769230769233,1.0365384615384616,0.5182692307692308,0.2073076923076923,0.10365384615384615
seq_h60_to_confirmB_h15,0.5,confirmB_h15,0.66,advisory_if_unsure,0.32027092404450896,4595,48,0.07116430903155604,327,1078,0,3190,0.23274021352313168,1.0,0.37759815242494227,104,104,0,1.0,15,15.0,0.0,1078,22.458333333333332,29.270833333333332,1.6666666666666667,8.333333333333334,3.1875,10.365384615384615,5.1826923076923075,2.0730769230769233,1.0365384615384616,0.5182692307692308,0.2073076923076923,0.10365384615384615
seq_h60_to_confirmB_h15,0.5,confirmB_h15,0.66,confirm_only_if_unsure,0.32027092404450896,4595,48,0.07116430903155604,327,1587,0,2681,0.17084639498432602,1.0,0.2918340026773762,104,104,0,1.0,15,15.0,0.0,1587,33.0625,39.875,2.9375,14.6875,3.1875,15.259615384615385,7.6298076923076925,3.0519230769230767,1.5259615384615384,0.7629807692307692,0.3051923076923077,0.15259615384615385
seq_h60_to_confirmB_h15,0.5,confirmB_h15,0.7,none,0.4059022738268021,4595,48,0.07116430903155604,326,902,1,3366,0.26547231270358307,0.9969418960244648,0.4192926045016077,104,104,0,1.0,15,14.85576923076923,0.0,902,18.791666666666668,25.583333333333332,1.6666666666666667,8.333333333333334,0.0,8.673076923076923,4.336538461538462,1.7346153846153847,0.8673076923076923,0.43365384615384617,0.17346153846153847,0.08673076923076924
seq_h60_to_confirmB_h15,0.5,confirmB_h15,0.7,advisory_if_unsure,0.4059022738268021,4595,48,0.07116430903155604,326,902,1,3366,0.26547231270358307,0.9969418960244648,0.4192926045016077,104,104,0,1.0,15,14.85576923076923,0.0,902,18.791666666666668,25.583333333333332,1.6666666666666667,8.333333333333334,5.0625,8.673076923076923,4.336538461538462,1.7346153846153847,0.8673076923076923,0.43365384615384617,0.17346153846153847,0.08673076923076924
seq_h60_to_confirmB_h15,0.5,confirmB_h15,0.7,confirm_only_if_unsure,0.4059022738268021,4595,48,0.07116430903155604,327,1497,0,2771,0.17927631578947367,1.0,0.30404463040446306,104,104,0,1.0,15,15.0,0.0,1497,31.1875,38.0,3.2916666666666665,16.458333333333332,5.0625,14.39423076923077,7.197115384615385,2.878846153846154,1.439423076923077,0.7197115384615385,0.2878846153846154,0.1439423076923077
seq_h60_to_confirmB_h15,0.5,confirmB_h15,0.74,none,0.4702467343976778,4595,48,0.07116430903155604,322,773,5,3495,0.29406392694063926,0.9847094801223242,0.45288326300984527,104,102,2,0.9807692307692307,15,14.705882352941176,0.0,773,16.104166666666668,22.8125,1.9166666666666667,9.583333333333334,0.0,7.451923076923077,3.735576923076923,1.5057692307692307,0.7625,0.3908653846153846,0.16788461538461538,0.09355769230769231
seq_h60_to_confirmB_h15,0.5,confirmB_h15,0.74,advisory_if_unsure,0.4702467343976778,4595,48,0.07116430903155604,322,773,5,3495,0.29406392694063926,0.9847094801223242,0.45288326300984527,104,102,2,0.9807692307692307,15,14.705882352941176,0.0,773,16.104166666666668,22.8125,1.9166666666666667,9.583333333333334,6.6875,7.451923076923077,3.735576923076923,1.5057692307692307,0.7625,0.3908653846153846,0.16788461538461538,0.09355769230769231
seq_h60_to_confirmB_h15,0.5,confirmB_h15,0.74,confirm_only_if_unsure,0.4702467343976778,4595,48,0.07116430903155604,325,1421,2,2847,0.1861397479954181,0.9938837920489296,0.3135552339604438,104,104,0,1.0,15,14.85576923076923,0.0,1421,29.604166666666668,36.375,3.625,18.125,6.6875,13.663461538461538,6.831730769230769,2.7326923076923078,1.3663461538461539,0.6831730769230769,0.27326923076923076,0.13663461538461538
seq_h60_to_confirmB_h15,0.5,confirmB_h15,0.78,none,0.5292694726656991,4595,48,0.07116430903155604,321,652,6,3616,0.32990750256937307,0.981651376146789,0.4938461538461538,104,102,2,0.9807692307692307,15,14.558823529411764,0.0,652,13.583333333333334,20.270833333333332,2.0,10.0,0.0,6.288461538461538,3.1538461538461537,1.273076923076923,0.6461538461538462,0.3326923076923077,0.14461538461538462,0.08192307692307692
seq_h60_to_confirmB_h15,0.5,confirmB_h15,0.78,advisory_if_unsure,0.5292694726656991,4595,48,0.07116430903155604,321,652,6,3616,0.32990750256937307,0.981651376146789,0.4938461538461538,104,102,2,0.9807692307692307,15,14.558823529411764,0.0,652,13.583333333333334,20.270833333333332,2.0,10.0,8.0625,6.288461538461538,3.1538461538461537,1.273076923076923,0.6461538461538462,0.3326923076923077,0.14461538461538462,0.08192307692307692
seq_h60_to_confirmB_h15,0.5,confirmB_h15,0.78,confirm_only_if_unsure,0.5292694726656991,4595,48,0.07116430903155604,325,1355,2,2913,0.19345238095238096,0.9938837920489296,0.3238664673642252,104,104,0,1.0,15,14.85576923076923,0.0,1355,28.229166666666668,35.0,3.8333333333333335,19.166666666666668,8.0625,13.028846153846153,6.514423076923077,2.605769230769231,1.3028846153846154,0.6514423076923077,0.2605769230769231,0.13028846153846155
seq_h60_to_confirmB_h15,0.5,confirmB_h15,0.82,none,0.5757135945815192,4595,48,0.07116430903155604,316,561,11,3707,0.3603192702394527,0.9663608562691132,0.5249169435215947,104,100,4,0.9615384615384616,15,14.4,0.0,561,11.6875,18.270833333333332,2.1041666666666665,10.520833333333334,0.0,5.4326923076923075,2.735576923076923,1.1173076923076923,0.5778846153846153,0.30817307692307694,0.14634615384615385,0.09240384615384616
seq_h60_to_confirmB_h15,0.5,confirmB_h15,0.82,advisory_if_unsure,0.5757135945815192,4595,48,0.07116430903155604,316,561,11,3707,0.3603192702394527,0.9663608562691132,0.5249169435215947,104,100,4,0.9615384615384616,15,14.4,0.0,561,11.6875,18.270833333333332,2.1041666666666665,10.520833333333334,9.020833333333334,5.4326923076923075,2.735576923076923,1.1173076923076923,0.5778846153846153,0.30817307692307694,0.14634615384615385,0.09240384615384616
seq_h60_to_confirmB_h15,0.5,confirmB_h15,0.82,confirm_only_if_unsure,0.5757135945815192,4595,48,0.07116430903155604,323,1311,4,2957,0.19767441860465115,0.9877675840978594,0.3294237633860275,104,103,1,0.9903846153846154,15,14.854368932038835,0.0,1311,27.3125,34.041666666666664,3.9375,19.6875,9.020833333333334,12.615384615384615,6.3125,2.5307692307692307,1.2701923076923076,0.6399038461538461,0.2617307692307692,0.13567307692307692
seq_h60_to_confirmB_h15,0.5,confirmB_h15,0.86,none,0.6149008224479923,4595,48,0.07116430903155604,312,484,15,3784,0.39195979899497485,0.9541284403669725,0.5556544968833482,104,99,5,0.9519230769230769,15,13.93939393939394,0.0,484,10.083333333333334,16.583333333333332,1.9375,9.6875,0.0,4.701923076923077,2.375,0.9788461538461538,0.5134615384615384,0.28076923076923077,0.14115384615384616,0.09461538461538462
seq_h60_to_confirmB_h15,0.5,confirmB_h15,0.86,advisory_if_unsure,0.6149008224479923,4595,48,0.07116430903155604,312,484,15,3784,0.39195979899497485,0.9541284403669725,0.5556544968833482,104,99,5,0.9519230769230769,15,13.93939393939394,0.0,484,10.083333333333334,16.583333333333332,1.9375,9.6875,9.833333333333334,4.701923076923077,2.375,0.9788461538461538,0.5134615384615384,0.28076923076923077,0.14115384615384616,0.09461538461538462
seq_h60_to_confirmB_h15,0.5,confirmB_h15,0.86,confirm_only_if_unsure,0.6149008224479923,4595,48,0.07116430903155604,321,1274,6,2994,0.2012539184952978,0.981651376146789,0.3340270551508845,104,102,2,0.9807692307692307,15,14.705882352941176,0.0,1274,26.541666666666668,33.229166666666664,3.9791666666666665,19.895833333333332,9.833333333333334,12.26923076923077,6.144230769230769,2.4692307692307693,1.2442307692307693,0.6317307692307692,0.2642307692307692,0.14173076923076924
seq_h60_to_confirmB_h15,0.5,confirmB_h15,0.9,none,0.6690856313497823,4595,48,0.07116430903155604,304,380,23,3888,0.4444444444444444,0.9296636085626911,0.6013847675568744,104,96,8,0.9230769230769231,15,13.59375,0.0,380,7.916666666666667,14.25,2.1041666666666665,10.520833333333334,0.0,3.730769230769231,1.9038461538461537,0.8076923076923077,0.4423076923076923,0.25961538461538464,0.15,0.11346153846153846
seq_h60_to_confirmB_h15,0.5,confirmB_h15,0.9,advisory_if_unsure,0.6690856313497823,4595,48,0.07116430903155604,304,380,23,3888,0.4444444444444444,0.9296636085626911,0.6013847675568744,104,96,8,0.9230769230769231,15,13.59375,0.0,380,7.916666666666667,14.25,2.1041666666666665,10.520833333333334,10.895833333333334,3.730769230769231,1.9038461538461537,0.8076923076923077,0.4423076923076923,0.25961538461538464,0.15,0.11346153846153846
seq_h60_to_confirmB_h15,0.5,confirmB_h15,0.9,confirm_only_if_unsure,0.6690856313497823,4595,48,0.07116430903155604,319,1225,8,3043,0.20660621761658032,0.9755351681957186,0.34099412079102087,104,101,3,0.9711538461538461,15,14.554455445544555,0.0,1225,25.520833333333332,32.166666666666664,4.104166666666667,20.520833333333332,10.895833333333334,11.807692307692308,5.918269230769231,2.3846153846153846,1.2067307692307692,0.6177884615384616,0.2644230769230769,0.1466346153846154
seq_h60_to_confirmB_h15,0.5,confirmB_h15,0.94,none,0.7542331881954524,4595,48,0.07116430903155604,278,230,49,4038,0.547244094488189,0.8501529051987767,0.665868263473054,104,88,16,0.8461538461538461,15,11.420454545454545,0.0,230,4.791666666666667,10.583333333333334,2.1875,10.9375,0.0,2.3653846153846154,1.2596153846153846,0.5961538461538461,0.375,0.2644230769230769,0.19807692307692307,0.17596153846153847
seq_h60_to_confirmB_h15,0.5,confirmB_h15,0.94,advisory_if_unsure,0.7542331881954524,4595,48,0.07116430903155604,278,230,49,4038,0.547244094488189,0.8501529051987767,0.665868263473054,104,88,16,0.8461538461538461,15,11.420454545454545,0.0,230,4.791666666666667,10.583333333333334,2.1875,10.9375,12.354166666666666,2.3653846153846154,1.2596153846153846,0.5961538461538461,0.375,0.2644230769230769,0.19807692307692307,0.17596153846153847
seq_h60_to_confirmB_h15,0.5,confirmB_h15,0.94,confirm_only_if_unsure,0.7542331881954524,4595,48,0.07116430903155604,307,1167,20,3101,0.20827679782903663,0.9388379204892966,0.34092171016102163,104,99,5,0.9519230769230769,15,13.181818181818182,0.0,1167,24.3125,30.708333333333332,4.333333333333333,21.666666666666668,12.354166666666666,11.26923076923077,5.658653846153846,2.292307692307692,1.1701923076923078,0.6091346153846153,0.2725,0.16028846153846155
seq_h60_to_confirmB_h15,0.5,confirmB_h15,0.98,none,0.8717948717948718,4595,48,0.07116430903155604,195,70,132,4198,0.7358490566037735,0.5963302752293578,0.6587837837837838,104,64,40,0.6153846153846154,15,6.5625,0.0,70,1.4583333333333333,5.520833333333333,1.7291666666666667,8.645833333333334,0.0,1.0576923076923077,0.7211538461538461,0.5192307692307693,0.4519230769230769,0.4182692307692308,0.39807692307692305,0.39134615384615384
seq_h60_to_confirmB_h15,0.5,confirmB_h15,0.98,advisory_if_unsure,0.8717948717948718,4595,48,0.07116430903155604,195,70,132,4198,0.7358490566037735,0.5963302752293578,0.6587837837837838,104,64,40,0.6153846153846154,15,6.5625,0.0,70,1.4583333333333333,5.520833333333333,1.7291666666666667,8.645833333333334,14.020833333333334,1.0576923076923077,0.7211538461538461,0.5192307692307693,0.4519230769230769,0.4182692307692308,0.39807692307692305,0.39134615384615384
seq_h60_to_confirmB_h15,0.5,confirmB_h15,0.98,confirm_only_if_unsure,0.8717948717948718,4595,48,0.07116430903155604,280,1114,47,3154,0.20086083213773315,0.8562691131498471,0.3253922138291691,104,95,9,0.9134615384615384,15,11.368421052631579,0.0,1114,23.208333333333332,29.041666666666668,4.541666666666667,22.708333333333332,14.020833333333334,10.798076923076923,5.4423076923076925,2.228846153846154,1.1576923076923078,0.6221153846153846,0.3007692307692308,0.19365384615384615
seq_h60_to_confirmB_h15,0.54,confirmB_h15,0.5,none,0.055818852027382834,4595,48,0.07116430903155604,327,1466,0,2802,0.18237590630228667,1.0,0.30849056603773584,104,104,0,1.0,15,15.0,0.0,1466,30.541666666666668,37.354166666666664,1.9375,9.6875,0.0,14.096153846153847,7.048076923076923,2.8192307692307694,1.4096153846153847,0.7048076923076924,0.28192307692307694,0.14096153846153847
seq_h60_to_confirmB_h15,0.54,confirmB_h15,0.5,advisory_if_unsure,0.055818852027382834,4595,48,0.07116430903155604,327,1466,0,2802,0.18237590630228667,1.0,0.30849056603773584,104,104,0,1.0,15,15.0,0.0,1466,30.541666666666668,37.354166666666664,1.9375,9.6875,0.6458333333333334,14.096153846153847,7.048076923076923,2.8192307692307694,1.4096153846153847,0.7048076923076924,0.28192307692307694,0.14096153846153847
seq_h60_to_confirmB_h15,0.54,confirmB_h15,0.5,confirm_only_if_unsure,0.055818852027382834,4595,48,0.07116430903155604,327,1541,0,2727,0.17505353319057815,1.0,0.2979498861047836,104,104,0,1.0,15,15.0,0.0,1541,32.104166666666664,38.916666666666664,2.1458333333333335,10.729166666666666,0.6458333333333334,14.817307692307692,7.408653846153846,2.9634615384615386,1.4817307692307693,0.7408653846153846,0.29634615384615387,0.14817307692307694
seq_h60_to_confirmB_h15,0.54,confirmB_h15,0.54,none,0.08794102159031068,4595,48,0.07116430903155604,327,1405,0,2863,0.18879907621247113,1.0,0.3176299174356484,104,104,0,1.0,15,15.0,0.0,1405,29.270833333333332,36.083333333333336,2.0625,10.3125,0.0,13.509615384615385,6.7548076923076925,2.701923076923077,1.3509615384615385,0.6754807692307693,0.2701923076923077,0.13509615384615384
seq_h60_to_confirmB_h15,0.54,confirmB_h15,0.54,advisory_if_unsure,0.08794102159031068,4595,48,0.07116430903155604,327,1405,0,2863,0.18879907621247113,1.0,0.3176299174356484,104,104,0,1.0,15,15.0,0.0,1405,29.270833333333332,36.083333333333336,2.0625,10.3125,0.9166666666666666,13.509615384615385,6.7548076923076925,2.701923076923077,1.3509615384615385,0.6754807692307693,0.2701923076923077,0.13509615384615384
seq_h60_to_confirmB_h15,0.54,confirmB_h15,0.54,confirm_only_if_unsure,0.08794102159031068,4595,48,0.07116430903155604,327,1528,0,2740,0.17628032345013478,1.0,0.2997250229147571,104,104,0,1.0,15,15.0,0.0,1528,31.833333333333332,38.645833333333336,2.2083333333333335,11.041666666666666,0.9166666666666666,14.692307692307692,7.346153846153846,2.9384615384615387,1.4692307692307693,0.7346153846153847,0.29384615384615387,0.14692307692307693
seq_h60_to_confirmB_h15,0.54,confirmB_h15,0.58,none,0.1416535018430753,4595,48,0.07116430903155604,327,1303,0,2965,0.20061349693251534,1.0,0.33418497700562083,104,104,0,1.0,15,15.0,0.0,1303,27.145833333333332,33.958333333333336,2.0208333333333335,10.104166666666666,0.0,12.528846153846153,6.264423076923077,2.5057692307692307,1.2528846153846154,0.6264423076923077,0.2505769230769231,0.12528846153846154
seq_h60_to_confirmB_h15,0.54,confirmB_h15,0.58,advisory_if_unsure,0.1416535018430753,4595,48,0.07116430903155604,327,1303,0,2965,0.20061349693251534,1.0,0.33418497700562083,104,104,0,1.0,15,15.0,0.0,1303,27.145833333333332,33.958333333333336,2.0208333333333335,10.104166666666666,1.6041666666666667,12.528846153846153,6.264423076923077,2.5057692307692307,1.2528846153846154,0.6264423076923077,0.2505769230769231,0.12528846153846154
seq_h60_to_confirmB_h15,0.54,confirmB_h15,0.58,confirm_only_if_unsure,0.1416535018430753,4595,48,0.07116430903155604,327,1495,0,2773,0.17947310647639955,1.0,0.3043275942298744,104,104,0,1.0,15,15.0,0.0,1495,31.145833333333332,37.958333333333336,2.3125,11.5625,1.6041666666666667,14.375,7.1875,2.875,1.4375,0.71875,0.2875,0.14375
seq_h60_to_confirmB_h15,0.54,confirmB_h15,0.62,none,0.1979989468141127,4595,48,0.07116430903155604,327,1196,0,3072,0.21470781352593565,1.0,0.3535135135135135,104,104,0,1.0,15,15.0,0.0,1196,24.916666666666668,31.729166666666668,1.8958333333333333,9.479166666666666,0.0,11.5,5.75,2.3,1.15,0.575,0.23,0.115
seq_h60_to_confirmB_h15,0.54,confirmB_h15,0.62,advisory_if_unsure,0.1979989468141127,4595,48,0.07116430903155604,327,1196,0,3072,0.21470781352593565,1.0,0.3535135135135135,104,104,0,1.0,15,15.0,0.0,1196,24.916666666666668,31.729166666666668,1.8958333333333333,9.479166666666666,2.1875,11.5,5.75,2.3,1.15,0.575,0.23,0.115
seq_h60_to_confirmB_h15,0.54,confirmB_h15,0.62,confirm_only_if_unsure,0.1979989468141127,4595,48,0.07116430903155604,327,1467,0,2801,0.18227424749163879,1.0,0.30834512022630833,104,104,0,1.0,15,15.0,0.0,1467,30.5625,37.375,2.4375,12.1875,2.1875,14.10576923076923,7.052884615384615,2.8211538461538463,1.4105769230769232,0.7052884615384616,0.2821153846153846,0.1410576923076923
seq_h60_to_confirmB_h15,0.54,confirmB_h15,0.66,none,0.26171669299631384,4595,48,0.07116430903155604,327,1075,0,3193,0.2332382310984308,1.0,0.3782533256217467,104,104,0,1.0,15,15.0,0.0,1075,22.395833333333332,29.208333333333332,1.6458333333333333,8.229166666666666,0.0,10.336538461538462,5.168269230769231,2.0673076923076925,1.0336538461538463,0.5168269230769231,0.20673076923076922,0.10336538461538461
seq_h60_to_confirmB_h15,0.54,confirmB_h15,0.66,advisory_if_unsure,0.26171669299631384,4595,48,0.07116430903155604,327,1075,0,3193,0.2332382310984308,1.0,0.3782533256217467,104,104,0,1.0,15,15.0,0.0,1075,22.395833333333332,29.208333333333332,1.6458333333333333,8.229166666666666,2.8541666666666665,10.336538461538462,5.168269230769231,2.0673076923076925,1.0336538461538463,0.5168269230769231,0.20673076923076922,0.10336538461538461
seq_h60_to_confirmB_h15,0.54,confirmB_h15,0.66,confirm_only_if_unsure,0.26171669299631384,4595,48,0.07116430903155604,327,1435,0,2833,0.1855845629965948,1.0,0.3130684538056486,104,104,0,1.0,15,15.0,0.0,1435,29.895833333333332,36.708333333333336,2.6041666666666665,13.020833333333334,2.8541666666666665,13.798076923076923,6.899038461538462,2.7596153846153846,1.3798076923076923,0.6899038461538461,0.2759615384615385,0.13798076923076924
seq_h60_to_confirmB_h15,0.54,confirmB_h15,0.7,none,0.353870458135861,4595,48,0.07116430903155604,326,901,1,3367,0.2656886715566422,0.9969418960244648,0.4195624195624196,104,104,0,1.0,15,14.85576923076923,0.0,901,18.770833333333332,25.5625,1.6666666666666667,8.333333333333334,0.0,8.663461538461538,4.331730769230769,1.7326923076923078,0.8663461538461539,0.43317307692307694,0.17326923076923076,0.08663461538461538
seq_h60_to_confirmB_h15,0.54,confirmB_h15,0.7,advisory_if_unsure,0.353870458135861,4595,48,0.07116430903155604,326,901,1,3367,0.2656886715566422,0.9969418960244648,0.4195624195624196,104,104,0,1.0,15,14.85576923076923,0.0,901,18.770833333333332,25.5625,1.6666666666666667,8.333333333333334,4.729166666666667,8.663461538461538,4.331730769230769,1.7326923076923078,0.8663461538461539,0.43317307692307694,0.17326923076923076,0.08663461538461538
seq_h60_to_confirmB_h15,0.54,confirmB_h15,0.7,confirm_only_if_unsure,0.353870458135861,4595,48,0.07116430903155604,327,1345,0,2923,0.19557416267942584,1.0,0.32716358179089544,104,104,0,1.0,15,15.0,0.0,1345,28.020833333333332,34.833333333333336,2.9375,14.6875,4.729166666666667,12.932692307692308,6.466346153846154,2.5865384615384617,1.2932692307692308,0.6466346153846154,0.2586538461538462,0.1293269230769231
seq_h60_to_confirmB_h15,0.54,confirmB_h15,0.74,none,0.42338072669826227,4595,48,0.07116430903155604,322,773,5,3495,0.29406392694063926,0.9847094801223242,0.45288326300984527,104,102,2,0.9807692307692307,15,14.705882352941176,0.0,773,16.104166666666668,22.8125,1.9166666666666667,9.583333333333334,0.0,7.451923076923077,3.735576923076923,1.5057692307692307,0.7625,0.3908653846153846,0.16788461538461538,0.09355769230769231
seq_h60_to_confirmB_h15,0.54,confirmB_h15,0.74,advisory_if_unsure,0.42338072669826227,4595,48,0.07116430903155604,322,773,5,3495,0.29406392694063926,0.9847094801223242,0.45288326300984527,104,102,2,0.9807692307692307,15,14.705882352941176,0.0,773,16.104166666666668,22.8125,1.9166666666666667,9.583333333333334,6.354166666666667,7.451923076923077,3.735576923076923,1.5057692307692307,0.7625,0.3908653846153846,0.16788461538461538,0.09355769230769231
seq_h60_to_confirmB_h15,0.54,confirmB_h15,0.74,confirm_only_if_unsure,0.42338072669826227,4595,48,0.07116430903155604,325,1269,2,2999,0.2038895859473024,0.9938837920489296,0.338365434669443,104,104,0,1.0,15,14.85576923076923,0.0,1269,26.4375,33.208333333333336,3.2708333333333335,16.354166666666668,6.354166666666667,12.201923076923077,6.100961538461538,2.4403846153846156,1.2201923076923078,0.6100961538461539,0.24403846153846154,0.12201923076923077
seq_h60_to_confirmB_h15,0.54,confirmB_h15,0.78,none,0.48762506582411796,4595,48,0.07116430903155604,321,652,6,3616,0.32990750256937307,0.981651376146789,0.4938461538461538,104,102,2,0.9807692307692307,15,14.558823529411764,0.0,652,13.583333333333334,20.270833333333332,2.0,10.0,0.0,6.288461538461538,3.1538461538461537,1.273076923076923,0.6461538461538462,0.3326923076923077,0.14461538461538462,0.08192307692307692
seq_h60_to_confirmB_h15,0.54,confirmB_h15,0.78,advisory_if_unsure,0.48762506582411796,4595,48,0.07116430903155604,321,652,6,3616,0.32990750256937307,0.981651376146789,0.4938461538461538,104,102,2,0.9807692307692307,15,14.558823529411764,0.0,652,13.583333333333334,20.270833333333332,2.0,10.0,7.729166666666667,6.288461538461538,3.1538461538461537,1.273076923076923,0.6461538461538462,0.3326923076923077,0.14461538461538462,0.08192307692307692
seq_h60_to_confirmB_h15,0.54,confirmB_h15,0.78,confirm_only_if_unsure,0.48762506582411796,4595,48,0.07116430903155604,325,1203,2,3065,0.21269633507853403,0.9938837920489296,0.3504043126684636,104,104,0,1.0,15,14.85576923076923,0.0,1203,25.0625,31.833333333333332,3.4583333333333335,17.291666666666668,7.729166666666667,11.567307692307692,5.783653846153846,2.3134615384615387,1.1567307692307693,0.5783653846153847,0.23134615384615384,0.11567307692307692
seq_h60_to_confirmB_h15,0.54,confirmB_h15,0.82,none,0.5381779884149552,4595,48,0.07116430903155604,316,561,11,3707,0.3603192702394527,0.9663608562691132,0.5249169435215947,104,100,4,0.9615384615384616,15,14.4,0.0,561,11.6875,18.270833333333332,2.1041666666666665,10.520833333333334,0.0,5.4326923076923075,2.735576923076923,1.1173076923076923,0.5778846153846153,0.30817307692307694,0.14634615384615385,0.09240384615384616
seq_h60_to_confirmB_h15,0.54,confirmB_h15,0.82,advisory_if_unsure,0.5381779884149552,4595,48,0.07116430903155604,316,561,11,3707,0.3603192702394527,0.9663608562691132,0.5249169435215947,104,100,4,0.9615384615384616,15,14.4,0.0,561,11.6875,18.270833333333332,2.1041666666666665,10.520833333333334,8.6875,5.4326923076923075,2.735576923076923,1.1173076923076923,0.5778846153846153,0.30817307692307694,0.14634615384615385,0.09240384615384616
seq_h60_to_confirmB_h15,0.54,confirmB_h15,0.82,confirm_only_if_unsure,0.5381779884149552,4595,48,0.07116430903155604,323,1159,4,3109,0.21794871794871795,0.9877675840978594,0.35710337202874515,104,103,1,0.9903846153846154,15,14.854368932038835,0.0,1159,24.145833333333332,30.875,3.5416666666666665,17.708333333333332,8.6875,11.153846153846153,5.581730769230769,2.2384615384615385,1.1240384615384615,0.5668269230769231,0.2325,0.12105769230769231
seq_h60_to_confirmB_h15,0.54,confirmB_h15,0.86,none,0.5808320168509742,4595,48,0.07116430903155604,312,484,15,3784,0.39195979899497485,0.9541284403669725,0.5556544968833482,104,99,5,0.9519230769230769,15,13.93939393939394,0.0,484,10.083333333333334,16.583333333333332,1.9375,9.6875,0.0,4.701923076923077,2.375,0.9788461538461538,0.5134615384615384,0.28076923076923077,0.14115384615384616,0.09461538461538462
seq_h60_to_confirmB_h15,0.54,confirmB_h15,0.86,advisory_if_unsure,0.5808320168509742,4595,48,0.07116430903155604,312,484,15,3784,0.39195979899497485,0.9541284403669725,0.5556544968833482,104,99,5,0.9519230769230769,15,13.93939393939394,0.0,484,10.083333333333334,16.583333333333332,1.9375,9.6875,9.5,4.701923076923077,2.375,0.9788461538461538,0.5134615384615384,0.28076923076923077,0.14115384615384616,0.09461538461538462
seq_h60_to_confirmB_h15,0.54,confirmB_h15,0.86,confirm_only_if_unsure,0.5808320168509742,4595,48,0.07116430903155604,321,1122,6,3146,0.22245322245322247,0.981651376146789,0.36271186440677966,104,102,2,0.9807692307692307,15,14.705882352941176,0.0,1122,23.375,30.0625,3.5833333333333335,17.916666666666668,9.5,10.807692307692308,5.413461538461538,2.1769230769230767,1.0980769230769232,0.5586538461538462,0.235,0.1271153846153846
seq_h60_to_confirmB_h15,0.54,confirmB_h15,0.9,none,0.6398104265402843,4595,48,0.07116430903155604,304,380,23,3888,0.4444444444444444,0.9296636085626911,0.6013847675568744,104,96,8,0.9230769230769231,15,13.59375,0.0,380,7.916666666666667,14.25,2.1041666666666665,10.520833333333334,0.0,3.730769230769231,1.9038461538461537,0.8076923076923077,0.4423076923076923,0.25961538461538464,0.15,0.11346153846153846
seq_h60_to_confirmB_h15,0.54,confirmB_h15,0.9,advisory_if_unsure,0.6398104265402843,4595,48,0.07116430903155604,304,380,23,3888,0.4444444444444444,0.9296636085626911,0.6013847675568744,104,96,8,0.9230769230769231,15,13.59375,0.0,380,7.916666666666667,14.25,2.1041666666666665,10.520833333333334,10.5625,3.730769230769231,1.9038461538461537,0.8076923076923077,0.4423076923076923,0.25961538461538464,0.15,0.11346153846153846
seq_h60_to_confirmB_h15,0.54,confirmB_h15,0.9,confirm_only_if_unsure,0.6398104265402843,4595,48,0.07116430903155604,319,1073,8,3195,0.22916666666666666,0.9755351681957186,0.3711460151250727,104,101,3,0.9711538461538461,15,14.554455445544555,0.0,1073,22.354166666666668,29.0,3.7083333333333335,18.541666666666668,10.5625,10.346153846153847,5.1875,2.0923076923076924,1.060576923076923,0.5447115384615384,0.2351923076923077,0.13201923076923078
seq_h60_to_confirmB_h15,0.54,confirmB_h15,0.94,none,0.732490784623486,4595,48,0.07116430903155604,278,230,49,4038,0.547244094488189,0.8501529051987767,0.665868263473054,104,88,16,0.8461538461538461,15,11.420454545454545,0.0,230,4.791666666666667,10.583333333333334,2.1875,10.9375,0.0,2.3653846153846154,1.2596153846153846,0.5961538461538461,0.375,0.2644230769230769,0.19807692307692307,0.17596153846153847
seq_h60_to_confirmB_h15,0.54,confirmB_h15,0.94,advisory_if_unsure,0.732490784623486,4595,48,0.07116430903155604,278,230,49,4038,0.547244094488189,0.8501529051987767,0.665868263473054,104,88,16,0.8461538461538461,15,11.420454545454545,0.0,230,4.791666666666667,10.583333333333334,2.1875,10.9375,12.020833333333334,2.3653846153846154,1.2596153846153846,0.5961538461538461,0.375,0.2644230769230769,0.19807692307692307,0.17596153846153847
seq_h60_to_confirmB_h15,0.54,confirmB_h15,0.94,confirm_only_if_unsure,0.732490784623486,4595,48,0.07116430903155604,307,1015,20,3253,0.23222390317700453,0.9388379204892966,0.37234687689508794,104,99,5,0.9519230769230769,15,13.181818181818182,0.0,1015,21.145833333333332,27.541666666666668,3.9375,19.6875,12.020833333333334,9.807692307692308,4.927884615384615,2.0,1.0240384615384615,0.5360576923076923,0.24326923076923077,0.14567307692307693
seq_h60_to_confirmB_h15,0.54,confirmB_h15,0.98,none,0.8604528699315429,4595,48,0.07116430903155604,195,70,132,4198,0.7358490566037735,0.5963302752293578,0.6587837837837838,104,64,40,0.6153846153846154,15,6.5625,0.0,70,1.4583333333333333,5.520833333333333,1.7291666666666667,8.645833333333334,0.0,1.0576923076923077,0.7211538461538461,0.5192307692307693,0.4519230769230769,0.4182692307692308,0.39807692307692305,0.39134615384615384
seq_h60_to_confirmB_h15,0.54,confirmB_h15,0.98,advisory_if_unsure,0.8604528699315429,4595,48,0.07116430903155604,195,70,132,4198,0.7358490566037735,0.5963302752293578,0.6587837837837838,104,64,40,0.6153846153846154,15,6.5625,0.0,70,1.4583333333333333,5.520833333333333,1.7291666666666667,8.645833333333334,13.6875,1.0576923076923077,0.7211538461538461,0.5192307692307693,0.4519230769230769,0.4182692307692308,0.39807692307692305,0.39134615384615384
seq_h60_to_confirmB_h15,0.54,confirmB_h15,0.98,confirm_only_if_unsure,0.8604528699315429,4595,48,0.07116430903155604,280,962,47,3306,0.22544283413848631,0.8562691131498471,0.35691523263224983,104,95,9,0.9134615384615384,15,11.368421052631579,0.0,962,20.041666666666668,25.875,4.145833333333333,20.729166666666668,13.6875,9.336538461538462,4.711538461538462,1.9365384615384615,1.0115384615384615,0.5490384615384616,0.27153846153846156,0.17903846153846154
seq_h60_to_confirmB_h15,0.58,confirmB_h15,0.5,none,0.033522727272727273,4595,48,0.07116430903155604,327,1374,0,2894,0.19223985890652556,1.0,0.3224852071005917,104,104,0,1.0,15,15.0,0.0,1374,28.625,35.4375,1.9166666666666667,9.583333333333334,0.0,13.211538461538462,6.605769230769231,2.6423076923076922,1.3211538461538461,0.6605769230769231,0.2642307692307692,0.1321153846153846
seq_h60_to_confirmB_h15,0.58,confirmB_h15,0.5,advisory_if_unsure,0.033522727272727273,4595,48,0.07116430903155604,327,1374,0,2894,0.19223985890652556,1.0,0.3224852071005917,104,104,0,1.0,15,15.0,0.0,1374,28.625,35.4375,1.9166666666666667,9.583333333333334,0.5208333333333334,13.211538461538462,6.605769230769231,2.6423076923076922,1.3211538461538461,0.6605769230769231,0.2642307692307692,0.1321153846153846
seq_h60_to_confirmB_h15,0.58,confirmB_h15,0.5,confirm_only_if_unsure,0.033522727272727273,4595,48,0.07116430903155604,327,1408,0,2860,0.18847262247838617,1.0,0.3171677982541222,104,104,0,1.0,15,15.0,0.0,1408,29.333333333333332,36.145833333333336,1.9791666666666667,9.895833333333334,0.5208333333333334,13.538461538461538,6.769230769230769,2.707692307692308,1.353846153846154,0.676923076923077,0.27076923076923076,0.13538461538461538
seq_h60_to_confirmB_h15,0.58,confirmB_h15,0.54,none,0.05397727272727273,4595,48,0.07116430903155604,327,1338,0,2930,0.1963963963963964,1.0,0.32831325301204817,104,104,0,1.0,15,15.0,0.0,1338,27.875,34.6875,1.8333333333333333,9.166666666666666,0.0,12.865384615384615,6.4326923076923075,2.5730769230769233,1.2865384615384616,0.6432692307692308,0.2573076923076923,0.12865384615384615
seq_h60_to_confirmB_h15,0.58,confirmB_h15,0.54,advisory_if_unsure,0.05397727272727273,4595,48,0.07116430903155604,327,1338,0,2930,0.1963963963963964,1.0,0.32831325301204817,104,104,0,1.0,15,15.0,0.0,1338,27.875,34.6875,1.8333333333333333,9.166666666666666,0.6875,12.865384615384615,6.4326923076923075,2.5730769230769233,1.2865384615384616,0.6432692307692308,0.2573076923076923,0.12865384615384615
seq_h60_to_confirmB_h15,0.58,confirmB_h15,0.54,confirm_only_if_unsure,0.05397727272727273,4595,48,0.07116430903155604,327,1400,0,2868,0.18934568616097278,1.0,0.3184031158714703,104,104,0,1.0,15,15.0,0.0,1400,29.166666666666668,35.979166666666664,1.9791666666666667,9.895833333333334,0.6875,13.461538461538462,6.730769230769231,2.6923076923076925,1.3461538461538463,0.6730769230769231,0.2692307692307692,0.1346153846153846
seq_h60_to_confirmB_h15,0.58,confirmB_h15,0.58,none,0.0971590909090909,4595,48,0.07116430903155604,327,1262,0,3006,0.20578980490874765,1.0,0.34133611691022964,104,104,0,1.0,15,15.0,0.0,1262,26.291666666666668,33.104166666666664,1.8125,9.0625,0.0,12.134615384615385,6.0673076923076925,2.4269230769230767,1.2134615384615384,0.6067307692307692,0.24269230769230768,0.12134615384615384
seq_h60_to_confirmB_h15,0.58,confirmB_h15,0.58,advisory_if_unsure,0.0971590909090909,4595,48,0.07116430903155604,327,1262,0,3006,0.20578980490874765,1.0,0.34133611691022964,104,104,0,1.0,15,15.0,0.0,1262,26.291666666666668,33.104166666666664,1.8125,9.0625,1.25,12.134615384615385,6.0673076923076925,2.4269230769230767,1.2134615384615384,0.6067307692307692,0.24269230769230768,0.12134615384615384
seq_h60_to_confirmB_h15,0.58,confirmB_h15,0.58,confirm_only_if_unsure,0.0971590909090909,4595,48,0.07116430903155604,327,1373,0,2895,0.1923529411764706,1.0,0.32264430192402566,104,104,0,1.0,15,15.0,0.0,1373,28.604166666666668,35.416666666666664,2.0416666666666665,10.208333333333334,1.25,13.201923076923077,6.600961538461538,2.6403846153846153,1.3201923076923077,0.6600961538461538,0.26403846153846156,0.13201923076923078
seq_h60_to_confirmB_h15,0.58,confirmB_h15,0.62,none,0.14431818181818182,4595,48,0.07116430903155604,327,1179,0,3089,0.21713147410358566,1.0,0.3567921440261866,104,104,0,1.0,15,15.0,0.0,1179,24.5625,31.375,1.7291666666666667,8.645833333333334,0.0,11.336538461538462,5.668269230769231,2.2673076923076922,1.1336538461538461,0.5668269230769231,0.22673076923076924,0.11336538461538462
seq_h60_to_confirmB_h15,0.58,confirmB_h15,0.62,advisory_if_unsure,0.14431818181818182,4595,48,0.07116430903155604,327,1179,0,3089,0.21713147410358566,1.0,0.3567921440261866,104,104,0,1.0,15,15.0,0.0,1179,24.5625,31.375,1.7291666666666667,8.645833333333334,1.7083333333333333,11.336538461538462,5.668269230769231,2.2673076923076922,1.1336538461538461,0.5668269230769231,0.22673076923076924,0.11336538461538462
seq_h60_to_confirmB_h15,0.58,confirmB_h15,0.62,confirm_only_if_unsure,0.14431818181818182,4595,48,0.07116430903155604,327,1351,0,2917,0.19487485101311083,1.0,0.3261845386533666,104,104,0,1.0,15,15.0,0.0,1351,28.145833333333332,34.958333333333336,2.1458333333333335,10.729166666666666,1.7083333333333333,12.990384615384615,6.4951923076923075,2.598076923076923,1.2990384615384616,0.6495192307692308,0.2598076923076923,0.12990384615384615
seq_h60_to_confirmB_h15,0.58,confirmB_h15,0.66,none,0.2056818181818182,4595,48,0.07116430903155604,327,1071,0,3197,0.23390557939914164,1.0,0.3791304347826087,104,104,0,1.0,15,15.0,0.0,1071,22.3125,29.125,1.6458333333333333,8.229166666666666,0.0,10.298076923076923,5.149038461538462,2.0596153846153844,1.0298076923076922,0.5149038461538461,0.20596153846153847,0.10298076923076924
seq_h60_to_confirmB_h15,0.58,confirmB_h15,0.66,advisory_if_unsure,0.2056818181818182,4595,48,0.07116430903155604,327,1071,0,3197,0.23390557939914164,1.0,0.3791304347826087,104,104,0,1.0,15,15.0,0.0,1071,22.3125,29.125,1.6458333333333333,8.229166666666666,2.3333333333333335,10.298076923076923,5.149038461538462,2.0596153846153844,1.0298076923076922,0.5149038461538461,0.20596153846153847,0.10298076923076924
seq_h60_to_confirmB_h15,0.58,confirmB_h15,0.66,confirm_only_if_unsure,0.2056818181818182,4595,48,0.07116430903155604,327,1321,0,2947,0.19842233009708737,1.0,0.3311392405063291,104,104,0,1.0,15,15.0,0.0,1321,27.520833333333332,34.333333333333336,2.3125,11.5625,2.3333333333333335,12.701923076923077,6.350961538461538,2.5403846153846152,1.2701923076923076,0.6350961538461538,0.25403846153846155,0.12701923076923077
seq_h60_to_confirmB_h15,0.58,confirmB_h15,0.7,none,0.3028409090909091,4595,48,0.07116430903155604,326,901,1,3367,0.2656886715566422,0.9969418960244648,0.4195624195624196,104,104,0,1.0,15,14.85576923076923,0.0,901,18.770833333333332,25.5625,1.6666666666666667,8.333333333333334,0.0,8.663461538461538,4.331730769230769,1.7326923076923078,0.8663461538461539,0.43317307692307694,0.17326923076923076,0.08663461538461538
seq_h60_to_confirmB_h15,0.58,confirmB_h15,0.7,advisory_if_unsure,0.3028409090909091,4595,48,0.07116430903155604,326,901,1,3367,0.2656886715566422,0.9969418960244648,0.4195624195624196,104,104,0,1.0,15,14.85576923076923,0.0,901,18.770833333333332,25.5625,1.6666666666666667,8.333333333333334,4.208333333333333,8.663461538461538,4.331730769230769,1.7326923076923078,0.8663461538461539,0.43317307692307694,0.17326923076923076,0.08663461538461538
seq_h60_to_confirmB_h15,0.58,confirmB_h15,0.7,confirm_only_if_unsure,0.3028409090909091,4595,48,0.07116430903155604,327,1231,0,3037,0.2098844672657253,1.0,0.3469496021220159,104,104,0,1.0,15,15.0,0.0,1231,25.645833333333332,32.458333333333336,2.625,13.125,4.208333333333333,11.836538461538462,5.918269230769231,2.3673076923076923,1.1836538461538462,0.5918269230769231,0.23673076923076924,0.11836538461538462
seq_h60_to_confirmB_h15,0.58,confirmB_h15,0.74,none,0.3778409090909091,4595,48,0.07116430903155604,322,773,5,3495,0.29406392694063926,0.9847094801223242,0.45288326300984527,104,102,2,0.9807692307692307,15,14.705882352941176,0.0,773,16.104166666666668,22.8125,1.9166666666666667,9.583333333333334,0.0,7.451923076923077,3.735576923076923,1.5057692307692307,0.7625,0.3908653846153846,0.16788461538461538,0.09355769230769231
seq_h60_to_confirmB_h15,0.58,confirmB_h15,0.74,advisory_if_unsure,0.3778409090909091,4595,48,0.07116430903155604,322,773,5,3495,0.29406392694063926,0.9847094801223242,0.45288326300984527,104,102,2,0.9807692307692307,15,14.705882352941176,0.0,773,16.104166666666668,22.8125,1.9166666666666667,9.583333333333334,5.833333333333333,7.451923076923077,3.735576923076923,1.5057692307692307,0.7625,0.3908653846153846,0.16788461538461538,0.09355769230769231
seq_h60_to_confirmB_h15,0.58,confirmB_h15,0.74,confirm_only_if_unsure,0.3778409090909091,4595,48,0.07116430903155604,325,1155,2,3113,0.2195945945945946,0.9938837920489296,0.3597122302158273,104,104,0,1.0,15,14.85576923076923,0.0,1155,24.0625,30.833333333333332,2.9375,14.6875,5.833333333333333,11.10576923076923,5.552884615384615,2.2211538461538463,1.1105769230769231,0.5552884615384616,0.2221153846153846,0.1110576923076923
seq_h60_to_confirmB_h15,0.58,confirmB_h15,0.78,none,0.4471590909090909,4595,48,0.07116430903155604,321,652,6,3616,0.32990750256937307,0.981651376146789,0.4938461538461538,104,102,2,0.9807692307692307,15,14.558823529411764,0.0,652,13.583333333333334,20.270833333333332,2.0,10.0,0.0,6.288461538461538,3.1538461538461537,1.273076923076923,0.6461538461538462,0.3326923076923077,0.14461538461538462,0.08192307692307692
seq_h60_to_confirmB_h15,0.58,confirmB_h15,0.78,advisory_if_unsure,0.4471590909090909,4595,48,0.07116430903155604,321,652,6,3616,0.32990750256937307,0.981651376146789,0.4938461538461538,104,102,2,0.9807692307692307,15,14.558823529411764,0.0,652,13.583333333333334,20.270833333333332,2.0,10.0,7.208333333333333,6.288461538461538,3.1538461538461537,1.273076923076923,0.6461538461538462,0.3326923076923077,0.14461538461538462,0.08192307692307692
seq_h60_to_confirmB_h15,0.58,confirmB_h15,0.78,confirm_only_if_unsure,0.4471590909090909,4595,48,0.07116430903155604,325,1089,2,3179,0.22984441301272984,0.9938837920489296,0.3733486502010339,104,104,0,1.0,15,14.85576923076923,0.0,1089,22.6875,29.458333333333332,3.1041666666666665,15.520833333333334,7.208333333333333,10.471153846153847,5.235576923076923,2.0942307692307693,1.0471153846153847,0.5235576923076923,0.20942307692307693,0.10471153846153847
seq_h60_to_confirmB_h15,0.58,confirmB_h15,0.82,none,0.5017045454545455,4595,48,0.07116430903155604,316,561,11,3707,0.3603192702394527,0.9663608562691132,0.5249169435215947,104,100,4,0.9615384615384616,15,14.4,0.0,561,11.6875,18.270833333333332,2.1041666666666665,10.520833333333334,0.0,5.4326923076923075,2.735576923076923,1.1173076923076923,0.5778846153846153,0.30817307692307694,0.14634615384615385,0.09240384615384616
seq_h60_to_confirmB_h15,0.58,confirmB_h15,0.82,advisory_if_unsure,0.5017045454545455,4595,48,0.07116430903155604,316,561,11,3707,0.3603192702394527,0.9663608562691132,0.5249169435215947,104,100,4,0.9615384615384616,15,14.4,0.0,561,11.6875,18.270833333333332,2.1041666666666665,10.520833333333334,8.166666666666666,5.4326923076923075,2.735576923076923,1.1173076923076923,0.5778846153846153,0.30817307692307694,0.14634615384615385,0.09240384615384616
seq_h60_to_confirmB_h15,0.58,confirmB_h15,0.82,confirm_only_if_unsure,0.5017045454545455,4595,48,0.07116430903155604,323,1045,4,3223,0.2361111111111111,0.9877675840978594,0.3811209439528024,104,103,1,0.9903846153846154,15,14.854368932038835,0.0,1045,21.770833333333332,28.5,3.1875,15.9375,8.166666666666666,10.057692307692308,5.033653846153846,2.019230769230769,1.0144230769230769,0.5120192307692307,0.21057692307692308,0.11009615384615384
seq_h60_to_confirmB_h15,0.58,confirmB_h15,0.86,none,0.5477272727272727,4595,48,0.07116430903155604,312,484,15,3784,0.39195979899497485,0.9541284403669725,0.5556544968833482,104,99,5,0.9519230769230769,15,13.93939393939394,0.0,484,10.083333333333334,16.583333333333332,1.9375,9.6875,0.0,4.701923076923077,2.375,0.9788461538461538,0.5134615384615384,0.28076923076923077,0.14115384615384616,0.09461538461538462
seq_h60_to_confirmB_h15,0.58,confirmB_h15,0.86,advisory_if_unsure,0.5477272727272727,4595,48,0.07116430903155604,312,484,15,3784,0.39195979899497485,0.9541284403669725,0.5556544968833482,104,99,5,0.9519230769230769,15,13.93939393939394,0.0,484,10.083333333333334,16.583333333333332,1.9375,9.6875,8.979166666666666,4.701923076923077,2.375,0.9788461538461538,0.5134615384615384,0.28076923076923077,0.14115384615384616,0.09461538461538462
seq_h60_to_confirmB_h15,0.58,confirmB_h15,0.86,confirm_only_if_unsure,0.5477272727272727,4595,48,0.07116430903155604,321,1008,6,3260,0.24153498871331827,0.981651376146789,0.38768115942028986,104,102,2,0.9807692307692307,15,14.705882352941176,0.0,1008,21.0,27.6875,3.2291666666666665,16.145833333333332,8.979166666666666,9.711538461538462,4.865384615384615,1.9576923076923076,0.9884615384615385,0.5038461538461538,0.21307692307692308,0.11615384615384615
seq_h60_to_confirmB_h15,0.58,confirmB_h15,0.9,none,0.6113636363636363,4595,48,0.07116430903155604,304,380,23,3888,0.4444444444444444,0.9296636085626911,0.6013847675568744,104,96,8,0.9230769230769231,15,13.59375,0.0,380,7.916666666666667,14.25,2.1041666666666665,10.520833333333334,0.0,3.730769230769231,1.9038461538461537,0.8076923076923077,0.4423076923076923,0.25961538461538464,0.15,0.11346153846153846
seq_h60_to_confirmB_h15,0.58,confirmB_h15,0.9,advisory_if_unsure,0.6113636363636363,4595,48,0.07116430903155604,304,380,23,3888,0.4444444444444444,0.9296636085626911,0.6013847675568744,104,96,8,0.9230769230769231,15,13.59375,0.0,380,7.916666666666667,14.25,2.1041666666666665,10.520833333333334,10.041666666666666,3.730769230769231,1.9038461538461537,0.8076923076923077,0.4423076923076923,0.25961538461538464,0.15,0.11346153846153846
seq_h60_to_confirmB_h15,0.58,confirmB_h15,0.9,confirm_only_if_unsure,0.6113636363636363,4595,48,0.07116430903155604,319,959,8,3309,0.24960876369327073,0.9755351681957186,0.3975077881619938,104,101,3,0.9711538461538461,15,14.554455445544555,0.0,959,19.979166666666668,26.625,3.3541666666666665,16.770833333333332,10.041666666666666,9.25,4.639423076923077,1.873076923076923,0.9509615384615384,0.48990384615384613,0.21326923076923077,0.12105769230769231
seq_h60_to_confirmB_h15,0.58,confirmB_h15,0.94,none,0.7113636363636363,4595,48,0.07116430903155604,278,230,49,4038,0.547244094488189,0.8501529051987767,0.665868263473054,104,88,16,0.8461538461538461,15,11.420454545454545,0.0,230,4.791666666666667,10.583333333333334,2.1875,10.9375,0.0,2.3653846153846154,1.2596153846153846,0.5961538461538461,0.375,0.2644230769230769,0.19807692307692307,0.17596153846153847
seq_h60_to_confirmB_h15,0.58,confirmB_h15,0.94,advisory_if_unsure,0.7113636363636363,4595,48,0.07116430903155604,278,230,49,4038,0.547244094488189,0.8501529051987767,0.665868263473054,104,88,16,0.8461538461538461,15,11.420454545454545,0.0,230,4.791666666666667,10.583333333333334,2.1875,10.9375,11.5,2.3653846153846154,1.2596153846153846,0.5961538461538461,0.375,0.2644230769230769,0.19807692307692307,0.17596153846153847
seq_h60_to_confirmB_h15,0.58,confirmB_h15,0.94,confirm_only_if_unsure,0.7113636363636363,4595,48,0.07116430903155604,307,901,20,3367,0.2541390728476821,0.9388379204892966,0.4,104,99,5,0.9519230769230769,15,13.181818181818182,0.0,901,18.770833333333332,25.166666666666668,3.5833333333333335,17.916666666666668,11.5,8.711538461538462,4.3798076923076925,1.7807692307692307,0.9144230769230769,0.48125,0.22134615384615386,0.13471153846153847
seq_h60_to_confirmB_h15,0.58,confirmB_h15,0.98,none,0.8494318181818182,4595,48,0.07116430903155604,195,70,132,4198,0.7358490566037735,0.5963302752293578,0.6587837837837838,104,64,40,0.6153846153846154,15,6.5625,0.0,70,1.4583333333333333,5.520833333333333,1.7291666666666667,8.645833333333334,0.0,1.0576923076923077,0.7211538461538461,0.5192307692307693,0.4519230769230769,0.4182692307692308,0.39807692307692305,0.39134615384615384
seq_h60_to_confirmB_h15,0.58,confirmB_h15,0.98,advisory_if_unsure,0.8494318181818182,4595,48,0.07116430903155604,195,70,132,4198,0.7358490566037735,0.5963302752293578,0.6587837837837838,104,64,40,0.6153846153846154,15,6.5625,0.0,70,1.4583333333333333,5.520833333333333,1.7291666666666667,8.645833333333334,13.166666666666666,1.0576923076923077,0.7211538461538461,0.5192307692307693,0.4519230769230769,0.4182692307692308,0.39807692307692305,0.39134615384615384
seq_h60_to_confirmB_h15,0.58,confirmB_h15,0.98,confirm_only_if_unsure,0.8494318181818182,4595,48,0.07116430903155604,280,848,47,3420,0.24822695035460993,0.8562691131498471,0.3848797250859107,104,95,9,0.9134615384615384,15,11.368421052631579,0.0,848,17.666666666666668,23.5,3.7916666666666665,18.958333333333332,13.166666666666666,8.240384615384615,4.163461538461538,1.7173076923076922,0.9019230769230769,0.49423076923076925,0.24961538461538463,0.16807692307692307
seq_h60_to_confirmB_h15,0.62,confirmB_h15,0.5,none,0.02214022140221402,4595,48,0.07116430903155604,327,1263,0,3005,0.20566037735849058,1.0,0.3411580594679186,104,104,0,1.0,15,15.0,0.0,1263,26.3125,33.125,1.7083333333333333,8.541666666666666,0.0,12.14423076923077,6.072115384615385,2.4288461538461537,1.2144230769230768,0.6072115384615384,0.2428846153846154,0.1214423076923077
seq_h60_to_confirmB_h15,0.62,confirmB_h15,0.5,advisory_if_unsure,0.02214022140221402,4595,48,0.07116430903155604,327,1263,0,3005,0.20566037735849058,1.0,0.3411580594679186,104,104,0,1.0,15,15.0,0.0,1263,26.3125,33.125,1.7083333333333333,8.541666666666666,0.4375,12.14423076923077,6.072115384615385,2.4288461538461537,1.2144230769230768,0.6072115384615384,0.2428846153846154,0.1214423076923077
seq_h60_to_confirmB_h15,0.62,confirmB_h15,0.5,confirm_only_if_unsure,0.02214022140221402,4595,48,0.07116430903155604,327,1278,0,2990,0.20373831775700935,1.0,0.3385093167701863,104,104,0,1.0,15,15.0,0.0,1278,26.625,33.4375,1.75,8.75,0.4375,12.288461538461538,6.144230769230769,2.457692307692308,1.228846153846154,0.614423076923077,0.24576923076923077,0.12288461538461538
seq_h60_to_confirmB_h15,0.62,confirmB_h15,0.54,none,0.032595325953259535,4595,48,0.07116430903155604,327,1246,0,3022,0.20788302606484424,1.0,0.34421052631578947,104,104,0,1.0,15,15.0,0.0,1246,25.958333333333332,32.770833333333336,1.6875,8.4375,0.0,11.98076923076923,5.990384615384615,2.396153846153846,1.198076923076923,0.5990384615384615,0.23961538461538462,0.11980769230769231
seq_h60_to_confirmB_h15,0.62,confirmB_h15,0.54,advisory_if_unsure,0.032595325953259535,4595,48,0.07116430903155604,327,1246,0,3022,0.20788302606484424,1.0,0.34421052631578947,104,104,0,1.0,15,15.0,0.0,1246,25.958333333333332,32.770833333333336,1.6875,8.4375,0.5833333333333334,11.98076923076923,5.990384615384615,2.396153846153846,1.198076923076923,0.5990384615384615,0.23961538461538462,0.11980769230769231
seq_h60_to_confirmB_h15,0.62,confirmB_h15,0.54,confirm_only_if_unsure,0.032595325953259535,4595,48,0.07116430903155604,327,1271,0,2997,0.204630788485607,1.0,0.33974025974025973,104,104,0,1.0,15,15.0,0.0,1271,26.479166666666668,33.291666666666664,1.75,8.75,0.5833333333333334,12.221153846153847,6.110576923076923,2.4442307692307694,1.2221153846153847,0.6110576923076924,0.2444230769230769,0.12221153846153845
seq_h60_to_confirmB_h15,0.62,confirmB_h15,0.58,none,0.05719557195571956,4595,48,0.07116430903155604,327,1206,0,3062,0.21330724070450097,1.0,0.35161290322580646,104,104,0,1.0,15,15.0,0.0,1206,25.125,31.9375,1.6458333333333333,8.229166666666666,0.0,11.596153846153847,5.798076923076923,2.3192307692307694,1.1596153846153847,0.5798076923076924,0.23192307692307693,0.11596153846153846
seq_h60_to_confirmB_h15,0.62,confirmB_h15,0.58,advisory_if_unsure,0.05719557195571956,4595,48,0.07116430903155604,327,1206,0,3062,0.21330724070450097,1.0,0.35161290322580646,104,104,0,1.0,15,15.0,0.0,1206,25.125,31.9375,1.6458333333333333,8.229166666666666,0.9791666666666666,11.596153846153847,5.798076923076923,2.3192307692307694,1.1596153846153847,0.5798076923076924,0.23192307692307693,0.11596153846153846
seq_h60_to_confirmB_h15,0.62,confirmB_h15,0.58,confirm_only_if_unsure,0.05719557195571956,4595,48,0.07116430903155604,327,1252,0,3016,0.2070930968967701,1.0,0.34312696747114374,104,104,0,1.0,15,15.0,0.0,1252,26.083333333333332,32.895833333333336,1.7708333333333333,8.854166666666666,0.9791666666666666,12.038461538461538,6.019230769230769,2.4076923076923076,1.2038461538461538,0.6019230769230769,0.24076923076923076,0.12038461538461538
seq_h60_to_confirmB_h15,0.62,confirmB_h15,0.62,none,0.09163591635916359,4595,48,0.07116430903155604,327,1150,0,3118,0.22139471902505078,1.0,0.3625277161862528,104,104,0,1.0,15,15.0,0.0,1150,23.958333333333332,30.770833333333332,1.6666666666666667,8.333333333333334,0.0,11.057692307692308,5.528846153846154,2.2115384615384617,1.1057692307692308,0.5528846153846154,0.22115384615384615,0.11057692307692307
seq_h60_to_confirmB_h15,0.62,confirmB_h15,0.62,advisory_if_unsure,0.09163591635916359,4595,48,0.07116430903155604,327,1150,0,3118,0.22139471902505078,1.0,0.3625277161862528,104,104,0,1.0,15,15.0,0.0,1150,23.958333333333332,30.770833333333332,1.6666666666666667,8.333333333333334,1.3541666666666667,11.057692307692308,5.528846153846154,2.2115384615384617,1.1057692307692308,0.5528846153846154,0.22115384615384615,0.11057692307692307
seq_h60_to_confirmB_h15,0.62,confirmB_h15,0.62,confirm_only_if_unsure,0.09163591635916359,4595,48,0.07116430903155604,327,1234,0,3034,0.20948110185778346,1.0,0.3463983050847458,104,104,0,1.0,15,15.0,0.0,1234,25.708333333333332,32.520833333333336,1.875,9.375,1.3541666666666667,11.865384615384615,5.9326923076923075,2.373076923076923,1.1865384615384615,0.5932692307692308,0.2373076923076923,0.11865384615384615
seq_h60_to_confirmB_h15,0.62,confirmB_h15,0.66,none,0.14575645756457564,4595,48,0.07116430903155604,327,1062,0,3206,0.23542116630669546,1.0,0.3811188811188811,104,104,0,1.0,15,15.0,0.0,1062,22.125,28.9375,1.6666666666666667,8.333333333333334,0.0,10.211538461538462,5.105769230769231,2.042307692307692,1.021153846153846,0.510576923076923,0.20423076923076924,0.10211538461538462
seq_h60_to_confirmB_h15,0.62,confirmB_h15,0.66,advisory_if_unsure,0.14575645756457564,4595,48,0.07116430903155604,327,1062,0,3206,0.23542116630669546,1.0,0.3811188811188811,104,104,0,1.0,15,15.0,0.0,1062,22.125,28.9375,1.6666666666666667,8.333333333333334,1.875,10.211538461538462,5.105769230769231,2.042307692307692,1.021153846153846,0.510576923076923,0.20423076923076924,0.10211538461538462
seq_h60_to_confirmB_h15,0.62,confirmB_h15,0.66,confirm_only_if_unsure,0.14575645756457564,4595,48,0.07116430903155604,327,1209,0,3059,0.212890625,1.0,0.35104669887278583,104,104,0,1.0,15,15.0,0.0,1209,25.1875,32.0,2.0416666666666665,10.208333333333334,1.875,11.625,5.8125,2.325,1.1625,0.58125,0.2325,0.11625
seq_h60_to_confirmB_h15,0.62,confirmB_h15,0.7,none,0.24600246002460024,4595,48,0.07116430903155604,326,900,1,3368,0.265905383360522,0.9969418960244648,0.4198325820991629,104,104,0,1.0,15,14.85576923076923,0.0,900,18.75,25.541666666666668,1.6666666666666667,8.333333333333334,0.0,8.653846153846153,4.326923076923077,1.7307692307692308,0.8653846153846154,0.4326923076923077,0.17307692307692307,0.08653846153846154
seq_h60_to_confirmB_h15,0.62,confirmB_h15,0.7,advisory_if_unsure,0.24600246002460024,4595,48,0.07116430903155604,326,900,1,3368,0.265905383360522,0.9969418960244648,0.4198325820991629,104,104,0,1.0,15,14.85576923076923,0.0,900,18.75,25.541666666666668,1.6666666666666667,8.333333333333334,3.625,8.653846153846153,4.326923076923077,1.7307692307692308,0.8653846153846154,0.4326923076923077,0.17307692307692307,0.08653846153846154
seq_h60_to_confirmB_h15,0.62,confirmB_h15,0.7,confirm_only_if_unsure,0.24600246002460024,4595,48,0.07116430903155604,327,1125,0,3143,0.22520661157024793,1.0,0.3676222596964587,104,104,0,1.0,15,15.0,0.0,1125,23.4375,30.25,2.3333333333333335,11.666666666666666,3.625,10.817307692307692,5.408653846153846,2.1634615384615383,1.0817307692307692,0.5408653846153846,0.21634615384615385,0.10817307692307693
seq_h60_to_confirmB_h15,0.62,confirmB_h15,0.74,none,0.32718327183271834,4595,48,0.07116430903155604,322,772,5,3496,0.2943327239488117,0.9847094801223242,0.45320197044334976,104,102,2,0.9807692307692307,15,14.705882352941176,0.0,772,16.083333333333332,22.791666666666668,1.9166666666666667,9.583333333333334,0.0,7.4423076923076925,3.730769230769231,1.5038461538461538,0.7615384615384615,0.3903846153846154,0.1676923076923077,0.09346153846153846
seq_h60_to_confirmB_h15,0.62,confirmB_h15,0.74,advisory_if_unsure,0.32718327183271834,4595,48,0.07116430903155604,322,772,5,3496,0.2943327239488117,0.9847094801223242,0.45320197044334976,104,102,2,0.9807692307692307,15,14.705882352941176,0.0,772,16.083333333333332,22.791666666666668,1.9166666666666667,9.583333333333334,5.25,7.4423076923076925,3.730769230769231,1.5038461538461538,0.7615384615384615,0.3903846153846154,0.1676923076923077,0.09346153846153846
seq_h60_to_confirmB_h15,0.62,confirmB_h15,0.74,confirm_only_if_unsure,0.32718327183271834,4595,48,0.07116430903155604,325,1049,2,3219,0.23653566229985443,0.9938837920489296,0.3821281599059377,104,104,0,1.0,15,14.85576923076923,0.0,1049,21.854166666666668,28.625,2.6458333333333335,13.229166666666666,5.25,10.086538461538462,5.043269230769231,2.0173076923076922,1.0086538461538461,0.5043269230769231,0.20173076923076924,0.10086538461538462
seq_h60_to_confirmB_h15,0.62,confirmB_h15,0.78,none,0.4022140221402214,4595,48,0.07116430903155604,321,651,6,3617,0.33024691358024694,0.981651376146789,0.4942263279445728,104,102,2,0.9807692307692307,15,14.558823529411764,0.0,651,13.5625,20.25,2.0,10.0,0.0,6.278846153846154,3.1490384615384617,1.271153846153846,0.6451923076923077,0.33221153846153845,0.14442307692307693,0.08182692307692307
seq_h60_to_confirmB_h15,0.62,confirmB_h15,0.78,advisory_if_unsure,0.4022140221402214,4595,48,0.07116430903155604,321,651,6,3617,0.33024691358024694,0.981651376146789,0.4942263279445728,104,102,2,0.9807692307692307,15,14.558823529411764,0.0,651,13.5625,20.25,2.0,10.0,6.625,6.278846153846154,3.1490384615384617,1.271153846153846,0.6451923076923077,0.33221153846153845,0.14442307692307693,0.08182692307692307
seq_h60_to_confirmB_h15,0.62,confirmB_h15,0.78,confirm_only_if_unsure,0.4022140221402214,4595,48,0.07116430903155604,325,983,2,3285,0.2484709480122324,0.9938837920489296,0.39755351681957185,104,104,0,1.0,15,14.85576923076923,0.0,983,20.479166666666668,27.25,2.7916666666666665,13.958333333333334,6.625,9.451923076923077,4.725961538461538,1.8903846153846153,0.9451923076923077,0.47259615384615383,0.18903846153846154,0.09451923076923077
seq_h60_to_confirmB_h15,0.62,confirmB_h15,0.82,none,0.46063960639606394,4595,48,0.07116430903155604,316,561,11,3707,0.3603192702394527,0.9663608562691132,0.5249169435215947,104,100,4,0.9615384615384616,15,14.4,0.0,561,11.6875,18.270833333333332,2.1041666666666665,10.520833333333334,0.0,5.4326923076923075,2.735576923076923,1.1173076923076923,0.5778846153846153,0.30817307692307694,0.14634615384615385,0.09240384615384616
seq_h60_to_confirmB_h15,0.62,confirmB_h15,0.82,advisory_if_unsure,0.46063960639606394,4595,48,0.07116430903155604,316,561,11,3707,0.3603192702394527,0.9663608562691132,0.5249169435215947,104,100,4,0.9615384615384616,15,14.4,0.0,561,11.6875,18.270833333333332,2.1041666666666665,10.520833333333334,7.5625,5.4326923076923075,2.735576923076923,1.1173076923076923,0.5778846153846153,0.30817307692307694,0.14634615384615385,0.09240384615384616
seq_h60_to_confirmB_h15,0.62,confirmB_h15,0.82,confirm_only_if_unsure,0.46063960639606394,4595,48,0.07116430903155604,323,940,4,3328,0.2557403008709422,0.9877675840978594,0.40628930817610065,104,103,1,0.9903846153846154,15,14.854368932038835,0.0,940,19.583333333333332,26.3125,2.875,14.375,7.5625,9.048076923076923,4.528846153846154,1.8173076923076923,0.9134615384615384,0.46153846153846156,0.19038461538461537,0.1
seq_h60_to_confirmB_h15,0.62,confirmB_h15,0.86,none,0.5104551045510455,4595,48,0.07116430903155604,312,484,15,3784,0.39195979899497485,0.9541284403669725,0.5556544968833482,104,99,5,0.9519230769230769,15,13.93939393939394,0.0,484,10.083333333333334,16.583333333333332,1.9375,9.6875,0.0,4.701923076923077,2.375,0.9788461538461538,0.5134615384615384,0.28076923076923077,0.14115384615384616,0.09461538461538462
seq_h60_to_confirmB_h15,0.62,confirmB_h15,0.86,advisory_if_unsure,0.5104551045510455,4595,48,0.07116430903155604,312,484,15,3784,0.39195979899497485,0.9541284403669725,0.5556544968833482,104,99,5,0.9519230769230769,15,13.93939393939394,0.0,484,10.083333333333334,16.583333333333332,1.9375,9.6875,8.375,4.701923076923077,2.375,0.9788461538461538,0.5134615384615384,0.28076923076923077,0.14115384615384616,0.09461538461538462
seq_h60_to_confirmB_h15,0.62,confirmB_h15,0.86,confirm_only_if_unsure,0.5104551045510455,4595,48,0.07116430903155604,321,903,6,3365,0.2622549019607843,0.981651376146789,0.41392649903288203,104,102,2,0.9807692307692307,15,14.705882352941176,0.0,903,18.8125,25.5,2.9166666666666665,14.583333333333334,8.375,8.701923076923077,4.360576923076923,1.7557692307692307,0.8875,0.4533653846153846,0.19288461538461538,0.10605769230769231
seq_h60_to_confirmB_h15,0.62,confirmB_h15,0.9,none,0.5793357933579336,4595,48,0.07116430903155604,304,380,23,3888,0.4444444444444444,0.9296636085626911,0.6013847675568744,104,96,8,0.9230769230769231,15,13.59375,0.0,380,7.916666666666667,14.25,2.1041666666666665,10.520833333333334,0.0,3.730769230769231,1.9038461538461537,0.8076923076923077,0.4423076923076923,0.25961538461538464,0.15,0.11346153846153846
seq_h60_to_confirmB_h15,0.62,confirmB_h15,0.9,advisory_if_unsure,0.5793357933579336,4595,48,0.07116430903155604,304,380,23,3888,0.4444444444444444,0.9296636085626911,0.6013847675568744,104,96,8,0.9230769230769231,15,13.59375,0.0,380,7.916666666666667,14.25,2.1041666666666665,10.520833333333334,9.4375,3.730769230769231,1.9038461538461537,0.8076923076923077,0.4423076923076923,0.25961538461538464,0.15,0.11346153846153846
seq_h60_to_confirmB_h15,0.62,confirmB_h15,0.9,confirm_only_if_unsure,0.5793357933579336,4595,48,0.07116430903155604,319,854,8,3414,0.27195225916453536,0.9755351681957186,0.42533333333333334,104,101,3,0.9711538461538461,15,14.554455445544555,0.0,854,17.791666666666668,24.4375,3.0416666666666665,15.208333333333334,9.4375,8.240384615384615,4.134615384615385,1.6711538461538462,0.85,0.4394230769230769,0.1930769230769231,0.11096153846153846
seq_h60_to_confirmB_h15,0.62,confirmB_h15,0.94,none,0.6875768757687577,4595,48,0.07116430903155604,278,230,49,4038,0.547244094488189,0.8501529051987767,0.665868263473054,104,88,16,0.8461538461538461,15,11.420454545454545,0.0,230,4.791666666666667,10.583333333333334,2.1875,10.9375,0.0,2.3653846153846154,1.2596153846153846,0.5961538461538461,0.375,0.2644230769230769,0.19807692307692307,0.17596153846153847
seq_h60_to_confirmB_h15,0.62,confirmB_h15,0.94,advisory_if_unsure,0.6875768757687577,4595,48,0.07116430903155604,278,230,49,4038,0.547244094488189,0.8501529051987767,0.665868263473054,104,88,16,0.8461538461538461,15,11.420454545454545,0.0,230,4.791666666666667,10.583333333333334,2.1875,10.9375,10.895833333333334,2.3653846153846154,1.2596153846153846,0.5961538461538461,0.375,0.2644230769230769,0.19807692307692307,0.17596153846153847
seq_h60_to_confirmB_h15,0.62,confirmB_h15,0.94,confirm_only_if_unsure,0.6875768757687577,4595,48,0.07116430903155604,307,796,20,3472,0.2783318223028105,0.9388379204892966,0.42937062937062936,104,99,5,0.9519230769230769,15,13.181818181818182,0.0,796,16.583333333333332,22.979166666666668,3.2708333333333335,16.354166666666668,10.895833333333334,7.701923076923077,3.875,1.5788461538461538,0.8134615384615385,0.4307692307692308,0.20115384615384616,0.12461538461538461
seq_h60_to_confirmB_h15,0.62,confirmB_h15,0.98,none,0.8370233702337023,4595,48,0.07116430903155604,195,70,132,4198,0.7358490566037735,0.5963302752293578,0.6587837837837838,104,64,40,0.6153846153846154,15,6.5625,0.0,70,1.4583333333333333,5.520833333333333,1.7291666666666667,8.645833333333334,0.0,1.0576923076923077,0.7211538461538461,0.5192307692307693,0.4519230769230769,0.4182692307692308,0.39807692307692305,0.39134615384615384
seq_h60_to_confirmB_h15,0.62,confirmB_h15,0.98,advisory_if_unsure,0.8370233702337023,4595,48,0.07116430903155604,195,70,132,4198,0.7358490566037735,0.5963302752293578,0.6587837837837838,104,64,40,0.6153846153846154,15,6.5625,0.0,70,1.4583333333333333,5.520833333333333,1.7291666666666667,8.645833333333334,12.5625,1.0576923076923077,0.7211538461538461,0.5192307692307693,0.4519230769230769,0.4182692307692308,0.39807692307692305,0.39134615384615384
seq_h60_to_confirmB_h15,0.62,confirmB_h15,0.98,confirm_only_if_unsure,0.8370233702337023,4595,48,0.07116430903155604,280,743,47,3525,0.27370478983382207,0.8562691131498471,0.4148148148148148,104,95,9,0.9134615384615384,15,11.368421052631579,0.0,743,15.479166666666666,21.3125,3.4791666666666665,17.395833333333332,12.5625,7.230769230769231,3.6586538461538463,1.5153846153846153,0.8009615384615385,0.44375,0.22942307692307692,0.15798076923076923
seq_h60_to_confirmB_h15,0.66,confirmB_h15,0.5,none,0.01453287197231834,4595,48,0.07116430903155604,326,1098,1,3170,0.22893258426966293,0.9969418960244648,0.3723586521987436,104,103,1,0.9903846153846154,15,15.0,0.0,1098,22.875,29.666666666666668,1.7291666666666667,8.645833333333334,0.0,10.567307692307692,5.288461538461538,2.121153846153846,1.0653846153846154,0.5375,0.22076923076923077,0.11519230769230769
seq_h60_to_confirmB_h15,0.66,confirmB_h15,0.5,advisory_if_unsure,0.01453287197231834,4595,48,0.07116430903155604,326,1098,1,3170,0.22893258426966293,0.9969418960244648,0.3723586521987436,104,103,1,0.9903846153846154,15,15.0,0.0,1098,22.875,29.666666666666668,1.7291666666666667,8.645833333333334,0.2916666666666667,10.567307692307692,5.288461538461538,2.121153846153846,1.0653846153846154,0.5375,0.22076923076923077,0.11519230769230769
seq_h60_to_confirmB_h15,0.66,confirmB_h15,0.5,confirm_only_if_unsure,0.01453287197231834,4595,48,0.07116430903155604,326,1105,1,3163,0.2278127183787561,0.9969418960244648,0.3708759954493743,104,103,1,0.9903846153846154,15,15.0,0.0,1105,23.020833333333332,29.8125,1.7291666666666667,8.645833333333334,0.2916666666666667,10.634615384615385,5.322115384615385,2.1346153846153846,1.0721153846153846,0.5408653846153846,0.2221153846153846,0.11586538461538462
seq_h60_to_confirmB_h15,0.66,confirmB_h15,0.54,none,0.018685121107266434,4595,48,0.07116430903155604,326,1092,1,3176,0.229901269393512,0.9969418960244648,0.37363896848137534,104,103,1,0.9903846153846154,15,15.0,0.0,1092,22.75,29.541666666666668,1.7291666666666667,8.645833333333334,0.0,10.509615384615385,5.259615384615385,2.1096153846153847,1.0596153846153846,0.5346153846153846,0.21961538461538463,0.11461538461538462
seq_h60_to_confirmB_h15,0.66,confirmB_h15,0.54,advisory_if_unsure,0.018685121107266434,4595,48,0.07116430903155604,326,1092,1,3176,0.229901269393512,0.9969418960244648,0.37363896848137534,104,103,1,0.9903846153846154,15,15.0,0.0,1092,22.75,29.541666666666668,1.7291666666666667,8.645833333333334,0.3958333333333333,10.509615384615385,5.259615384615385,2.1096153846153847,1.0596153846153846,0.5346153846153846,0.21961538461538463,0.11461538461538462
seq_h60_to_confirmB_h15,0.66,confirmB_h15,0.54,confirm_only_if_unsure,0.018685121107266434,4595,48,0.07116430903155604,326,1100,1,3168,0.22861150070126227,0.9969418960244648,0.3719338277239019,104,103,1,0.9903846153846154,15,15.0,0.0,1100,22.916666666666668,29.708333333333332,1.7291666666666667,8.645833333333334,0.3958333333333333,10.586538461538462,5.298076923076923,2.125,1.0673076923076923,0.5384615384615384,0.22115384615384615,0.11538461538461539
seq_h60_to_confirmB_h15,0.66,confirmB_h15,0.58,none,0.02975778546712803,4595,48,0.07116430903155604,326,1076,1,3192,0.23252496433666192,0.9969418960244648,0.37709658762290343,104,103,1,0.9903846153846154,15,15.0,0.0,1076,22.416666666666668,29.208333333333332,1.7291666666666667,8.645833333333334,0.0,10.35576923076923,5.1826923076923075,2.078846153846154,1.0442307692307693,0.5269230769230769,0.21653846153846154,0.11307692307692307
seq_h60_to_confirmB_h15,0.66,confirmB_h15,0.58,advisory_if_unsure,0.02975778546712803,4595,48,0.07116430903155604,326,1076,1,3192,0.23252496433666192,0.9969418960244648,0.37709658762290343,104,103,1,0.9903846153846154,15,15.0,0.0,1076,22.416666666666668,29.208333333333332,1.7291666666666667,8.645833333333334,0.6041666666666666,10.35576923076923,5.1826923076923075,2.078846153846154,1.0442307692307693,0.5269230769230769,0.21653846153846154,0.11307692307692307
seq_h60_to_confirmB_h15,0.66,confirmB_h15,0.58,confirm_only_if_unsure,0.02975778546712803,4595,48,0.07116430903155604,326,1090,1,3178,0.23022598870056496,0.9969418960244648,0.37406769936890416,104,103,1,0.9903846153846154,15,15.0,0.0,1090,22.708333333333332,29.5,1.75,8.75,0.6041666666666666,10.490384615384615,5.25,2.105769230769231,1.0576923076923077,0.5336538461538461,0.21923076923076923,0.11442307692307692
seq_h60_to_confirmB_h15,0.66,confirmB_h15,0.62,none,0.04775086505190312,4595,48,0.07116430903155604,326,1050,1,3218,0.2369186046511628,0.9969418960244648,0.3828537874339401,104,103,1,0.9903846153846154,15,15.0,0.0,1050,21.875,28.666666666666668,1.6875,8.4375,0.0,10.10576923076923,5.0576923076923075,2.0288461538461537,1.0192307692307692,0.5144230769230769,0.21153846153846154,0.11057692307692307
seq_h60_to_confirmB_h15,0.66,confirmB_h15,0.62,advisory_if_unsure,0.04775086505190312,4595,48,0.07116430903155604,326,1050,1,3218,0.2369186046511628,0.9969418960244648,0.3828537874339401,104,103,1,0.9903846153846154,15,15.0,0.0,1050,21.875,28.666666666666668,1.6875,8.4375,0.8333333333333334,10.10576923076923,5.0576923076923075,2.0288461538461537,1.0192307692307692,0.5144230769230769,0.21153846153846154,0.11057692307692307
seq_h60_to_confirmB_h15,0.66,confirmB_h15,0.62,confirm_only_if_unsure,0.04775086505190312,4595,48,0.07116430903155604,326,1079,1,3189,0.23202846975088967,0.9969418960244648,0.37644341801385683,104,103,1,0.9903846153846154,15,15.0,0.0,1079,22.479166666666668,29.270833333333332,1.7916666666666667,8.958333333333334,0.8333333333333334,10.384615384615385,5.197115384615385,2.0846153846153848,1.0471153846153847,0.5283653846153846,0.21711538461538463,0.11336538461538462
seq_h60_to_confirmB_h15,0.66,confirmB_h15,0.66,none,0.07612456747404844,4595,48,0.07116430903155604,326,1009,1,3259,0.2441947565543071,0.9969418960244648,0.39229843561973526,104,103,1,0.9903846153846154,15,15.0,0.0,1009,21.020833333333332,27.8125,1.6041666666666667,8.020833333333334,0.0,9.711538461538462,4.860576923076923,1.95,0.9798076923076923,0.4947115384615385,0.20365384615384616,0.10663461538461538
seq_h60_to_confirmB_h15,0.66,confirmB_h15,0.66,advisory_if_unsure,0.07612456747404844,4595,48,0.07116430903155604,326,1009,1,3259,0.2441947565543071,0.9969418960244648,0.39229843561973526,104,103,1,0.9903846153846154,15,15.0,0.0,1009,21.020833333333332,27.8125,1.6041666666666667,8.020833333333334,1.125,9.711538461538462,4.860576923076923,1.95,0.9798076923076923,0.4947115384615385,0.20365384615384616,0.10663461538461538
seq_h60_to_confirmB_h15,0.66,confirmB_h15,0.66,confirm_only_if_unsure,0.07612456747404844,4595,48,0.07116430903155604,326,1065,1,3203,0.23436376707404744,0.9969418960244648,0.37951105937136204,104,103,1,0.9903846153846154,15,15.0,0.0,1065,22.1875,28.979166666666668,1.8125,9.0625,1.125,10.25,5.1298076923076925,2.0576923076923075,1.0336538461538463,0.5216346153846154,0.2144230769230769,0.11201923076923077
seq_h60_to_confirmB_h15,0.66,confirmB_h15,0.7,none,0.16539792387543253,4595,48,0.07116430903155604,325,881,2,3387,0.269485903814262,0.9938837920489296,0.42400521852576645,104,103,1,0.9903846153846154,15,14.854368932038835,0.0,881,18.354166666666668,25.125,1.6666666666666667,8.333333333333334,0.0,8.48076923076923,4.2451923076923075,1.7038461538461538,0.8567307692307692,0.43317307692307694,0.17903846153846154,0.09432692307692307
seq_h60_to_confirmB_h15,0.66,confirmB_h15,0.7,advisory_if_unsure,0.16539792387543253,4595,48,0.07116430903155604,325,881,2,3387,0.269485903814262,0.9938837920489296,0.42400521852576645,104,103,1,0.9903846153846154,15,14.854368932038835,0.0,881,18.354166666666668,25.125,1.6666666666666667,8.333333333333334,2.5,8.48076923076923,4.2451923076923075,1.7038461538461538,0.8567307692307692,0.43317307692307694,0.17903846153846154,0.09432692307692307
seq_h60_to_confirmB_h15,0.66,confirmB_h15,0.7,confirm_only_if_unsure,0.16539792387543253,4595,48,0.07116430903155604,326,999,1,3269,0.2460377358490566,0.9969418960244648,0.3946731234866828,104,103,1,0.9903846153846154,15,15.0,0.0,999,20.8125,27.604166666666668,2.0416666666666665,10.208333333333334,2.5,9.615384615384615,4.8125,1.9307692307692308,0.9701923076923077,0.48990384615384613,0.20173076923076924,0.10567307692307693
seq_h60_to_confirmB_h15,0.66,confirmB_h15,0.74,none,0.24844290657439447,4595,48,0.07116430903155604,322,764,5,3504,0.2965009208103131,0.9847094801223242,0.4557678697806086,104,102,2,0.9807692307692307,15,14.705882352941176,0.0,764,15.916666666666666,22.625,1.9166666666666667,9.583333333333334,0.0,7.365384615384615,3.6923076923076925,1.4884615384615385,0.7538461538461538,0.38653846153846155,0.16615384615384615,0.0926923076923077
seq_h60_to_confirmB_h15,0.66,confirmB_h15,0.74,advisory_if_unsure,0.24844290657439447,4595,48,0.07116430903155604,322,764,5,3504,0.2965009208103131,0.9847094801223242,0.4557678697806086,104,102,2,0.9807692307692307,15,14.705882352941176,0.0,764,15.916666666666666,22.625,1.9166666666666667,9.583333333333334,3.9791666666666665,7.365384615384615,3.6923076923076925,1.4884615384615385,0.7538461538461538,0.38653846153846155,0.16615384615384615,0.0926923076923077
seq_h60_to_confirmB_h15,0.66,confirmB_h15,0.74,confirm_only_if_unsure,0.24844290657439447,4595,48,0.07116430903155604,324,930,3,3338,0.2583732057416268,0.9908256880733946,0.4098671726755218,104,103,1,0.9903846153846154,15,14.854368932038835,0.0,930,19.375,26.125,2.2916666666666665,11.458333333333334,3.9791666666666665,8.951923076923077,4.480769230769231,1.7980769230769231,0.9038461538461539,0.4567307692307692,0.18846153846153846,0.09903846153846153
seq_h60_to_confirmB_h15,0.66,confirmB_h15,0.78,none,0.3301038062283737,4595,48,0.07116430903155604,321,647,6,3621,0.33161157024793386,0.981651376146789,0.4957528957528958,104,102,2,0.9807692307692307,15,14.558823529411764,0.0,647,13.479166666666666,20.166666666666668,2.0,10.0,0.0,6.240384615384615,3.1298076923076925,1.2634615384615384,0.6413461538461539,0.33028846153846153,0.14365384615384616,0.08144230769230769
seq_h60_to_confirmB_h15,0.66,confirmB_h15,0.78,advisory_if_unsure,0.3301038062283737,4595,48,0.07116430903155604,321,647,6,3621,0.33161157024793386,0.981651376146789,0.4957528957528958,104,102,2,0.9807692307692307,15,14.558823529411764,0.0,647,13.479166666666666,20.166666666666668,2.0,10.0,5.3125,6.240384615384615,3.1298076923076925,1.2634615384615384,0.6413461538461539,0.33028846153846153,0.14365384615384616,0.08144230769230769
seq_h60_to_confirmB_h15,0.66,confirmB_h15,0.78,confirm_only_if_unsure,0.3301038062283737,4595,48,0.07116430903155604,324,866,3,3402,0.2722689075630252,0.9908256880733946,0.42715886618325644,104,103,1,0.9903846153846154,15,14.854368932038835,0.0,866,18.041666666666668,24.791666666666668,2.375,11.875,5.3125,8.336538461538462,4.173076923076923,1.675,0.8423076923076923,0.42596153846153845,0.17615384615384616,0.09288461538461538
seq_h60_to_confirmB_h15,0.66,confirmB_h15,0.82,none,0.3958477508650519,4595,48,0.07116430903155604,316,557,11,3711,0.3619702176403207,0.9663608562691132,0.5266666666666666,104,100,4,0.9615384615384616,15,14.4,0.0,557,11.604166666666666,18.1875,2.0625,10.3125,0.0,5.394230769230769,2.7163461538461537,1.1096153846153847,0.5740384615384615,0.30625,0.14557692307692308,0.09201923076923077
seq_h60_to_confirmB_h15,0.66,confirmB_h15,0.82,advisory_if_unsure,0.3958477508650519,4595,48,0.07116430903155604,316,557,11,3711,0.3619702176403207,0.9663608562691132,0.5266666666666666,104,100,4,0.9615384615384616,15,14.4,0.0,557,11.604166666666666,18.1875,2.0625,10.3125,6.25,5.394230769230769,2.7163461538461537,1.1096153846153847,0.5740384615384615,0.30625,0.14557692307692308,0.09201923076923077
seq_h60_to_confirmB_h15,0.66,confirmB_h15,0.82,confirm_only_if_unsure,0.3958477508650519,4595,48,0.07116430903155604,322,823,5,3445,0.2812227074235808,0.9847094801223242,0.4375,104,102,2,0.9807692307692307,15,14.852941176470589,0.0,823,17.145833333333332,23.854166666666668,2.4583333333333335,12.291666666666666,6.25,7.9326923076923075,3.9759615384615383,1.601923076923077,0.8105769230769231,0.4149038461538462,0.1775,0.09836538461538462
seq_h60_to_confirmB_h15,0.66,confirmB_h15,0.86,none,0.4519031141868512,4595,48,0.07116430903155604,312,480,15,3788,0.3939393939393939,0.9541284403669725,0.5576407506702413,104,99,5,0.9519230769230769,15,13.93939393939394,0.0,480,10.0,16.5,1.8958333333333333,9.479166666666666,0.0,4.663461538461538,2.355769230769231,0.9711538461538461,0.5096153846153846,0.27884615384615385,0.14038461538461539,0.09423076923076923
seq_h60_to_confirmB_h15,0.66,confirmB_h15,0.86,advisory_if_unsure,0.4519031141868512,4595,48,0.07116430903155604,312,480,15,3788,0.3939393939393939,0.9541284403669725,0.5576407506702413,104,99,5,0.9519230769230769,15,13.93939393939394,0.0,480,10.0,16.5,1.8958333333333333,9.479166666666666,7.0625,4.663461538461538,2.355769230769231,0.9711538461538461,0.5096153846153846,0.27884615384615385,0.14038461538461539,0.09423076923076923
seq_h60_to_confirmB_h15,0.66,confirmB_h15,0.86,confirm_only_if_unsure,0.4519031141868512,4595,48,0.07116430903155604,320,786,7,3482,0.28933092224231466,0.9785932721712538,0.4466154919748779,104,101,3,0.9711538461538461,15,14.702970297029703,0.0,786,16.375,23.041666666666668,2.5,12.5,7.0625,7.586538461538462,3.8076923076923075,1.5403846153846155,0.7846153846153846,0.40673076923076923,0.18,0.10442307692307692
seq_h60_to_confirmB_h15,0.66,confirmB_h15,0.9,none,0.528719723183391,4595,48,0.07116430903155604,304,377,23,3891,0.44640234948604995,0.9296636085626911,0.6031746031746031,104,96,8,0.9230769230769231,15,13.59375,0.0,377,7.854166666666667,14.1875,2.0625,10.3125,0.0,3.701923076923077,1.8894230769230769,0.801923076923077,0.4394230769230769,0.25817307692307695,0.14942307692307694,0.11317307692307692
seq_h60_to_confirmB_h15,0.66,confirmB_h15,0.9,advisory_if_unsure,0.528719723183391,4595,48,0.07116430903155604,304,377,23,3891,0.44640234948604995,0.9296636085626911,0.6031746031746031,104,96,8,0.9230769230769231,15,13.59375,0.0,377,7.854166666666667,14.1875,2.0625,10.3125,8.125,3.701923076923077,1.8894230769230769,0.801923076923077,0.4394230769230769,0.25817307692307695,0.14942307692307694,0.11317307692307692
seq_h60_to_confirmB_h15,0.66,confirmB_h15,0.9,confirm_only_if_unsure,0.528719723183391,4595,48,0.07116430903155604,318,737,9,3531,0.3014218009478673,0.9724770642201835,0.4602026049204052,104,100,4,0.9615384615384616,15,14.55,0.0,737,15.354166666666666,21.979166666666668,2.6458333333333335,13.229166666666666,8.125,7.125,3.581730769230769,1.4557692307692307,0.7471153846153846,0.39278846153846153,0.18019230769230768,0.10932692307692307
seq_h60_to_confirmB_h15,0.66,confirmB_h15,0.94,none,0.6491349480968858,4595,48,0.07116430903155604,278,229,49,4039,0.5483234714003945,0.8501529051987767,0.6666666666666666,104,88,16,0.8461538461538461,15,11.420454545454545,0.0,229,4.770833333333333,10.5625,2.1666666666666665,10.833333333333334,0.0,2.355769230769231,1.2548076923076923,0.5942307692307692,0.37403846153846154,0.2639423076923077,0.19788461538461538,0.17586538461538462
seq_h60_to_confirmB_h15,0.66,confirmB_h15,0.94,advisory_if_unsure,0.6491349480968858,4595,48,0.07116430903155604,278,229,49,4039,0.5483234714003945,0.8501529051987767,0.6666666666666666,104,88,16,0.8461538461538461,15,11.420454545454545,0.0,229,4.770833333333333,10.5625,2.1666666666666665,10.833333333333334,9.583333333333334,2.355769230769231,1.2548076923076923,0.5942307692307692,0.37403846153846154,0.2639423076923077,0.19788461538461538,0.17586538461538462
seq_h60_to_confirmB_h15,0.66,confirmB_h15,0.94,confirm_only_if_unsure,0.6491349480968858,4595,48,0.07116430903155604,306,679,21,3589,0.31065989847715736,0.9357798165137615,0.46646341463414637,104,98,6,0.9423076923076923,15,13.16326530612245,0.0,679,14.145833333333334,20.520833333333332,2.875,14.375,9.583333333333334,6.586538461538462,3.3221153846153846,1.3634615384615385,0.7105769230769231,0.3841346153846154,0.18826923076923077,0.12298076923076923
seq_h60_to_confirmB_h15,0.66,confirmB_h15,0.98,none,0.8166089965397924,4595,48,0.07116430903155604,195,70,132,4198,0.7358490566037735,0.5963302752293578,0.6587837837837838,104,64,40,0.6153846153846154,15,6.5625,0.0,70,1.4583333333333333,5.520833333333333,1.7291666666666667,8.645833333333334,0.0,1.0576923076923077,0.7211538461538461,0.5192307692307693,0.4519230769230769,0.4182692307692308,0.39807692307692305,0.39134615384615384
seq_h60_to_confirmB_h15,0.66,confirmB_h15,0.98,advisory_if_unsure,0.8166089965397924,4595,48,0.07116430903155604,195,70,132,4198,0.7358490566037735,0.5963302752293578,0.6587837837837838,104,64,40,0.6153846153846154,15,6.5625,0.0,70,1.4583333333333333,5.520833333333333,1.7291666666666667,8.645833333333334,11.25,1.0576923076923077,0.7211538461538461,0.5192307692307693,0.4519230769230769,0.4182692307692308,0.39807692307692305,0.39134615384615384
seq_h60_to_confirmB_h15,0.66,confirmB_h15,0.98,confirm_only_if_unsure,0.8166089965397924,4595,48,0.07116430903155604,279,626,48,3642,0.3082872928176796,0.8532110091743119,0.45292207792207795,104,94,10,0.9038461538461539,15,11.329787234042554,0.0,626,13.041666666666666,18.854166666666668,3.0833333333333335,15.416666666666666,11.25,6.115384615384615,3.105769230769231,1.3,0.698076923076923,0.3971153846153846,0.21653846153846154,0.15634615384615386
seq_h60_to_confirmB_h15,0.7,confirmB_h15,0.5,none,0.008681925808997633,4595,48,0.07116430903155604,323,933,4,3335,0.2571656050955414,0.9877675840978594,0.4080859128237524,104,102,2,0.9807692307692307,15,14.852941176470589,0.0,933,19.4375,26.166666666666668,1.8333333333333333,9.166666666666666,0.0,8.990384615384615,4.5048076923076925,1.8134615384615385,0.9163461538461538,0.46778846153846154,0.19865384615384615,0.10894230769230769
seq_h60_to_confirmB_h15,0.7,confirmB_h15,0.5,advisory_if_unsure,0.008681925808997633,4595,48,0.07116430903155604,323,933,4,3335,0.2571656050955414,0.9877675840978594,0.4080859128237524,104,102,2,0.9807692307692307,15,14.852941176470589,0.0,933,19.4375,26.166666666666668,1.8333333333333333,9.166666666666666,0.14583333333333334,8.990384615384615,4.5048076923076925,1.8134615384615385,0.9163461538461538,0.46778846153846154,0.19865384615384615,0.10894230769230769
seq_h60_to_confirmB_h15,0.7,confirmB_h15,0.5,confirm_only_if_unsure,0.008681925808997633,4595,48,0.07116430903155604,323,937,4,3331,0.2563492063492063,0.9877675840978594,0.40705734089477,104,102,2,0.9807692307692307,15,14.852941176470589,0.0,937,19.520833333333332,26.25,1.8541666666666667,9.270833333333334,0.14583333333333334,9.028846153846153,4.524038461538462,1.8211538461538461,0.9201923076923076,0.46971153846153846,0.19942307692307693,0.10932692307692307
seq_h60_to_confirmB_h15,0.7,confirmB_h15,0.54,none,0.009471191791633781,4595,48,0.07116430903155604,323,932,4,3336,0.25737051792828686,0.9877675840978594,0.4083438685208597,104,102,2,0.9807692307692307,15,14.852941176470589,0.0,932,19.416666666666668,26.145833333333332,1.8333333333333333,9.166666666666666,0.0,8.98076923076923,4.5,1.8115384615384615,0.9153846153846154,0.4673076923076923,0.19846153846153847,0.10884615384615384
seq_h60_to_confirmB_h15,0.7,confirmB_h15,0.54,advisory_if_unsure,0.009471191791633781,4595,48,0.07116430903155604,323,932,4,3336,0.25737051792828686,0.9877675840978594,0.4083438685208597,104,102,2,0.9807692307692307,15,14.852941176470589,0.0,932,19.416666666666668,26.145833333333332,1.8333333333333333,9.166666666666666,0.14583333333333334,8.98076923076923,4.5,1.8115384615384615,0.9153846153846154,0.4673076923076923,0.19846153846153847,0.10884615384615384
seq_h60_to_confirmB_h15,0.7,confirmB_h15,0.54,confirm_only_if_unsure,0.009471191791633781,4595,48,0.07116430903155604,323,937,4,3331,0.2563492063492063,0.9877675840978594,0.40705734089477,104,102,2,0.9807692307692307,15,14.852941176470589,0.0,937,19.520833333333332,26.25,1.8541666666666667,9.270833333333334,0.14583333333333334,9.028846153846153,4.524038461538462,1.8211538461538461,0.9201923076923076,0.46971153846153846,0.19942307692307693,0.10932692307692307
seq_h60_to_confirmB_h15,0.7,confirmB_h15,0.58,none,0.011049723756906077,4595,48,0.07116430903155604,323,930,4,3338,0.257781324820431,0.9877675840978594,0.4088607594936709,104,102,2,0.9807692307692307,15,14.852941176470589,0.0,930,19.375,26.104166666666668,1.8333333333333333,9.166666666666666,0.0,8.961538461538462,4.490384615384615,1.8076923076923077,0.9134615384615384,0.46634615384615385,0.19807692307692307,0.10865384615384616
seq_h60_to_confirmB_h15,0.7,confirmB_h15,0.58,advisory_if_unsure,0.011049723756906077,4595,48,0.07116430903155604,323,930,4,3338,0.257781324820431,0.9877675840978594,0.4088607594936709,104,102,2,0.9807692307692307,15,14.852941176470589,0.0,930,19.375,26.104166666666668,1.8333333333333333,9.166666666666666,0.16666666666666666,8.961538461538462,4.490384615384615,1.8076923076923077,0.9134615384615384,0.46634615384615385,0.19807692307692307,0.10865384615384616
seq_h60_to_confirmB_h15,0.7,confirmB_h15,0.58,confirm_only_if_unsure,0.011049723756906077,4595,48,0.07116430903155604,323,936,4,3332,0.2565528196981732,0.9877675840978594,0.4073139974779319,104,102,2,0.9807692307692307,15,14.852941176470589,0.0,936,19.5,26.229166666666668,1.8541666666666667,9.270833333333334,0.16666666666666666,9.01923076923077,4.519230769230769,1.8192307692307692,0.9192307692307692,0.46923076923076923,0.19923076923076924,0.10923076923076923
seq_h60_to_confirmB_h15,0.7,confirmB_h15,0.62,none,0.016574585635359115,4595,48,0.07116430903155604,323,923,4,3345,0.2592295345104334,0.9877675840978594,0.410680228862047,104,102,2,0.9807692307692307,15,14.852941176470589,0.0,923,19.229166666666668,25.958333333333332,1.8125,9.0625,0.0,8.89423076923077,4.456730769230769,1.7942307692307693,0.9067307692307692,0.46298076923076925,0.19673076923076924,0.10798076923076923
seq_h60_to_confirmB_h15,0.7,confirmB_h15,0.62,advisory_if_unsure,0.016574585635359115,4595,48,0.07116430903155604,323,923,4,3345,0.2592295345104334,0.9877675840978594,0.410680228862047,104,102,2,0.9807692307692307,15,14.852941176470589,0.0,923,19.229166666666668,25.958333333333332,1.8125,9.0625,0.22916666666666666,8.89423076923077,4.456730769230769,1.7942307692307693,0.9067307692307692,0.46298076923076925,0.19673076923076924,0.10798076923076923
seq_h60_to_confirmB_h15,0.7,confirmB_h15,0.62,confirm_only_if_unsure,0.016574585635359115,4595,48,0.07116430903155604,323,933,4,3335,0.2571656050955414,0.9877675840978594,0.4080859128237524,104,102,2,0.9807692307692307,15,14.852941176470589,0.0,933,19.4375,26.166666666666668,1.8958333333333333,9.479166666666666,0.22916666666666666,8.990384615384615,4.5048076923076925,1.8134615384615385,0.9163461538461538,0.46778846153846154,0.19865384615384615,0.10894230769230769
seq_h60_to_confirmB_h15,0.7,confirmB_h15,0.66,none,0.026835043409629045,4595,48,0.07116430903155604,323,910,4,3358,0.2619626926196269,0.9877675840978594,0.41410256410256413,104,102,2,0.9807692307692307,15,14.852941176470589,0.0,910,18.958333333333332,25.6875,1.7916666666666667,8.958333333333334,0.0,8.76923076923077,4.394230769230769,1.7692307692307692,0.8942307692307693,0.4567307692307692,0.19423076923076923,0.10673076923076923
seq_h60_to_confirmB_h15,0.7,confirmB_h15,0.66,advisory_if_unsure,0.026835043409629045,4595,48,0.07116430903155604,323,910,4,3358,0.2619626926196269,0.9877675840978594,0.41410256410256413,104,102,2,0.9807692307692307,15,14.852941176470589,0.0,910,18.958333333333332,25.6875,1.7916666666666667,8.958333333333334,0.375,8.76923076923077,4.394230769230769,1.7692307692307692,0.8942307692307693,0.4567307692307692,0.19423076923076923,0.10673076923076923
seq_h60_to_confirmB_h15,0.7,confirmB_h15,0.66,confirm_only_if_unsure,0.026835043409629045,4595,48,0.07116430903155604,323,926,4,3342,0.2586068855084067,0.9877675840978594,0.4098984771573604,104,102,2,0.9807692307692307,15,14.852941176470589,0.0,926,19.291666666666668,26.020833333333332,1.8958333333333333,9.479166666666666,0.375,8.923076923076923,4.471153846153846,1.8,0.9096153846153846,0.46442307692307694,0.1973076923076923,0.10826923076923077
seq_h60_to_confirmB_h15,0.7,confirmB_h15,0.7,none,0.07971586424625099,4595,48,0.07116430903155604,322,844,5,3424,0.27615780445969124,0.9847094801223242,0.4313462826523778,104,102,2,0.9807692307692307,15,14.705882352941176,0.0,844,17.583333333333332,24.291666666666668,1.75,8.75,0.0,8.134615384615385,4.076923076923077,1.6423076923076922,0.8307692307692308,0.425,0.18153846153846154,0.10038461538461538
seq_h60_to_confirmB_h15,0.7,confirmB_h15,0.7,advisory_if_unsure,0.07971586424625099,4595,48,0.07116430903155604,322,844,5,3424,0.27615780445969124,0.9847094801223242,0.4313462826523778,104,102,2,0.9807692307692307,15,14.705882352941176,0.0,844,17.583333333333332,24.291666666666668,1.75,8.75,1.1041666666666667,8.134615384615385,4.076923076923077,1.6423076923076922,0.8307692307692308,0.425,0.18153846153846154,0.10038461538461538
seq_h60_to_confirmB_h15,0.7,confirmB_h15,0.7,confirm_only_if_unsure,0.07971586424625099,4595,48,0.07116430903155604,323,891,4,3377,0.2660626029654036,0.9877675840978594,0.41920830629461386,104,102,2,0.9807692307692307,15,14.852941176470589,0.0,891,18.5625,25.291666666666668,1.9583333333333333,9.791666666666666,1.1041666666666667,8.586538461538462,4.302884615384615,1.7326923076923078,0.8759615384615385,0.44759615384615387,0.1905769230769231,0.10490384615384615
seq_h60_to_confirmB_h15,0.7,confirmB_h15,0.74,none,0.16101026045777428,4595,48,0.07116430903155604,319,744,8,3524,0.30009407337723426,0.9755351681957186,0.4589928057553957,104,101,3,0.9711538461538461,15,14.554455445544555,0.0,744,15.5,22.145833333333332,1.9375,9.6875,0.0,7.1826923076923075,3.605769230769231,1.4596153846153845,0.7442307692307693,0.38653846153846155,0.17192307692307693,0.10038461538461538
seq_h60_to_confirmB_h15,0.7,confirmB_h15,0.74,advisory_if_unsure,0.16101026045777428,4595,48,0.07116430903155604,319,744,8,3524,0.30009407337723426,0.9755351681957186,0.4589928057553957,104,101,3,0.9711538461538461,15,14.554455445544555,0.0,744,15.5,22.145833333333332,1.9375,9.6875,2.3333333333333335,7.1826923076923075,3.605769230769231,1.4596153846153845,0.7442307692307693,0.38653846153846155,0.17192307692307693,0.10038461538461538
seq_h60_to_confirmB_h15,0.7,confirmB_h15,0.74,confirm_only_if_unsure,0.16101026045777428,4595,48,0.07116430903155604,321,834,6,3434,0.2779220779220779,0.981651376146789,0.4331983805668016,104,102,2,0.9807692307692307,15,14.705882352941176,0.0,834,17.375,24.0625,2.1666666666666665,10.833333333333334,2.3333333333333335,8.038461538461538,4.028846153846154,1.623076923076923,0.8211538461538461,0.4201923076923077,0.17961538461538462,0.09942307692307692
seq_h60_to_confirmB_h15,0.7,confirmB_h15,0.78,none,0.2462509865824783,4595,48,0.07116430903155604,318,637,9,3631,0.33298429319371725,0.9724770642201835,0.4960998439937597,104,101,3,0.9711538461538461,15,14.405940594059405,0.0,637,13.270833333333334,19.895833333333332,2.0416666666666665,10.208333333333334,0.0,6.153846153846154,3.0913461538461537,1.2538461538461538,0.6413461538461539,0.3350961538461538,0.15134615384615385,0.09009615384615384
seq_h60_to_confirmB_h15,0.7,confirmB_h15,0.78,advisory_if_unsure,0.2462509865824783,4595,48,0.07116430903155604,318,637,9,3631,0.33298429319371725,0.9724770642201835,0.4960998439937597,104,101,3,0.9711538461538461,15,14.405940594059405,0.0,637,13.270833333333334,19.895833333333332,2.0416666666666665,10.208333333333334,3.5,6.153846153846154,3.0913461538461537,1.2538461538461538,0.6413461538461539,0.3350961538461538,0.15134615384615385,0.09009615384615384
seq_h60_to_confirmB_h15,0.7,confirmB_h15,0.78,confirm_only_if_unsure,0.2462509865824783,4595,48,0.07116430903155604,321,778,6,3490,0.29208371246587805,0.981651376146789,0.45021037868162694,104,102,2,0.9807692307692307,15,14.705882352941176,0.0,778,16.208333333333332,22.895833333333332,2.25,11.25,3.5,7.5,3.7596153846153846,1.5153846153846153,0.7673076923076924,0.39326923076923076,0.16884615384615384,0.09403846153846154
seq_h60_to_confirmB_h15,0.7,confirmB_h15,0.82,none,0.3149171270718232,4595,48,0.07116430903155604,315,553,12,3715,0.3629032258064516,0.963302752293578,0.5271966527196653,104,100,4,0.9615384615384616,15,14.4,0.0,553,11.520833333333334,18.083333333333332,2.0625,10.3125,0.0,5.355769230769231,2.6971153846153846,1.101923076923077,0.5701923076923077,0.30432692307692305,0.1448076923076923,0.09163461538461538
seq_h60_to_confirmB_h15,0.7,confirmB_h15,0.82,advisory_if_unsure,0.3149171270718232,4595,48,0.07116430903155604,315,553,12,3715,0.3629032258064516,0.963302752293578,0.5271966527196653,104,100,4,0.9615384615384616,15,14.4,0.0,553,11.520833333333334,18.083333333333332,2.0625,10.3125,4.354166666666667,5.355769230769231,2.6971153846153846,1.101923076923077,0.5701923076923077,0.30432692307692305,0.1448076923076923,0.09163461538461538
seq_h60_to_confirmB_h15,0.7,confirmB_h15,0.82,confirm_only_if_unsure,0.3149171270718232,4595,48,0.07116430903155604,319,739,8,3529,0.30151228733459357,0.9755351681957186,0.46064981949458483,104,101,3,0.9711538461538461,15,14.702970297029703,0.0,739,15.395833333333334,22.041666666666668,2.2916666666666665,11.458333333333334,4.354166666666667,7.134615384615385,3.581730769230769,1.45,0.739423076923077,0.3841346153846154,0.17096153846153847,0.09990384615384615
seq_h60_to_confirmB_h15,0.7,confirmB_h15,0.86,none,0.3780584056827151,4595,48,0.07116430903155604,311,477,16,3791,0.3946700507614213,0.9510703363914373,0.557847533632287,104,99,5,0.9519230769230769,15,13.93939393939394,0.0,477,9.9375,16.416666666666668,1.8958333333333333,9.479166666666666,0.0,4.634615384615385,2.3413461538461537,0.9653846153846154,0.5067307692307692,0.27740384615384617,0.1398076923076923,0.09394230769230769
seq_h60_to_confirmB_h15,0.7,confirmB_h15,0.86,advisory_if_unsure,0.3780584056827151,4595,48,0.07116430903155604,311,477,16,3791,0.3946700507614213,0.9510703363914373,0.557847533632287,104,99,5,0.9519230769230769,15,13.93939393939394,0.0,477,9.9375,16.416666666666668,1.8958333333333333,9.479166666666666,5.145833333333333,4.634615384615385,2.3413461538461537,0.9653846153846154,0.5067307692307692,0.27740384615384617,0.1398076923076923,0.09394230769230769
seq_h60_to_confirmB_h15,0.7,confirmB_h15,0.86,confirm_only_if_unsure,0.3780584056827151,4595,48,0.07116430903155604,317,703,10,3565,0.3107843137254902,0.9694189602446484,0.4706755753526355,104,100,4,0.9615384615384616,15,14.55,0.0,703,14.645833333333334,21.25,2.3125,11.5625,5.145833333333333,6.798076923076923,3.418269230769231,1.3903846153846153,0.7144230769230769,0.3764423076923077,0.17365384615384616,0.10605769230769231
seq_h60_to_confirmB_h15,0.7,confirmB_h15,0.9,none,0.46408839779005523,4595,48,0.07116430903155604,303,376,24,3892,0.44624447717231225,0.926605504587156,0.6023856858846919,104,96,8,0.9230769230769231,15,13.59375,0.0,376,7.833333333333333,14.145833333333334,2.0416666666666665,10.208333333333334,0.0,3.6923076923076925,1.8846153846153846,0.8,0.43846153846153846,0.25769230769230766,0.14923076923076922,0.11307692307692307
seq_h60_to_confirmB_h15,0.7,confirmB_h15,0.9,advisory_if_unsure,0.46408839779005523,4595,48,0.07116430903155604,303,376,24,3892,0.44624447717231225,0.926605504587156,0.6023856858846919,104,96,8,0.9230769230769231,15,13.59375,0.0,376,7.833333333333333,14.145833333333334,2.0416666666666665,10.208333333333334,6.1875,3.6923076923076925,1.8846153846153846,0.8,0.43846153846153846,0.25769230769230766,0.14923076923076922,0.11307692307692307
seq_h60_to_confirmB_h15,0.7,confirmB_h15,0.9,confirm_only_if_unsure,0.46408839779005523,4595,48,0.07116430903155604,315,655,12,3613,0.3247422680412371,0.963302752293578,0.48573631457208943,104,99,5,0.9519230769230769,15,14.393939393939394,0.0,655,13.645833333333334,20.208333333333332,2.4375,12.1875,6.1875,6.346153846153846,3.1971153846153846,1.3076923076923077,0.6778846153846154,0.3629807692307692,0.17403846153846153,0.1110576923076923
seq_h60_to_confirmB_h15,0.7,confirmB_h15,0.94,none,0.601420678768745,4595,48,0.07116430903155604,277,228,50,4040,0.5485148514851486,0.8470948012232415,0.6658653846153846,104,88,16,0.8461538461538461,15,11.420454545454545,0.0,228,4.75,10.520833333333334,2.1458333333333335,10.729166666666666,0.0,2.3461538461538463,1.25,0.5923076923076923,0.3730769230769231,0.26346153846153847,0.1976923076923077,0.17576923076923076
seq_h60_to_confirmB_h15,0.7,confirmB_h15,0.94,advisory_if_unsure,0.601420678768745,4595,48,0.07116430903155604,277,228,50,4040,0.5485148514851486,0.8470948012232415,0.6658653846153846,104,88,16,0.8461538461538461,15,11.420454545454545,0.0,228,4.75,10.520833333333334,2.1458333333333335,10.729166666666666,7.645833333333333,2.3461538461538463,1.25,0.5923076923076923,0.3730769230769231,0.26346153846153847,0.1976923076923077,0.17576923076923076
seq_h60_to_confirmB_h15,0.7,confirmB_h15,0.94,confirm_only_if_unsure,0.601420678768745,4595,48,0.07116430903155604,303,597,24,3671,0.33666666666666667,0.926605504587156,0.4938875305623472,104,97,7,0.9326923076923077,15,12.989690721649485,0.0,597,12.4375,18.75,2.6458333333333335,13.229166666666666,7.645833333333333,5.8076923076923075,2.9375,1.2153846153846153,0.6413461538461539,0.3543269230769231,0.18211538461538462,0.12471153846153846
seq_h60_to_confirmB_h15,0.7,confirmB_h15,0.98,none,0.7908445146014207,4595,48,0.07116430903155604,195,70,132,4198,0.7358490566037735,0.5963302752293578,0.6587837837837838,104,64,40,0.6153846153846154,15,6.5625,0.0,70,1.4583333333333333,5.520833333333333,1.7291666666666667,8.645833333333334,0.0,1.0576923076923077,0.7211538461538461,0.5192307692307693,0.4519230769230769,0.4182692307692308,0.39807692307692305,0.39134615384615384
seq_h60_to_confirmB_h15,0.7,confirmB_h15,0.98,advisory_if_unsure,0.7908445146014207,4595,48,0.07116430903155604,195,70,132,4198,0.7358490566037735,0.5963302752293578,0.6587837837837838,104,64,40,0.6153846153846154,15,6.5625,0.0,70,1.4583333333333333,5.520833333333333,1.7291666666666667,8.645833333333334,9.3125,1.0576923076923077,0.7211538461538461,0.5192307692307693,0.4519230769230769,0.4182692307692308,0.39807692307692305,0.39134615384615384
seq_h60_to_confirmB_h15,0.7,confirmB_h15,0.98,confirm_only_if_unsure,0.7908445146014207,4595,48,0.07116430903155604,276,544,51,3724,0.33658536585365856,0.8440366972477065,0.4812554489973845,104,93,11,0.8942307692307693,15,11.129032258064516,0.0,544,11.333333333333334,17.083333333333332,2.8541666666666665,14.270833333333334,9.3125,5.336538461538462,2.7211538461538463,1.1519230769230768,0.6288461538461538,0.36730769230769234,0.2103846153846154,0.1580769230769231
seq_h60_to_confirmB_h15,0.74,confirmB_h15,0.5,none,0.004528985507246377,4595,48,0.07116430903155604,316,783,11,3485,0.2875341219290264,0.9663608562691132,0.4431977559607293,104,101,3,0.9711538461538461,15,14.554455445544555,0.0,783,16.3125,22.895833333333332,1.875,9.375,0.0,7.5576923076923075,3.793269230769231,1.5346153846153847,0.7817307692307692,0.40528846153846154,0.17942307692307694,0.10413461538461538
seq_h60_to_confirmB_h15,0.74,confirmB_h15,0.5,advisory_if_unsure,0.004528985507246377,4595,48,0.07116430903155604,316,783,11,3485,0.2875341219290264,0.9663608562691132,0.4431977559607293,104,101,3,0.9711538461538461,15,14.554455445544555,0.0,783,16.3125,22.895833333333332,1.875,9.375,0.08333333333333333,7.5576923076923075,3.793269230769231,1.5346153846153847,0.7817307692307692,0.40528846153846154,0.17942307692307694,0.10413461538461538
seq_h60_to_confirmB_h15,0.74,confirmB_h15,0.5,confirm_only_if_unsure,0.004528985507246377,4595,48,0.07116430903155604,316,784,11,3484,0.2872727272727273,0.9663608562691132,0.4428871758934828,104,101,3,0.9711538461538461,15,14.554455445544555,0.0,784,16.333333333333332,22.916666666666668,1.8958333333333333,9.479166666666666,0.08333333333333333,7.5673076923076925,3.798076923076923,1.5365384615384616,0.7826923076923077,0.40576923076923077,0.17961538461538462,0.10423076923076922
seq_h60_to_confirmB_h15,0.74,confirmB_h15,0.54,none,0.004528985507246377,4595,48,0.07116430903155604,316,783,11,3485,0.2875341219290264,0.9663608562691132,0.4431977559607293,104,101,3,0.9711538461538461,15,14.554455445544555,0.0,783,16.3125,22.895833333333332,1.875,9.375,0.0,7.5576923076923075,3.793269230769231,1.5346153846153847,0.7817307692307692,0.40528846153846154,0.17942307692307694,0.10413461538461538
seq_h60_to_confirmB_h15,0.74,confirmB_h15,0.54,advisory_if_unsure,0.004528985507246377,4595,48,0.07116430903155604,316,783,11,3485,0.2875341219290264,0.9663608562691132,0.4431977559607293,104,101,3,0.9711538461538461,15,14.554455445544555,0.0,783,16.3125,22.895833333333332,1.875,9.375,0.08333333333333333,7.5576923076923075,3.793269230769231,1.5346153846153847,0.7817307692307692,0.40528846153846154,0.17942307692307694,0.10413461538461538
seq_h60_to_confirmB_h15,0.74,confirmB_h15,0.54,confirm_only_if_unsure,0.004528985507246377,4595,48,0.07116430903155604,316,784,11,3484,0.2872727272727273,0.9663608562691132,0.4428871758934828,104,101,3,0.9711538461538461,15,14.554455445544555,0.0,784,16.333333333333332,22.916666666666668,1.8958333333333333,9.479166666666666,0.08333333333333333,7.5673076923076925,3.798076923076923,1.5365384615384616,0.7826923076923077,0.40576923076923077,0.17961538461538462,0.10423076923076922
seq_h60_to_confirmB_h15,0.74,confirmB_h15,0.58,none,0.005434782608695652,4595,48,0.07116430903155604,316,782,11,3486,0.2877959927140255,0.9663608562691132,0.4435087719298246,104,101,3,0.9711538461538461,15,14.554455445544555,0.0,782,16.291666666666668,22.875,1.875,9.375,0.0,7.548076923076923,3.7884615384615383,1.5326923076923078,0.7807692307692308,0.4048076923076923,0.17923076923076922,0.10403846153846154
seq_h60_to_confirmB_h15,0.74,confirmB_h15,0.58,advisory_if_unsure,0.005434782608695652,4595,48,0.07116430903155604,316,782,11,3486,0.2877959927140255,0.9663608562691132,0.4435087719298246,104,101,3,0.9711538461538461,15,14.554455445544555,0.0,782,16.291666666666668,22.875,1.875,9.375,0.08333333333333333,7.548076923076923,3.7884615384615383,1.5326923076923078,0.7807692307692308,0.4048076923076923,0.17923076923076922,0.10403846153846154
seq_h60_to_confirmB_h15,0.74,confirmB_h15,0.58,confirm_only_if_unsure,0.005434782608695652,4595,48,0.07116430903155604,316,784,11,3484,0.2872727272727273,0.9663608562691132,0.4428871758934828,104,101,3,0.9711538461538461,15,14.554455445544555,0.0,784,16.333333333333332,22.916666666666668,1.8958333333333333,9.479166666666666,0.08333333333333333,7.5673076923076925,3.798076923076923,1.5365384615384616,0.7826923076923077,0.40576923076923077,0.17961538461538462,0.10423076923076922
seq_h60_to_confirmB_h15,0.74,confirmB_h15,0.62,none,0.007246376811594203,4595,48,0.07116430903155604,316,780,11,3488,0.28832116788321166,0.9663608562691132,0.44413211524947294,104,101,3,0.9711538461538461,15,14.554455445544555,0.0,780,16.25,22.833333333333332,1.875,9.375,0.0,7.528846153846154,3.7788461538461537,1.5288461538461537,0.7788461538461539,0.40384615384615385,0.17884615384615385,0.10384615384615385
seq_h60_to_confirmB_h15,0.74,confirmB_h15,0.62,advisory_if_unsure,0.007246376811594203,4595,48,0.07116430903155604,316,780,11,3488,0.28832116788321166,0.9663608562691132,0.44413211524947294,104,101,3,0.9711538461538461,15,14.554455445544555,0.0,780,16.25,22.833333333333332,1.875,9.375,0.125,7.528846153846154,3.7788461538461537,1.5288461538461537,0.7788461538461539,0.40384615384615385,0.17884615384615385,0.10384615384615385
seq_h60_to_confirmB_h15,0.74,confirmB_h15,0.62,confirm_only_if_unsure,0.007246376811594203,4595,48,0.07116430903155604,316,782,11,3486,0.2877959927140255,0.9663608562691132,0.4435087719298246,104,101,3,0.9711538461538461,15,14.554455445544555,0.0,782,16.291666666666668,22.875,1.8958333333333333,9.479166666666666,0.125,7.548076923076923,3.7884615384615383,1.5326923076923078,0.7807692307692308,0.4048076923076923,0.17923076923076922,0.10403846153846154
seq_h60_to_confirmB_h15,0.74,confirmB_h15,0.66,none,0.014492753623188406,4595,48,0.07116430903155604,316,772,11,3496,0.29044117647058826,0.9663608562691132,0.446643109540636,104,101,3,0.9711538461538461,15,14.554455445544555,0.0,772,16.083333333333332,22.666666666666668,1.8541666666666667,9.270833333333334,0.0,7.451923076923077,3.7403846153846154,1.5134615384615384,0.7711538461538462,0.4,0.1773076923076923,0.10307692307692308
seq_h60_to_confirmB_h15,0.74,confirmB_h15,0.66,advisory_if_unsure,0.014492753623188406,4595,48,0.07116430903155604,316,772,11,3496,0.29044117647058826,0.9663608562691132,0.446643109540636,104,101,3,0.9711538461538461,15,14.554455445544555,0.0,772,16.083333333333332,22.666666666666668,1.8541666666666667,9.270833333333334,0.25,7.451923076923077,3.7403846153846154,1.5134615384615384,0.7711538461538462,0.4,0.1773076923076923,0.10307692307692308
seq_h60_to_confirmB_h15,0.74,confirmB_h15,0.66,confirm_only_if_unsure,0.014492753623188406,4595,48,0.07116430903155604,316,776,11,3492,0.2893772893772894,0.9663608562691132,0.44538407329105,104,101,3,0.9711538461538461,15,14.554455445544555,0.0,776,16.166666666666668,22.75,1.875,9.375,0.25,7.490384615384615,3.7596153846153846,1.521153846153846,0.775,0.40192307692307694,0.17807692307692308,0.10346153846153847
seq_h60_to_confirmB_h15,0.74,confirmB_h15,0.7,none,0.03894927536231884,4595,48,0.07116430903155604,316,745,11,3523,0.29783223374175305,0.9663608562691132,0.4553314121037464,104,101,3,0.9711538461538461,15,14.554455445544555,0.0,745,15.520833333333334,22.104166666666668,1.7916666666666667,8.958333333333334,0.0,7.1923076923076925,3.610576923076923,1.4615384615384615,0.7451923076923077,0.3870192307692308,0.17211538461538461,0.10048076923076923
seq_h60_to_confirmB_h15,0.74,confirmB_h15,0.7,advisory_if_unsure,0.03894927536231884,4595,48,0.07116430903155604,316,745,11,3523,0.29783223374175305,0.9663608562691132,0.4553314121037464,104,101,3,0.9711538461538461,15,14.554455445544555,0.0,745,15.520833333333334,22.104166666666668,1.7916666666666667,8.958333333333334,0.5416666666666666,7.1923076923076925,3.610576923076923,1.4615384615384615,0.7451923076923077,0.3870192307692308,0.17211538461538461,0.10048076923076923
seq_h60_to_confirmB_h15,0.74,confirmB_h15,0.7,confirm_only_if_unsure,0.03894927536231884,4595,48,0.07116430903155604,316,762,11,3506,0.29313543599257885,0.9663608562691132,0.4498220640569395,104,101,3,0.9711538461538461,15,14.554455445544555,0.0,762,15.875,22.458333333333332,1.8541666666666667,9.270833333333334,0.5416666666666666,7.355769230769231,3.6923076923076925,1.4942307692307693,0.7615384615384615,0.3951923076923077,0.1753846153846154,0.10211538461538462
seq_h60_to_confirmB_h15,0.74,confirmB_h15,0.74,none,0.09329710144927536,4595,48,0.07116430903155604,315,686,12,3582,0.3146853146853147,0.963302752293578,0.4743975903614458,104,100,4,0.9615384615384616,15,14.55,0.0,686,14.291666666666666,20.854166666666668,1.8958333333333333,9.479166666666666,0.0,6.634615384615385,3.3365384615384617,1.3576923076923078,0.698076923076923,0.3682692307692308,0.17038461538461538,0.10442307692307692
seq_h60_to_confirmB_h15,0.74,confirmB_h15,0.74,advisory_if_unsure,0.09329710144927536,4595,48,0.07116430903155604,315,686,12,3582,0.3146853146853147,0.963302752293578,0.4743975903614458,104,100,4,0.9615384615384616,15,14.55,0.0,686,14.291666666666666,20.854166666666668,1.8958333333333333,9.479166666666666,1.1666666666666667,6.634615384615385,3.3365384615384617,1.3576923076923078,0.698076923076923,0.3682692307692308,0.17038461538461538,0.10442307692307692
seq_h60_to_confirmB_h15,0.74,confirmB_h15,0.74,confirm_only_if_unsure,0.09329710144927536,4595,48,0.07116430903155604,316,732,11,3536,0.3015267175572519,0.9663608562691132,0.4596363636363636,104,101,3,0.9711538461538461,15,14.554455445544555,0.0,732,15.25,21.833333333333332,1.8958333333333333,9.479166666666666,1.1666666666666667,7.0673076923076925,3.548076923076923,1.4365384615384615,0.7326923076923076,0.38076923076923075,0.1696153846153846,0.09923076923076923
seq_h60_to_confirmB_h15,0.74,confirmB_h15,0.78,none,0.16394927536231885,4595,48,0.07116430903155604,314,609,13,3659,0.3401950162513543,0.9602446483180428,0.5024,104,100,4,0.9615384615384616,15,14.4,0.0,609,12.6875,19.229166666666668,1.9791666666666667,9.895833333333334,0.0,5.894230769230769,2.9663461538461537,1.2096153846153845,0.6240384615384615,0.33125,0.15557692307692308,0.09701923076923077
seq_h60_to_confirmB_h15,0.74,confirmB_h15,0.78,advisory_if_unsure,0.16394927536231885,4595,48,0.07116430903155604,314,609,13,3659,0.3401950162513543,0.9602446483180428,0.5024,104,100,4,0.9615384615384616,15,14.4,0.0,609,12.6875,19.229166666666668,1.9791666666666667,9.895833333333334,1.8958333333333333,5.894230769230769,2.9663461538461537,1.2096153846153845,0.6240384615384615,0.33125,0.15557692307692308,0.09701923076923077
seq_h60_to_confirmB_h15,0.74,confirmB_h15,0.78,confirm_only_if_unsure,0.16394927536231885,4595,48,0.07116430903155604,316,697,11,3571,0.3119447186574531,0.9663608562691132,0.4716417910447761,104,101,3,0.9711538461538461,15,14.554455445544555,0.0,697,14.520833333333334,21.104166666666668,1.8958333333333333,9.479166666666666,1.8958333333333333,6.730769230769231,3.3798076923076925,1.3692307692307693,0.6990384615384615,0.3639423076923077,0.16288461538461538,0.09586538461538462
seq_h60_to_confirmB_h15,0.74,confirmB_h15,0.82,none,0.23097826086956522,4595,48,0.07116430903155604,312,537,15,3731,0.3674911660777385,0.9541284403669725,0.5306122448979592,104,99,5,0.9519230769230769,15,14.393939393939394,0.0,537,11.1875,17.6875,2.0,10.0,0.0,5.211538461538462,2.6298076923076925,1.0807692307692307,0.5644230769230769,0.30625,0.15134615384615385,0.09971153846153846
seq_h60_to_confirmB_h15,0.74,confirmB_h15,0.82,advisory_if_unsure,0.23097826086956522,4595,48,0.07116430903155604,312,537,15,3731,0.3674911660777385,0.9541284403669725,0.5306122448979592,104,99,5,0.9519230769230769,15,14.393939393939394,0.0,537,11.1875,17.6875,2.0,10.0,2.6041666666666665,5.211538461538462,2.6298076923076925,1.0807692307692307,0.5644230769230769,0.30625,0.15134615384615385,0.09971153846153846
seq_h60_to_confirmB_h15,0.74,confirmB_h15,0.82,confirm_only_if_unsure,0.23097826086956522,4595,48,0.07116430903155604,314,665,13,3603,0.32073544433094997,0.9602446483180428,0.48085758039816234,104,100,4,0.9615384615384616,15,14.55,0.0,665,13.854166666666666,20.395833333333332,1.9375,9.6875,2.6041666666666665,6.4326923076923075,3.235576923076923,1.3173076923076923,0.6778846153846154,0.3581730769230769,0.16634615384615384,0.10240384615384615
seq_h60_to_confirmB_h15,0.74,confirmB_h15,0.86,none,0.29891304347826086,4595,48,0.07116430903155604,308,466,19,3802,0.3979328165374677,0.9418960244648318,0.5594913714804723,104,98,6,0.9423076923076923,15,13.928571428571429,0.0,466,9.708333333333334,16.125,1.8333333333333333,9.166666666666666,0.0,4.538461538461538,2.298076923076923,0.9538461538461539,0.5057692307692307,0.28173076923076923,0.1473076923076923,0.1025
seq_h60_to_confirmB_h15,0.74,confirmB_h15,0.86,advisory_if_unsure,0.29891304347826086,4595,48,0.07116430903155604,308,466,19,3802,0.3979328165374677,0.9418960244648318,0.5594913714804723,104,98,6,0.9423076923076923,15,13.928571428571429,0.0,466,9.708333333333334,16.125,1.8333333333333333,9.166666666666666,3.375,4.538461538461538,2.298076923076923,0.9538461538461539,0.5057692307692307,0.28173076923076923,0.1473076923076923,0.1025
seq_h60_to_confirmB_h15,0.74,confirmB_h15,0.86,confirm_only_if_unsure,0.29891304347826086,4595,48,0.07116430903155604,312,630,15,3638,0.33121019108280253,0.9541284403669725,0.491725768321513,104,99,5,0.9519230769230769,15,14.393939393939394,0.0,630,13.125,19.625,1.9583333333333333,9.791666666666666,3.375,6.105769230769231,3.076923076923077,1.2596153846153846,0.6538461538461539,0.35096153846153844,0.16923076923076924,0.10865384615384616
seq_h60_to_confirmB_h15,0.74,confirmB_h15,0.9,none,0.39221014492753625,4595,48,0.07116430903155604,301,370,26,3898,0.4485842026825633,0.9204892966360856,0.6032064128256514,104,96,8,0.9230769230769231,15,13.59375,0.0,370,7.708333333333333,13.979166666666666,1.9791666666666667,9.895833333333334,0.0,3.6346153846153846,1.8557692307692308,0.7884615384615384,0.4326923076923077,0.2548076923076923,0.14807692307692308,0.1125
seq_h60_to_confirmB_h15,0.74,confirmB_h15,0.9,advisory_if_unsure,0.39221014492753625,4595,48,0.07116430903155604,301,370,26,3898,0.4485842026825633,0.9204892966360856,0.6032064128256514,104,96,8,0.9230769230769231,15,13.59375,0.0,370,7.708333333333333,13.979166666666666,1.9791666666666667,9.895833333333334,4.375,3.6346153846153846,1.8557692307692308,0.7884615384615384,0.4326923076923077,0.2548076923076923,0.14807692307692308,0.1125
seq_h60_to_confirmB_h15,0.74,confirmB_h15,0.9,confirm_only_if_unsure,0.39221014492753625,4595,48,0.07116430903155604,310,584,17,3684,0.34675615212527966,0.9480122324159022,0.5077805077805078,104,98,6,0.9423076923076923,15,14.23469387755102,0.0,584,12.166666666666666,18.625,2.0833333333333335,10.416666666666666,4.375,5.673076923076923,2.8653846153846154,1.1807692307692308,0.6192307692307693,0.3384615384615385,0.17,0.11384615384615385
seq_h60_to_confirmB_h15,0.74,confirmB_h15,0.94,none,0.5461956521739131,4595,48,0.07116430903155604,276,225,51,4043,0.5508982035928144,0.8440366972477065,0.6666666666666666,104,88,16,0.8461538461538461,15,11.420454545454545,0.0,225,4.6875,10.4375,2.125,10.625,0.0,2.3173076923076925,1.2355769230769231,0.5865384615384616,0.3701923076923077,0.2620192307692308,0.1971153846153846,0.17548076923076922
seq_h60_to_confirmB_h15,0.74,confirmB_h15,0.94,advisory_if_unsure,0.5461956521739131,4595,48,0.07116430903155604,276,225,51,4043,0.5508982035928144,0.8440366972477065,0.6666666666666666,104,88,16,0.8461538461538461,15,11.420454545454545,0.0,225,4.6875,10.4375,2.125,10.625,5.8125,2.3173076923076925,1.2355769230769231,0.5865384615384616,0.3701923076923077,0.2620192307692308,0.1971153846153846,0.17548076923076922
seq_h60_to_confirmB_h15,0.74,confirmB_h15,0.94,confirm_only_if_unsure,0.5461956521739131,4595,48,0.07116430903155604,298,527,29,3741,0.3612121212121212,0.9113149847094801,0.5173611111111112,104,96,8,0.9230769230769231,15,12.8125,0.0,527,10.979166666666666,17.1875,2.2916666666666665,11.458333333333334,5.8125,5.144230769230769,2.610576923076923,1.0903846153846153,0.5836538461538462,0.33028846153846153,0.17826923076923076,0.12759615384615386
seq_h60_to_confirmB_h15,0.74,confirmB_h15,0.98,none,0.759963768115942,4595,48,0.07116430903155604,195,70,132,4198,0.7358490566037735,0.5963302752293578,0.6587837837837838,104,64,40,0.6153846153846154,15,6.5625,0.0,70,1.4583333333333333,5.520833333333333,1.7291666666666667,8.645833333333334,0.0,1.0576923076923077,0.7211538461538461,0.5192307692307693,0.4519230769230769,0.4182692307692308,0.39807692307692305,0.39134615384615384
seq_h60_to_confirmB_h15,0.74,confirmB_h15,0.98,advisory_if_unsure,0.759963768115942,4595,48,0.07116430903155604,195,70,132,4198,0.7358490566037735,0.5963302752293578,0.6587837837837838,104,64,40,0.6153846153846154,15,6.5625,0.0,70,1.4583333333333333,5.520833333333333,1.7291666666666667,8.645833333333334,7.458333333333333,1.0576923076923077,0.7211538461538461,0.5192307692307693,0.4519230769230769,0.4182692307692308,0.39807692307692305,0.39134615384615384
seq_h60_to_confirmB_h15,0.74,confirmB_h15,0.98,confirm_only_if_unsure,0.759963768115942,4595,48,0.07116430903155604,271,475,56,3793,0.3632707774798928,0.8287461773700305,0.5051258154706431,104,92,12,0.8846153846153846,15,10.923913043478262,0.0,475,9.895833333333334,15.541666666666666,2.5,12.5,7.458333333333333,4.6826923076923075,2.3990384615384617,1.0288461538461537,0.5721153846153846,0.34375,0.20673076923076922,0.16105769230769232
seq_h60_to_confirmB_h15,0.78,confirmB_h15,0.5,none,0.002036659877800407,4595,48,0.07116430903155604,312,668,15,3600,0.3183673469387755,0.9541284403669725,0.4774292272379495,104,100,4,0.9615384615384616,15,14.55,0.0,668,13.916666666666666,20.416666666666668,1.9375,9.6875,0.0,6.461538461538462,3.25,1.323076923076923,0.6807692307692308,0.3596153846153846,0.16692307692307692,0.1026923076923077
seq_h60_to_confirmB_h15,0.78,confirmB_h15,0.5,advisory_if_unsure,0.002036659877800407,4595,48,0.07116430903155604,312,668,15,3600,0.3183673469387755,0.9541284403669725,0.4774292272379495,104,100,4,0.9615384615384616,15,14.55,0.0,668,13.916666666666666,20.416666666666668,1.9375,9.6875,0.020833333333333332,6.461538461538462,3.25,1.323076923076923,0.6807692307692308,0.3596153846153846,0.16692307692307692,0.1026923076923077
seq_h60_to_confirmB_h15,0.78,confirmB_h15,0.5,confirm_only_if_unsure,0.002036659877800407,4595,48,0.07116430903155604,312,669,15,3599,0.3180428134556575,0.9541284403669725,0.47706422018348627,104,100,4,0.9615384615384616,15,14.55,0.0,669,13.9375,20.4375,1.9583333333333333,9.791666666666666,0.020833333333333332,6.471153846153846,3.2548076923076925,1.325,0.6817307692307693,0.36009615384615384,0.1671153846153846,0.10278846153846154
seq_h60_to_confirmB_h15,0.78,confirmB_h15,0.54,none,0.002036659877800407,4595,48,0.07116430903155604,312,668,15,3600,0.3183673469387755,0.9541284403669725,0.4774292272379495,104,100,4,0.9615384615384616,15,14.55,0.0,668,13.916666666666666,20.416666666666668,1.9375,9.6875,0.0,6.461538461538462,3.25,1.323076923076923,0.6807692307692308,0.3596153846153846,0.16692307692307692,0.1026923076923077
seq_h60_to_confirmB_h15,0.78,confirmB_h15,0.54,advisory_if_unsure,0.002036659877800407,4595,48,0.07116430903155604,312,668,15,3600,0.3183673469387755,0.9541284403669725,0.4774292272379495,104,100,4,0.9615384615384616,15,14.55,0.0,668,13.916666666666666,20.416666666666668,1.9375,9.6875,0.020833333333333332,6.461538461538462,3.25,1.323076923076923,0.6807692307692308,0.3596153846153846,0.16692307692307692,0.1026923076923077
seq_h60_to_confirmB_h15,0.78,confirmB_h15,0.54,confirm_only_if_unsure,0.002036659877800407,4595,48,0.07116430903155604,312,669,15,3599,0.3180428134556575,0.9541284403669725,0.47706422018348627,104,100,4,0.9615384615384616,15,14.55,0.0,669,13.9375,20.4375,1.9583333333333333,9.791666666666666,0.020833333333333332,6.471153846153846,3.2548076923076925,1.325,0.6817307692307693,0.36009615384615384,0.1671153846153846,0.10278846153846154
seq_h60_to_confirmB_h15,0.78,confirmB_h15,0.58,none,0.002036659877800407,4595,48,0.07116430903155604,312,668,15,3600,0.3183673469387755,0.9541284403669725,0.4774292272379495,104,100,4,0.9615384615384616,15,14.55,0.0,668,13.916666666666666,20.416666666666668,1.9375,9.6875,0.0,6.461538461538462,3.25,1.323076923076923,0.6807692307692308,0.3596153846153846,0.16692307692307692,0.1026923076923077
seq_h60_to_confirmB_h15,0.78,confirmB_h15,0.58,advisory_if_unsure,0.002036659877800407,4595,48,0.07116430903155604,312,668,15,3600,0.3183673469387755,0.9541284403669725,0.4774292272379495,104,100,4,0.9615384615384616,15,14.55,0.0,668,13.916666666666666,20.416666666666668,1.9375,9.6875,0.020833333333333332,6.461538461538462,3.25,1.323076923076923,0.6807692307692308,0.3596153846153846,0.16692307692307692,0.1026923076923077
seq_h60_to_confirmB_h15,0.78,confirmB_h15,0.58,confirm_only_if_unsure,0.002036659877800407,4595,48,0.07116430903155604,312,669,15,3599,0.3180428134556575,0.9541284403669725,0.47706422018348627,104,100,4,0.9615384615384616,15,14.55,0.0,669,13.9375,20.4375,1.9583333333333333,9.791666666666666,0.020833333333333332,6.471153846153846,3.2548076923076925,1.325,0.6817307692307693,0.36009615384615384,0.1671153846153846,0.10278846153846154
seq_h60_to_confirmB_h15,0.78,confirmB_h15,0.62,none,0.004073319755600814,4595,48,0.07116430903155604,312,666,15,3602,0.31901840490797545,0.9541284403669725,0.4781609195402299,104,100,4,0.9615384615384616,15,14.55,0.0,666,13.875,20.375,1.9375,9.6875,0.0,6.4423076923076925,3.2403846153846154,1.3192307692307692,0.6788461538461539,0.35865384615384616,0.16653846153846155,0.1025
seq_h60_to_confirmB_h15,0.78,confirmB_h15,0.62,advisory_if_unsure,0.004073319755600814,4595,48,0.07116430903155604,312,666,15,3602,0.31901840490797545,0.9541284403669725,0.4781609195402299,104,100,4,0.9615384615384616,15,14.55,0.0,666,13.875,20.375,1.9375,9.6875,0.0625,6.4423076923076925,3.2403846153846154,1.3192307692307692,0.6788461538461539,0.35865384615384616,0.16653846153846155,0.1025
seq_h60_to_confirmB_h15,0.78,confirmB_h15,0.62,confirm_only_if_unsure,0.004073319755600814,4595,48,0.07116430903155604,312,667,15,3601,0.31869254341164455,0.9541284403669725,0.4777947932618683,104,100,4,0.9615384615384616,15,14.55,0.0,667,13.895833333333334,20.395833333333332,1.9583333333333333,9.791666666666666,0.0625,6.451923076923077,3.2451923076923075,1.3211538461538461,0.6798076923076923,0.3591346153846154,0.16673076923076924,0.10259615384615385
seq_h60_to_confirmB_h15,0.78,confirmB_h15,0.66,none,0.010183299389002037,4595,48,0.07116430903155604,312,660,15,3608,0.32098765432098764,0.9541284403669725,0.48036951501154734,104,100,4,0.9615384615384616,15,14.55,0.0,660,13.75,20.25,1.9166666666666667,9.583333333333334,0.0,6.384615384615385,3.2115384615384617,1.3076923076923077,0.6730769230769231,0.3557692307692308,0.16538461538461538,0.10192307692307692
seq_h60_to_confirmB_h15,0.78,confirmB_h15,0.66,advisory_if_unsure,0.010183299389002037,4595,48,0.07116430903155604,312,660,15,3608,0.32098765432098764,0.9541284403669725,0.48036951501154734,104,100,4,0.9615384615384616,15,14.55,0.0,660,13.75,20.25,1.9166666666666667,9.583333333333334,0.16666666666666666,6.384615384615385,3.2115384615384617,1.3076923076923077,0.6730769230769231,0.3557692307692308,0.16538461538461538,0.10192307692307692
seq_h60_to_confirmB_h15,0.78,confirmB_h15,0.66,confirm_only_if_unsure,0.010183299389002037,4595,48,0.07116430903155604,312,662,15,3606,0.3203285420944558,0.9541284403669725,0.4796310530361261,104,100,4,0.9615384615384616,15,14.55,0.0,662,13.791666666666666,20.291666666666668,1.9375,9.6875,0.16666666666666666,6.403846153846154,3.2211538461538463,1.3115384615384615,0.675,0.35673076923076924,0.16576923076923078,0.10211538461538462
seq_h60_to_confirmB_h15,0.78,confirmB_h15,0.7,none,0.031568228105906315,4595,48,0.07116430903155604,312,639,15,3629,0.3280757097791798,0.9541284403669725,0.48826291079812206,104,100,4,0.9615384615384616,15,14.55,0.0,639,13.3125,19.8125,1.875,9.375,0.0,6.1826923076923075,3.110576923076923,1.2673076923076922,0.6528846153846154,0.3456730769230769,0.16134615384615383,0.09990384615384615
seq_h60_to_confirmB_h15,0.78,confirmB_h15,0.7,advisory_if_unsure,0.031568228105906315,4595,48,0.07116430903155604,312,639,15,3629,0.3280757097791798,0.9541284403669725,0.48826291079812206,104,100,4,0.9615384615384616,15,14.55,0.0,639,13.3125,19.8125,1.875,9.375,0.4166666666666667,6.1826923076923075,3.110576923076923,1.2673076923076922,0.6528846153846154,0.3456730769230769,0.16134615384615383,0.09990384615384615
seq_h60_to_confirmB_h15,0.78,confirmB_h15,0.7,confirm_only_if_unsure,0.031568228105906315,4595,48,0.07116430903155604,312,650,15,3618,0.32432432432432434,0.9541284403669725,0.4840961986035687,104,100,4,0.9615384615384616,15,14.55,0.0,650,13.541666666666666,20.041666666666668,1.9166666666666667,9.583333333333334,0.4166666666666667,6.288461538461538,3.1634615384615383,1.2884615384615385,0.6634615384615384,0.35096153846153844,0.16346153846153846,0.10096153846153846
seq_h60_to_confirmB_h15,0.78,confirmB_h15,0.74,none,0.06619144602851323,4595,48,0.07116430903155604,311,606,16,3662,0.3391494002181025,0.9510703363914373,0.5,104,99,5,0.9519230769230769,15,14.545454545454545,0.0,606,12.625,19.104166666666668,1.8958333333333333,9.479166666666666,0.0,5.875,2.9615384615384617,1.2134615384615384,0.6307692307692307,0.33942307692307694,0.1646153846153846,0.10634615384615384
seq_h60_to_confirmB_h15,0.78,confirmB_h15,0.74,advisory_if_unsure,0.06619144602851323,4595,48,0.07116430903155604,311,606,16,3662,0.3391494002181025,0.9510703363914373,0.5,104,99,5,0.9519230769230769,15,14.545454545454545,0.0,606,12.625,19.104166666666668,1.8958333333333333,9.479166666666666,0.7291666666666666,5.875,2.9615384615384617,1.2134615384615384,0.6307692307692307,0.33942307692307694,0.1646153846153846,0.10634615384615384
seq_h60_to_confirmB_h15,0.78,confirmB_h15,0.74,confirm_only_if_unsure,0.06619144602851323,4595,48,0.07116430903155604,312,635,15,3633,0.32946145723336856,0.9541284403669725,0.4897959183673469,104,100,4,0.9615384615384616,15,14.55,0.0,635,13.229166666666666,19.729166666666668,1.9166666666666667,9.583333333333334,0.7291666666666666,6.144230769230769,3.0913461538461537,1.2596153846153846,0.6490384615384616,0.34375,0.1605769230769231,0.09951923076923076
seq_h60_to_confirmB_h15,0.78,confirmB_h15,0.78,none,0.1120162932790224,4595,48,0.07116430903155604,311,561,16,3707,0.356651376146789,0.9510703363914373,0.5187656380316931,104,99,5,0.9519230769230769,15,14.545454545454545,0.0,561,11.6875,18.166666666666668,1.9375,9.6875,0.0,5.4423076923076925,2.7451923076923075,1.126923076923077,0.5875,0.3177884615384615,0.15596153846153846,0.10201923076923076
seq_h60_to_confirmB_h15,0.78,confirmB_h15,0.78,advisory_if_unsure,0.1120162932790224,4595,48,0.07116430903155604,311,561,16,3707,0.356651376146789,0.9510703363914373,0.5187656380316931,104,99,5,0.9519230769230769,15,14.545454545454545,0.0,561,11.6875,18.166666666666668,1.9375,9.6875,1.0625,5.4423076923076925,2.7451923076923075,1.126923076923077,0.5875,0.3177884615384615,0.15596153846153846,0.10201923076923076
seq_h60_to_confirmB_h15,0.78,confirmB_h15,0.78,confirm_only_if_unsure,0.1120162932790224,4595,48,0.07116430903155604,312,619,15,3649,0.3351235230934479,0.9541284403669725,0.4960254372019078,104,100,4,0.9615384615384616,15,14.55,0.0,619,12.895833333333334,19.395833333333332,1.8958333333333333,9.479166666666666,1.0625,5.990384615384615,3.014423076923077,1.228846153846154,0.6336538461538461,0.33605769230769234,0.1575,0.09798076923076923
seq_h60_to_confirmB_h15,0.78,confirmB_h15,0.82,none,0.16395112016293278,4595,48,0.07116430903155604,309,512,18,3756,0.3763702801461632,0.944954128440367,0.5383275261324042,104,98,6,0.9423076923076923,15,14.540816326530612,0.0,512,10.666666666666666,17.104166666666668,2.0,10.0,0.0,4.980769230769231,2.519230769230769,1.0423076923076924,0.55,0.3038461538461538,0.15615384615384614,0.10692307692307693
seq_h60_to_confirmB_h15,0.78,confirmB_h15,0.82,advisory_if_unsure,0.16395112016293278,4595,48,0.07116430903155604,309,512,18,3756,0.3763702801461632,0.944954128440367,0.5383275261324042,104,98,6,0.9423076923076923,15,14.540816326530612,0.0,512,10.666666666666666,17.104166666666668,2.0,10.0,1.5208333333333333,4.980769230769231,2.519230769230769,1.0423076923076924,0.55,0.3038461538461538,0.15615384615384614,0.10692307692307693
seq_h60_to_confirmB_h15,0.78,confirmB_h15,0.82,confirm_only_if_unsure,0.16395112016293278,4595,48,0.07116430903155604,310,599,17,3669,0.341034103410341,0.9480122324159022,0.5016181229773463,104,99,5,0.9519230769230769,15,14.545454545454545,0.0,599,12.479166666666666,18.9375,1.9583333333333333,9.791666666666666,1.5208333333333333,5.8076923076923075,2.9278846153846154,1.2,0.6240384615384615,0.33605769230769234,0.16326923076923078,0.10567307692307693
seq_h60_to_confirmB_h15,0.78,confirmB_h15,0.86,none,0.23116089613034624,4595,48,0.07116430903155604,305,450,22,3818,0.40397350993377484,0.9327217125382263,0.5637707948243993,104,97,7,0.9326923076923077,15,14.072164948453608,0.0,450,9.375,15.729166666666666,1.8333333333333333,9.166666666666666,0.0,4.394230769230769,2.230769230769231,0.9326923076923077,0.5,0.28365384615384615,0.15384615384615385,0.11057692307692307
seq_h60_to_confirmB_h15,0.78,confirmB_h15,0.86,advisory_if_unsure,0.23116089613034624,4595,48,0.07116430903155604,305,450,22,3818,0.40397350993377484,0.9327217125382263,0.5637707948243993,104,97,7,0.9326923076923077,15,14.072164948453608,0.0,450,9.375,15.729166666666666,1.8333333333333333,9.166666666666666,2.1875,4.394230769230769,2.230769230769231,0.9326923076923077,0.5,0.28365384615384615,0.15384615384615385,0.11057692307692307
seq_h60_to_confirmB_h15,0.78,confirmB_h15,0.86,confirm_only_if_unsure,0.23116089613034624,4595,48,0.07116430903155604,308,569,19,3699,0.35119726339794755,0.9418960244648318,0.5116279069767442,104,98,6,0.9423076923076923,15,14.387755102040817,0.0,569,11.854166666666666,18.270833333333332,2.0208333333333335,10.104166666666666,2.1875,5.528846153846154,2.793269230769231,1.1519230769230768,0.6048076923076923,0.33125,0.1671153846153846,0.11240384615384616
seq_h60_to_confirmB_h15,0.78,confirmB_h15,0.9,none,0.33095723014256617,4595,48,0.07116430903155604,299,358,28,3910,0.4550989345509893,0.9143730886850153,0.6077235772357723,104,95,9,0.9134615384615384,15,13.736842105263158,0.0,358,7.458333333333333,13.6875,1.9166666666666667,9.583333333333334,0.0,3.5288461538461537,1.8076923076923077,0.775,0.4307692307692308,0.2586538461538462,0.15538461538461537,0.12096153846153847
seq_h60_to_confirmB_h15,0.78,confirmB_h15,0.9,advisory_if_unsure,0.33095723014256617,4595,48,0.07116430903155604,299,358,28,3910,0.4550989345509893,0.9143730886850153,0.6077235772357723,104,95,9,0.9134615384615384,15,13.736842105263158,0.0,358,7.458333333333333,13.6875,1.9166666666666667,9.583333333333334,3.1458333333333335,3.5288461538461537,1.8076923076923077,0.775,0.4307692307692308,0.2586538461538462,0.15538461538461537,0.12096153846153847
seq_h60_to_confirmB_h15,0.78,confirmB_h15,0.9,confirm_only_if_unsure,0.33095723014256617,4595,48,0.07116430903155604,306,525,21,3743,0.36823104693140796,0.9357798165137615,0.5284974093264249,104,97,7,0.9326923076923077,15,14.22680412371134,0.0,525,10.9375,17.3125,2.1041666666666665,10.520833333333334,3.1458333333333335,5.115384615384615,2.5913461538461537,1.0769230769230769,0.5721153846153846,0.31971153846153844,0.16826923076923078,0.11778846153846154
seq_h60_to_confirmB_h15,0.78,confirmB_h15,0.94,none,0.4969450101832994,4595,48,0.07116430903155604,274,220,53,4048,0.5546558704453441,0.8379204892966361,0.6674786845310596,104,87,17,0.8365384615384616,15,11.551724137931034,0.0,220,4.583333333333333,10.291666666666666,2.0625,10.3125,0.0,2.2788461538461537,1.2211538461538463,0.5865384615384616,0.375,0.2692307692307692,0.20576923076923076,0.18461538461538463
seq_h60_to_confirmB_h15,0.78,confirmB_h15,0.94,advisory_if_unsure,0.4969450101832994,4595,48,0.07116430903155604,274,220,53,4048,0.5546558704453441,0.8379204892966361,0.6674786845310596,104,87,17,0.8365384615384616,15,11.551724137931034,0.0,220,4.583333333333333,10.291666666666666,2.0625,10.3125,4.5,2.2788461538461537,1.2211538461538463,0.5865384615384616,0.375,0.2692307692307692,0.20576923076923076,0.18461538461538463
seq_h60_to_confirmB_h15,0.78,confirmB_h15,0.94,confirm_only_if_unsure,0.4969450101832994,4595,48,0.07116430903155604,294,472,33,3796,0.3838120104438642,0.8990825688073395,0.5379688929551693,104,95,9,0.9134615384615384,15,12.789473684210526,0.0,472,9.833333333333334,15.958333333333334,2.25,11.25,4.5,4.625,2.355769230769231,0.9942307692307693,0.5403846153846154,0.31346153846153846,0.1773076923076923,0.13192307692307692
seq_h60_to_confirmB_h15,0.78,confirmB_h15,0.98,none,0.7331975560081466,4595,48,0.07116430903155604,193,69,134,4199,0.7366412213740458,0.5902140672782875,0.6553480475382003,104,63,41,0.6057692307692307,15,6.666666666666667,0.0,69,1.4375,5.458333333333333,1.7083333333333333,8.541666666666666,0.0,1.0576923076923077,0.7259615384615384,0.5269230769230769,0.46057692307692305,0.42740384615384613,0.4075,0.4008653846153846
seq_h60_to_confirmB_h15,0.78,confirmB_h15,0.98,advisory_if_unsure,0.7331975560081466,4595,48,0.07116430903155604,193,69,134,4199,0.7366412213740458,0.5902140672782875,0.6553480475382003,104,63,41,0.6057692307692307,15,6.666666666666667,0.0,69,1.4375,5.458333333333333,1.7083333333333333,8.541666666666666,6.104166666666667,1.0576923076923077,0.7259615384615384,0.5269230769230769,0.46057692307692305,0.42740384615384613,0.4075,0.4008653846153846
seq_h60_to_confirmB_h15,0.78,confirmB_h15,0.98,confirm_only_if_unsure,0.7331975560081466,4595,48,0.07116430903155604,267,422,60,3846,0.3875181422351234,0.8165137614678899,0.5255905511811023,104,91,13,0.875,15,10.87912087912088,0.0,422,8.791666666666666,14.354166666666666,2.4791666666666665,12.395833333333334,6.104166666666667,4.1826923076923075,2.1538461538461537,0.9365384615384615,0.5307692307692308,0.3278846153846154,0.20615384615384616,0.16557692307692307
seq_h60_to_confirmB_h15,0.82,confirmB_h15,0.5,none,0.0022701475595913734,4595,48,0.07116430903155604,307,572,20,3696,0.3492605233219568,0.9388379204892966,0.5091210613598673,104,97,7,0.9326923076923077,15,14.845360824742269,0.0,572,11.916666666666666,18.3125,2.0416666666666665,10.208333333333334,0.0,5.5673076923076925,2.8173076923076925,1.1673076923076924,0.6173076923076923,0.3423076923076923,0.1773076923076923,0.12230769230769231
seq_h60_to_confirmB_h15,0.82,confirmB_h15,0.5,advisory_if_unsure,0.0022701475595913734,4595,48,0.07116430903155604,307,572,20,3696,0.3492605233219568,0.9388379204892966,0.5091210613598673,104,97,7,0.9326923076923077,15,14.845360824742269,0.0,572,11.916666666666666,18.3125,2.0416666666666665,10.208333333333334,0.020833333333333332,5.5673076923076925,2.8173076923076925,1.1673076923076924,0.6173076923076923,0.3423076923076923,0.1773076923076923,0.12230769230769231
seq_h60_to_confirmB_h15,0.82,confirmB_h15,0.5,confirm_only_if_unsure,0.0022701475595913734,4595,48,0.07116430903155604,307,573,20,3695,0.3488636363636364,0.9388379204892966,0.5086992543496272,104,97,7,0.9326923076923077,15,14.845360824742269,0.0,573,11.9375,18.333333333333332,2.0625,10.3125,0.020833333333333332,5.576923076923077,2.8221153846153846,1.1692307692307693,0.6182692307692308,0.34278846153846154,0.1775,0.12240384615384615
seq_h60_to_confirmB_h15,0.82,confirmB_h15,0.54,none,0.0022701475595913734,4595,48,0.07116430903155604,307,572,20,3696,0.3492605233219568,0.9388379204892966,0.5091210613598673,104,97,7,0.9326923076923077,15,14.845360824742269,0.0,572,11.916666666666666,18.3125,2.0416666666666665,10.208333333333334,0.0,5.5673076923076925,2.8173076923076925,1.1673076923076924,0.6173076923076923,0.3423076923076923,0.1773076923076923,0.12230769230769231
seq_h60_to_confirmB_h15,0.82,confirmB_h15,0.54,advisory_if_unsure,0.0022701475595913734,4595,48,0.07116430903155604,307,572,20,3696,0.3492605233219568,0.9388379204892966,0.5091210613598673,104,97,7,0.9326923076923077,15,14.845360824742269,0.0,572,11.916666666666666,18.3125,2.0416666666666665,10.208333333333334,0.020833333333333332,5.5673076923076925,2.8173076923076925,1.1673076923076924,0.6173076923076923,0.3423076923076923,0.1773076923076923,0.12230769230769231
seq_h60_to_confirmB_h15,0.82,confirmB_h15,0.54,confirm_only_if_unsure,0.0022701475595913734,4595,48,0.07116430903155604,307,573,20,3695,0.3488636363636364,0.9388379204892966,0.5086992543496272,104,97,7,0.9326923076923077,15,14.845360824742269,0.0,573,11.9375,18.333333333333332,2.0625,10.3125,0.020833333333333332,5.576923076923077,2.8221153846153846,1.1692307692307693,0.6182692307692308,0.34278846153846154,0.1775,0.12240384615384615
seq_h60_to_confirmB_h15,0.82,confirmB_h15,0.58,none,0.0022701475595913734,4595,48,0.07116430903155604,307,572,20,3696,0.3492605233219568,0.9388379204892966,0.5091210613598673,104,97,7,0.9326923076923077,15,14.845360824742269,0.0,572,11.916666666666666,18.3125,2.0416666666666665,10.208333333333334,0.0,5.5673076923076925,2.8173076923076925,1.1673076923076924,0.6173076923076923,0.3423076923076923,0.1773076923076923,0.12230769230769231
seq_h60_to_confirmB_h15,0.82,confirmB_h15,0.58,advisory_if_unsure,0.0022701475595913734,4595,48,0.07116430903155604,307,572,20,3696,0.3492605233219568,0.9388379204892966,0.5091210613598673,104,97,7,0.9326923076923077,15,14.845360824742269,0.0,572,11.916666666666666,18.3125,2.0416666666666665,10.208333333333334,0.020833333333333332,5.5673076923076925,2.8173076923076925,1.1673076923076924,0.6173076923076923,0.3423076923076923,0.1773076923076923,0.12230769230769231
seq_h60_to_confirmB_h15,0.82,confirmB_h15,0.58,confirm_only_if_unsure,0.0022701475595913734,4595,48,0.07116430903155604,307,573,20,3695,0.3488636363636364,0.9388379204892966,0.5086992543496272,104,97,7,0.9326923076923077,15,14.845360824742269,0.0,573,11.9375,18.333333333333332,2.0625,10.3125,0.020833333333333332,5.576923076923077,2.8221153846153846,1.1692307692307693,0.6182692307692308,0.34278846153846154,0.1775,0.12240384615384615
seq_h60_to_confirmB_h15,0.82,confirmB_h15,0.62,none,0.004540295119182747,4595,48,0.07116430903155604,307,570,20,3698,0.3500570125427594,0.9388379204892966,0.5099667774086378,104,97,7,0.9326923076923077,15,14.845360824742269,0.0,570,11.875,18.270833333333332,2.0416666666666665,10.208333333333334,0.0,5.548076923076923,2.8076923076923075,1.1634615384615385,0.6153846153846154,0.34134615384615385,0.17692307692307693,0.12211538461538461
seq_h60_to_confirmB_h15,0.82,confirmB_h15,0.62,advisory_if_unsure,0.004540295119182747,4595,48,0.07116430903155604,307,570,20,3698,0.3500570125427594,0.9388379204892966,0.5099667774086378,104,97,7,0.9326923076923077,15,14.845360824742269,0.0,570,11.875,18.270833333333332,2.0416666666666665,10.208333333333334,0.0625,5.548076923076923,2.8076923076923075,1.1634615384615385,0.6153846153846154,0.34134615384615385,0.17692307692307693,0.12211538461538461
seq_h60_to_confirmB_h15,0.82,confirmB_h15,0.62,confirm_only_if_unsure,0.004540295119182747,4595,48,0.07116430903155604,307,571,20,3697,0.34965831435079725,0.9388379204892966,0.5095435684647303,104,97,7,0.9326923076923077,15,14.845360824742269,0.0,571,11.895833333333334,18.291666666666668,2.0625,10.3125,0.0625,5.5576923076923075,2.8125,1.1653846153846155,0.6163461538461539,0.3418269230769231,0.17711538461538462,0.12221153846153845
seq_h60_to_confirmB_h15,0.82,confirmB_h15,0.66,none,0.011350737797956867,4595,48,0.07116430903155604,307,564,20,3704,0.35246842709529275,0.9388379204892966,0.5125208681135225,104,97,7,0.9326923076923077,15,14.845360824742269,0.0,564,11.75,18.145833333333332,2.0208333333333335,10.104166666666666,0.0,5.490384615384615,2.7788461538461537,1.1519230769230768,0.6096153846153847,0.3384615384615385,0.17576923076923076,0.12153846153846154
seq_h60_to_confirmB_h15,0.82,confirmB_h15,0.66,advisory_if_unsure,0.011350737797956867,4595,48,0.07116430903155604,307,564,20,3704,0.35246842709529275,0.9388379204892966,0.5125208681135225,104,97,7,0.9326923076923077,15,14.845360824742269,0.0,564,11.75,18.145833333333332,2.0208333333333335,10.104166666666666,0.16666666666666666,5.490384615384615,2.7788461538461537,1.1519230769230768,0.6096153846153847,0.3384615384615385,0.17576923076923076,0.12153846153846154
seq_h60_to_confirmB_h15,0.82,confirmB_h15,0.66,confirm_only_if_unsure,0.011350737797956867,4595,48,0.07116430903155604,307,566,20,3702,0.3516609392898053,0.9388379204892966,0.5116666666666667,104,97,7,0.9326923076923077,15,14.845360824742269,0.0,566,11.791666666666666,18.1875,2.0208333333333335,10.104166666666666,0.16666666666666666,5.509615384615385,2.7884615384615383,1.1557692307692307,0.6115384615384616,0.33942307692307694,0.17615384615384616,0.12173076923076923
seq_h60_to_confirmB_h15,0.82,confirmB_h15,0.7,none,0.03064699205448354,4595,48,0.07116430903155604,307,547,20,3721,0.3594847775175644,0.9388379204892966,0.5198983911939035,104,97,7,0.9326923076923077,15,14.845360824742269,0.0,547,11.395833333333334,17.791666666666668,1.9583333333333333,9.791666666666666,0.0,5.326923076923077,2.6971153846153846,1.1192307692307693,0.5932692307692308,0.33028846153846153,0.1725,0.11990384615384615
seq_h60_to_confirmB_h15,0.82,confirmB_h15,0.7,advisory_if_unsure,0.03064699205448354,4595,48,0.07116430903155604,307,547,20,3721,0.3594847775175644,0.9388379204892966,0.5198983911939035,104,97,7,0.9326923076923077,15,14.845360824742269,0.0,547,11.395833333333334,17.791666666666668,1.9583333333333333,9.791666666666666,0.375,5.326923076923077,2.6971153846153846,1.1192307692307693,0.5932692307692308,0.33028846153846153,0.1725,0.11990384615384615
seq_h60_to_confirmB_h15,0.82,confirmB_h15,0.7,confirm_only_if_unsure,0.03064699205448354,4595,48,0.07116430903155604,307,556,20,3712,0.35573580533024335,0.9388379204892966,0.5159663865546219,104,97,7,0.9326923076923077,15,14.845360824742269,0.0,556,11.583333333333334,17.979166666666668,2.0,10.0,0.375,5.413461538461538,2.7403846153846154,1.1365384615384615,0.6019230769230769,0.3346153846153846,0.17423076923076924,0.12076923076923077
seq_h60_to_confirmB_h15,0.82,confirmB_h15,0.74,none,0.060158910329171394,4595,48,0.07116430903155604,306,522,21,3746,0.3695652173913043,0.9357798165137615,0.5298701298701298,104,96,8,0.9230769230769231,15,14.84375,0.0,522,10.875,17.25,1.9375,9.6875,0.0,5.096153846153846,2.5865384615384617,1.0807692307692307,0.5788461538461539,0.3278846153846154,0.1773076923076923,0.1271153846153846
seq_h60_to_confirmB_h15,0.82,confirmB_h15,0.74,advisory_if_unsure,0.060158910329171394,4595,48,0.07116430903155604,306,522,21,3746,0.3695652173913043,0.9357798165137615,0.5298701298701298,104,96,8,0.9230769230769231,15,14.84375,0.0,522,10.875,17.25,1.9375,9.6875,0.6458333333333334,5.096153846153846,2.5865384615384617,1.0807692307692307,0.5788461538461539,0.3278846153846154,0.1773076923076923,0.1271153846153846
seq_h60_to_confirmB_h15,0.82,confirmB_h15,0.74,confirm_only_if_unsure,0.060158910329171394,4595,48,0.07116430903155604,307,543,20,3725,0.3611764705882353,0.9388379204892966,0.5216652506372133,104,97,7,0.9326923076923077,15,14.845360824742269,0.0,543,11.3125,17.708333333333332,2.0,10.0,0.6458333333333334,5.288461538461538,2.6778846153846154,1.1115384615384616,0.5894230769230769,0.3283653846153846,0.17173076923076924,0.11951923076923077
seq_h60_to_confirmB_h15,0.82,confirmB_h15,0.78,none,0.08740068104426787,4595,48,0.07116430903155604,306,498,21,3770,0.3805970149253731,0.9357798165137615,0.5411140583554377,104,96,8,0.9230769230769231,15,14.84375,0.0,498,10.375,16.75,1.9375,9.6875,0.0,4.865384615384615,2.4711538461538463,1.0346153846153847,0.5557692307692308,0.31634615384615383,0.1726923076923077,0.12480769230769231
seq_h60_to_confirmB_h15,0.82,confirmB_h15,0.78,advisory_if_unsure,0.08740068104426787,4595,48,0.07116430903155604,306,498,21,3770,0.3805970149253731,0.9357798165137615,0.5411140583554377,104,96,8,0.9230769230769231,15,14.84375,0.0,498,10.375,16.75,1.9375,9.6875,0.875,4.865384615384615,2.4711538461538463,1.0346153846153847,0.5557692307692308,0.31634615384615383,0.1726923076923077,0.12480769230769231
seq_h60_to_confirmB_h15,0.82,confirmB_h15,0.78,confirm_only_if_unsure,0.08740068104426787,4595,48,0.07116430903155604,307,532,20,3736,0.36591179976162097,0.9388379204892966,0.5265866209262435,104,97,7,0.9326923076923077,15,14.845360824742269,0.0,532,11.083333333333334,17.479166666666668,1.9583333333333333,9.791666666666666,0.875,5.1826923076923075,2.625,1.0903846153846153,0.5788461538461539,0.3230769230769231,0.1696153846153846,0.11846153846153847
seq_h60_to_confirmB_h15,0.82,confirmB_h15,0.82,none,0.12145289443813848,4595,48,0.07116430903155604,305,469,22,3799,0.39405684754521964,0.9327217125382263,0.5540417801998183,104,95,9,0.9134615384615384,15,14.842105263157896,0.0,469,9.770833333333334,16.125,2.0,10.0,0.0,4.596153846153846,2.3413461538461537,0.9884615384615385,0.5375,0.31201923076923077,0.17673076923076922,0.13163461538461538
seq_h60_to_confirmB_h15,0.82,confirmB_h15,0.82,advisory_if_unsure,0.12145289443813848,4595,48,0.07116430903155604,305,469,22,3799,0.39405684754521964,0.9327217125382263,0.5540417801998183,104,95,9,0.9134615384615384,15,14.842105263157896,0.0,469,9.770833333333334,16.125,2.0,10.0,1.2083333333333333,4.596153846153846,2.3413461538461537,0.9884615384615385,0.5375,0.31201923076923077,0.17673076923076922,0.13163461538461538
seq_h60_to_confirmB_h15,0.82,confirmB_h15,0.82,confirm_only_if_unsure,0.12145289443813848,4595,48,0.07116430903155604,306,517,21,3751,0.3718104495747266,0.9357798165137615,0.5321739130434783,104,96,8,0.9230769230769231,15,14.84375,0.0,517,10.770833333333334,17.145833333333332,2.0208333333333335,10.104166666666666,1.2083333333333333,5.048076923076923,2.5625,1.0711538461538461,0.5740384615384615,0.32548076923076924,0.17634615384615385,0.12663461538461537
seq_h60_to_confirmB_h15,0.82,confirmB_h15,0.86,none,0.18388195232690124,4595,48,0.07116430903155604,301,418,26,3850,0.41863699582753827,0.9204892966360856,0.5755258126195029,104,94,10,0.9038461538461539,15,14.361702127659575,0.0,418,8.708333333333334,14.979166666666666,1.7916666666666667,8.958333333333334,0.0,4.115384615384615,2.105769230769231,0.9,0.4980769230769231,0.2971153846153846,0.17653846153846153,0.13634615384615384
seq_h60_to_confirmB_h15,0.82,confirmB_h15,0.86,advisory_if_unsure,0.18388195232690124,4595,48,0.07116430903155604,301,418,26,3850,0.41863699582753827,0.9204892966360856,0.5755258126195029,104,94,10,0.9038461538461539,15,14.361702127659575,0.0,418,8.708333333333334,14.979166666666666,1.7916666666666667,8.958333333333334,1.7083333333333333,4.115384615384615,2.105769230769231,0.9,0.4980769230769231,0.2971153846153846,0.17653846153846153,0.13634615384615384
seq_h60_to_confirmB_h15,0.82,confirmB_h15,0.86,confirm_only_if_unsure,0.18388195232690124,4595,48,0.07116430903155604,304,495,23,3773,0.3804755944931164,0.9296636085626911,0.5399644760213144,104,95,9,0.9134615384615384,15,14.68421052631579,0.0,495,10.3125,16.645833333333332,1.9791666666666667,9.895833333333334,1.7083333333333333,4.846153846153846,2.4663461538461537,1.0384615384615385,0.5625,0.3245192307692308,0.18173076923076922,0.13413461538461538
seq_h60_to_confirmB_h15,0.82,confirmB_h15,0.9,none,0.27128263337116915,4595,48,0.07116430903155604,295,347,32,3921,0.45950155763239875,0.9021406727828746,0.608875128998968,104,92,12,0.8846153846153846,15,14.021739130434783,0.0,347,7.229166666666667,13.375,1.9166666666666667,9.583333333333334,0.0,3.451923076923077,1.7836538461538463,0.7826923076923077,0.44903846153846155,0.28221153846153846,0.18211538461538462,0.14875
seq_h60_to_confirmB_h15,0.82,confirmB_h15,0.9,advisory_if_unsure,0.27128263337116915,4595,48,0.07116430903155604,295,347,32,3921,0.45950155763239875,0.9021406727828746,0.608875128998968,104,92,12,0.8846153846153846,15,14.021739130434783,0.0,347,7.229166666666667,13.375,1.9166666666666667,9.583333333333334,2.375,3.451923076923077,1.7836538461538463,0.7826923076923077,0.44903846153846155,0.28221153846153846,0.18211538461538462,0.14875
seq_h60_to_confirmB_h15,0.82,confirmB_h15,0.9,confirm_only_if_unsure,0.27128263337116915,4595,48,0.07116430903155604,302,465,25,3803,0.39374185136897,0.9235474006116208,0.5521023765996343,104,94,10,0.9038461538461539,15,14.52127659574468,0.0,465,9.6875,15.979166666666666,2.0208333333333335,10.104166666666666,2.375,4.5673076923076925,2.331730769230769,0.9903846153846154,0.5432692307692307,0.31971153846153844,0.18557692307692308,0.14086538461538461
seq_h60_to_confirmB_h15,0.82,confirmB_h15,0.94,none,0.44721906923950056,4595,48,0.07116430903155604,271,216,56,4052,0.5564681724845996,0.8287461773700305,0.6658476658476659,104,85,19,0.8173076923076923,15,11.647058823529411,0.0,216,4.5,10.145833333333334,2.0416666666666665,10.208333333333334,0.0,2.2596153846153846,1.2211538461538463,0.5980769230769231,0.3903846153846154,0.2865384615384615,0.22423076923076923,0.20346153846153847
seq_h60_to_confirmB_h15,0.82,confirmB_h15,0.94,advisory_if_unsure,0.44721906923950056,4595,48,0.07116430903155604,271,216,56,4052,0.5564681724845996,0.8287461773700305,0.6658476658476659,104,85,19,0.8173076923076923,15,11.647058823529411,0.0,216,4.5,10.145833333333334,2.0416666666666665,10.208333333333334,3.6458333333333335,2.2596153846153846,1.2211538461538463,0.5980769230769231,0.3903846153846154,0.2865384615384615,0.22423076923076923,0.20346153846153847
seq_h60_to_confirmB_h15,0.82,confirmB_h15,0.94,confirm_only_if_unsure,0.44721906923950056,4595,48,0.07116430903155604,290,416,37,3852,0.41076487252124644,0.8868501529051988,0.5614714424007744,104,92,12,0.8846153846153846,15,13.043478260869565,0.0,416,8.666666666666666,14.708333333333334,2.1458333333333335,10.729166666666666,3.6458333333333335,4.115384615384615,2.1153846153846154,0.9153846153846154,0.5153846153846153,0.3153846153846154,0.19538461538461538,0.15538461538461537
seq_h60_to_confirmB_h15,0.82,confirmB_h15,0.98,none,0.7060158910329172,4595,48,0.07116430903155604,190,69,137,4199,0.7335907335907336,0.581039755351682,0.6484641638225256,104,61,43,0.5865384615384616,15,6.639344262295082,0.0,69,1.4375,5.395833333333333,1.6666666666666667,8.333333333333334,0.0,1.0769230769230769,0.7451923076923077,0.5461538461538461,0.4798076923076923,0.4466346153846154,0.42673076923076925,0.42009615384615384
seq_h60_to_confirmB_h15,0.82,confirmB_h15,0.98,advisory_if_unsure,0.7060158910329172,4595,48,0.07116430903155604,190,69,137,4199,0.7335907335907336,0.581039755351682,0.6484641638225256,104,61,43,0.5865384615384616,15,6.639344262295082,0.0,69,1.4375,5.395833333333333,1.6666666666666667,8.333333333333334,5.208333333333333,1.0769230769230769,0.7451923076923077,0.5461538461538461,0.4798076923076923,0.4466346153846154,0.42673076923076925,0.42009615384615384
seq_h60_to_confirmB_h15,0.82,confirmB_h15,0.98,confirm_only_if_unsure,0.7060158910329172,4595,48,0.07116430903155604,263,368,64,3900,0.41679873217115687,0.8042813455657493,0.5490605427974948,104,88,16,0.8461538461538461,15,11.079545454545455,0.0,368,7.666666666666667,13.145833333333334,2.3541666666666665,11.770833333333334,5.208333333333333,3.6923076923076925,1.9230769230769231,0.8615384615384616,0.5076923076923077,0.33076923076923076,0.2246153846153846,0.18923076923076923
seq_h60_to_confirmB_h15,0.86,confirmB_h15,0.5,none,0.0013089005235602095,4595,48,0.07116430903155604,298,465,29,3803,0.3905635648754915,0.9113149847094801,0.5467889908256881,104,93,11,0.8942307692307693,15,14.838709677419354,0.0,465,9.6875,15.895833333333334,2.0833333333333335,10.416666666666666,0.0,4.576923076923077,2.3413461538461537,1.0,0.5528846153846154,0.3293269230769231,0.1951923076923077,0.15048076923076922
seq_h60_to_confirmB_h15,0.86,confirmB_h15,0.5,advisory_if_unsure,0.0013089005235602095,4595,48,0.07116430903155604,298,465,29,3803,0.3905635648754915,0.9113149847094801,0.5467889908256881,104,93,11,0.8942307692307693,15,14.838709677419354,0.0,465,9.6875,15.895833333333334,2.0833333333333335,10.416666666666666,0.0,4.576923076923077,2.3413461538461537,1.0,0.5528846153846154,0.3293269230769231,0.1951923076923077,0.15048076923076922
seq_h60_to_confirmB_h15,0.86,confirmB_h15,0.5,confirm_only_if_unsure,0.0013089005235602095,4595,48,0.07116430903155604,298,466,29,3802,0.3900523560209424,0.9113149847094801,0.5462878093492209,104,93,11,0.8942307692307693,15,14.838709677419354,0.0,466,9.708333333333334,15.916666666666666,2.1041666666666665,10.520833333333334,0.0,4.586538461538462,2.3461538461538463,1.001923076923077,0.5538461538461539,0.3298076923076923,0.19538461538461538,0.15057692307692308
seq_h60_to_confirmB_h15,0.86,confirmB_h15,0.54,none,0.0013089005235602095,4595,48,0.07116430903155604,298,465,29,3803,0.3905635648754915,0.9113149847094801,0.5467889908256881,104,93,11,0.8942307692307693,15,14.838709677419354,0.0,465,9.6875,15.895833333333334,2.0833333333333335,10.416666666666666,0.0,4.576923076923077,2.3413461538461537,1.0,0.5528846153846154,0.3293269230769231,0.1951923076923077,0.15048076923076922
seq_h60_to_confirmB_h15,0.86,confirmB_h15,0.54,advisory_if_unsure,0.0013089005235602095,4595,48,0.07116430903155604,298,465,29,3803,0.3905635648754915,0.9113149847094801,0.5467889908256881,104,93,11,0.8942307692307693,15,14.838709677419354,0.0,465,9.6875,15.895833333333334,2.0833333333333335,10.416666666666666,0.0,4.576923076923077,2.3413461538461537,1.0,0.5528846153846154,0.3293269230769231,0.1951923076923077,0.15048076923076922
seq_h60_to_confirmB_h15,0.86,confirmB_h15,0.54,confirm_only_if_unsure,0.0013089005235602095,4595,48,0.07116430903155604,298,466,29,3802,0.3900523560209424,0.9113149847094801,0.5462878093492209,104,93,11,0.8942307692307693,15,14.838709677419354,0.0,466,9.708333333333334,15.916666666666666,2.1041666666666665,10.520833333333334,0.0,4.586538461538462,2.3461538461538463,1.001923076923077,0.5538461538461539,0.3298076923076923,0.19538461538461538,0.15057692307692308
seq_h60_to_confirmB_h15,0.86,confirmB_h15,0.58,none,0.0013089005235602095,4595,48,0.07116430903155604,298,465,29,3803,0.3905635648754915,0.9113149847094801,0.5467889908256881,104,93,11,0.8942307692307693,15,14.838709677419354,0.0,465,9.6875,15.895833333333334,2.0833333333333335,10.416666666666666,0.0,4.576923076923077,2.3413461538461537,1.0,0.5528846153846154,0.3293269230769231,0.1951923076923077,0.15048076923076922
seq_h60_to_confirmB_h15,0.86,confirmB_h15,0.58,advisory_if_unsure,0.0013089005235602095,4595,48,0.07116430903155604,298,465,29,3803,0.3905635648754915,0.9113149847094801,0.5467889908256881,104,93,11,0.8942307692307693,15,14.838709677419354,0.0,465,9.6875,15.895833333333334,2.0833333333333335,10.416666666666666,0.0,4.576923076923077,2.3413461538461537,1.0,0.5528846153846154,0.3293269230769231,0.1951923076923077,0.15048076923076922
seq_h60_to_confirmB_h15,0.86,confirmB_h15,0.58,confirm_only_if_unsure,0.0013089005235602095,4595,48,0.07116430903155604,298,466,29,3802,0.3900523560209424,0.9113149847094801,0.5462878093492209,104,93,11,0.8942307692307693,15,14.838709677419354,0.0,466,9.708333333333334,15.916666666666666,2.1041666666666665,10.520833333333334,0.0,4.586538461538462,2.3461538461538463,1.001923076923077,0.5538461538461539,0.3298076923076923,0.19538461538461538,0.15057692307692308
seq_h60_to_confirmB_h15,0.86,confirmB_h15,0.62,none,0.003926701570680628,4595,48,0.07116430903155604,298,463,29,3805,0.3915900131406045,0.9113149847094801,0.5477941176470589,104,93,11,0.8942307692307693,15,14.838709677419354,0.0,463,9.645833333333334,15.854166666666666,2.0833333333333335,10.416666666666666,0.0,4.5576923076923075,2.331730769230769,0.9961538461538462,0.5509615384615385,0.3283653846153846,0.19480769230769232,0.15028846153846154
seq_h60_to_confirmB_h15,0.86,confirmB_h15,0.62,advisory_if_unsure,0.003926701570680628,4595,48,0.07116430903155604,298,463,29,3805,0.3915900131406045,0.9113149847094801,0.5477941176470589,104,93,11,0.8942307692307693,15,14.838709677419354,0.0,463,9.645833333333334,15.854166666666666,2.0833333333333335,10.416666666666666,0.041666666666666664,4.5576923076923075,2.331730769230769,0.9961538461538462,0.5509615384615385,0.3283653846153846,0.19480769230769232,0.15028846153846154
seq_h60_to_confirmB_h15,0.86,confirmB_h15,0.62,confirm_only_if_unsure,0.003926701570680628,4595,48,0.07116430903155604,298,464,29,3804,0.3910761154855643,0.9113149847094801,0.5472910927456383,104,93,11,0.8942307692307693,15,14.838709677419354,0.0,464,9.666666666666666,15.875,2.1041666666666665,10.520833333333334,0.041666666666666664,4.5673076923076925,2.3365384615384617,0.9980769230769231,0.551923076923077,0.32884615384615384,0.195,0.1503846153846154
seq_h60_to_confirmB_h15,0.86,confirmB_h15,0.66,none,0.007853403141361256,4595,48,0.07116430903155604,298,460,29,3808,0.39313984168865435,0.9113149847094801,0.5493087557603686,104,93,11,0.8942307692307693,15,14.838709677419354,0.0,460,9.583333333333334,15.791666666666666,2.0833333333333335,10.416666666666666,0.0,4.528846153846154,2.3173076923076925,0.9903846153846154,0.5480769230769231,0.3269230769230769,0.19423076923076923,0.15
seq_h60_to_confirmB_h15,0.86,confirmB_h15,0.66,advisory_if_unsure,0.007853403141361256,4595,48,0.07116430903155604,298,460,29,3808,0.39313984168865435,0.9113149847094801,0.5493087557603686,104,93,11,0.8942307692307693,15,14.838709677419354,0.0,460,9.583333333333334,15.791666666666666,2.0833333333333335,10.416666666666666,0.08333333333333333,4.528846153846154,2.3173076923076925,0.9903846153846154,0.5480769230769231,0.3269230769230769,0.19423076923076923,0.15
seq_h60_to_confirmB_h15,0.86,confirmB_h15,0.66,confirm_only_if_unsure,0.007853403141361256,4595,48,0.07116430903155604,298,462,29,3806,0.39210526315789473,0.9113149847094801,0.5482980680772769,104,93,11,0.8942307692307693,15,14.838709677419354,0.0,462,9.625,15.833333333333334,2.1041666666666665,10.520833333333334,0.08333333333333333,4.548076923076923,2.326923076923077,0.9942307692307693,0.55,0.3278846153846154,0.1946153846153846,0.15019230769230768
seq_h60_to_confirmB_h15,0.86,confirmB_h15,0.7,none,0.02225130890052356,4595,48,0.07116430903155604,298,449,29,3819,0.3989290495314592,0.9113149847094801,0.5549348230912476,104,93,11,0.8942307692307693,15,14.838709677419354,0.0,449,9.354166666666666,15.5625,2.0625,10.3125,0.0,4.423076923076923,2.264423076923077,0.9692307692307692,0.5375,0.3216346153846154,0.1921153846153846,0.14894230769230768
seq_h60_to_confirmB_h15,0.86,confirmB_h15,0.7,advisory_if_unsure,0.02225130890052356,4595,48,0.07116430903155604,298,449,29,3819,0.3989290495314592,0.9113149847094801,0.5549348230912476,104,93,11,0.8942307692307693,15,14.838709677419354,0.0,449,9.354166666666666,15.5625,2.0625,10.3125,0.2708333333333333,4.423076923076923,2.264423076923077,0.9692307692307692,0.5375,0.3216346153846154,0.1921153846153846,0.14894230769230768
seq_h60_to_confirmB_h15,0.86,confirmB_h15,0.7,confirm_only_if_unsure,0.02225130890052356,4595,48,0.07116430903155604,298,453,29,3815,0.3968042609853529,0.9113149847094801,0.5528756957328386,104,93,11,0.8942307692307693,15,14.838709677419354,0.0,453,9.4375,15.645833333333334,2.0833333333333335,10.416666666666666,0.2708333333333333,4.461538461538462,2.2836538461538463,0.9769230769230769,0.5413461538461538,0.3235576923076923,0.19288461538461538,0.14932692307692308
seq_h60_to_confirmB_h15,0.86,confirmB_h15,0.74,none,0.04319371727748691,4595,48,0.07116430903155604,297,434,30,3834,0.4062927496580027,0.908256880733945,0.5614366729678639,104,92,12,0.8846153846153846,15,14.83695652173913,0.0,434,9.041666666666666,15.229166666666666,2.0,10.0,0.0,4.288461538461538,2.201923076923077,0.95,0.5326923076923077,0.32403846153846155,0.19884615384615384,0.15711538461538463
seq_h60_to_confirmB_h15,0.86,confirmB_h15,0.74,advisory_if_unsure,0.04319371727748691,4595,48,0.07116430903155604,297,434,30,3834,0.4062927496580027,0.908256880733945,0.5614366729678639,104,92,12,0.8846153846153846,15,14.83695652173913,0.0,434,9.041666666666666,15.229166666666666,2.0,10.0,0.5,4.288461538461538,2.201923076923077,0.95,0.5326923076923077,0.32403846153846155,0.19884615384615384,0.15711538461538463
seq_h60_to_confirmB_h15,0.86,confirmB_h15,0.74,confirm_only_if_unsure,0.04319371727748691,4595,48,0.07116430903155604,298,442,29,3826,0.4027027027027027,0.9113149847094801,0.5585754451733833,104,93,11,0.8942307692307693,15,14.838709677419354,0.0,442,9.208333333333334,15.416666666666666,2.0208333333333335,10.104166666666666,0.5,4.355769230769231,2.230769230769231,0.9557692307692308,0.5307692307692308,0.31826923076923075,0.19076923076923077,0.14826923076923076
seq_h60_to_confirmB_h15,0.86,confirmB_h15,0.78,none,0.06413612565445026,4595,48,0.07116430903155604,297,418,30,3850,0.4153846153846154,0.908256880733945,0.5700575815738963,104,92,12,0.8846153846153846,15,14.83695652173913,0.0,418,8.708333333333334,14.895833333333334,1.9583333333333333,9.791666666666666,0.0,4.134615384615385,2.125,0.9192307692307692,0.5173076923076924,0.31634615384615383,0.19576923076923078,0.15557692307692308
seq_h60_to_confirmB_h15,0.86,confirmB_h15,0.78,advisory_if_unsure,0.06413612565445026,4595,48,0.07116430903155604,297,418,30,3850,0.4153846153846154,0.908256880733945,0.5700575815738963,104,92,12,0.8846153846153846,15,14.83695652173913,0.0,418,8.708333333333334,14.895833333333334,1.9583333333333333,9.791666666666666,0.6875,4.134615384615385,2.125,0.9192307692307692,0.5173076923076924,0.31634615384615383,0.19576923076923078,0.15557692307692308
seq_h60_to_confirmB_h15,0.86,confirmB_h15,0.78,confirm_only_if_unsure,0.06413612565445026,4595,48,0.07116430903155604,298,433,29,3835,0.4076607387140903,0.9113149847094801,0.5633270321361059,104,93,11,0.8942307692307693,15,14.838709677419354,0.0,433,9.020833333333334,15.229166666666666,1.9791666666666667,9.895833333333334,0.6875,4.269230769230769,2.1875,0.9384615384615385,0.5221153846153846,0.3139423076923077,0.18903846153846154,0.14740384615384616
seq_h60_to_confirmB_h15,0.86,confirmB_h15,0.82,none,0.08769633507853403,4595,48,0.07116430903155604,297,400,30,3868,0.4261119081779053,0.908256880733945,0.580078125,104,92,12,0.8846153846153846,15,14.83695652173913,0.0,400,8.333333333333334,14.520833333333334,1.9791666666666667,9.895833333333334,0.0,3.9615384615384617,2.0384615384615383,0.8846153846153846,0.5,0.3076923076923077,0.19230769230769232,0.15384615384615385
seq_h60_to_confirmB_h15,0.86,confirmB_h15,0.82,advisory_if_unsure,0.08769633507853403,4595,48,0.07116430903155604,297,400,30,3868,0.4261119081779053,0.908256880733945,0.580078125,104,92,12,0.8846153846153846,15,14.83695652173913,0.0,400,8.333333333333334,14.520833333333334,1.9791666666666667,9.895833333333334,0.875,3.9615384615384617,2.0384615384615383,0.8846153846153846,0.5,0.3076923076923077,0.19230769230769232,0.15384615384615385
seq_h60_to_confirmB_h15,0.86,confirmB_h15,0.82,confirm_only_if_unsure,0.08769633507853403,4595,48,0.07116430903155604,298,424,29,3844,0.41274238227146814,0.9113149847094801,0.5681601525262154,104,93,11,0.8942307692307693,15,14.838709677419354,0.0,424,8.833333333333334,15.041666666666666,1.9791666666666667,9.895833333333334,0.875,4.1826923076923075,2.144230769230769,0.9211538461538461,0.5134615384615384,0.3096153846153846,0.18730769230769231,0.14653846153846153
seq_h60_to_confirmB_h15,0.86,confirmB_h15,0.86,none,0.1400523560209424,4595,48,0.07116430903155604,293,364,34,3904,0.4459665144596651,0.8960244648318043,0.5955284552845529,104,91,13,0.875,15,14.340659340659341,0.0,364,7.583333333333333,13.6875,1.7708333333333333,8.854166666666666,0.0,3.625,1.875,0.825,0.475,0.3,0.195,0.16
seq_h60_to_confirmB_h15,0.86,confirmB_h15,0.86,advisory_if_unsure,0.1400523560209424,4595,48,0.07116430903155604,293,364,34,3904,0.4459665144596651,0.8960244648318043,0.5955284552845529,104,91,13,0.875,15,14.340659340659341,0.0,364,7.583333333333333,13.6875,1.7708333333333333,8.854166666666666,1.2708333333333333,3.625,1.875,0.825,0.475,0.3,0.195,0.16
seq_h60_to_confirmB_h15,0.86,confirmB_h15,0.86,confirm_only_if_unsure,0.1400523560209424,4595,48,0.07116430903155604,296,407,31,3861,0.42105263157894735,0.9051987767584098,0.574757281553398,104,92,12,0.8846153846153846,15,14.673913043478262,0.0,407,8.479166666666666,14.645833333333334,1.8541666666666667,9.270833333333334,1.2708333333333333,4.028846153846154,2.0721153846153846,0.8980769230769231,0.5067307692307692,0.3110576923076923,0.19365384615384615,0.15451923076923077
seq_h60_to_confirmB_h15,0.86,confirmB_h15,0.9,none,0.21465968586387435,4595,48,0.07116430903155604,288,312,39,3956,0.48,0.8807339449541285,0.6213592233009708,104,89,15,0.8557692307692307,15,13.98876404494382,0.0,312,6.5,12.5,1.8125,9.0625,0.0,3.144230769230769,1.6442307692307692,0.7442307692307693,0.4442307692307692,0.29423076923076924,0.20423076923076924,0.17423076923076924
seq_h60_to_confirmB_h15,0.86,confirmB_h15,0.9,advisory_if_unsure,0.21465968586387435,4595,48,0.07116430903155604,288,312,39,3956,0.48,0.8807339449541285,0.6213592233009708,104,89,15,0.8557692307692307,15,13.98876404494382,0.0,312,6.5,12.5,1.8125,9.0625,1.8541666666666667,3.144230769230769,1.6442307692307692,0.7442307692307693,0.4442307692307692,0.29423076923076924,0.20423076923076924,0.17423076923076924
seq_h60_to_confirmB_h15,0.86,confirmB_h15,0.9,confirm_only_if_unsure,0.21465968586387435,4595,48,0.07116430903155604,294,381,33,3887,0.43555555555555553,0.8990825688073395,0.5868263473053892,104,91,13,0.875,15,14.505494505494505,0.0,381,7.9375,14.0625,1.8541666666666667,9.270833333333334,1.8541666666666667,3.7884615384615383,1.9567307692307692,0.8576923076923076,0.4913461538461538,0.30817307692307694,0.19826923076923078,0.16163461538461538
seq_h60_to_confirmB_h15,0.86,confirmB_h15,0.94,none,0.38481675392670156,4595,48,0.07116430903155604,266,204,61,4064,0.5659574468085107,0.8134556574923547,0.6675031367628608,104,84,20,0.8076923076923077,15,11.607142857142858,0.0,204,4.25,9.791666666666666,1.8958333333333333,9.479166666666666,0.0,2.1538461538461537,1.1730769230769231,0.5846153846153846,0.38846153846153847,0.2903846153846154,0.23153846153846153,0.21192307692307694
seq_h60_to_confirmB_h15,0.86,confirmB_h15,0.94,advisory_if_unsure,0.38481675392670156,4595,48,0.07116430903155604,266,204,61,4064,0.5659574468085107,0.8134556574923547,0.6675031367628608,104,84,20,0.8076923076923077,15,11.607142857142858,0.0,204,4.25,9.791666666666666,1.8958333333333333,9.479166666666666,2.9166666666666665,2.1538461538461537,1.1730769230769231,0.5846153846153846,0.38846153846153847,0.2903846153846154,0.23153846153846153,0.21192307692307694
seq_h60_to_confirmB_h15,0.86,confirmB_h15,0.94,confirm_only_if_unsure,0.38481675392670156,4595,48,0.07116430903155604,283,341,44,3927,0.453525641025641,0.8654434250764526,0.5951629863301787,104,90,14,0.8653846153846154,15,13.0,0.0,341,7.104166666666667,13.0,1.9166666666666667,9.583333333333334,2.9166666666666665,3.4134615384615383,1.7740384615384615,0.7903846153846154,0.4625,0.2985576923076923,0.2001923076923077,0.16740384615384615
seq_h60_to_confirmB_h15,0.86,confirmB_h15,0.98,none,0.668848167539267,4595,48,0.07116430903155604,189,64,138,4204,0.7470355731225297,0.5779816513761468,0.6517241379310345,104,61,43,0.5865384615384616,15,6.639344262295082,0.0,64,1.3333333333333333,5.270833333333333,1.6041666666666667,8.020833333333334,0.0,1.0288461538461537,0.7211538461538461,0.5365384615384615,0.475,0.4442307692307692,0.4257692307692308,0.4196153846153846
seq_h60_to_confirmB_h15,0.86,confirmB_h15,0.98,advisory_if_unsure,0.668848167539267,4595,48,0.07116430903155604,189,64,138,4204,0.7470355731225297,0.5779816513761468,0.6517241379310345,104,61,43,0.5865384615384616,15,6.639344262295082,0.0,64,1.3333333333333333,5.270833333333333,1.6041666666666667,8.020833333333334,4.354166666666667,1.0288461538461537,0.7211538461538461,0.5365384615384615,0.475,0.4442307692307692,0.4257692307692308,0.4196153846153846
seq_h60_to_confirmB_h15,0.86,confirmB_h15,0.98,confirm_only_if_unsure,0.668848167539267,4595,48,0.07116430903155604,257,298,70,3970,0.46306306306306305,0.7859327217125383,0.5827664399092971,104,85,19,0.8173076923076923,15,11.117647058823529,0.0,298,6.208333333333333,11.5625,2.0208333333333335,10.104166666666666,4.354166666666667,3.048076923076923,1.6153846153846154,0.7557692307692307,0.46923076923076923,0.32596153846153847,0.24,0.21134615384615385
seq_h60_to_confirmB_h15,0.9,confirmB_h15,0.5,none,0.001584786053882726,4595,48,0.07116430903155604,271,359,56,3909,0.4301587301587302,0.8287461773700305,0.5663531870428422,104,87,17,0.8365384615384616,15,13.275862068965518,0.0,359,7.479166666666667,13.125,2.0,10.0,0.0,3.6153846153846154,1.8894230769230769,0.8538461538461538,0.5086538461538461,0.33605769230769234,0.2325,0.19798076923076924
seq_h60_to_confirmB_h15,0.9,confirmB_h15,0.5,advisory_if_unsure,0.001584786053882726,4595,48,0.07116430903155604,271,359,56,3909,0.4301587301587302,0.8287461773700305,0.5663531870428422,104,87,17,0.8365384615384616,15,13.275862068965518,0.0,359,7.479166666666667,13.125,2.0,10.0,0.0,3.6153846153846154,1.8894230769230769,0.8538461538461538,0.5086538461538461,0.33605769230769234,0.2325,0.19798076923076924
seq_h60_to_confirmB_h15,0.9,confirmB_h15,0.5,confirm_only_if_unsure,0.001584786053882726,4595,48,0.07116430903155604,271,360,56,3908,0.4294770206022187,0.8287461773700305,0.5657620041753654,104,87,17,0.8365384615384616,15,13.275862068965518,0.0,360,7.5,13.145833333333334,2.0208333333333335,10.104166666666666,0.0,3.625,1.8942307692307692,0.8557692307692307,0.5096153846153846,0.33653846153846156,0.2326923076923077,0.19807692307692307
seq_h60_to_confirmB_h15,0.9,confirmB_h15,0.54,none,0.001584786053882726,4595,48,0.07116430903155604,271,359,56,3909,0.4301587301587302,0.8287461773700305,0.5663531870428422,104,87,17,0.8365384615384616,15,13.275862068965518,0.0,359,7.479166666666667,13.125,2.0,10.0,0.0,3.6153846153846154,1.8894230769230769,0.8538461538461538,0.5086538461538461,0.33605769230769234,0.2325,0.19798076923076924
seq_h60_to_confirmB_h15,0.9,confirmB_h15,0.54,advisory_if_unsure,0.001584786053882726,4595,48,0.07116430903155604,271,359,56,3909,0.4301587301587302,0.8287461773700305,0.5663531870428422,104,87,17,0.8365384615384616,15,13.275862068965518,0.0,359,7.479166666666667,13.125,2.0,10.0,0.0,3.6153846153846154,1.8894230769230769,0.8538461538461538,0.5086538461538461,0.33605769230769234,0.2325,0.19798076923076924
seq_h60_to_confirmB_h15,0.9,confirmB_h15,0.54,confirm_only_if_unsure,0.001584786053882726,4595,48,0.07116430903155604,271,360,56,3908,0.4294770206022187,0.8287461773700305,0.5657620041753654,104,87,17,0.8365384615384616,15,13.275862068965518,0.0,360,7.5,13.145833333333334,2.0208333333333335,10.104166666666666,0.0,3.625,1.8942307692307692,0.8557692307692307,0.5096153846153846,0.33653846153846156,0.2326923076923077,0.19807692307692307
seq_h60_to_confirmB_h15,0.9,confirmB_h15,0.58,none,0.001584786053882726,4595,48,0.07116430903155604,271,359,56,3909,0.4301587301587302,0.8287461773700305,0.5663531870428422,104,87,17,0.8365384615384616,15,13.275862068965518,0.0,359,7.479166666666667,13.125,2.0,10.0,0.0,3.6153846153846154,1.8894230769230769,0.8538461538461538,0.5086538461538461,0.33605769230769234,0.2325,0.19798076923076924
seq_h60_to_confirmB_h15,0.9,confirmB_h15,0.58,advisory_if_unsure,0.001584786053882726,4595,48,0.07116430903155604,271,359,56,3909,0.4301587301587302,0.8287461773700305,0.5663531870428422,104,87,17,0.8365384615384616,15,13.275862068965518,0.0,359,7.479166666666667,13.125,2.0,10.0,0.0,3.6153846153846154,1.8894230769230769,0.8538461538461538,0.5086538461538461,0.33605769230769234,0.2325,0.19798076923076924
seq_h60_to_confirmB_h15,0.9,confirmB_h15,0.58,confirm_only_if_unsure,0.001584786053882726,4595,48,0.07116430903155604,271,360,56,3908,0.4294770206022187,0.8287461773700305,0.5657620041753654,104,87,17,0.8365384615384616,15,13.275862068965518,0.0,360,7.5,13.145833333333334,2.0208333333333335,10.104166666666666,0.0,3.625,1.8942307692307692,0.8557692307692307,0.5096153846153846,0.33653846153846156,0.2326923076923077,0.19807692307692307
seq_h60_to_confirmB_h15,0.9,confirmB_h15,0.62,none,0.004754358161648178,4595,48,0.07116430903155604,271,357,56,3911,0.4315286624203822,0.8287461773700305,0.5675392670157068,104,87,17,0.8365384615384616,15,13.275862068965518,0.0,357,7.4375,13.083333333333334,2.0,10.0,0.0,3.5961538461538463,1.8798076923076923,0.85,0.5067307692307692,0.3350961538461538,0.2321153846153846,0.19778846153846155
seq_h60_to_confirmB_h15,0.9,confirmB_h15,0.62,advisory_if_unsure,0.004754358161648178,4595,48,0.07116430903155604,271,357,56,3911,0.4315286624203822,0.8287461773700305,0.5675392670157068,104,87,17,0.8365384615384616,15,13.275862068965518,0.0,357,7.4375,13.083333333333334,2.0,10.0,0.041666666666666664,3.5961538461538463,1.8798076923076923,0.85,0.5067307692307692,0.3350961538461538,0.2321153846153846,0.19778846153846155
seq_h60_to_confirmB_h15,0.9,confirmB_h15,0.62,confirm_only_if_unsure,0.004754358161648178,4595,48,0.07116430903155604,271,358,56,3910,0.43084260731319557,0.8287461773700305,0.5669456066945606,104,87,17,0.8365384615384616,15,13.275862068965518,0.0,358,7.458333333333333,13.104166666666666,2.0208333333333335,10.104166666666666,0.041666666666666664,3.605769230769231,1.8846153846153846,0.8519230769230769,0.5076923076923077,0.33557692307692305,0.2323076923076923,0.19788461538461538
seq_h60_to_confirmB_h15,0.9,confirmB_h15,0.66,none,0.00792393026941363,4595,48,0.07116430903155604,271,355,56,3913,0.4329073482428115,0.8287461773700305,0.5687303252885625,104,87,17,0.8365384615384616,15,13.275862068965518,0.0,355,7.395833333333333,13.041666666666666,2.0,10.0,0.0,3.576923076923077,1.8701923076923077,0.8461538461538461,0.5048076923076923,0.33413461538461536,0.23173076923076924,0.19759615384615384
seq_h60_to_confirmB_h15,0.9,confirmB_h15,0.66,advisory_if_unsure,0.00792393026941363,4595,48,0.07116430903155604,271,355,56,3913,0.4329073482428115,0.8287461773700305,0.5687303252885625,104,87,17,0.8365384615384616,15,13.275862068965518,0.0,355,7.395833333333333,13.041666666666666,2.0,10.0,0.08333333333333333,3.576923076923077,1.8701923076923077,0.8461538461538461,0.5048076923076923,0.33413461538461536,0.23173076923076924,0.19759615384615384
seq_h60_to_confirmB_h15,0.9,confirmB_h15,0.66,confirm_only_if_unsure,0.00792393026941363,4595,48,0.07116430903155604,271,356,56,3912,0.43221690590111644,0.8287461773700305,0.5681341719077568,104,87,17,0.8365384615384616,15,13.275862068965518,0.0,356,7.416666666666667,13.0625,2.0208333333333335,10.104166666666666,0.08333333333333333,3.5865384615384617,1.875,0.8480769230769231,0.5057692307692307,0.3346153846153846,0.23192307692307693,0.1976923076923077
seq_h60_to_confirmB_h15,0.9,confirmB_h15,0.7,none,0.020602218700475437,4595,48,0.07116430903155604,271,347,56,3921,0.43851132686084143,0.8287461773700305,0.5735449735449736,104,87,17,0.8365384615384616,15,13.275862068965518,0.0,347,7.229166666666667,12.875,1.9791666666666667,9.895833333333334,0.0,3.5,1.8317307692307692,0.8307692307692308,0.4971153846153846,0.33028846153846153,0.2301923076923077,0.19682692307692307
seq_h60_to_confirmB_h15,0.9,confirmB_h15,0.7,advisory_if_unsure,0.020602218700475437,4595,48,0.07116430903155604,271,347,56,3921,0.43851132686084143,0.8287461773700305,0.5735449735449736,104,87,17,0.8365384615384616,15,13.275862068965518,0.0,347,7.229166666666667,12.875,1.9791666666666667,9.895833333333334,0.22916666666666666,3.5,1.8317307692307692,0.8307692307692308,0.4971153846153846,0.33028846153846153,0.2301923076923077,0.19682692307692307
seq_h60_to_confirmB_h15,0.9,confirmB_h15,0.7,confirm_only_if_unsure,0.020602218700475437,4595,48,0.07116430903155604,271,349,56,3919,0.43709677419354837,0.8287461773700305,0.5723336853220697,104,87,17,0.8365384615384616,15,13.275862068965518,0.0,349,7.270833333333333,12.916666666666666,2.0,10.0,0.22916666666666666,3.519230769230769,1.8413461538461537,0.8346153846153846,0.49903846153846154,0.33125,0.23057692307692307,0.19701923076923078
seq_h60_to_confirmB_h15,0.9,confirmB_h15,0.74,none,0.039619651347068144,4595,48,0.07116430903155604,270,336,57,3932,0.44554455445544555,0.8256880733944955,0.5787781350482315,104,86,18,0.8269230769230769,15,13.255813953488373,0.0,336,7.0,12.625,1.9583333333333333,9.791666666666666,0.0,3.4038461538461537,1.7884615384615385,0.8192307692307692,0.49615384615384617,0.3346153846153846,0.2376923076923077,0.2053846153846154
seq_h60_to_confirmB_h15,0.9,confirmB_h15,0.74,advisory_if_unsure,0.039619651347068144,4595,48,0.07116430903155604,270,336,57,3932,0.44554455445544555,0.8256880733944955,0.5787781350482315,104,86,18,0.8269230769230769,15,13.255813953488373,0.0,336,7.0,12.625,1.9583333333333333,9.791666666666666,0.4166666666666667,3.4038461538461537,1.7884615384615385,0.8192307692307692,0.49615384615384617,0.3346153846153846,0.2376923076923077,0.2053846153846154
seq_h60_to_confirmB_h15,0.9,confirmB_h15,0.74,confirm_only_if_unsure,0.039619651347068144,4595,48,0.07116430903155604,271,340,56,3928,0.44353518821603927,0.8287461773700305,0.5778251599147122,104,87,17,0.8365384615384616,15,13.275862068965518,0.0,340,7.083333333333333,12.729166666666666,1.9791666666666667,9.895833333333334,0.4166666666666667,3.4326923076923075,1.7980769230769231,0.8173076923076923,0.49038461538461536,0.3269230769230769,0.22884615384615384,0.19615384615384615
seq_h60_to_confirmB_h15,0.9,confirmB_h15,0.78,none,0.058637083993660855,4595,48,0.07116430903155604,270,324,57,3944,0.45454545454545453,0.8256880733944955,0.5863192182410424,104,86,18,0.8269230769230769,15,13.255813953488373,0.0,324,6.75,12.375,1.9166666666666667,9.583333333333334,0.0,3.2884615384615383,1.7307692307692308,0.7961538461538461,0.4846153846153846,0.32884615384615384,0.2353846153846154,0.20423076923076924
seq_h60_to_confirmB_h15,0.9,confirmB_h15,0.78,advisory_if_unsure,0.058637083993660855,4595,48,0.07116430903155604,270,324,57,3944,0.45454545454545453,0.8256880733944955,0.5863192182410424,104,86,18,0.8269230769230769,15,13.255813953488373,0.0,324,6.75,12.375,1.9166666666666667,9.583333333333334,0.5416666666666666,3.2884615384615383,1.7307692307692308,0.7961538461538461,0.4846153846153846,0.32884615384615384,0.2353846153846154,0.20423076923076924
seq_h60_to_confirmB_h15,0.9,confirmB_h15,0.78,confirm_only_if_unsure,0.058637083993660855,4595,48,0.07116430903155604,271,334,56,3934,0.4479338842975207,0.8287461773700305,0.5815450643776824,104,87,17,0.8365384615384616,15,13.275862068965518,0.0,334,6.958333333333333,12.604166666666666,1.9583333333333333,9.791666666666666,0.5416666666666666,3.375,1.7692307692307692,0.8057692307692308,0.4846153846153846,0.32403846153846155,0.2276923076923077,0.19557692307692306
seq_h60_to_confirmB_h15,0.9,confirmB_h15,0.82,none,0.07131537242472266,4595,48,0.07116430903155604,270,316,57,3952,0.46075085324232085,0.8256880733944955,0.5914567360350493,104,86,18,0.8269230769230769,15,13.255813953488373,0.0,316,6.583333333333333,12.208333333333334,1.9166666666666667,9.583333333333334,0.0,3.2115384615384617,1.6923076923076923,0.7807692307692308,0.47692307692307695,0.325,0.23384615384615384,0.20346153846153847
seq_h60_to_confirmB_h15,0.9,confirmB_h15,0.82,advisory_if_unsure,0.07131537242472266,4595,48,0.07116430903155604,270,316,57,3952,0.46075085324232085,0.8256880733944955,0.5914567360350493,104,86,18,0.8269230769230769,15,13.255813953488373,0.0,316,6.583333333333333,12.208333333333334,1.9166666666666667,9.583333333333334,0.6041666666666666,3.2115384615384617,1.6923076923076923,0.7807692307692308,0.47692307692307695,0.325,0.23384615384615384,0.20346153846153847
seq_h60_to_confirmB_h15,0.9,confirmB_h15,0.82,confirm_only_if_unsure,0.07131537242472266,4595,48,0.07116430903155604,271,331,56,3937,0.45016611295681064,0.8287461773700305,0.5834230355220668,104,87,17,0.8365384615384616,15,13.275862068965518,0.0,331,6.895833333333333,12.541666666666666,1.9583333333333333,9.791666666666666,0.6041666666666666,3.3461538461538463,1.7548076923076923,0.8,0.48173076923076924,0.32259615384615387,0.2271153846153846,0.19528846153846155
seq_h60_to_confirmB_h15,0.9,confirmB_h15,0.86,none,0.11251980982567353,4595,48,0.07116430903155604,266,294,61,3974,0.475,0.8134556574923547,0.5997745208568207,104,85,19,0.8173076923076923,15,12.705882352941176,0.0,294,6.125,11.666666666666666,1.8333333333333333,9.166666666666666,0.0,3.0096153846153846,1.5961538461538463,0.7480769230769231,0.4653846153846154,0.32403846153846155,0.23923076923076922,0.21096153846153845
seq_h60_to_confirmB_h15,0.9,confirmB_h15,0.86,advisory_if_unsure,0.11251980982567353,4595,48,0.07116430903155604,266,294,61,3974,0.475,0.8134556574923547,0.5997745208568207,104,85,19,0.8173076923076923,15,12.705882352941176,0.0,294,6.125,11.666666666666666,1.8333333333333333,9.166666666666666,0.8541666666666666,3.0096153846153846,1.5961538461538463,0.7480769230769231,0.4653846153846154,0.32403846153846155,0.23923076923076922,0.21096153846153845
seq_h60_to_confirmB_h15,0.9,confirmB_h15,0.86,confirm_only_if_unsure,0.11251980982567353,4595,48,0.07116430903155604,269,321,58,3947,0.4559322033898305,0.8226299694189603,0.5866957470010905,104,86,18,0.8269230769230769,15,13.081395348837209,0.0,321,6.6875,12.291666666666666,1.9166666666666667,9.583333333333334,0.8541666666666666,3.2596153846153846,1.7163461538461537,0.7903846153846154,0.48173076923076924,0.32740384615384616,0.2348076923076923,0.2039423076923077
seq_h60_to_confirmB_h15,0.9,confirmB_h15,0.9,none,0.17432646592709986,4595,48,0.07116430903155604,262,259,65,4009,0.5028790786948176,0.8012232415902141,0.6179245283018868,104,83,21,0.7980769230769231,15,12.289156626506024,0.0,259,5.395833333333333,10.854166666666666,1.8333333333333333,9.166666666666666,0.0,2.6923076923076925,1.4471153846153846,0.7,0.45096153846153847,0.3264423076923077,0.25173076923076926,0.22682692307692306
seq_h60_to_confirmB_h15,0.9,confirmB_h15,0.9,advisory_if_unsure,0.17432646592709986,4595,48,0.07116430903155604,262,259,65,4009,0.5028790786948176,0.8012232415902141,0.6179245283018868,104,83,21,0.7980769230769231,15,12.289156626506024,0.0,259,5.395833333333333,10.854166666666666,1.8333333333333333,9.166666666666666,1.2916666666666667,2.6923076923076925,1.4471153846153846,0.7,0.45096153846153847,0.3264423076923077,0.25173076923076926,0.22682692307692306
seq_h60_to_confirmB_h15,0.9,confirmB_h15,0.9,confirm_only_if_unsure,0.17432646592709986,4595,48,0.07116430903155604,267,302,60,3966,0.46924428822495606,0.8165137614678899,0.5959821428571429,104,85,19,0.8173076923076923,15,12.882352941176471,0.0,302,6.291666666666667,11.854166666666666,1.8958333333333333,9.479166666666666,1.2916666666666667,3.0865384615384617,1.6346153846153846,0.7634615384615384,0.47307692307692306,0.3278846153846154,0.24076923076923076,0.21173076923076922
seq_h60_to_confirmB_h15,0.9,confirmB_h15,0.94,none,0.32805071315372425,4595,48,0.07116430903155604,246,178,81,4090,0.5801886792452831,0.7522935779816514,0.6551264980026631,104,81,23,0.7788461538461539,15,10.0,0.0,178,3.7083333333333335,8.833333333333334,1.875,9.375,0.0,1.9326923076923077,1.0769230769230769,0.5634615384615385,0.3923076923076923,0.30673076923076925,0.2553846153846154,0.23826923076923076
seq_h60_to_confirmB_h15,0.9,confirmB_h15,0.94,advisory_if_unsure,0.32805071315372425,4595,48,0.07116430903155604,246,178,81,4090,0.5801886792452831,0.7522935779816514,0.6551264980026631,104,81,23,0.7788461538461539,15,10.0,0.0,178,3.7083333333333335,8.833333333333334,1.875,9.375,2.0625,1.9326923076923077,1.0769230769230769,0.5634615384615385,0.3923076923076923,0.30673076923076925,0.2553846153846154,0.23826923076923076
seq_h60_to_confirmB_h15,0.9,confirmB_h15,0.94,confirm_only_if_unsure,0.32805071315372425,4595,48,0.07116430903155604,258,274,69,3994,0.4849624060150376,0.7889908256880734,0.6006984866123399,104,84,20,0.8076923076923077,15,11.428571428571429,0.0,274,5.708333333333333,11.083333333333334,1.7916666666666667,8.958333333333334,2.0625,2.826923076923077,1.5096153846153846,0.7192307692307692,0.45576923076923076,0.32403846153846155,0.245,0.21865384615384614
seq_h60_to_confirmB_h15,0.9,confirmB_h15,0.98,none,0.624405705229794,4595,48,0.07116430903155604,179,58,148,4210,0.7552742616033755,0.5474006116207951,0.6347517730496454,104,56,48,0.5384615384615384,15,6.160714285714286,0.0,58,1.2083333333333333,4.9375,1.4375,7.1875,0.0,1.0192307692307692,0.7403846153846154,0.573076923076923,0.5173076923076924,0.4894230769230769,0.4726923076923077,0.4671153846153846
seq_h60_to_confirmB_h15,0.9,confirmB_h15,0.98,advisory_if_unsure,0.624405705229794,4595,48,0.07116430903155604,179,58,148,4210,0.7552742616033755,0.5474006116207951,0.6347517730496454,104,56,48,0.5384615384615384,15,6.160714285714286,0.0,58,1.2083333333333333,4.9375,1.4375,7.1875,3.1666666666666665,1.0192307692307692,0.7403846153846154,0.573076923076923,0.5173076923076924,0.4894230769230769,0.4726923076923077,0.4671153846153846
seq_h60_to_confirmB_h15,0.9,confirmB_h15,0.98,confirm_only_if_unsure,0.624405705229794,4595,48,0.07116430903155604,237,242,90,4026,0.49478079331941544,0.7247706422018348,0.5880893300248139,104,77,27,0.7403846153846154,15,10.519480519480519,0.0,242,5.041666666666667,9.979166666666666,1.7291666666666667,8.645833333333334,3.1666666666666665,2.5865384615384617,1.4230769230769231,0.725,0.49230769230769234,0.37596153846153846,0.30615384615384617,0.2828846153846154
seq_h60_to_confirmB_h15,0.94,confirmB_h15,0.5,none,0.0,4595,48,0.07116430903155604,220,211,107,4057,0.5104408352668214,0.672782874617737,0.5804749340369393,104,70,34,0.6730769230769231,15,12.642857142857142,0.0,211,4.395833333333333,8.979166666666666,2.0625,10.3125,0.0,2.355769230769231,1.3413461538461537,0.7326923076923076,0.5298076923076923,0.4283653846153846,0.3675,0.34721153846153846
seq_h60_to_confirmB_h15,0.94,confirmB_h15,0.5,advisory_if_unsure,0.0,4595,48,0.07116430903155604,220,211,107,4057,0.5104408352668214,0.672782874617737,0.5804749340369393,104,70,34,0.6730769230769231,15,12.642857142857142,0.0,211,4.395833333333333,8.979166666666666,2.0625,10.3125,0.0,2.355769230769231,1.3413461538461537,0.7326923076923076,0.5298076923076923,0.4283653846153846,0.3675,0.34721153846153846
seq_h60_to_confirmB_h15,0.94,confirmB_h15,0.5,confirm_only_if_unsure,0.0,4595,48,0.07116430903155604,220,211,107,4057,0.5104408352668214,0.672782874617737,0.5804749340369393,104,70,34,0.6730769230769231,15,12.642857142857142,0.0,211,4.395833333333333,8.979166666666666,2.0625,10.3125,0.0,2.355769230769231,1.3413461538461537,0.7326923076923076,0.5298076923076923,0.4283653846153846,0.3675,0.34721153846153846
seq_h60_to_confirmB_h15,0.94,confirmB_h15,0.54,none,0.0,4595,48,0.07116430903155604,220,211,107,4057,0.5104408352668214,0.672782874617737,0.5804749340369393,104,70,34,0.6730769230769231,15,12.642857142857142,0.0,211,4.395833333333333,8.979166666666666,2.0625,10.3125,0.0,2.355769230769231,1.3413461538461537,0.7326923076923076,0.5298076923076923,0.4283653846153846,0.3675,0.34721153846153846
seq_h60_to_confirmB_h15,0.94,confirmB_h15,0.54,advisory_if_unsure,0.0,4595,48,0.07116430903155604,220,211,107,4057,0.5104408352668214,0.672782874617737,0.5804749340369393,104,70,34,0.6730769230769231,15,12.642857142857142,0.0,211,4.395833333333333,8.979166666666666,2.0625,10.3125,0.0,2.355769230769231,1.3413461538461537,0.7326923076923076,0.5298076923076923,0.4283653846153846,0.3675,0.34721153846153846
seq_h60_to_confirmB_h15,0.94,confirmB_h15,0.54,confirm_only_if_unsure,0.0,4595,48,0.07116430903155604,220,211,107,4057,0.5104408352668214,0.672782874617737,0.5804749340369393,104,70,34,0.6730769230769231,15,12.642857142857142,0.0,211,4.395833333333333,8.979166666666666,2.0625,10.3125,0.0,2.355769230769231,1.3413461538461537,0.7326923076923076,0.5298076923076923,0.4283653846153846,0.3675,0.34721153846153846
seq_h60_to_confirmB_h15,0.94,confirmB_h15,0.58,none,0.0,4595,48,0.07116430903155604,220,211,107,4057,0.5104408352668214,0.672782874617737,0.5804749340369393,104,70,34,0.6730769230769231,15,12.642857142857142,0.0,211,4.395833333333333,8.979166666666666,2.0625,10.3125,0.0,2.355769230769231,1.3413461538461537,0.7326923076923076,0.5298076923076923,0.4283653846153846,0.3675,0.34721153846153846
seq_h60_to_confirmB_h15,0.94,confirmB_h15,0.58,advisory_if_unsure,0.0,4595,48,0.07116430903155604,220,211,107,4057,0.5104408352668214,0.672782874617737,0.5804749340369393,104,70,34,0.6730769230769231,15,12.642857142857142,0.0,211,4.395833333333333,8.979166666666666,2.0625,10.3125,0.0,2.355769230769231,1.3413461538461537,0.7326923076923076,0.5298076923076923,0.4283653846153846,0.3675,0.34721153846153846
seq_h60_to_confirmB_h15,0.94,confirmB_h15,0.58,confirm_only_if_unsure,0.0,4595,48,0.07116430903155604,220,211,107,4057,0.5104408352668214,0.672782874617737,0.5804749340369393,104,70,34,0.6730769230769231,15,12.642857142857142,0.0,211,4.395833333333333,8.979166666666666,2.0625,10.3125,0.0,2.355769230769231,1.3413461538461537,0.7326923076923076,0.5298076923076923,0.4283653846153846,0.3675,0.34721153846153846
seq_h60_to_confirmB_h15,0.94,confirmB_h15,0.62,none,0.0,4595,48,0.07116430903155604,220,211,107,4057,0.5104408352668214,0.672782874617737,0.5804749340369393,104,70,34,0.6730769230769231,15,12.642857142857142,0.0,211,4.395833333333333,8.979166666666666,2.0625,10.3125,0.0,2.355769230769231,1.3413461538461537,0.7326923076923076,0.5298076923076923,0.4283653846153846,0.3675,0.34721153846153846
seq_h60_to_confirmB_h15,0.94,confirmB_h15,0.62,advisory_if_unsure,0.0,4595,48,0.07116430903155604,220,211,107,4057,0.5104408352668214,0.672782874617737,0.5804749340369393,104,70,34,0.6730769230769231,15,12.642857142857142,0.0,211,4.395833333333333,8.979166666666666,2.0625,10.3125,0.0,2.355769230769231,1.3413461538461537,0.7326923076923076,0.5298076923076923,0.4283653846153846,0.3675,0.34721153846153846
seq_h60_to_confirmB_h15,0.94,confirmB_h15,0.62,confirm_only_if_unsure,0.0,4595,48,0.07116430903155604,220,211,107,4057,0.5104408352668214,0.672782874617737,0.5804749340369393,104,70,34,0.6730769230769231,15,12.642857142857142,0.0,211,4.395833333333333,8.979166666666666,2.0625,10.3125,0.0,2.355769230769231,1.3413461538461537,0.7326923076923076,0.5298076923076923,0.4283653846153846,0.3675,0.34721153846153846
seq_h60_to_confirmB_h15,0.94,confirmB_h15,0.66,none,0.002320185614849188,4595,48,0.07116430903155604,220,210,107,4058,0.5116279069767442,0.672782874617737,0.5812417437252312,104,70,34,0.6730769230769231,15,12.642857142857142,0.0,210,4.375,8.958333333333334,2.0625,10.3125,0.0,2.3461538461538463,1.3365384615384615,0.7307692307692307,0.5288461538461539,0.42788461538461536,0.36730769230769234,0.3471153846153846
seq_h60_to_confirmB_h15,0.94,confirmB_h15,0.66,advisory_if_unsure,0.002320185614849188,4595,48,0.07116430903155604,220,210,107,4058,0.5116279069767442,0.672782874617737,0.5812417437252312,104,70,34,0.6730769230769231,15,12.642857142857142,0.0,210,4.375,8.958333333333334,2.0625,10.3125,0.020833333333333332,2.3461538461538463,1.3365384615384615,0.7307692307692307,0.5288461538461539,0.42788461538461536,0.36730769230769234,0.3471153846153846
seq_h60_to_confirmB_h15,0.94,confirmB_h15,0.66,confirm_only_if_unsure,0.002320185614849188,4595,48,0.07116430903155604,220,210,107,4058,0.5116279069767442,0.672782874617737,0.5812417437252312,104,70,34,0.6730769230769231,15,12.642857142857142,0.0,210,4.375,8.958333333333334,2.0625,10.3125,0.020833333333333332,2.3461538461538463,1.3365384615384615,0.7307692307692307,0.5288461538461539,0.42788461538461536,0.36730769230769234,0.3471153846153846
seq_h60_to_confirmB_h15,0.94,confirmB_h15,0.7,none,0.018561484918793503,4595,48,0.07116430903155604,220,203,107,4065,0.5200945626477541,0.672782874617737,0.5866666666666667,104,70,34,0.6730769230769231,15,12.642857142857142,0.0,203,4.229166666666667,8.8125,2.0416666666666665,10.208333333333334,0.0,2.2788461538461537,1.3028846153846154,0.7173076923076923,0.5221153846153846,0.42451923076923076,0.36596153846153845,0.3464423076923077
seq_h60_to_confirmB_h15,0.94,confirmB_h15,0.7,advisory_if_unsure,0.018561484918793503,4595,48,0.07116430903155604,220,203,107,4065,0.5200945626477541,0.672782874617737,0.5866666666666667,104,70,34,0.6730769230769231,15,12.642857142857142,0.0,203,4.229166666666667,8.8125,2.0416666666666665,10.208333333333334,0.14583333333333334,2.2788461538461537,1.3028846153846154,0.7173076923076923,0.5221153846153846,0.42451923076923076,0.36596153846153845,0.3464423076923077
seq_h60_to_confirmB_h15,0.94,confirmB_h15,0.7,confirm_only_if_unsure,0.018561484918793503,4595,48,0.07116430903155604,220,204,107,4064,0.5188679245283019,0.672782874617737,0.5858854860186418,104,70,34,0.6730769230769231,15,12.642857142857142,0.0,204,4.25,8.833333333333334,2.0625,10.3125,0.14583333333333334,2.2884615384615383,1.3076923076923077,0.7192307692307692,0.5230769230769231,0.425,0.36615384615384616,0.3465384615384615
seq_h60_to_confirmB_h15,0.94,confirmB_h15,0.74,none,0.03944315545243619,4595,48,0.07116430903155604,219,195,108,4073,0.5289855072463768,0.6697247706422018,0.5910931174089069,104,69,35,0.6634615384615384,15,12.608695652173912,0.0,195,4.0625,8.625,1.9791666666666667,9.895833333333334,0.0,2.2115384615384617,1.2740384615384615,0.7115384615384616,0.5240384615384616,0.43028846153846156,0.37403846153846154,0.35528846153846155
seq_h60_to_confirmB_h15,0.94,confirmB_h15,0.74,advisory_if_unsure,0.03944315545243619,4595,48,0.07116430903155604,219,195,108,4073,0.5289855072463768,0.6697247706422018,0.5910931174089069,104,69,35,0.6634615384615384,15,12.608695652173912,0.0,195,4.0625,8.625,1.9791666666666667,9.895833333333334,0.3125,2.2115384615384617,1.2740384615384615,0.7115384615384616,0.5240384615384616,0.43028846153846156,0.37403846153846154,0.35528846153846155
seq_h60_to_confirmB_h15,0.94,confirmB_h15,0.74,confirm_only_if_unsure,0.03944315545243619,4595,48,0.07116430903155604,220,196,107,4072,0.5288461538461539,0.672782874617737,0.5921938088829072,104,70,34,0.6730769230769231,15,12.642857142857142,0.0,196,4.083333333333333,8.666666666666666,2.0208333333333335,10.104166666666666,0.3125,2.2115384615384617,1.2692307692307692,0.7038461538461539,0.5153846153846153,0.42115384615384616,0.3646153846153846,0.3457692307692308
seq_h60_to_confirmB_h15,0.94,confirmB_h15,0.78,none,0.05336426914153132,4595,48,0.07116430903155604,219,189,108,4079,0.5367647058823529,0.6697247706422018,0.5959183673469388,104,69,35,0.6634615384615384,15,12.608695652173912,0.0,189,3.9375,8.5,1.9791666666666667,9.895833333333334,0.0,2.1538461538461537,1.2451923076923077,0.7,0.5182692307692308,0.42740384615384613,0.37288461538461537,0.35471153846153847
seq_h60_to_confirmB_h15,0.94,confirmB_h15,0.78,advisory_if_unsure,0.05336426914153132,4595,48,0.07116430903155604,219,189,108,4079,0.5367647058823529,0.6697247706422018,0.5959183673469388,104,69,35,0.6634615384615384,15,12.608695652173912,0.0,189,3.9375,8.5,1.9791666666666667,9.895833333333334,0.3958333333333333,2.1538461538461537,1.2451923076923077,0.7,0.5182692307692308,0.42740384615384613,0.37288461538461537,0.35471153846153847
seq_h60_to_confirmB_h15,0.94,confirmB_h15,0.78,confirm_only_if_unsure,0.05336426914153132,4595,48,0.07116430903155604,220,192,107,4076,0.5339805825242718,0.672782874617737,0.5953991880920162,104,70,34,0.6730769230769231,15,12.642857142857142,0.0,192,4.0,8.583333333333334,2.0208333333333335,10.104166666666666,0.3958333333333333,2.173076923076923,1.25,0.6961538461538461,0.5115384615384615,0.41923076923076924,0.3638461538461538,0.3453846153846154
seq_h60_to_confirmB_h15,0.94,confirmB_h15,0.82,none,0.06264501160092807,4595,48,0.07116430903155604,219,185,108,4083,0.5420792079207921,0.6697247706422018,0.5991792065663475,104,69,35,0.6634615384615384,15,12.608695652173912,0.0,185,3.8541666666666665,8.416666666666666,1.9375,9.6875,0.0,2.1153846153846154,1.2259615384615385,0.6923076923076923,0.5144230769230769,0.4254807692307692,0.3721153846153846,0.3543269230769231
seq_h60_to_confirmB_h15,0.94,confirmB_h15,0.82,advisory_if_unsure,0.06264501160092807,4595,48,0.07116430903155604,219,185,108,4083,0.5420792079207921,0.6697247706422018,0.5991792065663475,104,69,35,0.6634615384615384,15,12.608695652173912,0.0,185,3.8541666666666665,8.416666666666666,1.9375,9.6875,0.4166666666666667,2.1153846153846154,1.2259615384615385,0.6923076923076923,0.5144230769230769,0.4254807692307692,0.3721153846153846,0.3543269230769231
seq_h60_to_confirmB_h15,0.94,confirmB_h15,0.82,confirm_only_if_unsure,0.06264501160092807,4595,48,0.07116430903155604,220,191,107,4077,0.5352798053527981,0.672782874617737,0.5962059620596206,104,70,34,0.6730769230769231,15,12.642857142857142,0.0,191,3.9791666666666665,8.5625,2.0,10.0,0.4166666666666667,2.1634615384615383,1.2451923076923077,0.6942307692307692,0.510576923076923,0.41875,0.36365384615384616,0.34528846153846154
seq_h60_to_confirmB_h15,0.94,confirmB_h15,0.86,none,0.09744779582366589,4595,48,0.07116430903155604,216,173,111,4095,0.5552699228791774,0.6605504587155964,0.6033519553072626,104,69,35,0.6634615384615384,15,11.956521739130435,0.0,173,3.6041666666666665,8.104166666666666,1.875,9.375,0.0,2.0,1.1682692307692308,0.6692307692307692,0.5028846153846154,0.41971153846153847,0.3698076923076923,0.3531730769230769
seq_h60_to_confirmB_h15,0.94,confirmB_h15,0.86,advisory_if_unsure,0.09744779582366589,4595,48,0.07116430903155604,216,173,111,4095,0.5552699228791774,0.6605504587155964,0.6033519553072626,104,69,35,0.6634615384615384,15,11.956521739130435,0.0,173,3.6041666666666665,8.104166666666666,1.875,9.375,0.5625,2.0,1.1682692307692308,0.6692307692307692,0.5028846153846154,0.41971153846153847,0.3698076923076923,0.3531730769230769
seq_h60_to_confirmB_h15,0.94,confirmB_h15,0.86,confirm_only_if_unsure,0.09744779582366589,4595,48,0.07116430903155604,219,185,108,4083,0.5420792079207921,0.6697247706422018,0.5991792065663475,104,70,34,0.6730769230769231,15,12.428571428571429,0.0,185,3.8541666666666665,8.416666666666666,1.9791666666666667,9.895833333333334,0.5625,2.105769230769231,1.2163461538461537,0.6826923076923077,0.5048076923076923,0.41586538461538464,0.3625,0.34471153846153846
seq_h60_to_confirmB_h15,0.94,confirmB_h15,0.9,none,0.13225058004640372,4595,48,0.07116430903155604,216,158,111,4110,0.5775401069518716,0.6605504587155964,0.6162624821683309,104,69,35,0.6634615384615384,15,11.956521739130435,0.0,158,3.2916666666666665,7.791666666666667,1.875,9.375,0.0,1.8557692307692308,1.0961538461538463,0.6403846153846153,0.48846153846153845,0.4125,0.3669230769230769,0.35173076923076924
seq_h60_to_confirmB_h15,0.94,confirmB_h15,0.9,advisory_if_unsure,0.13225058004640372,4595,48,0.07116430903155604,216,158,111,4110,0.5775401069518716,0.6605504587155964,0.6162624821683309,104,69,35,0.6634615384615384,15,11.956521739130435,0.0,158,3.2916666666666665,7.791666666666667,1.875,9.375,0.6875,1.8557692307692308,1.0961538461538463,0.6403846153846153,0.48846153846153845,0.4125,0.3669230769230769,0.35173076923076924
seq_h60_to_confirmB_h15,0.94,confirmB_h15,0.9,confirm_only_if_unsure,0.13225058004640372,4595,48,0.07116430903155604,219,179,108,4089,0.550251256281407,0.6697247706422018,0.6041379310344828,104,70,34,0.6730769230769231,15,12.428571428571429,0.0,179,3.7291666666666665,8.291666666666666,1.9583333333333333,9.791666666666666,0.6875,2.048076923076923,1.1875,0.6711538461538461,0.49903846153846154,0.4129807692307692,0.3613461538461539,0.34413461538461537
seq_h60_to_confirmB_h15,0.94,confirmB_h15,0.94,none,0.24361948955916474,4595,48,0.07116430903155604,207,119,120,4149,0.6349693251533742,0.6330275229357798,0.6339969372128637,104,66,38,0.6346153846153846,15,10.454545454545455,0.0,119,2.4791666666666665,6.791666666666667,1.75,8.75,0.0,1.5096153846153846,0.9375,0.5942307692307692,0.4798076923076923,0.42259615384615384,0.38826923076923076,0.37682692307692306
seq_h60_to_confirmB_h15,0.94,confirmB_h15,0.94,advisory_if_unsure,0.24361948955916474,4595,48,0.07116430903155604,207,119,120,4149,0.6349693251533742,0.6330275229357798,0.6339969372128637,104,66,38,0.6346153846153846,15,10.454545454545455,0.0,119,2.4791666666666665,6.791666666666667,1.75,8.75,1.0833333333333333,1.5096153846153846,0.9375,0.5942307692307692,0.4798076923076923,0.42259615384615384,0.38826923076923076,0.37682692307692306
seq_h60_to_confirmB_h15,0.94,confirmB_h15,0.94,confirm_only_if_unsure,0.24361948955916474,4595,48,0.07116430903155604,214,165,113,4103,0.5646437994722955,0.654434250764526,0.6062322946175638,104,70,34,0.6730769230769231,15,11.357142857142858,0.0,165,3.4375,7.895833333333333,1.8541666666666667,9.270833333333334,1.0833333333333333,1.9134615384615385,1.1201923076923077,0.6442307692307693,0.4855769230769231,0.40625,0.35865384615384616,0.34278846153846154
seq_h60_to_confirmB_h15,0.94,confirmB_h15,0.98,none,0.505800464037123,4595,48,0.07116430903155604,162,51,165,4217,0.7605633802816901,0.4954128440366973,0.6,104,50,54,0.4807692307692308,15,6.9,0.0,51,1.0625,4.4375,1.3125,6.5625,0.0,1.0096153846153846,0.7644230769230769,0.6173076923076923,0.5682692307692307,0.54375,0.5290384615384616,0.5241346153846154
seq_h60_to_confirmB_h15,0.94,confirmB_h15,0.98,advisory_if_unsure,0.505800464037123,4595,48,0.07116430903155604,162,51,165,4217,0.7605633802816901,0.4954128440366973,0.6,104,50,54,0.4807692307692308,15,6.9,0.0,51,1.0625,4.4375,1.3125,6.5625,1.8125,1.0096153846153846,0.7644230769230769,0.6173076923076923,0.5682692307692307,0.54375,0.5290384615384616,0.5241346153846154
seq_h60_to_confirmB_h15,0.94,confirmB_h15,0.98,confirm_only_if_unsure,0.505800464037123,4595,48,0.07116430903155604,198,146,129,4122,0.5755813953488372,0.6055045871559633,0.5901639344262295,104,66,38,0.6346153846153846,15,10.0,0.0,146,3.0416666666666665,7.166666666666667,1.7916666666666667,8.958333333333334,1.8125,1.7692307692307692,1.0673076923076923,0.6461538461538462,0.5057692307692307,0.4355769230769231,0.3934615384615385,0.3794230769230769
seq_h60_to_confirmB_h15,0.98,confirmB_h15,0.5,none,0.0,4595,48,0.07116430903155604,82,53,245,4215,0.6074074074074074,0.25076452599388377,0.354978354978355,104,32,72,0.3076923076923077,15,10.78125,0.0,53,1.1041666666666667,2.8125,1.25,6.25,0.0,1.2019230769230769,0.9471153846153846,0.7942307692307692,0.7432692307692308,0.7177884615384615,0.7025,0.6974038461538462
seq_h60_to_confirmB_h15,0.98,confirmB_h15,0.5,advisory_if_unsure,0.0,4595,48,0.07116430903155604,82,53,245,4215,0.6074074074074074,0.25076452599388377,0.354978354978355,104,32,72,0.3076923076923077,15,10.78125,0.0,53,1.1041666666666667,2.8125,1.25,6.25,0.0,1.2019230769230769,0.9471153846153846,0.7942307692307692,0.7432692307692308,0.7177884615384615,0.7025,0.6974038461538462
seq_h60_to_confirmB_h15,0.98,confirmB_h15,0.5,confirm_only_if_unsure,0.0,4595,48,0.07116430903155604,82,53,245,4215,0.6074074074074074,0.25076452599388377,0.354978354978355,104,32,72,0.3076923076923077,15,10.78125,0.0,53,1.1041666666666667,2.8125,1.25,6.25,0.0,1.2019230769230769,0.9471153846153846,0.7942307692307692,0.7432692307692308,0.7177884615384615,0.7025,0.6974038461538462
seq_h60_to_confirmB_h15,0.98,confirmB_h15,0.54,none,0.0,4595,48,0.07116430903155604,82,53,245,4215,0.6074074074074074,0.25076452599388377,0.354978354978355,104,32,72,0.3076923076923077,15,10.78125,0.0,53,1.1041666666666667,2.8125,1.25,6.25,0.0,1.2019230769230769,0.9471153846153846,0.7942307692307692,0.7432692307692308,0.7177884615384615,0.7025,0.6974038461538462
seq_h60_to_confirmB_h15,0.98,confirmB_h15,0.54,advisory_if_unsure,0.0,4595,48,0.07116430903155604,82,53,245,4215,0.6074074074074074,0.25076452599388377,0.354978354978355,104,32,72,0.3076923076923077,15,10.78125,0.0,53,1.1041666666666667,2.8125,1.25,6.25,0.0,1.2019230769230769,0.9471153846153846,0.7942307692307692,0.7432692307692308,0.7177884615384615,0.7025,0.6974038461538462
seq_h60_to_confirmB_h15,0.98,confirmB_h15,0.54,confirm_only_if_unsure,0.0,4595,48,0.07116430903155604,82,53,245,4215,0.6074074074074074,0.25076452599388377,0.354978354978355,104,32,72,0.3076923076923077,15,10.78125,0.0,53,1.1041666666666667,2.8125,1.25,6.25,0.0,1.2019230769230769,0.9471153846153846,0.7942307692307692,0.7432692307692308,0.7177884615384615,0.7025,0.6974038461538462
seq_h60_to_confirmB_h15,0.98,confirmB_h15,0.58,none,0.0,4595,48,0.07116430903155604,82,53,245,4215,0.6074074074074074,0.25076452599388377,0.354978354978355,104,32,72,0.3076923076923077,15,10.78125,0.0,53,1.1041666666666667,2.8125,1.25,6.25,0.0,1.2019230769230769,0.9471153846153846,0.7942307692307692,0.7432692307692308,0.7177884615384615,0.7025,0.6974038461538462
seq_h60_to_confirmB_h15,0.98,confirmB_h15,0.58,advisory_if_unsure,0.0,4595,48,0.07116430903155604,82,53,245,4215,0.6074074074074074,0.25076452599388377,0.354978354978355,104,32,72,0.3076923076923077,15,10.78125,0.0,53,1.1041666666666667,2.8125,1.25,6.25,0.0,1.2019230769230769,0.9471153846153846,0.7942307692307692,0.7432692307692308,0.7177884615384615,0.7025,0.6974038461538462
seq_h60_to_confirmB_h15,0.98,confirmB_h15,0.58,confirm_only_if_unsure,0.0,4595,48,0.07116430903155604,82,53,245,4215,0.6074074074074074,0.25076452599388377,0.354978354978355,104,32,72,0.3076923076923077,15,10.78125,0.0,53,1.1041666666666667,2.8125,1.25,6.25,0.0,1.2019230769230769,0.9471153846153846,0.7942307692307692,0.7432692307692308,0.7177884615384615,0.7025,0.6974038461538462
seq_h60_to_confirmB_h15,0.98,confirmB_h15,0.62,none,0.0,4595,48,0.07116430903155604,82,53,245,4215,0.6074074074074074,0.25076452599388377,0.354978354978355,104,32,72,0.3076923076923077,15,10.78125,0.0,53,1.1041666666666667,2.8125,1.25,6.25,0.0,1.2019230769230769,0.9471153846153846,0.7942307692307692,0.7432692307692308,0.7177884615384615,0.7025,0.6974038461538462
seq_h60_to_confirmB_h15,0.98,confirmB_h15,0.62,advisory_if_unsure,0.0,4595,48,0.07116430903155604,82,53,245,4215,0.6074074074074074,0.25076452599388377,0.354978354978355,104,32,72,0.3076923076923077,15,10.78125,0.0,53,1.1041666666666667,2.8125,1.25,6.25,0.0,1.2019230769230769,0.9471153846153846,0.7942307692307692,0.7432692307692308,0.7177884615384615,0.7025,0.6974038461538462
seq_h60_to_confirmB_h15,0.98,confirmB_h15,0.62,confirm_only_if_unsure,0.0,4595,48,0.07116430903155604,82,53,245,4215,0.6074074074074074,0.25076452599388377,0.354978354978355,104,32,72,0.3076923076923077,15,10.78125,0.0,53,1.1041666666666667,2.8125,1.25,6.25,0.0,1.2019230769230769,0.9471153846153846,0.7942307692307692,0.7432692307692308,0.7177884615384615,0.7025,0.6974038461538462
seq_h60_to_confirmB_h15,0.98,confirmB_h15,0.66,none,0.0,4595,48,0.07116430903155604,82,53,245,4215,0.6074074074074074,0.25076452599388377,0.354978354978355,104,32,72,0.3076923076923077,15,10.78125,0.0,53,1.1041666666666667,2.8125,1.25,6.25,0.0,1.2019230769230769,0.9471153846153846,0.7942307692307692,0.7432692307692308,0.7177884615384615,0.7025,0.6974038461538462
seq_h60_to_confirmB_h15,0.98,confirmB_h15,0.66,advisory_if_unsure,0.0,4595,48,0.07116430903155604,82,53,245,4215,0.6074074074074074,0.25076452599388377,0.354978354978355,104,32,72,0.3076923076923077,15,10.78125,0.0,53,1.1041666666666667,2.8125,1.25,6.25,0.0,1.2019230769230769,0.9471153846153846,0.7942307692307692,0.7432692307692308,0.7177884615384615,0.7025,0.6974038461538462
seq_h60_to_confirmB_h15,0.98,confirmB_h15,0.66,confirm_only_if_unsure,0.0,4595,48,0.07116430903155604,82,53,245,4215,0.6074074074074074,0.25076452599388377,0.354978354978355,104,32,72,0.3076923076923077,15,10.78125,0.0,53,1.1041666666666667,2.8125,1.25,6.25,0.0,1.2019230769230769,0.9471153846153846,0.7942307692307692,0.7432692307692308,0.7177884615384615,0.7025,0.6974038461538462
seq_h60_to_confirmB_h15,0.98,confirmB_h15,0.7,none,0.022222222222222223,4595,48,0.07116430903155604,82,50,245,4218,0.6212121212121212,0.25076452599388377,0.3572984749455338,104,32,72,0.3076923076923077,15,10.78125,0.0,50,1.0416666666666667,2.75,1.25,6.25,0.0,1.1730769230769231,0.9326923076923077,0.7884615384615384,0.7403846153846154,0.7163461538461539,0.7019230769230769,0.6971153846153846
seq_h60_to_confirmB_h15,0.98,confirmB_h15,0.7,advisory_if_unsure,0.022222222222222223,4595,48,0.07116430903155604,82,50,245,4218,0.6212121212121212,0.25076452599388377,0.3572984749455338,104,32,72,0.3076923076923077,15,10.78125,0.0,50,1.0416666666666667,2.75,1.25,6.25,0.0625,1.1730769230769231,0.9326923076923077,0.7884615384615384,0.7403846153846154,0.7163461538461539,0.7019230769230769,0.6971153846153846
seq_h60_to_confirmB_h15,0.98,confirmB_h15,0.7,confirm_only_if_unsure,0.022222222222222223,4595,48,0.07116430903155604,82,50,245,4218,0.6212121212121212,0.25076452599388377,0.3572984749455338,104,32,72,0.3076923076923077,15,10.78125,0.0,50,1.0416666666666667,2.75,1.25,6.25,0.0625,1.1730769230769231,0.9326923076923077,0.7884615384615384,0.7403846153846154,0.7163461538461539,0.7019230769230769,0.6971153846153846
seq_h60_to_confirmB_h15,0.98,confirmB_h15,0.74,none,0.037037037037037035,4595,48,0.07116430903155604,82,48,245,4220,0.6307692307692307,0.25076452599388377,0.3588621444201313,104,32,72,0.3076923076923077,15,10.78125,0.0,48,1.0,2.7083333333333335,1.25,6.25,0.0,1.1538461538461537,0.9230769230769231,0.7846153846153846,0.7384615384615385,0.7153846153846154,0.7015384615384616,0.696923076923077
seq_h60_to_confirmB_h15,0.98,confirmB_h15,0.74,advisory_if_unsure,0.037037037037037035,4595,48,0.07116430903155604,82,48,245,4220,0.6307692307692307,0.25076452599388377,0.3588621444201313,104,32,72,0.3076923076923077,15,10.78125,0.0,48,1.0,2.7083333333333335,1.25,6.25,0.10416666666666667,1.1538461538461537,0.9230769230769231,0.7846153846153846,0.7384615384615385,0.7153846153846154,0.7015384615384616,0.696923076923077
seq_h60_to_confirmB_h15,0.98,confirmB_h15,0.74,confirm_only_if_unsure,0.037037037037037035,4595,48,0.07116430903155604,82,48,245,4220,0.6307692307692307,0.25076452599388377,0.3588621444201313,104,32,72,0.3076923076923077,15,10.78125,0.0,48,1.0,2.7083333333333335,1.25,6.25,0.10416666666666667,1.1538461538461537,0.9230769230769231,0.7846153846153846,0.7384615384615385,0.7153846153846154,0.7015384615384616,0.696923076923077
seq_h60_to_confirmB_h15,0.98,confirmB_h15,0.78,none,0.05925925925925926,4595,48,0.07116430903155604,82,45,245,4223,0.6456692913385826,0.25076452599388377,0.36123348017621143,104,32,72,0.3076923076923077,15,10.78125,0.0,45,0.9375,2.6458333333333335,1.2291666666666667,6.145833333333333,0.0,1.125,0.9086538461538461,0.7788461538461539,0.7355769230769231,0.7139423076923077,0.7009615384615384,0.6966346153846154
seq_h60_to_confirmB_h15,0.98,confirmB_h15,0.78,advisory_if_unsure,0.05925925925925926,4595,48,0.07116430903155604,82,45,245,4223,0.6456692913385826,0.25076452599388377,0.36123348017621143,104,32,72,0.3076923076923077,15,10.78125,0.0,45,0.9375,2.6458333333333335,1.2291666666666667,6.145833333333333,0.14583333333333334,1.125,0.9086538461538461,0.7788461538461539,0.7355769230769231,0.7139423076923077,0.7009615384615384,0.6966346153846154
seq_h60_to_confirmB_h15,0.98,confirmB_h15,0.78,confirm_only_if_unsure,0.05925925925925926,4595,48,0.07116430903155604,82,46,245,4222,0.640625,0.25076452599388377,0.36043956043956044,104,32,72,0.3076923076923077,15,10.78125,0.0,46,0.9583333333333334,2.6666666666666665,1.25,6.25,0.14583333333333334,1.1346153846153846,0.9134615384615384,0.7807692307692308,0.7365384615384616,0.7144230769230769,0.7011538461538461,0.6967307692307693
seq_h60_to_confirmB_h15,0.98,confirmB_h15,0.82,none,0.05925925925925926,4595,48,0.07116430903155604,82,45,245,4223,0.6456692913385826,0.25076452599388377,0.36123348017621143,104,32,72,0.3076923076923077,15,10.78125,0.0,45,0.9375,2.6458333333333335,1.2291666666666667,6.145833333333333,0.0,1.125,0.9086538461538461,0.7788461538461539,0.7355769230769231,0.7139423076923077,0.7009615384615384,0.6966346153846154
seq_h60_to_confirmB_h15,0.98,confirmB_h15,0.82,advisory_if_unsure,0.05925925925925926,4595,48,0.07116430903155604,82,45,245,4223,0.6456692913385826,0.25076452599388377,0.36123348017621143,104,32,72,0.3076923076923077,15,10.78125,0.0,45,0.9375,2.6458333333333335,1.2291666666666667,6.145833333333333,0.14583333333333334,1.125,0.9086538461538461,0.7788461538461539,0.7355769230769231,0.7139423076923077,0.7009615384615384,0.6966346153846154
seq_h60_to_confirmB_h15,0.98,confirmB_h15,0.82,confirm_only_if_unsure,0.05925925925925926,4595,48,0.07116430903155604,82,46,245,4222,0.640625,0.25076452599388377,0.36043956043956044,104,32,72,0.3076923076923077,15,10.78125,0.0,46,0.9583333333333334,2.6666666666666665,1.25,6.25,0.14583333333333334,1.1346153846153846,0.9134615384615384,0.7807692307692308,0.7365384615384616,0.7144230769230769,0.7011538461538461,0.6967307692307693
seq_h60_to_confirmB_h15,0.98,confirmB_h15,0.86,none,0.1037037037037037,4595,48,0.07116430903155604,81,40,246,4228,0.6694214876033058,0.24770642201834864,0.36160714285714285,104,31,73,0.2980769230769231,15,10.64516129032258,0.0,40,0.8333333333333334,2.5208333333333335,1.1458333333333333,5.729166666666667,0.0,1.0865384615384615,0.8942307692307693,0.7788461538461539,0.7403846153846154,0.7211538461538461,0.7096153846153846,0.7057692307692308
seq_h60_to_confirmB_h15,0.98,confirmB_h15,0.86,advisory_if_unsure,0.1037037037037037,4595,48,0.07116430903155604,81,40,246,4228,0.6694214876033058,0.24770642201834864,0.36160714285714285,104,31,73,0.2980769230769231,15,10.64516129032258,0.0,40,0.8333333333333334,2.5208333333333335,1.1458333333333333,5.729166666666667,0.1875,1.0865384615384615,0.8942307692307693,0.7788461538461539,0.7403846153846154,0.7211538461538461,0.7096153846153846,0.7057692307692308
seq_h60_to_confirmB_h15,0.98,confirmB_h15,0.86,confirm_only_if_unsure,0.1037037037037037,4595,48,0.07116430903155604,82,44,245,4224,0.6507936507936508,0.25076452599388377,0.3620309050772627,104,32,72,0.3076923076923077,15,10.78125,0.0,44,0.9166666666666666,2.625,1.25,6.25,0.1875,1.1153846153846154,0.9038461538461539,0.7769230769230769,0.7346153846153847,0.7134615384615385,0.7007692307692308,0.6965384615384616
seq_h60_to_confirmB_h15,0.98,confirmB_h15,0.9,none,0.11851851851851852,4595,48,0.07116430903155604,81,38,246,4230,0.680672268907563,0.24770642201834864,0.3632286995515695,104,31,73,0.2980769230769231,15,10.64516129032258,0.0,38,0.7916666666666666,2.4791666666666665,1.125,5.625,0.0,1.0673076923076923,0.8846153846153846,0.775,0.7384615384615385,0.7201923076923077,0.7092307692307692,0.7055769230769231
seq_h60_to_confirmB_h15,0.98,confirmB_h15,0.9,advisory_if_unsure,0.11851851851851852,4595,48,0.07116430903155604,81,38,246,4230,0.680672268907563,0.24770642201834864,0.3632286995515695,104,31,73,0.2980769230769231,15,10.64516129032258,0.0,38,0.7916666666666666,2.4791666666666665,1.125,5.625,0.22916666666666666,1.0673076923076923,0.8846153846153846,0.775,0.7384615384615385,0.7201923076923077,0.7092307692307692,0.7055769230769231
seq_h60_to_confirmB_h15,0.98,confirmB_h15,0.9,confirm_only_if_unsure,0.11851851851851852,4595,48,0.07116430903155604,82,42,245,4226,0.6612903225806451,0.25076452599388377,0.36363636363636365,104,32,72,0.3076923076923077,15,10.78125,0.0,42,0.875,2.5833333333333335,1.2291666666666667,6.145833333333333,0.22916666666666666,1.0961538461538463,0.8942307692307693,0.7730769230769231,0.7326923076923076,0.7125,0.7003846153846154,0.6963461538461538
seq_h60_to_confirmB_h15,0.98,confirmB_h15,0.94,none,0.1925925925925926,4595,48,0.07116430903155604,78,31,249,4237,0.7155963302752294,0.23853211009174313,0.3577981651376147,104,30,74,0.28846153846153844,15,9.5,0.0,31,0.6458333333333334,2.2708333333333335,1.0208333333333333,5.104166666666667,0.0,1.0096153846153846,0.8605769230769231,0.7711538461538462,0.7413461538461539,0.7264423076923077,0.7175,0.7145192307692307
seq_h60_to_confirmB_h15,0.98,confirmB_h15,0.94,advisory_if_unsure,0.1925925925925926,4595,48,0.07116430903155604,78,31,249,4237,0.7155963302752294,0.23853211009174313,0.3577981651376147,104,30,74,0.28846153846153844,15,9.5,0.0,31,0.6458333333333334,2.2708333333333335,1.0208333333333333,5.104166666666667,0.375,1.0096153846153846,0.8605769230769231,0.7711538461538462,0.7413461538461539,0.7264423076923077,0.7175,0.7145192307692307
seq_h60_to_confirmB_h15,0.98,confirmB_h15,0.94,confirm_only_if_unsure,0.1925925925925926,4595,48,0.07116430903155604,80,37,247,4231,0.6837606837606838,0.24464831804281345,0.36036036036036034,104,32,72,0.3076923076923077,15,9.84375,0.0,37,0.7708333333333334,2.4375,1.1666666666666667,5.833333333333333,0.375,1.0480769230769231,0.8701923076923077,0.7634615384615384,0.7278846153846154,0.7100961538461539,0.6994230769230769,0.6958653846153846
seq_h60_to_confirmB_h15,0.98,confirmB_h15,0.98,none,0.362962962962963,4595,48,0.07116430903155604,66,20,261,4248,0.7674418604651163,0.2018348623853211,0.3196125907990315,104,28,76,0.2692307692307692,15,6.964285714285714,0.0,20,0.4166666666666667,1.7916666666666667,0.8958333333333334,4.479166666666667,0.0,0.9230769230769231,0.8269230769230769,0.7692307692307693,0.75,0.7403846153846154,0.7346153846153847,0.7326923076923076
seq_h60_to_confirmB_h15,0.98,confirmB_h15,0.98,advisory_if_unsure,0.362962962962963,4595,48,0.07116430903155604,66,20,261,4248,0.7674418604651163,0.2018348623853211,0.3196125907990315,104,28,76,0.2692307692307692,15,6.964285714285714,0.0,20,0.4166666666666667,1.7916666666666667,0.8958333333333334,4.479166666666667,0.7083333333333334,0.9230769230769231,0.8269230769230769,0.7692307692307693,0.75,0.7403846153846154,0.7346153846153847,0.7326923076923076
seq_h60_to_confirmB_h15,0.98,confirmB_h15,0.98,confirm_only_if_unsure,0.362962962962963,4595,48,0.07116430903155604,73,28,254,4240,0.7227722772277227,0.22324159021406728,0.3411214953271028,104,31,73,0.2980769230769231,15,7.741935483870968,0.0,28,0.5833333333333334,2.1041666666666665,1.0833333333333333,5.416666666666667,0.7083333333333334,0.9711538461538461,0.8365384615384616,0.7557692307692307,0.7288461538461538,0.7153846153846154,0.7073076923076923,0.7046153846153846
